,A1,A2,A3,B1,B2,B3,label
0,DRGSQS,IYSNGD,AVSAAGNKLTFG,MNHEY,SMNVEV,ASRSLGQGAEKLFFG,EAAGIGILTV
1,YGGTVN,YFSGDPLV,AVGNTGKLI,MNHEY,SMNVEV,ASLGLALGSYNEQF,YVLDHLIVV
2,NSAFQY,TYSSGN,AIPPLPGKLI,LGHNT,FRNRAP,ASGPATSAEQETQY,SPRWYFYYL
3,TSENNYY,QEAYKQQN,AFMKRNAGNMLT,SGHDT,YYEEEE,ASSLRDGSEAF,RAKFKQLL
4,SSNFYA,MTLNGDE,AFPYNNNDMR,MNHEY,SMNVEV,ASSLEGYTEAF,NLVPMVATV
5,DSAIYN,IQSSQRE,AVMSMDSSYKLI,SGHVS,FQNEAQ,ASSLGTGLEDQPQH,KSKRTPMGF
6,DSASNY,IRSNVGE,AASSSTGNQFY,LNHDA,SQIVND,ASRFGFSEAF,GILGFVFTL
7,DRGSQS,IYSNGD,AVNQGGKLI,SEHNR,FQNEAQ,ASSPDSGMDEQF,LLAGIGTVPI
8,DRGSQS,IYSNGD,AVPTDSWGKLQ,MNHEY,SVGEGT,ASSPTGVGQPQH,ELAGIGILTV
9,DRGSQS,IYSNGD,AVNIPVI,SQVTM,ANQGSEA,STTGDYTEAF,ALAGIGILTV
10,SIFNT,LYKAGEL,AGLKAAGNKLT,SQVTM,ANQGSEA,SFRDLSSYNEQF,DATYQRTRALVR
11,ATGYPS,ATKADDK,ASFSGGYQKVT,SGDLS,YYNGEE,ASSVGDRGFLTEAF,VLEETSVML
12,SSNFYA,MTLNGDE,ASDNAGNNRKLI,MNHEY,SVGAGI,ATRGEGAQYSPLH,LTDEMIAQY
13,VSGNPY,YITGDNLV,AVKGNYGQNFV,DFQATT,SNEGSKA,SAEWDRAYNEQF,LLFGYPVYV
14,SSYSPS,YTSAATLV,VVIDTGTASKLT,LNHDA,SQIVND,ASSIFGGTSNQPQH,GILGFVFTL
15,SSVPPY,YTSAATLV,AVTKGLTGGGNKLT,LNHDA,SQIVND,ASSGRDRQNTEAF,LLWNGPMAV
16,VSNAYN,GSKP,AVAGRNTGRRALT,LGHNA,YSLEER,ASSQDGIAGYNEQF,TTDPSFLGRY
17,DRGSQS,IYSNGD,AVNGGGGSQGNLI,LNHDA,SQIVND,ASSTRAAYEQY,GILGFVFTL
18,SSYSPS,YTSAATLV,VVGVYGGGHGHLI,MDHEN,SYDVKM,ARRFFDSENYGYT,YVLDHLIVV
19,TSDPSYG,QGSYDQQN,AMRAIEGANNLF,MGHRA,YSYEKL,SYEQY,RAKFKQLL
20,SSVSVY,YLSGSTLV,AVSWGNTDKLI,MNHNS,SASEGT,ASSEFPGPSDGYT,YLQPRTFLL
21,SIFNT,LYKAGEL,AGHPDNTDKLI,SQVTM,ANQGSEA,SVVVISADTQY,TTDPSFLGRY
22,TSGFYG,NALDGL,AVRDPVGNQFY,SNHLY,FYNNEI,ASSDPGVDRNTEAF,NLVPMVATV
23,DSSSTY,IFSNMDM,AENGGGGSQGNLI,LNHDA,SQIVND,ASSPRGGGEQF,GILGFVFTL
24,DSAIYN,IQSSQRE,AVSGYSTLT,SGHNS,FNNNVP,ASSQLGGISNQPQH,GILGFVFTL
25,DRGSQS,IYSNGD,AVNIGGTSYGKLT,SEHNR,FQNEAQ,ASSLVIGEQF,GILGFVFTL
26,DRGSQS,IYSNGD,AALDDKII,DFQATT,SNEGSKA,SASVQTSGLGTQY,LLAGIGTVPI
27,NSAFQY,TYSSGN,AMRSNYQLI,MNHNS,SASEGT,ATQRNQETQY,LTDEMIAQY
28,TSGFNG,NVLDGL,AATDSNYQLI,MNHNS,SASEGT,ASSDLPFRFMIWEQY,GILGFVFTL
29,DRGSQS,IYSNGD,AVNIRADSSYKLI,SGHTA,FQGNSA,ASRAGSTEAF,SPRWYFYYL
30,TSINN,IRSNERE,ATGPIYGGSQGNLI,SGHDY,FNNNVP,ASSLIFRDGEKLF,DATYQRTRALVR
31,VSNAYN,GSKP,AVGESSASKII,LNHDA,SQIVND,ASSIRAGDNTEAF,GILGFVFTL
32,SVFSS,VVTGGEV,AGAGEAGAQKLV,MNHEY,SMNVEV,ASSPTGLVYEQ,RLPGVLPRA
33,NSASQS,VYSSG,VVTAGNTGKLI,SGDLS,YYNGEE,ASSSGLVSNTGELF,GLCTLVAML
34,NSAFQY,TYSSGN,ATAISNFGNEKLT,SGHRS,YFSETQ,ASSSTSKDGILAKNIQY,LLAGIGTVPI
35,SIFNT,LYKAGEL,AGQLRGGSEKLV,DFQATT,SNEGSKA,SASTDRELNEQY,YLQPRTFLL
36,NSMFDY,ISSIKDK,AASVSDSSNTGKLI,SNHLY,FYNNEI,ASRDLAGWNTGELF,YLQPRTFLL
37,DRGSQS,IYSNGD,AVGDDKII,MNHNS,SASEGT,ASSPPAGGQGAYEQY,LLWNGPMAV
38,VSGLRG,LYSAGEE,AAHGNQFY,MNHEY,SVGAGI,ASSAQGGNYGYT,FLYALALLL
39,TSGFYG,NALDGL,AVRDQEGNTPLV,ENHRY,SYGVKD,AISAGTGVRNEQY,NLVPMVATV
40,VSGNPY,YITGDNLV,AVAKDLQNSGGGADGLT,SGDLS,YYNGEE,ASSVAGGDTGELF,GILGFVFTL
41,TTLSN,LVKSGEV,AGLTSGTYKYI,SGHVS,FQNEAQ,ASSQGGAIQY,SPRWYFYYL
42,NSAFQY,TYSSGN,AFLISNFGNEKLT,SGHAT,FQNNGV,ASSHALTGEETDTQY,LLAGIGTVPI
43,NSASDY,IRSNMDK,AENSEDTDKLI,SGHDT,YYEEEE,ASSLRDGSEAF,RAKFKQLL
44,DRGSQS,IYSNGD,AGDNYGQNFV,LNHNV,YYDKDF,ATSVTGGNSPLH,LLWNGPMAV
45,DSASNY,IRSNVGE,AASETSYDKVI,SGHNS,FNNNVP,ASSLGDSDGYEQF,RAKFKQLL
46,TRDTTYY,RNSFDEQN,ALSEANSGYALN,LNHDA,SQIVND,ASSIFGGAKNIQY,GILGFVFTL
47,TSESDYY,QEAYKQQN,AYRVFVNNNDMR,LNHDA,SQIVND,ASSILAGGYNEQF,GILGFVFTL
48,TTSDR,LLSNGAV,AVEKAWDDKII,LGHDT,YNNKEL,ASSQAQGYEQY,ALGIGILTV
49,DRGSQS,IYSNGD,AVNMEVSRGGGADGLT,MDHEN,SYDVKM,ASTLGGLGQPQH,ELAGIGILTV
50,DSASNY,IRSNVGE,APRETSYDKVI,SGHNS,FNNNVP,ASSFSSGPDTQY,RAKFKQLL
51,NSMFDY,ISSIKDK,NAGGTSYGKLT,PRHDT,FYEKMQ,ASSLRHLSNQPQH,RAKFKQLL
52,TSENNYY,QEAYKQQN,ALEEDNARLM,MNHEY,SMNVEV,ASSLRLSYEQY,RAKFKQLL
53,NIATNDY,GYKTK,LVDPLAAGGYNKLI,MNHEY,SMNVEV,ASSSRVGDTGELF,DATYQRTRALVR
54,TSGFNG,NVLDGL,APLGFQKLV,MNHEY,SMNVEV,ASSLAGGSYEQY,TPRVTGGGAM
55,NIATNDY,GYKTK,LVGNNARLM,SGHNT,YYREEE,ASSLDRESMNTEAF,LLLDRLNQL
56,DRGSQS,IYSNGD,AVIDQFY,SEHNR,FQNEAQ,ASSLASAEAF,LLAGIGTVPI
57,TSGFNG,NVLDGL,AALGSDGQKLL,MGHRA,YSYEKL,ASSRGLPSGTEAF,ELAGIGILTV
58,DSASNY,IRSNVGE,AASETSYDKVI,SEHNR,FQNEAQ,ASSLLGQAYNSPLH,RAKFKQLL
59,NSMFDY,ISSIKDK,AGAAGNKLT,MNHEY,SVGAGI,ASSYGPPYEQY,LTDEMIAQY
60,TSINN,IRSNERE,ATVLRMDSSYKLI,SEHNR,FQNEAQ,ASSFIGVGKTDEQY,TPRVTGGGAM
61,TSDPSYG,QGSYDQQN,AMRDSGGSNYKLT,LNHDA,SQIVND,ASSNVPDMNTEAF,RPIIRPATL
62,NSASQS,VYSSG,VGPRAGGFQTI,MRHNA,SNTAGT,ASSEAFLADNEQF,YVLDHLIVV
63,TTSDR,LLSNGAV,AVDEGGGSQGNLI,SQVTM,ANQGSEA,SGLYQETQY,GILGFVFTL
64,DRGSQS,IYSNGD,AVSAGGTSYGKLT,MNHEY,SMNVEV,ASSLGTGPEAF,ELAGIGILTV
65,DRGSQS,IYSNGD,AVNSRGGNQFY,MNHEY,SVGAGI,ASSYWSNNEQF,LLAGIGTVPI
66,DRGSQS,IYSNGD,AVGSGGFKTI,MNHEY,SMNVEV,ASSPGQGNEQF,ELAGIGILTV
67,SIFNT,LYKAGEL,AGRNMNSGYALN,LNHDA,SQIVND,ASSIGVRAF,FEDLRVSSF
68,DRGSQS,IYSNGD,AVNDGNKLV,MNHEY,SMNVEV,ASSLSWNQPQH,ELAGIGILTV
69,VGISA,LSSGK,AVSAISNFGNEKLT,SGDLS,YYNGEE,ASSVGFPGELF,TTDPSFLGRY
70,TSINN,IRSNERE,ATPDSWGKLQ,DFQATT,SNEGSKA,SARDPGRNFYDEQF,SPRWYFYYL
71,SVFSS,VVTGGEV,AGSRTDPLI,SEHNR,FQNEAQ,ASSSTGGGDQPQH,RAKFKQLL
72,TRDTTYY,RNSFDEQN,ALSEAGYSTLT,LGHNT,FRNRAP,ASGTGEGSYNEQF,SPRWYFYYL
73,YSGSPE,HISR,ALRDDKII,KGHDR,SFDVKD,ATSPGLAGAYQETQY,NLVPMVATV
74,SSVPPY,YTSAATLV,AVYQGGKLI,SQVTM,ANQGSEA,SVTGTGLLSETQY,SPRWYFYYL
75,TISGNEY,GLKNN,IVRESNNDMR,MGHRA,YSYEKL,ASSLTGPDNTEAF,RAKFKQLL
76,DSASNY,IRSNVGE,AASKVTGGGNKLT,SGHVS,FNYEAQ,ASSVADRGDEQF,HPVTKYIM
77,TTLSN,LVKSGEV,GSGTYKYI,SGHNS,FNNNVP,ASSGGVSGGAGETQY,RAKFKQLL
78,DRGSQS,IYSNGD,AVSIFGNVLH,MNHEY,SMNVEV,ASSFGYSAYEQY,ELAGIGILTV
79,DSASNY,IRSNVGE,AASSNAGNNRKLI,LNHDA,SQIVND,ASSPSARSSYEQY,VYFLQSINF
80,SVFSS,VVTGGEV,AGATVLGRDDKII,LNHDA,SQIVND,ASSSRAYYEQY,GILGFVFTL
81,TSINN,IRSNERE,ATGGDSGAGSYQLT,MNHEY,SVGAGI,ASSYSTTGRYEQF,TTDPSFLGRY
82,VGISA,LSSGK,AVRRERRDDKII,ENHRY,SYGVKD,AIGPGGSGTQY,RAKFKQLL
83,TSDPSYG,QGSYDQQN,AMREGQYNFNKFY,LGHNT,FRNRAP,ASGSGLAGNEQF,NLVPMVATV
84,TRDTTYY,RNSFDEQN,ALSGSGGATNKLI,SGHTA,FQGNSA,ASAHPRASGSTDTQY,GILGFVFTL
85,NIATNDY,GYKTK,LVGSPNDYKLS,MNHEY,SMNVEV,ASSSPSGRPTLYNEQF,CINGVCWTV
86,YSGSPE,HISR,ALTGHAGGTSYGKLT,SGHVS,FQNEAQ,ASSEQNTGELF,YLQPRTFLL
87,TSENNYY,QEAYKQQN,AYRSAGGGTSYGKLT,SNHLY,FYNNEI,ASSPGTGGNEQY,DATYQRTRALVR
88,SSYSPS,YTSAATLV,VVTANTGGFKTI,SGHTA,FQGNSA,ASSLGVFTGAGNQPQH,SPRWYFYYL
89,NSASQS,VYSSG,VVNMGDFGNEKLT,LGHNA,YNFKEQ,ASSPRLAARSDTQY,RAKFKQLL
90,SSVPPY,YTSAATLV,AVGQGDYKLS,ENHRY,SYGVKD,AISESSFGGGEQF,ATDALMTGF
91,DRGSQS,IYSNGD,AVNARLM,SNHLY,FYNNEI,ASSGWGNNYGYT,LLLDRLNQL
92,DRGSQS,IYSNGD,AVFTFNAGGTSYGKLT,LNHDA,SQIVND,ASSPGALNTEAF,ELAGIGILTV
93,TSINN,IRSNERE,ATDYRGGQKLL,GTSNPN,SVGIG,AWTRRDGGELF,LTDEMIAQY
94,TSESDYY,QEAYKQQN,AYEAGYQLT,LGHNA,YSLEER,ASSQDRGGLTGELF,RPPIFIRRL
95,DRGSQS,IYSNGD,AVTGGADGLT,SGHNT,YYREEE,ASSDSGIETQY,LLAGIGTVPI
96,TSGFNG,NVLDGL,AVRDSNYQLI,MRHNA,SNTAGT,ASSDSTSGGRDTQY,GILGFVFTL
97,DRGSQS,IYSNGD,AVNDDKII,LNHNV,YYDKDF,ATGRDRAYEQY,LLWNGPMAV
98,NSASQS,VYSSG,VVNRGDKLV,SEHNR,FQNEAQ,ASDDPNTGELF,YLQPRTFLL
99,SSVSVY,YLSGSTLV,AVSDLAVTGNQFY,SGHNT,YYREEE,ASSKGMAGEPGEQY,TTDPSFLGRY
100,SVFSS,VVTGGEV,AGAGGQKLL,MGHRA,YSYEKL,ASSQDSGTGSKNTIY,SPRWYFYYL
101,DSAIYN,IQSSQRE,AVLGGSEKLV,SGHDT,YYEEEE,ASSLWGAGAYEQY,RTATKQYNV
102,DRGSQS,IYSNGD,AVGGGRRALT,LNHDA,SQIVND,ASSLAGATYEQY,ELAGIGILTV
103,VSGNPY,YITGDNLV,AVRERMDSSYKLI,SEHNR,FQNEAQ,ASSLGLGTGHPNEKLF,TPRVTGGGAM
104,DSASNY,IRSNVGE,AASEGGFKTI,LNHDA,SQIVND,ASSARSSYEQY,GILGFVFTL
105,DSASNY,IRSNVGE,AASRDYKLS,SQVTM,ANQGSEA,SVGAIMDEQF,GLCTLVAML
106,DRGSQS,IYSNGD,AFSNTGNQFY,LNHDA,SQIVND,ASSRRSSGELF,ELAGIGILTV
107,DSASNY,IRSNVGE,AASETSYDKVI,SEHNR,FQNEAQ,ASTELGNQETQY,RAKFKQLL
108,DSAIYN,IQSSQRE,AGGREAAGNKLT,LNHDA,SQIVND,ASSTYGTGGEKLF,VSDGGPNLY
109,DSAIYN,IQSSQRE,ASAGGGNKLT,MNHNY,SVGAGI,ASREGRAYNEQF,LTDEMIAQY
110,TSINN,IRSNERE,ATEDYKLS,SEHNR,FQNEAQ,ASSEGAWAGNTIY,SPRWYFYYL
111,DSSSTY,IFSNMDM,AESIRSFNKFY,MGHDK,SYGVNS,ASSDSRANTGELF,NLVPMVATV
112,TSENNYY,QEAYKQQN,AFINSGNTPLV,ENHRY,SYGVKD,AISEEGGLNTEAF,VSDGGPNLY
113,NSASQS,VYSSG,VVTGVHYGGSQGNLI,SNHLY,FYNNEI,ASSESGSPSYYEQY,CTELKLSDY
114,DRGSQS,IYSNGD,AAPEGNTPLV,SGHNT,YENEEA,ASSLVGTDTQY,LLAGIGTVPI
115,DSASNY,IRSNVGE,AAMETSYDKVI,SGDLS,YYNGEE,ASSVPATGGTGELF,RAKFKQLL
116,SSVPPY,YTSAATLV,AVRVNTNAGKST,SGHVS,FNYEAQ,ASSSSYEQY,RPIIRPATL
117,DRGSQS,IYSNGD,AVNMHGQNFV,MDHEN,SYDVKM,ASSPVGLGYGYT,ELAGIGILTV
118,DSAIYN,IQSSQRE,AVRSSEWGATNKLI,SGHAT,FQNNGV,ASSALTGNEQF,FEDLRVLSF
119,DSASNY,IRSNVGE,AASRDDKII,LNHDA,SQIVND,ASSITSGNEQF,GILGFVFTL
120,TSGFYG,NALDGL,AVRAITGGGNKLT,SGHRS,YFSETQ,ASSPSSEEGQETQY,RPHERNGFTVL
121,TSDQSYG,QGSYDEQN,AMRDFEDSGNTPLV,LNHDA,SQIVND,ASSTYSRDTQY,GILGFVFTL
122,SSVSVY,YLSGSTLV,AVSEVGNKLT,SGHDT,YYEEEE,ASSWNGLAGDEQF,QYIKWPWYI
123,NSAFQY,TYSSGN,AMSAIETSGSRLT,MNHNY,SVGAGI,ASSVAYEQY,TTDPSFLGRY
124,NSASQS,VYSSG,VVNRNNDMR,SNHLY,FYNNEI,ATQSDPNTGELF,YLQPRTFLL
125,TSGFNG,NVLDGL,AVLDSNYQLI,DFQATT,SNEGSKA,SARGLADPYEQY,FLRGRAYGL
126,SSNFYA,MTLNGDE,TTDSWGKFE,SGHVS,FNYEAQ,ASTPEGSYNEQF,LLWNGPMAV
127,DSASNY,IRSNVGE,AATETSYDKVI,SGHAT,FQDESV,ASSL,RAKFKQLL
128,NYSPAY,IRENEKE,TTDSWGKFE,LNHDA,SQIVND,ASANGGITYNEQF,GILGFVFTL
129,DRGSQS,IYSNGD,AVIHDKLI,DFQATT,SNEGSKA,SANRGATEAF,LLWNGPMAV
130,SVFSS,VVTGGEV,AGVSSDNQGGKLI,LNHDA,SQIVND,ASSWFGSGANVLT,GILGFVFTL
131,TRDTTYY,RNSFDEQN,ALSEAKYGNKLV,MGHRA,YSYEKL,ASSRAGGTYEQY,RTATKQYNV
132,SSVSVY,YLSGSTLV,AVSDDEGKLI,LNHDA,SQIVND,ASSPRSSYEQY,GILGFVFTL
133,NSASQS,VYSSG,VVNSLEDSNYQLI,SGHRS,YFSETQ,ASSVGQGYEQY,NYNYLYRLF
134,NIATNDY,GYKTK,LVGHFMDTGRRALT,MNHEY,SMNVEV,ASRSLAEKGETQY,FEDLRVSSF
135,NSASQS,VYSSG,VVNSINDYKLS,SGHTA,FQGNSA,ASSLTLQRVGTGELF,GLCTLVAML
136,TRDTTYY,RNSFDEQN,ALTPLRPKLV,LNHDA,SQIVND,ASQTLNTGELF,YLQPRTFLL
137,DRGSQS,IYSNGD,AVNIRFSGGYNKLI,LNHDA,SQIVND,ASSPRGMNTEAF,RAKFKQLL
138,TSGFYG,NALDGL,AVSRMDSSYKLI,SEHNR,FQNEAQ,ASSPLGGPKDTIY,RAKFKQLL
139,DSSSTY,IFSNMDM,AESGSGYALN,GTSNPN,SVGIG,ALQGEVLNTEAF,GILGFVFTL
140,DSSSTY,IFSNMDM,AVKDKLI,SGHAT,FQNNGV,ASSLTSGSEQF,YLQPRTFLL
141,TSINN,IRSNERE,AMEGNSGYSTLT,MNHNS,SASEGT,ASSRQGGKDGYT,FLYALALLL
142,VSGLRG,LYSAGEE,AAKGYNTDKLI,SGDLS,YYNGEE,ASKRNTGELF,RPIIRPATL
143,TSINN,IRSNERE,ATDGRGGAQKLV,LGHDT,YNNKEL,ASSSIAGRGEKLF,QMMVKAGL
144,DRGSQS,IYSNGD,AVADDKII,SGHAT,FQNNGV,ASSHGGGFAYEQY,LLWNGPMAV
145,DSSSTY,IFSNMDM,AESGAGSYQLT,LNHNV,YYDKDF,ATSRDGGDTQY,GILGFVFTL
146,TSDPSYG,QGSYDQQN,AMRPVGRDSNYQLI,LNHDA,SQIVND,ASSAHGADTQY,GILGFVFTL
147,DSAIYN,IQSSQRE,AVRRPQGDFNKFY,MNHEY,SMNVEV,ASSTQGQLTEAF,ATDALMTGF
148,NSAFQY,TYSSGN,AMTRSNFGNEKLT,GTSNPN,SVGIG,ACLDTLSGNTIY,LLAGIGTVPI
149,DSASNY,IRSNVGE,AASETSYDKVI,SGHNS,FNNNVP,ASSLAHNQPQH,RAKFKQLL
150,TSGFNG,NVLDGL,AVPFSGGYNKLI,LNHNV,YYDKDF,ATSRAGQGHEQY,TTDPSFLGRY
151,TSGFNG,NVLDGL,AALDSNYQLI,DFQATT,SNEGSKA,SAGSGTRGETQY,RAKFKQLL
152,TSDPSYG,QGSYDQQN,AMREGGNFNKFY,DFQATT,SNEGSKA,SASRALDQPQH,YVLDHLIVV
153,DSASNY,IRSNVGE,AASRDSNYQLI,SEHNR,FQNEAQ,ASSAGQAGFSPLH,RAKFKQLL
154,TTSDR,LLSNGAV,AAYKAAGNKLT,MDHEN,SYDVKM,ASSPTGDYNSPLH,NQKLIANQF
155,SSNFYA,MTLNGDE,AFGSSNTGKLI,MGHRA,YSYEKL,ASSQDLWGPGYT,RPPIFIRRL
156,DSAIYN,IQSSQRE,AVSSGGYQKVT,SGHNS,FNNNVP,ASRRDRAYEQY,NQKLIANQF
157,TSDQSYG,QGSYDEQN,AMRGGLLTGGGNKLT,LNHDA,SQIVND,ASSILRPGNTIY,VTEHDTLLY
158,TSINN,IRSNERE,ATGSFTSGTYKYI,SGDLS,YYNGEE,ASNPSGSYNEQF,RTATKQYNV
159,DSAIYN,IQSSQRE,AALFTGGGNKLT,MNHEY,SMNVEV,ASSLGIGTQPQH,LTDEMIAQY
160,YSGSPE,HISR,ALGSDSWGKLQ,MNHEY,SMNVEV,ASSLAGDSYNEQF,ALSKGVHFV
161,NSAFQY,TYSSGN,AMARSNFGNEKLT,MNHEY,SVGAGI,ASTPAADDRPVGNTIY,ELAGIGILTV
162,NYSPAY,IRENEKE,ALFLSGYALN,MDHEN,SYDVKM,ASSPPGQPEDYGYT,TTDPSFLGRY
163,DSASNY,IRSNVGE,NTGFQKLV,SNHLY,FYNNEI,ASMITTGPEKLF,KSKRTPMGF
164,TSESDYY,QEAYKQQN,AYRSAFKLT,GTSNPN,SVGIG,AWSVPLGRREKLF,YVLDHLIVV
165,VSNAYN,GSKP,AVEDQGRSYNTDKLI,KGHDR,SFDVKD,ASQLAGGTGELF,RAKFKQLL
166,NSMFDY,ISSIKDK,AARPGAQKLV,SEHNR,FQNEAQ,ASSFEWGVPYEQY,VTEHDTLLY
167,NSMFDY,ISSIKDK,AASALRGMDSNYQLI,LNHDA,SHIVND,ASSIFAHSSQPQH,GILGFVFTL
168,SIFNT,LYKAGEL,AGPAEVSGGSQGNLI,LNHDA,SQIVND,ASSIIALDTQY,GILGFVFTL
169,VSGNPY,YITGDNLV,AVRDLNMDTGRRALT,SGHDT,YYEEEE,ASSLGGEGKTQY,YLQPRTFLL
170,DSVNN,IPSGT,AGEDRDDKII,SGHNS,FNNNVP,ASLSGEGGPTGELF,GILGFVFTL
171,TISGNEY,GLKNN,IVSSRNTGNQFY,MNHEY,SMNVEV,ASSLGPAHYEQY,TPRVTGGGAM
172,TSINN,IRSNERE,LRNSGNTPLV,LNHDA,SQIVND,ASSTRSSYEQY,GILGFVFTL
173,YGGTVN,YFSGDPLV,AVNEVEGGKLI,LNHDA,SQIVND,ASSTRSSVEQY,GILGFVFTL
174,VSGNPY,YITGDNLV,AVTPNARLM,MNHEY,SMNVEV,ASSLSVSEFYNEQF,YVLDHLIVV
175,YGATPY,YFSGDTLV,AVVWVDNTDKLI,MDHEN,SYDVKM,ASTLSGAGGNTGELF,RPPIFIRRL
176,VSGNPY,YITGDNLV,AVIRWGDMR,SGHDT,YYEEEE,ASSLRDGSEAF,RAKFKQLL
177,TSDQSYG,QGSYDEQN,AMREGQGFQKLV,KGHSH,LQKENI,ASSSPDRGDQPQH,ATDALMTGF
178,TRDTTYY,RNSFDEQN,ALSNAGGTSYGKLT,LNHDA,SQIVND,ASWAYGYT,GILGFVFTL
179,NIATNDY,GYKTK,LVGGGVNNDMR,LGHDT,YNNKEL,ASSPEPGLLGVEQF,CINGVCWTV
180,TSENNYY,QEAYKQQN,AFMKDAGGTSYGKLT,MNHEY,SMNVEV,ASSFGPNYGYT,GILGFVFTL
181,TSDPSYG,QGSYDQQN,TTDSWGKFE,DFQATT,SNEGSKA,SARDRGGENTGELF,NLVPMVATV
182,TSGFNG,NVLDGL,AVRSEMDSSYKLI,MNHEY,SVGEGT,ASSYSLQPNQPQH,RVAGDSGFAAY
183,DRGSQS,IYSNGD,AVLPSNDYKLS,SGHNS,FNNNVP,ASSHTQDIPNYGYT,RAKFKQLL
184,SSNFYA,MTLNGDE,AFFSSDSWGKLQ,MGHDK,SYGVNS,ASKDLSGGEQY,RPPIFIRRL
185,DRGSQS,IYSNGD,APIGGGNKLT,MGHRA,YSYEKL,ASSTSTGTGYGYT,RAKFKQLL
186,DSAIYN,IQSSQRE,AVPNTNAGKST,LNHDA,SHIVND,ASSSRSGNEKLF,GILGFVFTL
187,DRGSQS,IYSNGD,AVGSNDYKLS,SGHDT,YYEEEE,ASSFGGRSYEQY,SLFNTVATLY
188,VSGNPY,YITGDNLV,AVRDGSSSASKII,MNHEY,SMNVEV,ASSYTGFLNTGELF,RFPLTFGWCF
189,STGYPT,ETMEN,LPPFSGGYNKLI,SGHTA,FQGTGA,ASSLTLLGGQEQY,RAKFKQLL
190,DRGSQS,IYSNGD,AVINSGNTPLV,SGHVS,FQNEAQ,APREINTGELF,HPVTKYIM
191,VSGLRG,LYSAGEE,AVPDFKTGANNLF,SQVTM,ANQGSEA,SVVSRDSYEQY,GILGFVFTL
192,DRGSQS,IYSNGD,AVNQSYQKVT,LGHNA,YSLEER,ASSRGVLTGELF,ELAGIGILTV
193,DSSSTY,IFSNMDM,AESINQGGKLI,DFQATT,SNEGSKA,SARLPRDYSNQPQH,NLVPMVATV
194,TSESDYY,QEAYKQQN,AYRSDDRGKLI,SEHNR,FQNEAQ,ASSPGQGDHEQY,RAKFKQLL
195,NYSPAY,IRENEKE,AIDTGGFKTI,MNHNS,SASEGT,ASSGTDSNQPQH,NLVPMVATV
196,SSVPPY,YTSAATLV,AVSSLMDTGRRALT,MDHEN,SYDVKM,ASSLLGLAGVGELF,CINGVCWTV
197,TSGFNG,NVLDGL,AVGSNNARLM,SGHNS,FNNNVP,ASSFSGNTGELF,RAKFKQLL
198,NSMFDY,ISSIKDK,ASGAGANNLF,SEHNR,FQNEAQ,ASSYPLGLPGNEQF,TTDPSFLGRY
199,TISGNEY,GLKNN,IVRVAKGSNYQLI,LNHDA,SQIVND,ASSIYSGPYNEQF,GILGFVFTL
200,SVFSS,VVTGGEV,AVVAFNKFY,DFQATT,SNEGSKA,SARGRDRTYEQY,MEVTPSGTWL
201,KTLYG,LQKGGEE,GADILTSYDKVI,SGHDT,YYEEEE,ASSLRDGSEAF,RAKFKQLL
202,DSASNY,IRSNVGE,VPRETSYDKVI,SEHNR,FQNEAQ,ASSFLGRDHTGELF,RAKFKQLL
203,KALYS,LLKGGEQ,GTSGAGSYQLT,LNHDA,SQIVND,ASSQRSTDTQY,GILGFVFTL
204,DSAIYN,IQSSQRE,AVFAARLM,SGHNS,FNNNVP,ASSFIGGTTDTQY,TTDPSFLGRY
205,VSGNPY,YITGDNLV,AVRDMKGVMNGGSQGNLI,LNHDA,SQIVND,ASTGLWVGTDTQY,GILGFVFTL
206,VGISA,LSSGK,AVTLLSGGGADGLT,LNHDA,SQIVND,ASSIYSINEQF,GILGFVFTL
207,TSINN,IRSNERE,ATDLIGFGNVLHCFGNVLH,WSHSY,SAAADI,ASSAAGDEQF,TPRVTGGGAM
208,ATGYPS,ATKADDK,ALLDNAGNMLT,SGDLS,YYNGEE,ASSVGTGLGQPQH,SLFNTVATLY
209,SSVPPY,YTSAATLV,VAGSGTSYGKLT,SGHTA,FQGNSA,ASSPWGGSLF,YVLDHLIVV
210,DSAIYN,IQSSQRE,APRSSGGYNKLI,GTSNPN,SVGIG,AWSVPGVGGNEQ,KLSALGINAV
211,VSGLRG,LYSAGEE,AVQAEGGGSQGNLI,LNHDA,SQIVND,ASSIALASEQF,LLDFVRFMGV
212,TSGFYG,NALDGL,AVRGPTSSHNNARLM,MGHDK,SYGVNS,ASWTGDSNQPQH,EPLPQGQLTAY
213,ATGYPS,ATKADDK,APPYSSASKII,MNHEY,SVGAGI,ASSYRTSDSGANVLT,RAKFKQLL
214,TSINN,IRSNERE,ATPRSGTYKYI,DFQATT,SNEGSKA,SALSSETSGPYEQY,SPRWYFYYL
215,YSGSPE,HISR,APPPRGKST,GTSNPN,SVGIG,AWQVMNTGELF,YLQPRTFLL
216,DRGSQS,IYSNGD,AVNTGGFKTI,SGDLS,YYNGEE,ASRVGSGSLF,ALAGIGILTV
217,DSASNY,IRSNVGE,AASISDYGQNFV,SGHTA,FQGTGA,ASSLGGAGYNEQF,RTATKQYNV
218,YGGTVN,YFSGDPLV,AVNAGRSNQGGKLI,MGHRA,YSYEKL,ASSQTGGLQSHEQF,FTSDYYQLY
219,ATGYPS,ATKADDK,ALTPTGGNTPLV,SGHDN,FVKESK,ASSQASLVMTGGDEQY,FEDLRVSSF
220,NSAFQY,TYSSGN,AMSRGADSWGKLQ,PRHDT,FYEKMQ,ASSLGQGSFYEQY,LLDFVRFMGV
221,TRDTTYY,RNSFDEQN,ALIANRDDKII,MGHRA,YSYEKL,ASSQGVGQYGYT,RAKFKQLL
222,TTSDR,LLSNGAV,AVDSWAGGSEKLV,MGHDK,SYGVNS,ASSERGDTDLYGYT,CTELKLSDY
223,TRDTTYY,RNSFDEQN,ALSEAGRGGSYIPT,LNHDA,SQIVND,ASSIFGGAEAF,GILGFVFTL
224,DRGSQS,IYSNGD,AVIGGSQGNLI,ENHRY,SYGVKD,AIEDRNTGELF,YLQPRTFLL
225,NTAFDY,IRPDVSE,AASNRASYNTDKLI,KGHDR,SFDVKD,ATRAPPSKGSTDTQY,RTATKQYNV
226,DRGSQS,IYSNGD,AASQGSGNTGKLI,LNHDA,SQIVND,ASSQRSSYEQY,GILGFVFTL
227,SSNFYA,MTLNGDE,AFGDTGRRALT,LNHDA,SQIVND,ASSISGFDGYT,YLQPRTFLL
228,NSAFQY,TYSSGN,SNFGNEKLT,MDHEN,SYDVKM,ASSLRHDATYEQY,LLAGIGTVPI
229,TTLSN,LVKSGEV,AATDSWGKLQ,SGDLS,YYNGEE,ASSVGGVPYNEQ,LLWNGPMAV
230,SSVPPY,YTSAATLV,AALGNQFY,SGHVS,FQNEAQ,ASSLGAGTYEQY,LTDEMIAQY
231,TSESDYY,QEAYKQQN,AYRSAVGYQLI,MNHEY,SMNVEV,ASSQYSNQPQH,HPNGYKSLSTL
232,TTSDR,LLSNGAV,AVDMEYGNKLV,LGHNA,YSLEER,ASSQGGYGYT,LLWNGPMAV
233,TSENNYY,QEAYKQQN,AFMKPPYGNYQLI,KGHDR,SFDVKD,ATSDLGPTGELF,TTDPSFLGRY
234,TRDTTYY,RNSFDEQN,ALDTGNQFY,SNHLY,FYNNEI,ASSELAGGDRTEAF,RPPIFIRRL
235,TTLSN,LVKSGEV,AGPPSGTYKYI,MGHRA,YSYEKL,ASSSATFFEQNYGYT,YLQPRTFLL
236,TSGFNG,NVLDGL,NSGNTPLV,SGHDN,FVKESK,ASSQVNNPGDGYT,QAKWRLQTL
237,TSESDYY,QEAYKQQN,AYRSAARDSNYQLI,LGHNT,FRNRAP,ASGLLTSGSINEQF,QMMVKAGL
238,TSGFNG,NVLDGL,AVSLGNRLA,MNHEY,SMNVEV,ASGIAGPTDTQY,TTDPSFLGRY
239,DSVNN,IPSGT,AVDSYGNNRLA,LNHDA,SQIVND,ASSQGDYT,GILGFVFTL
240,NTAFDY,IRPDVSE,AEDHALN,SGHNT,YENEEA,ASSSGQGDNEQF,GLCTLVAML
241,YGGTVN,YFSGDPLV,SYNTDKLI,LNHDA,SQIVND,ASSPHLGAAAEQY,YVLDHLIVV
242,SSVSVY,YLSGSTLV,FGEGAPVNS,SGHVS,FQNEAQ,ASSRGTGYSNQPQH,KSKRTPMGF
243,DRGSQS,IYSNGD,AVRFNDYKLS,SNHLY,FYNNEI,ASSTDGQGGSDTQY,GLCTLVAML
244,SIFNT,LYKAGEL,AGPTQETSGSRLT,LNHDA,SQIVND,ASSIFHTGELF,GILGFVFTL
245,NSASQS,VYSSG,VVRTDSWGKLQ,MDHEN,SYDVKM,ASSFFSNAYEQY,PTDNYITTY
246,YGGTVN,YFSGDPLV,VKGPYGGGSQGNL,LNHNV,YYDKDF,TSRDLGVWTEA,GILGFVFTL
247,DSASNY,IRSNVGE,AASETSYDKVI,DFQATT,SNEGSKA,SAEQAYEQY,RAKFKQLL
248,DRGSQS,IYSNGD,APQANTGKLI,LNHDA,SQIVND,ASSI,GILGFVFTL
249,NSAFQY,TYSSGN,AIGDDKII,MDHEN,SYDVKM,ASSSTSGRARDTQY,CTELKLSDY
250,YSGSPE,HISR,ALSGRPPESSGAGSYQLT,SGHNS,FNNNVP,ASSFSGNTGELF,RAKFKQLL
251,TSGFYG,NALDGL,AVRAGNNRKLI,MNHEY,SMNVEV,ASSHLVGSAIAKNIQY,SPRWYFYYL
252,DSASNY,IRSNVGE,AAPPYSGAGSYQLT,ENHRY,SYGVKD,AIRERQFCRY,TTDPSFLGRY
253,DSSSTY,IFSNMDM,AESINTGGFKTI,LNHDA,SQIVND,ASSIRGAETQY,GILGFVFTL
254,TSENNYY,QEAYKQQN,AFMNPAQGGSEKLV,SNHLY,FYNNEI,ASRGLAGVYEQY,FLASKIGRLV
255,TISGNEY,GLKNN,ILWVAAGNKLT,SGHDY,FNNNVP,ASSFSAEQF,SLFNTVATLY
256,DRGSQS,IYSNGD,AVDLSGGYQKVT,MNHEY,SVGAGI,ASSYSLDGGQPQH,ALGIGILTV
257,NTAFDY,IRPDVSE,AVLTGTASKLT,GTSNPN,SVGIG,AWSVHGVPGYT,GILGFVFTL
258,DSSSTY,IFSNMDM,AEDSASKII,DFQATT,SNEGSKA,SARDETGNGYT,GLCTLVAML
259,NIATNDY,GYKTK,LVGGNNNDMR,LGHNA,YNFKEQ,ASSQEASGGPYEQY,CINGVCWTV
260,DSAIYN,IQSSQRE,AANTGNQFY,SGHVS,FQNEAQ,ASSLMFTGVPQDTQY,NLVPMVATV
261,NSAFQY,TYSSGN,AMSFSNFGNEKLT,SGHTA,FQGTGA,ASSLKGDRVTDTQY,LLAGIGTVPI
262,DRGSQS,IYSNGD,AVTGNQFY,SGDLS,YYNGEE,ASSVAAGASYGYT,LLWNGPMAV
263,NSMFDY,ISSIKDK,AASGGSNYKLT,ENHRY,SYGVKD,AISDLSITGGDNYGYT,VLFGLGFAI
264,NSASDY,IRSNMDK,TTDSWGKLQ,LNHDA,SQIVND,ASSMQTSGSAYNEQF,KSKRTPMGF
265,YGATPY,YFSGDTLV,AVGNAITSSSDKLI,LNHDA,SQIVND,ASSISAGVGVGQETQY,NLVPMVATV
266,VSGLRG,LYSAGEE,AVQGGYNFNKFY,MNHEY,SMNVEV,ASSLGPYNEQF,SPRWYFYYL
267,NYSPAY,IRENEKE,ALPMNRDDKII,SGHAT,FQNNGV,ASSYAYDGSYEQY,GLCTLVAML
268,TRDTTYY,RNSFDEQN,ALSAPGEYGNKLV,LNHDA,SQIVND,ASSLTGVPGNTIY,GILGFVFTL
269,NSMFDY,ISSIKDK,AASGTQTGANNLF,LGHNA,YSLEER,ASSPGYGSSGNTIY,NLVPMVATV
270,NSAFQY,TYSSGN,SNFGNEKLT,WSHSY,SAAADI,ASSGDGMNTEAF,CLGGLLTMV
271,DRGSQS,IYSNGD,AVLQDSPSQFI,WSHSY,SAAADI,ASSDDGMNTEAF,CLGGLLTMV
272,SSNFYA,MTLNGDE,ASFDGGSQGNLI,LNHDA,SQIVND,ASSIAGFEQY,GILGFVFTL
273,TSGFNG,NVLDGL,AVRPHNTDKLI,SGHNS,FNNNVP,ASSYLVGQGGEQY,GILGFVFTL
274,TSDPSYG,QGSYDQQN,AMREQTGGYNKLI,SGHTA,FQGNSA,ASSLGGSVHEQY,TPRVTGGGAM
275,NSASQS,VYSSG,VVNTDSWGKLQ,MDHEN,SYDVKM,ASSTGTGGPSGTGELF,DATYQRTRALVR
276,DRGSQS,IYSNGD,AVNKVTSGGSNYKLT,SGHNS,FNNNVP,ASSFLDRGPNTEAF,RAKFKQLL
277,NSASQS,VYSSG,VVNPPPDDYKLS,SGDLS,YYNGEE,ASSESPIGDEPLH,DATYQRTRALVR
278,SVFSS,VVTGGEV,GGVPVDSNYQLI,SGHTA,FQGTGA,ASSPGANTGELF,KSKRTPMGF
279,TRDTTYY,RNSFDEQN,ALSGSSVGAAGNKLT,SGDLS,YYNGEE,ASSVVASSYNEQF,GILGFVFTL
280,TRDTTYY,RNSFDEQN,ALSEAIGSGTYKYI,MGHRA,YSYEKL,ASSLGQGGNEKLF,HSNLNDATY
281,NSASQS,VYSSG,VALMNRDDKII,SGDLS,YYNGEE,ASSVGDGSPWKY,HPVTKYIM
282,NSAFQY,TYSSGN,AMSETSGYALN,MDHEN,SYDVKM,ASSWTQGAYEQY,TTDPSFLGRY
283,SVFSS,VVTGGEV,AGSKYNFNKFY,LGHDT,YNNKEL,ASSQDQRGEKLF,HPVTKYIM
284,SVFSS,VVTGGEV,AGAHGSSNTGKLI,SGHVS,FNYEAQ,ASTFSDRESNEQF,GILGFVFTL
285,TSENNYY,QEAYKQQN,ALNTGNQFY,MGHDK,SYGVNS,ASSELASIRETQY,RPPIFIRRL
286,SSVSVY,YLSGSTLV,AVRANDYKLS,SGHVS,FNYEAQ,ASSLGEKLF,VLFGLGFAI
287,DSVNN,IPSGT,AVERNSGTYKYI,LGHNA,YSLEER,ASSRDPVTGPTDTQY,GILGFVFTL
288,VGISA,LSSGK,AVRTEMYSGGGADGLT,KGHDR,SFDVKD,ATSDATYLSAGELF,ALGIGILTV
289,NSASDY,IRSNMDK,AENNGGGSQGNLI,LNHDA,SQIVND,ASSDRSGNEQF,GILGFVFTL
290,YSGSPE,HISR,ALGALTGQNFV,MGHDK,SYGVNS,ASSRLESLGNTIY,SPRWYFYYL
291,YGGTVN,YFSGDPLV,AVKDTGKLI,LGHDT,YNNKEL,ASSPMPLDTQY,YVLDHLIVV
292,TSENNYY,QEAYKQQN,AFMIGAGGTSYGKLT,LNHDA,SQIVND,ASSQGAFGYT,GILGFVFTL
293,NSASQS,VYSSG,VVNIPFNPGKLI,MGHRA,YSYEKL,ASSLLWAEYNEQF,RAKFKQLL
294,NSASQS,VYSSG,VVNAGNMLT,MNHEY,SMNVEV,ASSLLDSLEQY,YLQPRTFLL
295,TSDPSYG,QGSYDQQN,AMRAPRTGASHLF,MGHRA,YSYEKL,ASSQAPGQRTGELF,RAKFKQLL
296,YGATPY,YFSGDTLV,AWATGNQFY,MNHEY,SMNVEV,ASSFSGGALYNEQF,NLVPMVATV
297,NIATNDY,GYKTK,LVAEILTGGGNKLT,SGHVS,FQNEAQ,ASSHRQGNTDTQY,SPRWYFYYL
298,ATGYPS,ATKADDK,ALVPNARLM,MNHEY,SMNVEV,ASTDRWAGDTQY,TTDPSFLGRY
299,ATGYPS,ATKADDK,ALSDPSGGYQKVT,MNHEY,SMNVEV,ASSFGPRDTQY,GILGFVFTL
300,NYSPAY,IRENEKE,APPVAHGQKLL,SGHVS,FQNEAQ,ASSLGTGYSNQPQH,KSKRTPMGF
301,DSASNY,IRSNVGE,AASETSYDKVI,SGDLS,YYNGEE,ASSGTGSTDTQY,RAKFKQLL
302,NSAFQY,TYSSGN,AMTLIPYSGAGSYQLT,LNHNV,YYDKDF,ATSSPAESTDTQY,YSEHPTFTSQY
303,YGATPY,YFSGDTLV,AVGLFNFNKFY,DFQATT,SNEGSKA,SARDRVGNTIY,GLCTLVAML
304,NSASQS,VYSSG,VVNQPGGYNKLI,SNHLY,FYNNEI,ASSELAGGNTGELF,YLQPRTFLL
305,YGATPY,YFSGDTLV,AVVRSGTYKYI,SEHNR,FQNEAQ,ASSLTGTGALYEQY,LTDEMIAQY
306,DSSSTY,IFSNMDM,AEITGGGNKLT,DFQATT,SNEGSEV,SATDVTKGQLISGYT,NLVPMVATV
307,SSYSPS,YTSAATLV,VVSGEGWAAGTALI,MGHRA,YSYEKL,ASSLLWAEYNEQF,RAKFKQLL
308,SSNFYA,MTLNGDE,AFNAGGTSYGKLT,SGHVS,FQNEAQ,ASSPDSYSNQPQH,EPLPQGQLTAY
309,DRGSQS,IYSNGD,AVNTNAGKST,SGDLS,YYNGEE,ASSSSRGGVGTNTEAF,YVLDHLIVV
310,DSAIYN,IQSSQRE,AVLPNTNAGKST,MGHRA,YSYEKL,ASSQDAGLYNQPQH,FEDLRVSSF
311,TISGTDY,GLTSN,ILPLAGGTSDGKLT,SGHVS,FQNEAQ,ASSLGQAYEQY,FLRGRAYGL
312,DSAIYN,IQSSQRE,AVTLIGFGNVLHCFGNVLH,SGDLS,YYNGEE,ASSTRGGGDAKNIQY,NLVPMVATV
313,TSGFYG,NALDGL,AVGWSGATNKLI,LNHDA,SQIVND,ASSIGVHGYT,GILGFVFTL
314,TSGFNG,NVLDGL,AVGSGDTPLV,LGHDT,YNNKEL,ASSHEQGWETQY,QAKWRLQTL
315,VSGNPY,YITGDNLV,AGGNTGKLI,SGHTA,FQGNSA,ASSLGQGASQPQH,GLCTLVAML
316,DSASNY,IRSNVGE,AASETSYDKVI,SEHNR,FQNEAQ,ASSLAQVFNGYT,RAKFKQLL
317,TRDTTYY,RNSFDEQN,ARFGANNLF,SGHNT,YYREEE,ASSSGQDGGYT,GILGFVFTL
318,NSASDY,IRSNMDK,AENGGGGADGLT,LNHDA,SQIVND,ASSIRSSYEQY,GILGFVFTL
319,YGGTVN,YFSGDPLV,AVKGPTDDMR,LGHDT,YNNKEL,ASRPLGGPNEQF,YVLDHLIVV
320,VSNAYN,GSKP,AVEDQGRSYNTDKLI,MDHEN,SYDVKM,ASSFSGETQY,RAKFKQLL
321,TSGFNG,NVLDGL,AVRDRWDDYKLS,GTSNPN,SVGIG,ACAGFLHHTGELF,TTDPSFLGRY
322,DSAIYN,IQSSQRE,AVRGYSGAGSYQLT,MNHEY,SMNVEV,ASSLSAGVETQY,GILGFVFTL
323,NSASQS,VYSSG,VVNGEDSSYKLI,SNHLY,FYNNEI,ASSSGQVLPNEQF,GLCTLVAML
324,TSENNYY,QEAYKQQN,AFTSGTYKYI,LNHDA,SQIVND,ASSIVQGSNQPQH,SLFNTVATLY
325,NSAFQY,TYSSGN,ANYQLI,LNHDA,SQIVND,ASSIRSSYEQY,GILGFVFTL
326,TRDTTYY,RNSFDEQN,ALSEVYTGRRALT,MDHEN,SYDVKM,ASSHDKITDTQY,GPRLGVRAT
327,VSGNPY,YITGDNLV,AVRDPHQGTDKLI,SGDLS,YYNGEE,ASSVDGDTSTDTQY,GILGFVFTL
328,SSYSPS,YTSAATLV,VVREGEYGNKLV,SGHTA,FQGTGA,ASSPGAYNEQF,CINGVCWTV
329,SSVSVY,YLSGSTLV,AVSDGGYQKVT,SEHNR,FQNEAQ,ASSLGAEAF,YAKWKLCSA
330,TSESDYY,QEAYKQQN,AYTPYNTDKLI,MNHEY,SVGAGI,ASSYGEYGANVLT,TTDPSFLGRY
331,TISGNEY,GLKNN,IVRVPDTGGFKTI,LNHDA,SQIVND,ASSIGGTEAF,RPPIFIRRL
332,TISGNEY,GLKNN,IVSPNYGGSQGNLI,MNHEY,SVGEGT,ASSPSGGGFHNEQF,RAKFKQLL
333,DRGSQS,IYSNGD,AVVPI,SGHVS,FNYEAQ,TNEKLF,LLAGIGTVPI
334,SSNFYA,MTLNGDE,AFNAGGTSYGKLT,SGHDY,FNNNVP,ASSLIFAGRGAEAF,EPLPQGQLTAY
335,VGISA,LSSGK,AVGEEETSGSRLT,LNHDA,SQIVND,ASSVFFRSKLF,GILGFVFTL
336,ATGYPS,ATKADDK,ALSDRYNQGGKLI,MDHEN,SYDVKM,AIKLRGSEGDTQY,GILGFVFTL
337,KALYS,LLKGGEQ,GTADTGGFKTI,MDHEN,SYDVKM,ASSIRGLSSYNEQF,YAKWKLCSA
338,NSASDY,IRSNMDK,SNFGNEKLT,LGHDT,YNNKEL,ASSQVRGGYEQY,RAKFKQLL
339,SSNFYA,MTLNGDE,AMYTGGFKTI,MNHEY,SMNVEV,ASSQTETSYEQY,KSKRTPMGF
340,ATGYPS,ATKADDK,GYSSASKII,SGDLS,YYNGEE,ASSGPHANYGYT,CTELKLSDY
341,TSDPSYG,QGSYDQQN,AMRERNTGFQKLV,MGHRA,YSYEKL,ASSQDGGQETQY,VYFLQSINF
342,VSGNPY,YITGDNLV,AVRDFLLSGGYNKLI,MDHEN,SYDVKM,ASSLIGRDEQF,EPLPQGQLTAY
343,DRGSQS,IYSNGD,AVSSDKII,DFQATT,SNEGSKA,SASLKADEQF,LLWNGPMAV
344,YGGTVN,YFSGDPLV,AVKDTDKLI,SGHVS,FNYEAQ,ASSREYGGSAGELF,YVLDHLIVV
345,DSAIYN,IQSSQRE,AVHGYGQNFV,SQVTM,ANQGSEA,SAGGNTEAF,RAKFKQLL
346,TRDTTYY,RNSFDEQN,ALSEAGGTSYGKLT,LNHDA,SQIVND,ATSSGIYGYT,GILGFVFTL
347,DRGSQS,IYSNGD,AARPLRVDSSYKLI,PRHDT,FYEKMQ,ASSSLLRGGELF,LLLDRLNQL
348,NYSPAY,IRENEKE,ALDKGGGSQGNLI,LNHDA,SQIVND,ASSLRSTDTQY,GILGFVFTL
349,NSASQS,VYSSG,VVRDPKGAGSYQLT,DFQATT,SNEGSKA,SARERYYEQY,SPRWYFYYL
350,NIATNDY,GYKTK,LVGENFNKFY,SGHRS,YFSETQ,ASSLGQSLEQY,YLQPRTFLL
351,DRGSQS,IYSNGD,AALNTGTASKLTFG,SGHDN,FVKESK,ASSDQGLGTEAFFG,EAAGIGILTV
352,YGATPY,YFSGDTLV,AVGARETYNTDKLI,LNHDA,SQIVND,ASSPRQGNNSPLH,FEDLRLLSF
353,NSMFDY,ISSIKDK,AARANNARLM,SEHNR,FQNEAQ,ASSLEYSPRPYEQY,NLVPMVATV
354,VSGNPY,YITGDNLV,AVRERVSDGQKLL,LNHDA,SQIVND,ASSIFGNTIY,GILGFVFTL
355,SIFNT,LYKAGEL,AGLSTGNQFY,MNHEY,SMNVEV,ASSLSSGTDTQY,TTDPSFLGRY
356,ATGYPS,ATKADDK,ALSEAGPDKLI,SGHDY,FNNNVP,ASSPSSSYEQY,RAKFKQLL
357,YGGTVN,YFSGDPLV,ASRAGGRLI,LGHDT,YNNKEL,ASSPAFLSPGYYGYT,YVLDHLIVV
358,NSMFDY,ISSIKDK,AARETSGTYKYI,MDHEN,SYDVKM,ASSFLTGLNEQF,GILGFVFTL
359,SSYSPS,YTSAATLV,AVPLYGNNRLA,MNHNS,SASEGT,ASSEGIHPPEQF,SPRWYFYYL
360,TTLSN,LVKSGEV,AGQYSGAGSYQLT,LNHDA,SQIVND,ASSGFLYSPLH,GILGFVFTL
361,DSAIYN,IQSSQRE,AVRPGSSNTGKLI,MGHRA,YSYEKL,ASSHTTGDDYGYT,KSKRTPMGF
362,TSINN,IRSNERE,ATEGDSGYSTLT,SGDLS,YYNGEE,ASSVGGHLNEKLF,FLYALALLL
363,TSDPSYG,QGSYDQQN,AMRRPSGGYNKLI,SEHNR,FQNEAQ,ASTPSSGSAGNTIY,GILGFVFTL
364,TRDTTYY,RNSFDEQN,ALSVVDRGSTLGRLY,LGHNA,YNFKEQ,ASSPPIGTSAQDTQY,CINGVCWTV
365,DRGSQS,IYSNGD,AVSRGTGDFNKFY,MNHNS,SASEGT,ASSETGGTEAF,EAAGIGILTV
366,DRGSQS,IYSNGD,AVKPGNTGKLI,SGDLS,YYNGEE,ASSVGDNQPQH,LLLDRLNQL
367,TISGTDY,GLTSN,ILRDRGGATNKLI,MGHRA,YSYEKL,ASSQDHRGQGQPQH,GILGFVFTL
368,TSENNYY,QEAYKQQN,AFAGGTSYGKLT,SGHNS,FNNNVP,ASSFSGNTGELF,RAKFKQLL
369,DSAIYN,IQSSQRE,AVLNTGNQFY,SGHNS,FNNNVP,ASTVNRGSEGYT,QMMVKAGL
370,NSASQS,VYSSG,VVSISNFGNEKLT,DFQATT,SNEGSKA,SARDFRTGGSAEAF,LLAGIGTVPI
371,TSINN,IRSNERE,ATVARMDSSYKLI,SEHNR,FQNEAQ,ASSFIGSGESDEQF,TPRVTGGGAM
372,TSGFNG,NVLDGL,AVRAGNYGQNFV,SNHLY,FYNNEI,ASSTPRQGSNTGELF,RAKFKQLL
373,NSMFDY,ISSIKDK,AASDGNTGKLI,SNHLY,FYNNEI,ASWTDDNQPQH,TTDPSFLGRY
374,SSVSVY,YLSGSTLV,AVSDGSGGSYIPT,LNHDA,SQIVND,ASSMYLVSLNEQY,GILGFVFTL
375,YGATPY,YFSGDTLV,AVGAPHTSGTYKYI,MGHRA,YSYEKL,ASSPSTGTGGIYEQY,RFPLTFGWCF
376,VGISA,LSSGK,AVRGEFGNEKLT,SGHTA,FQGTGA,ASSLLPYNEQF,VLEETSVML
377,SSVSVY,YLSGSTLV,AATSNFGNEKLT,SGHTA,FQGNSA,ASSLGWRLEQF,SPRWYFYYL
378,SVFSS,VVTGGEV,AGALTRDGGSQGNLI,LNHDA,SQIVND,ASSTISLDIQY,GILGFVFTL
379,VSGNPY,YITGDNLV,AVRALIGFGNVLHCFGNVLH,LNHNV,YYDKDF,ATSGDYGGSISDTQY,TTDPSFLGRY
380,DRGSQS,IYSNGD,AVTDEKLT,MNHNY,SVGAGI,ARSTGGDSYGYT,LLWNGPMAV
381,NSMFDY,ISSIKDK,AASEAYGNKLV,SGHNS,FNNNVP,ASSLGSGSYNSPLH,QAKWRLQTL
382,DSASNY,IRSNVGE,AAMETSYDKVI,LGHDT,YNNKEL,ASSPPGQGHEQY,RAKFKQLL
383,SIFNT,LYKAGEL,AGDGSSNTGKLI,LNHDA,SQIVND,ASSIRSLGELF,GILGFVFTL
384,SIFNT,LYKAGEL,AGQAPSMDSNYQLI,LNHDA,SQIVND,ASSISGPGEQY,GILGFVFTL
385,DSASNY,IRSNVGE,AALPSADYKLS,SQVTM,ANQGSEA,SVDALLGAYTQY,SPRWYFYYL
386,VSGNPY,YITGDNLV,AVFFGNVLH,MNHEY,SMNVEV,ASSPTGGSPSPLH,NLVPMVATV
387,TSGFNG,NVLDGL,AVRAYYGGSQGNLI,LGHNA,YSLEER,ASSQEAGGGTGELF,LLWNGPMAV
388,TTLSN,LVKSGEV,AGPRNAGNMLT,SQVTM,ANQGSEA,SVRGTLDSYNEQF,LTDEMIAQY
389,DSASNY,IRSNVGE,AAKEGYSTLT,SGHNS,FNNNVP,ASSFSGNTGELF,RAKFKQLL
390,NIATNDY,GYKTK,LVASPSGGYNKLI,SGHDT,YYEEEE,ASSLARQEETQY,CINGVCWTV
391,YGATPY,YFSGDTLV,AVGSDTGGGNKLT,MNHEY,SMNVEV,ASSSLARGALNYGYT,RVAGDSGFAAY
392,NIATNDY,GYKTK,LVGEFSGGYNKLI,MDHEN,SYDVKM,ASSPLTSNYGYT,LPRWYFYYL
393,ATGYPS,ATKADDK,ALWMARRCLLF,SGHNS,FNNNVP,ASSFNAEQF,CLGGLLTMV
394,TSINN,IRSNERE,ATGGGPGVGPGT,MNHNS,SASEGT,ASSKQGGGYGYT,FLYALALLL
395,TRDTTYY,RNSFDEQN,ALSENTDKLI,DFQATT,SNEGSKA,SARAELAADFISSYNEQF,NLVPMVATV
396,DRGSQS,IYSNGD,AVNAGNMLT,KGHDR,SFDVKD,ATSDWTGGANTEAF,GILGFVFTL
397,TRDTTYY,RNSFDEQN,ALSEARDSGGYQKVT,LNHDA,SQIVND,ASRTIAGALNEQF,GILGFVFTL
398,NSAFQY,TYSSGN,AMSRSNFGHEKLT,MNHEY,SVGEGT,ASSSRDSGTNYGYT,LLAGIGTVPI
399,SIFNT,LYKAGEL,AGQRDDMR,SGHNS,FNNNVP,ATSGDRGWQY,KLWAQCVQL
400,YSGSPE,HISR,ALSGIPNAGGTSYGKLT,LNHDA,SQIVND,ASSALLNTEAF,GILGFVFTL
401,DRGSQS,IYSNGD,AVTKYSWGKLQ,MNHEY,SVGAGI,ASRPGWMAGGVELY,ELAGIGILTV
402,NIATNDY,GYKTK,LVGDISYSGSARQLT,LGHNA,YNFKEQ,ASSQEVQQATYEQY,CINGVCWTV
403,SVFSS,VVTGGEV,AGPSGANNLF,LNHDA,SQIVND,ASSSRASYEQY,GILGFVFTL
404,DSSSTY,IFSNMDM,AESLNSGGYQKVT,MDHEN,SYDVKM,ASRPPGVYEQF,EPLPQGQLTAY
405,TSDPSYG,QGSYDQQN,ARDQRGYQKVT,DFQATT,SNEGSKA,SARDDRALNTGELF,YLQPRTFLL
406,SIFNT,LYKAGEL,AGPNAGGTSYGKLTFG,LGHNA,YNFKEQ,ASSQDLAIGEQYFG,ELAGIGILTV
407,TISGNEY,GLKNN,IVRVRGGSNYKLT,SGHDN,FVKESK,ASSQLLAGGFSQTDTQY,CINGVCWTV
408,TSINN,IRSNERE,ATDAWGGSEKLV,PRHDT,FYEKMQ,ATDARVGNTGELF,GILGFVFTL
409,DRGSQS,IYSNGD,AVEPGNSP,SGHVS,FQNEAQ,ASSPQAGGSVDTQY,LLAGIGTVPI
410,NYSPAY,IRENEKE,APLTQAGTALI,GTSNPN,SVGIG,AWSWTGGTSGYT,GILGFVFTL
411,NSASQS,VYSSG,VVNPEGGSQGNLI,LGHNT,FRNRAP,ASGPPGTGYSNQPQH,QYIKWPWYI
412,TISGNEY,GLKNN,IVRGRYSNTGKLI,MNHEY,SMNVEV,ASSLGVSNYEQY,TPRVTGGGAM
413,NSAFQY,TYSSGN,AMSISNFGNEKLT,MRHNA,SNTAGT,ASNKETSWAGESYNEQF,LLAGIGTVPI
414,KALYS,LLKGGEQ,GTERENDYKLS,SGHTA,FQGNSA,ASSQPTENTEAF,RGPGRAFVTI
415,DSASNY,IRSNVGE,AASGNYGQNFV,MGHRA,YSYEKL,ASSQDPPGRLGKLF,QMMVKAGL
416,NSASQS,VYSSG,VVNVTYNFNKFY,SNHLY,FYNNEI,ASSAGTVAPGELF,GLCTLVAML
417,TSESDYY,QEAYKQQN,AYEGYGGSQGNLI,MNHNY,SVGAGI,ASTPGQGASTEAF,KLWAQCVQL
418,TSDPSYG,QGSYDQQN,AMSHYGGSQGNLI,SGHAT,FQNNGV,ASSPEDRGAF,NYNYLYRLF
419,TSGFNG,NVLDGL,AVNSGNTPLV,SGHDT,YYEEEE,ASSSGTGHEYEQY,LLAGIGTVPI
420,VSPFSN,MTFSENT,VVSEGLSDGQKLL,MNHEY,SVGEGT,ASSYQAGGYNEQF,RAKFKQLL
421,VSGNPY,YITGDNLV,AVRDFGDFNKFY,LNHDA,SQIVND,ASSQQGANEQY,MEVTPSGTWL
422,DRGSQS,IYSNGD,AVSNWDSSYKLI,SGHTA,FQGNSA,ASSFGQEGLLEQY,CLGGLLTMV
423,NSAFQY,TYSSGN,ASTISNFGNEKLT,SGHDT,YYEEEE,ARSPGGRRSPRDETQY,LLAGIGTVPI
424,VSGNPY,YITGDNLV,AVTSLYSGAGSYQLT,MNHEY,SMNVEV,ASSLTGPIPSTDTQY,QAKWRLQTL
425,NSASQS,VYSSG,VVLTSGGYNKLI,LNHDA,SQIVND,ASSPGNTGELF,TPRVTGGGAM
426,TTLSN,LVKSGEV,AVTGGFKTI,LGHDT,YNNKEL,ASSQGGSSSEKLF,SPRWYFYYL
427,TSDPSYG,QGSYDQQN,AMREAQNNARLM,LNHDA,SQIVND,ASSIFSASGSVTDTQY,SPRWYFYYL
428,TSINN,IRSNERE,ATDRDDKII,LNHDA,SQIVND,ASSIDGNVAPLH,GILGFVFTL
429,DSASNY,IRSNVGE,AATETSYDKVI,SGHNT,YYREEE,ASKRQGSLSYEQY,RAKFKQLL
430,NSASDY,IRSNMDK,ADSGGGADGLT,SGHDT,YYEEEE,ASSFTGGRSSYNEQF,RAKFKQLL
431,TRDTTYY,RNSFDEQN,ALSEANQAGTALI,LGHNA,YSLEER,ASSQERGGKWAYEQY,NLVPMVATV
432,TSDPSYG,QGSYDQQN,AMREGGNFNKFY,SQVTM,ANQGSEA,SVGGTSGTLPANEQF,YVLDHLIVV
433,TRDTTYY,RNSFDEQN,ARVNSGRRHGNLI,MDHEN,SYDVKM,AVWRDGAYEQY,YLLEMLWRL
434,VGISA,LSSGK,AVGLDTDKLI,MGHDK,SYGVNS,ATSSGGPLRF,RPHERNGFTVL
435,NSMFDY,ISSIKDK,AASPTGGAQKLV,SGHTA,FQGTGA,ASSLTLLNEQF,RAKFKQLL
436,NSASQS,VYSSG,VVNANSGNTPLV,GTSNPN,SVGIG,AWSPAGLAMYEQY,DATYQRTRALVR
437,YGGTVN,YFSGDPLV,AVNARRDDKII,SGHTA,FQGTGA,ASSLTGAPLDTQY,GILGFVFTL
438,DRGSQS,IYSNGD,AALKSNFGNEKLT,SNHLY,FYNNEI,ASSGAGGSTDTQY,LLAGIGTVPI
439,VSGNPY,YITGDNLV,ILGWGKLQ,MNHEY,SMNVEV,ASSLDRVTGEC,NLVPMVATV
440,NIATNDY,GYKTK,LVTGSARQLT,LGHNA,YNFKEQ,ASSQEQGGWGEQY,CINGVCWTV
441,DSSSTY,IFSNMDM,AEDANARLM,DFQATT,SNEGSKA,SARDGTGNGYT,GLCTLVAML
442,DSSSTY,IFSNMDM,ALPGGGSTLGRLY,LNHDA,SQIVND,ASSIASHNEQF,GILGFVFTL
443,VGISA,LSSGK,AVRLLLRNQFY,SGDLS,YYNGEE,ASSVGAGPTYEQY,CTELKLSDY
444,NSMFDY,ISSIKDK,AARTSGSRLT,LNHDA,SQIVND,ASSIYRFTEAF,GILGFVFTL
445,DSSSTY,IFSNMDM,AESLWDDKII,SNHLY,FYNNEI,ASRSSGGAYNEQF,RAKFKQLL
446,TRDTTYY,RNSFDEQN,ALRGSGAGSYQLT,MNHEY,SMNVEV,ASSYGQGITF,TTDPSFLGRY
447,YSGSPE,HISR,ALSPLGGYNKLI,MNHNS,SASEGT,ASNMTGRSTEAF,TPRVTGGGAM
448,SVFSS,VVTGGEV,AGGGSQGNLI,LNHDA,SQIVND,ASSARSTGELF,GILGFVFTL
449,NSAFQY,TYSSGN,AFLISNFGNEKLT,SGHNS,FNNNVP,ASSLSEQGRTEETQY,LLAGIGTVPI
450,ATGYPS,ATKADDK,ATDDMR,LGHDT,YNNKEL,ASSHLGGAYNEQF,YVLDHLIVV
451,DRGSQS,IYSNGD,ASVGMDSSYKLI,SGHNS,FNNNVP,ASSFSGNTGELF,RAKFKQLL
452,TSENNYY,QEAYKQQN,AFMKLRTGNQFY,PRHDT,FYEKMQ,ASSYGGAGNTIY,GILGFVFTL
453,DRGSQS,IYSNGD,AVSDYKLS,MNHEY,SVGEGT,ASSSSGTAYGYT,LLWNGPMAV
454,NSAFQY,TYSSGN,AMCLSNFGNEKLT,DFQATT,SNEGSKA,SAREGSQGAKTGELF,LLAGIGTVPI
455,TSGFYG,NALDGL,AVRGGFGNVLHCFGNVLH,MNHEY,SMNVEV,ASSLSGRPYEQY,RAKFKQLL
456,TSINN,IRSNERE,ATDDQGAQKLV,SGDLS,YYNGEE,ASSVGGVPYNEQF,LLWNGPMAV
457,NSAFQY,TYSSGN,AVSSLYPAGTALI,SGHNS,FNNNVP,ASSHTKGTYEQY,CTELKLSDY
458,SSNFYA,MTLNGDE,ARNTGNQFYFGT,MNHEY,SVGAGI,ASSSVTGTGNYGYTFG,NLVPMVATV
459,NSASQS,VYSSG,VVNGEDSSYKLI,SNHLY,FYNNEI,ASSEGRVSPGEAF,GLCTLVAML
460,SSVPPY,YTSAATLV,AVTLGGTASKLT,SGHAT,FQNNGV,ASSFFSWGTDNEQF,QYIKWPWYI
461,TTLSN,LVKSGEV,AGPIEGWSQGNLI,LNHDA,SQIVND,ASSIYSNQPQH,GILGFVFTL
462,TRDTTYY,RNSFDEQN,ALGYDKII,SEHNR,FQNEAQ,ASSFPSGGGEKLF,FTSDYYQLY
463,DSASNY,IRSNVGE,AASETSYDKVI,SEHNR,FQNEAQ,ASSLLGRSTEAF,RAKFKQLL
464,TSESDYY,QEAYKQQN,AYSYGGSQGNLI,MRHNA,SNTAGT,ASSESGRATDTQY,RTATKAYNV
465,DSASNY,IRSNVGE,AASETSYDKVI,MGHRA,YSYEKL,ASSPLAGIYNEQF,RAKFKQLL
466,KALYS,LLKGGEQ,GTEYPNDYKLS,SGHDT,YYEEEE,ASSLRDGSEAF,GLCTLVAML
467,ATGYPS,ATKADDK,ALDVSGSARQLT,DFQATT,SNEGSKA,SARDGDSISYNEQF,TTDPSFLGRY
468,SIFNT,LYKAGEL,AGQSSDFAYGGSQGNLI,LNHDA,SQIVND,ASSMVAALGEQF,GILGFVFTL
469,TSGFNG,NVLDGL,AVNAGNNRKLI,PRHDT,FYEKMQ,ASSLAGTGGRFSYEQY,RPIIRPATL
470,DRGSQS,IYSNGD,AASHSGTSYGKLT,MNHEY,SMNVEV,ASSLSLAGELF,ELAGIGILTV
471,TTSDR,LLSNGAV,AVDFRDNYGQNFV,LNHDA,SQIVND,ASSIFYSSTDTQY,GILGFVFTL
472,VSGLRG,LYSAGEE,AVNAGNMLT,SGHVS,FQNEAQ,ASSAGGQVEEQY,DATYQRTRALVR
473,SSVPPY,YTSAATLV,AVSEIAAGNKLT,KGHDR,SFDVKD,ATSAASGRAYNEQF,TTDPSFLGRY
474,SSVPPY,YTSAATLV,AVSDPYSKAAGNKLT,SGHAT,FQDESV,ASRGTHYGYT,GPRLGVRAT
475,KALYS,LLKGGEQ,GTVPGGSQGNLI,LNHDA,SQIVND,ASSGRSTDTQY,GILGFVFTL
476,DRGSQS,IYSNGD,AVNPGGKLI,SQVTM,ANQGSEA,SAGRDGTNEKLF,GLCTLVAML
477,SSVSVY,YLSGSTLV,AVSDLRYGGATNKLI,SGHDT,YYEEEE,ASSLVAGGSDTQY,QYIKWPWYI
478,SVFSS,VVTGGEV,AGPYNAGNMLT,MNHEY,SVGAGI,ASSYSTGEGAQY,GILGFVFTL
479,VSGNPY,YITGDNLV,AVRVYSSASKII,SGHDY,FNNNVP,ASSLKGGGNQPQH,GPRLGVRAT
480,VSGLRG,LYSAGEE,AVQHRSNDYKLS,SEHNR,FQNEAQ,ANGSPNTGELF,YLQPRTFLL
481,DSASNY,IRSNVGE,AAMETSYDKVI,SGDLS,YYNGEE,ASSIPNSGAVNEQF,RAKFKQLL
482,VSGLRG,LYSAGEE,AVQGQNSGGYQKVT,DFQATT,SNEGSKA,SATDRAASYNSPLH,SPRWYFYYL
483,DSAIYN,IQSSQRE,APKGGADGLT,MNHEY,SMNVEV,ASTRGNEQF,GILGFVFTL
484,NIATNDY,GYKTK,LVAETRSGVR,SEHNR,FQNEAQ,ASSSLGGEDEQY,CTELKLSDY
485,TSGFNG,NVLDGL,ACYAGNNRKLI,LGHNA,YNFKEQ,ASSQRADTEAF,MEVTPSGTWL
486,TRDTTYY,RNSFDEQN,ALSEASKAGGSYIPT,LNHDA,SQIVND,ASSIFVGRNEQF,GILGFVFTL
487,SSVSVY,YLSGSTLV,AVSPYNNNDMR,SGHNS,FNNNVP,ASRPLAAQETQY,RLPGVLPRA
488,DRGSQS,IYSNGD,AVVGARLM,MNHEY,SMNVEV,ASSPGTANQPQH,LLWNGPMAV
489,NSASDY,IRSNMDK,AEMETSYDKVI,SEHNR,FQNEAQ,ASSSLSGGARNEQF,RAKFKQLL
490,DRGSQS,IYSNGD,AVNGGQKLL,MDHEN,SYDVKM,ASSLGPFDTQY,ELAGIGILTV
491,NSASDY,IRSNMDK,ADSGGGADGLT,SGHVS,FNYEAQ,ASSVLYLNEQF,RAKFKQLL
492,DSSSTY,IFSNMDM,AESALGGSQGNLI,MNHNS,SASEGT,ASRSWVRAPNQPQH,ALWEIQQVV
493,KALYS,LLKGGEQ,GTGRGGSYIPT,LNHDA,SQIVND,ASREGHLEGQPQH,GILGFVFTL
494,YGGTVN,YFSGDPLV,APPDSSYKLI,SQVTM,ANQGSEA,SVSGQKEETQY,SPRWYFYYL
495,DSSSTY,IFSNMDM,ADSGTYKYI,MNHEY,SMNVEV,ASSLDAINSPLH,VSDGGPNLY
496,DSSSTY,IFSNMDM,AEMEGGSYIPT,SGHVS,FQNEAQ,ASSSPEGQPLNTGELF,GLCTLVAML
497,NSASDY,IRSNMDK,AENEGGGSQGNLI,LNHDA,SQIVND,ASSLYASYEQY,GILGFVFTL
498,NSAFQY,TYSSGN,SNFGNEKLT,DFQATT,SNEGSKA,SARAKSGPSYNEQF,LLAGIGTVPI
499,SVFSS,VVTGGEV,AGGGSQGNLI,SGHDN,FVKESK,ASSQSPGGTQY,GILGFVFTL
500,DRGSQS,IYSNGD,AVRYGNNRLA,MNHEY,SVGAGI,ASSYSSSSGGSSYNEQF,RAKFKQLL
501,TSENNYY,QEAYKQQN,AFMTNAGGTSYGKLT,LNHDA,SQIVND,ASSIFYSSTDTQY,GILGFVFTL
502,DSAIYN,IQSSQRE,AVQADSNYQLI,KGHDR,SFDVKD,ATSVGNSEQY,RTATKQYNV
503,DRGSQS,IYSNGD,APGGGGNKLT,KGHDR,SFDVKD,ATSDLFNNEQF,ELAGIGILTV
504,TRDTTYY,RNSFDEQN,ALSEAGKTSYDKVI,MGHRA,YSYEKL,ASSQVEAFYEQY,GILGFVFTL
505,YSGSPE,HISR,TTSGTYKYI,MNHEY,SMNVEV,ASSSLTSGGARYTQY,SPRWYFYYL
506,YGATPY,YFSGDTLV,AVVLWVNNQGGKLI,MDHEN,SYDVKM,ASSLEGGSNQPQH,SLFNTVATLY
507,TISGTDY,GLTSN,ILRDGWVTGYKYI,SGHRS,YFSETQ,ANNCGF,LLWNGPMAV
508,NSMFDY,ISSIKDK,AASASGGSYIPT,LGHNA,YSLEER,ASSQDGAAPLDGYT,VSDGGPNLY
509,VSGNPY,YITGDNLV,AVRDGHTNAGKST,LNHDA,SQIVND,ASSIASVEGGQF,GILGFVFTL
510,DRGSQS,IYSNGD,AVTGDQFY,MNHEY,SMNVEV,ASSPGHAYEQY,LLWNGPMAV
511,VSGNPY,YITGDNLV,AVRTYNYGQNFV,SGHTA,FQGNSA,ASSLEGQGAPGQPQH,LLWNGPMAV
512,NSASQS,VYSSG,VVTPDTPLV,SGHVS,FNYEAQ,ASSLTSAGEQY,TPRVTGGGAM
513,TSENNYY,QEAYKQQN,AFLGPYNNNDMR,LGHDT,YNNKEL,ASSQARDRGWTEAF,RPIIRPATL
514,DSASNY,IRSNVGE,APRETSYDKVI,SGHRS,YFSETQ,ASSLPDYNEQF,RAKFKQLL
515,DSASNY,IRSNVGE,AAAETSYDKVI,SEHNR,FQNEAQ,ASSLAVGEGPQH,RAKFKQLL
516,TRDTTYY,RNSFDEQN,ALSGEGGSEKLV,MGHDK,SYGVNS,ASSETGFGNQPQH,NLVPMVATV
517,TSESDYY,QEAYKQQN,AYRTLEGTYKYI,SGHTA,FQGTGA,ASSLENGQYEQY,CINGVCWTV
518,DRGSQS,IYSNGD,AVVDDKII,SGHTA,FQGNSA,ASSPGAAYEQY,LLWNGPMAV
519,TSGFYG,NALDGL,AVRDHNFNKFY,KGHDR,SFDVKD,ATSDLQRDGARDTQY,FLASKIGRLV
520,TSINN,IRSNERE,ATGPIYGGSQGNLI,DFQATT,SNEGSKA,SASQDPYEQY,DATYQRTRALVR
521,DSASNY,IRSNVGE,AAFNSGGSNYKLT,DFQATT,SNEGSKA,SARDGRREYEQY,RAKFKQLL
522,TISGTDY,GLTSN,ILPLAGGTSYGKLT,SGHNS,FNNNVP,NYGYT,FLRGRAYGL
523,DRGSQS,IYSNGD,AVTSNQAGTALI,MDHEN,SYDVKM,ASSFFSYEQY,LLLDRLNQL
524,SSNFYA,MTLNGDE,ALNQAGTALI,SGHVS,FNYEAQ,ASSLAQQGLAEAF,NLVPMVATV
525,TISGTDY,GLTSN,IYNTGGGNKLT,SEHNR,FQNEAQ,ASNLLQGDTEAF,RAKFKQLL
526,DSASNY,IRSNVGE,ACLTGTASKLT,SQVTM,ANQGSEA,SVVPLMGGYEQY,SPRWYFYYL
527,TISGTDY,GLTSN,ILPLAGGTSYGKLT,SQVTM,ANQGSEA,SVEYRDNEQF,NLVPMVATV
528,DSASNY,IRSNVGE,AASRGSGGYNKLI,SEHNR,FQNEAQ,ASSYPPATYNEQF,GILGFVFTL
529,SVFSS,VVTGGEV,AGPPPNAGKST,LNHDA,SQIVND,ASSMRSAYEQY,GILGFVFTL
530,TISGNEY,GLKNN,TTDSWGKFE,MNHEY,SMNVEV,ASSSLNTEAF,TTDPSFLGRY
531,VTNFRS,LTSSGIE,ASSFNVGAF,SEHNR,FQNEAQ,ASSFNVEAF,YAKWKLCSA
532,DRGSQS,IYSNGD,AAPPFGNEKLT,SGHNS,FNNNVP,ASSLGTSPDTQY,LLLDRLNQL
533,NSASDY,IRSNMDK,ADSGGGADGLT,SGHDT,YYEEEE,ASSLGASMNTEAF,RAKFKQLL
534,DRGSQS,IYSNGD,AVNPYNNDMR,MDHEN,SYDVKM,ASSFRGTGELF,LLLDRLNQL
535,DRGSQS,IYSNGD,AVAAYKYI,MNHNS,SASEGT,ASSGGQAYEQY,LLWNGPMAV
536,NIATNDY,GYKTK,LVGDDKII,LGHNA,YNFKEQ,ASSQEVPGAGVSIYEQY,CINGVCWTV
537,TSENNYY,QEAYKQQN,AFIVPQGGSEKLV,MNHEY,SMNVEV,ASSLSRAGGDSPLH,RTATKAYNV
538,TSESDYY,QEAYKQQN,AYSYGPGGTSYGKLT,LNHDA,SQIVND,ASSGSGYEQF,GILGFVFTL
539,SVFSS,VVTGGEV,AGEKETSGSRLT,LNHDA,SQIVND,ASSIRSSYEQY,GILGFVFTL
540,TTLSN,LVKSGEV,AGPEDGGSQGNLI,LNHDA,SQIVND,ASSYYSNQPQH,GILGFVFTL
541,TSINN,IRSNERE,ATGPLGNKLI,SGHRS,YFSETQ,ASSLERPGTSGRLTGELF,TPRVTGGGAM
542,NSASDY,IRSNMDK,ADSGGGADGLT,SGHNT,YYREEE,ASSSTGGGEKDQPQH,RAKFKQLL
543,TSESDYY,QEAYKQQN,ASVDSNYQLI,MNHEY,SMNVEV,ASSLSPAGSDSEAF,RTATKAYNV
544,NIATNDY,GYKTK,LVGDRRTGGFKTI,SGHVS,FNYEAQ,ASSTEVAADGELF,CINGVCWTV
545,TSDPSYG,QGSYDQQN,AMSLYSGGGADGLT,MDHEN,SYDVKM,ASRPPPAGQKETQY,GILGFVFTL
546,NSASDY,IRSNMDK,AENRLGTALI,MNHEY,SMNVEV,ASSSTGREAF,FEDLRVLSF
547,DSSSTY,IFSNMDM,AEKAHASKII,LGHDT,YNNKEL,ASSQVSGGARETQY,RVAGDSGFAAY
548,TSGFNG,NVLDGL,AVRGHGNKLV,MGHRA,YSYEKL,ASSLTDRGTEAF,YLQPRTFLL
549,DRGSQS,IYSNGD,AGSASKII,SGHDY,FNNNVP,ASSYSGGGNQPQH,LLWNGPMAV
550,TTLSN,LVKSGEV,AITYGGSQGNLI,LNHDA,SQIVND,ASSTRSTDTQY,GILGFVFTL
551,DRGSQS,IYSNGD,AVNTGGFKTI,MNHEY,SVGEGT,ASGDRSWETQY,ALAGIGILTV
552,TSDPSYG,QGSYDQQN,AMREGWDSSYKLI,SEHNR,FQNEAQ,ASSTHDRSGVGSPLH,TPRVTGGGAM
553,TSINN,IRSNERE,ATDEDYTNAGKST,LNHDA,SQIVND,ASSIGGSGNQPQH,GILGFVFTL
554,TSESDYY,QEAYKQQN,AYSWETSGSRLT,SNHLY,FYNNEI,ASRAWEGYT,CLGGLLTMV
555,DRGSQS,IYSNGD,AVNVAGKST,GTSNPN,SVGIG,AWSETGLGTGELF,EAAGIGILTV
556,DSASNY,IRSNVGE,AGLETSYDKVI,SGHNS,FNNNVP,ASSFSGTVRGGYT,RAKFKQLL
557,SVFSS,VVTGGEV,AGPPRPSYNTDKLI,MDHEN,SYDVKM,ASTPRGRGLVYGYT,HPNGYKSLSTL
558,TSENNYY,QEAYKQQN,AFMSLYGGSQGNLI,MNHEY,SMNVEV,ASSYPYRGLLAGSGNTIY,ATDALMTGF
559,TRDTTYY,RNSFDEQN,NYGGSQGNLI,MDHEN,SYDVKM,ATFPGGSYEQY,YLLEMLWRL
560,DRGSQS,IYSNGD,AADNARLM,MNHEY,SMNVEV,ASSIASLLAGGTDTQY,ELAGIGILTV
561,ATGYPS,ATKADDK,YSGGGADGLT,MDHEN,SYDVKM,ASSSMLAHKTSYNSPLH,RAKFKQLL
562,DSSSTY,IFSNMDM,AVNTLDKLT,SEHNR,FQNEAQ,ASSLDIEAF,YLQPRTFLL
563,TSGFYG,NALDGL,AVDNQGGKLI,LGHDT,YNNKEL,ASSQEKAVGEKLF,RAKFKQLL
564,ATGYPS,ATKADDK,APAAGFQKLV,LNHDA,SQIVND,ASSLRSSYEQY,GILGFVFTL
565,DSSSTY,IFSNMDM,AEDRNARLM,DFQATT,SNEGSKA,SARDQTGNTIY,GLCTLVAML
566,NSMFDY,ISSIKDK,NNNAGNMLT,WSHSY,SAAADI,ASRMGAGDTQY,GLCTLVAML
567,NSASQS,VYSSG,VVNSPSGNTPLV,DFQATT,SNEGSKA,SARDEKATNTGELF,YLQPRTFLL
568,DRGSQS,IYSNGD,AVNTSGGGADGLT,LGHNA,YSLEER,ASSQDLLAGAADTQY,ELAGIGILTV
569,TSGFNG,NVLDGL,AVRDLIKAAGNKLT,LNHDA,SQIVND,ASSRLAGEQY,GILGFVFTL
570,NSAFQY,TYSSGN,AMLISNFGNEKLT,LGHDT,YNNKEL,ASSPLNGGTAARDTIY,LLAGIGTVPI
571,DRGSQS,IYSNGD,AVSEYSTLT,LGHNT,FRNRAP,ASGLNPQERSTDTQY,RAKFKQLL
572,DSSSTY,IFSNMDM,AKSGGSYIPT,LNHDA,SQIVND,ARSFFSGSYNEQF,GILGFVFTL
573,YGGTVN,YFSGDPLV,AVKDTDKLI,KGHDR,SFDVKD,ATSGWQGSEETQY,YVLDHLIVV
574,TSESDYY,QEAYKQQN,AWAQGGSEKLV,SEHNR,FQNEAQ,ASSLGQGNSPLH,NLVPMVATV
575,YGATPY,YFSGDTLV,AVGPSGGGADGLT,LGHNA,YSLEER,ASSPVGWDTEAF,LTDEMIAQY
576,DSASNY,IRSNVGE,AASETSYDKVI,SEHNR,FQNEAQ,ASSSLGDRNTEAF,RAKFKQLL
577,DSSSTY,IFSNMDM,AERGWDNDMR,SGHAT,FQNNGV,ASSADSNGELF,IPSINVHHY
578,NSASQS,VYSSG,VVGLFSGTYKYI,MNHEY,SVGEGT,ASSYSIRTEAF,TPRVTGGGAM
579,SIFNT,LYKAGEL,AGPDGSSNTGKLI,MNHEY,SMNVEV,ASSLIFPSGEQY,GILGFVFTL
580,DSAIYN,IQSSQRE,AVESFNKFY,SGDLS,YYNGEE,ASSVGWREADTQY,RAKFKQLL
581,NSASQS,VYSSG,VVNKGSNDMR,ENHRY,SYGVKD,AISAPGSYNEQF,TDLGQNLLY
582,VSGNPY,YITGDNLV,AVRDGHRDDKII,SEHNR,FQNEAQ,ASSLGVRAQKTQY,RLPGVLPRA
583,NIATNDY,GYKTK,LVGDGYGNNRLA,SGHVS,FQNEAQ,ASSLPDRAGEKLF,CINGVCWTV
584,DRGSQS,IYSNGD,ALGFQKLV,SGHDT,YYEEEE,ASSFRGLGQPQH,ELAGIGILTV
585,SSNFYA,MTLNGDE,AFLGGANNLF,LNHDA,SQIVND,ASSTRSTDTQY,GILGFVFTL
586,YSGSPE,HISR,ALSGRDSSYKLI,SNHLY,FYNNEI,ASSGLAGTYNEQF,GILGFVFTL
587,VSGNPY,YITGDNLV,AVRDIGASGTYKYI,MNHEY,SMNVEV,ASSSTETRYGYT,SPRWYFYYL
588,TSENNYY,QEAYKQQN,AFLFSGGYNKLI,LGHDT,YNNKEL,ASSQDLASSTDTQY,SPRWYFYYL
589,DSSSTY,IFSNMDM,AESYDGYALN,LGHNA,YSLEER,ASSQSRGSLWDTQY,YVLDHLIVV
590,NSMFDY,ISSIKDK,AASTGGNQFY,SEHNR,FQNEAQ,ASDTLDRDSYEQY,TTDPSFLGRY
591,SVFSS,VVTGGEV,AGAGGGSQGNLI,SEHNR,FQNEAQ,ASSQLGRGDNEQF,GILGFVFTL
592,VTNFRS,LTSSGIE,AVEGAAGNKLT,LGHNA,YSLEER,ASSPGRGLATNEKLF,RPPIFIRRL
593,VSGNPY,YITGDNLV,AVEDGQKLL,MDHEN,SYDVKM,ASSPGGTATYEQY,ALSKGVHFV
594,NSASDY,IRSNMDK,AENRSGSARQLT,MNHEY,SMNVEV,ASSLSPSTVNTGELF,TPRVTGGGAM
595,DRGSQS,IYSNGD,AWGNSGCGTLT,SGHKS,YYEKEE,ASSGLQGLETQY,LLAGIGTVPI
596,NSASDY,IRSNMDK,AEMETSYDKVI,WNHNN,SYGVQD,ASSRPVAVIYGYT,RAKFKQLL
597,NSMFDY,ISSIKDK,ASNTGTASKLT,SEHNR,FQNEAQ,ASSLAVGEGPQH,RAKFKQLL
598,DRGSQS,IYSNGD,AVNPPGAGGTSYGKLT,SGHVS,FNYEAQ,ASSLGDRGTEKLF,HPVTKYIM
599,TSDPSYG,QGSYDQQN,AMREGHTNAGKST,LGHNA,YSLEER,ASSQVAGGAGGPREYNEQF,NLVPMVATV
600,TSDPSYG,QGSYDQQN,AMSPRDDKII,SGDLS,YYNGEE,ASSGQGGGTGELF,HPVTKYIM
601,DRGSQS,IYSNGD,AAEINAGGTSYGKLT,SGDLS,YYNGEE,ASSVELAPGELF,GILGFVFTL
602,DSASNY,IRSNVGE,AASGGGSQGNLI,LNHDA,SQIVND,ASSLRSSYNEQF,GILGFVFTL
603,SSVPPY,YTSAATLV,AVPGGNTGKLI,LNHDA,SQIVND,ASSIRSSYEQY,GILGFVFTL
604,NIATNDY,GYKTK,LVAIPTGANNLF,LGHNA,YNFKEQ,ASSQAGTGMAF,CINGVCWTV
605,TRDTTYY,RNSFDEQN,ALGFYNQGGKLI,MNHEY,SMNVEV,ASRTGSGSYNEQF,TPRVTGGGAM
606,VSGLRG,LYSAGEE,AVQGIGLGNVLHCFGNVLH,SGHTS,YDEGEE,ASSFSSSGPNEQF,SPRWYFYYL
607,NSASQS,VYSSG,VVTAVSGGSNYKLT,SNHLY,FYNNEI,ASSENRGYEQY,NYNYLYRLF
608,DRGSQS,IYSNGD,AADSGNTPLV,SGDLS,YYNGEE,ASGRSGELF,ALAGIGILTV
609,DSASNY,IRSNVGE,AAMETSYDKVI,SGHNT,YYREEE,ASSLADEQF,RAKFKQLL
610,SVFSS,VVTGGEV,AIPQKAAGNKLT,MDHEN,SYDVKM,ASSFPQFVTGLPEAF,ELAGIGILTV
611,NIATNDY,GYKTK,LVAWPNFNKFY,SGHDN,FVKESK,ASSQEPGQVY,CINGVCWTV
612,SSVSVY,YLSGSTLV,AVSGGPGAGSYQLT,SEHNR,FQNEAQ,ASSPLDRGDETQY,GILGFVFTL
613,TRDTTYY,RNSFDEQN,ALSELFMNNNAGNMLT,SGHDY,FNNNVP,ASTLQGPNGYT,SLFNTVATLY
614,VSPFSN,MTFSENT,VVSVEYGNKLV,SGHDT,YYEEEE,ASSSGSNYEQY,PTDNYITTY
616,SSVSVY,YLSGSTLV,AVTDYSGAGSYQLT,LNHDA,SQIVND,ASSTMNTEAF,GILGFVFTL
617,DRGSQS,IYSNGD,AVEGGKLI,SQVTM,ANQGSEA,SVEGRGTDTQY,LLWNGPMAV
618,SVFSS,VVTGGEV,AALRWAAEII,LGHNA,YNFKEQ,ASSPMIGTSGNEQF,RAKFKQLL
619,NSASQS,VYSSG,VVTPSNFGNEKLT,SGHDT,YYEEEE,ASSLLAGLLYNEQF,LLAGIGTVPI
620,VSPFSN,MTFSENT,VVSARQDSSYKLI,SEHNR,FQNEAQ,ASSLGSGIYNEQF,TPRVTGGGAM
621,TSESDYY,QEAYKQQN,AYSENNARLM,MNHEY,SMNVEV,ASSLSSTGGGQF,KLWAQCVQL
622,VTNFRS,LTSSGIE,AVGSWDSGGSNYKLT,LNHDA,SQIVND,ASSMFHSGNTIY,GILGFVFTL
623,NSASQS,VYSSG,VVNEGDKLI,GTSNPN,SVGIG,AWDRDHNTGELF,YLQPRTFLL
624,TISGTDY,GLTSN,ILRGPNFGNEKLT,SEHNR,FQNEAQ,ASSLGESSRDSNQPQH,GILGFVFTL
625,DSVNN,IPSGT,AVEDPVTGGGNKLT,MNHEY,SVGEGT,ASSNHLAGHTYEQY,CINGVCWTV
626,TISGNEY,GLKNN,IVRVANGGYGGSQGNLI,LNHDA,SQIVND,ASSIRSSYEQY,GILGFVFTL
627,VSGNPY,YITGDNLV,AVRARMDSSYKLI,SEHNR,FQNEAQ,ASSTHDSEGALSPLH,TPRVTGGGAM
628,NSASQS,VYSSG,VVDYTDKLI,SGHDT,YYEEEE,ASSLRDGSEAF,RAKFKQLL
629,DRGSQS,IYSNGD,AVNPSGYALN,SGHDY,FNNNVP,ASSLGGLGQPQH,ELAGIGILTV
630,SVFSS,VVTGGEV,AGVGSGGSNYKLT,SGHVS,FNYEAQ,ASSFQTGEITEAF,RAKFKQLL
631,DRGSQS,IYSNGD,AVNPLIRANNLF,LNHDA,SQIVND,ASSMGGVATDTQY,ELAGIGILTV
632,DSASNY,IRSNVGE,AASETSYDKVI,SQVTM,ANQGSEA,SVGSGEDSPQY,RAKFKQLL
633,SIFNT,LYKAGEL,AGGHYTGANSKLT,SGHDT,YYEEEE,ASSWGSDNEQF,RTLNAWVKV
634,TSINN,IRSNERE,ATDDRGAQKLV,DFQATT,SNEGSKA,SASGGSYGSYNEQF,YLQPRTFLL
635,VGISA,LSSGK,AAPANTGNQFY,DFQATT,SNEGSKA,SATGTSGYNEQF,FEDLRLLSF
636,NSASQS,VYSSG,VVNDGDKII,SEHNR,FQNEAQ,ASSSDIIAF,YLQPRTFLL
637,TSENNYY,QEAYKQQN,AFIVPQGGSEKLV,MGHRA,YSYEKL,ASSPDPWGVDTEAF,RTATKAYNV
638,SVFSS,VVTGGEV,AGTQGGSQGNLI,LNHDA,SQIVND,ASSMLSQDIQY,GILGFVFTL
639,NSASQS,VYSSG,VPRDTGRRALT,SGHDY,FNNNVP,ASSSIYGTSYEQY,YLQPRTFLL
640,SSVPPY,YTSAATLV,AVTPGDYKLS,WSHSY,SAAADI,ASSESSSGANVLT,ATDALMTGF
641,DSASNY,IRSNVGE,AASETSYDKVI,SGHAT,FQNNGV,ASRGSVYEQY,RAKFKQLL
642,DSSSTY,IFSNMDM,AEILTGGGNKLT,SGHAT,FQNNGV,ASSLQTGRTDTQY,VLEETSVML
643,TSESDYY,QEAYKQQN,AYIETGNQFY,MNHEY,SMNVEV,ASSTGTVGYEQY,KLWAQCVQL
644,SSVPPY,YTSAATLV,VVSPRPRQLT,MDHEN,SYDVKM,ASSLTPGGSYNEQF,SPRWYFYYL
645,NSASDY,IRSNMDK,AETHSGGSNYKLT,SGDLS,YYNGEE,ASSSGLVSNTGELF,GLCTLVAML
646,TSDPSYG,QGSYDQQN,AMREGENNARLM,SQVTM,ANQGSEA,SVASLWGYT,HSNLNDATY
647,NSAFQY,TYSSGN,AMSAQRGGYNKLI,KGHDR,SFDVKD,ATSDLRVDEQF,SPRWYFYYL
648,DRGSQS,IYSNGD,AVNPAEYGNKLV,KGHSH,LQKENI,ASSRVGTTYEQY,GILGFVFTL
649,YGATPY,YFSGDTLV,AVVGEGGYQKVT,MNHEY,SVGEGT,ASSSGDTGELF,RAKFKQLL
650,DSAIYN,IQSSQRE,AVHGYGQNFV,SQVTM,ANQGSEA,SVGSGDHGEQF,RAKFKQLL
651,ATGYPS,ATKADDK,APSRHAGNNRKLI,SQVTM,ANQGSEA,SVQGGTNEKLF,VSDGGPNLY
652,DRGSQS,IYSNGD,AVNRHGQNFV,SNHLY,FYNNEI,ASSEAGAQGGDGYT,LLAGIGTVPI
653,DSSSTY,IFSNMDM,AEMEGGSYIPT,SGHDT,YYEEEE,ASSLRDGSEAF,RAKFKQLL
654,TISGNEY,GLKNN,IVCGGGGADGLT,SEHNR,FQNEAQ,ASSLAVGEGPQH,RAKFKQLL
655,DRGSQS,IYSNGD,AVNRATDSWGKLQ,MNHEY,SVGAGI,ASLNPGSYEQY,LLWNGPMAV
656,DRGSQS,IYSNGD,AVSNAGNMLT,MNHEY,SMNVEV,ASSRRTGGTDTQY,LLAGIGTVPI
657,DRGSQS,IYSNGD,AAPYSGGGADGLT,KGHDR,SFDVKD,ATSDYVSGTLQETQY,GILGFVFTL
658,DRGSQS,IYSNGD,AVNGAGGSYIPT,MNHEY,SMNVEV,ASSTNMNEQY,SPRWYFYYL
659,DSASNY,IRSNVGE,KTSYDKVI,SGHTA,FQGTGA,ASSYPDYGAGELF,RAKFKQLL
660,NSASDY,IRSNMDK,ADSGGGADGLT,SGHKS,YYEKEE,ASSGPGGVDEQY,RAKFKQLL
661,DSASNY,IRSNVGE,AASEGAPDKLI,SGHVS,FNYEAQ,ASSFQGLVSSYNEQF,RAKFKQLL
662,VGISA,LSSGK,AVIAYNTDKLI,SGHNT,YENEEA,ASSLKGQGFINEQF,QYIKWPWYI
663,DSSSTY,IFSNMDM,AEEGNTGKLI,SGHTA,FQGTGA,ASSTPLENEQF,YLQPRTFLL
664,DSASNY,IRSNVGE,AATYTGNQFY,SGHAT,FQNNGV,ASSLGRTNQPQH,GILGFVFTL
665,TRDTTYY,RNSFDEQN,ALSVTSGTYKYI,LNHDA,SQIVND,ASSVGVHGT,GILGFVFTL
666,DSASNY,IRSNVGE,AARVRGFGNVLHCFGNVLH,SGHNS,FNNNVP,ASSFSGNTGELF,RAKFKQLL
667,YGGTVN,YFSGDPLV,AVKDTDKLI,GTSNPN,SVGIG,AWGVQLAGVDEQY,YVLDHLIVV
668,DSAIYN,IQSSQRE,AVKGTNFGNEKLT,MNHEY,SMNVEV,ASSSMTSGSYNEQF,SPRWYFYYL
669,KALYS,LLKGGEQ,GPEEPNDYKLS,LNHDA,SQIVND,ASSSRSTDTQY,GILGFVFTL
670,TSENNYY,QEAYKQQN,AFMTGGGGTSYGKLT,LNHDA,SQIVND,ASSQGSYGYT,GILGFVFTL
671,SSNFYA,MTLNGDE,AFIGYNQGGKLI,LGHNA,YSLEER,ASSEDGTSGSASTDTQY,CLGGLLTMV
672,DRGSQS,IYSNGD,ALAPDKLI,SGHDY,FNNNVP,ASSSQGLSTEAF,LLWNGPMAV
673,TSENNYY,QEAYKQQN,AFMKHSGGSNYKLT,SGHTA,FQGNSA,ASSLAYEQY,GILGFVFTL
674,DRGSQS,IYSNGD,AVGDDKII,SGDLS,YYNGEE,ASSSRTGDTQY,LLWNGPMAV
675,DSAIYN,IQSSQRE,AVHTQGGSEKLV,SEHNR,FQNEAQ,ASTPYRRGPHLYGYT,NLVPMVATV
676,TSENNYY,QEAYKQQN,AFIIQGAQKLV,LNHDA,SQIVND,ASNWGTGELF,GILGFVFTL
677,TSENNYY,QEAYKQQN,AINYGGSQGNLI,SGHDN,FVKESK,ASSQGRTAEAF,RTATKQYNV
678,ATGYPS,ATKADDK,AFNDYKLS,MNHEY,SVGAGI,ASSYHSQETQY,GILGFVFTL
679,TSDPSYG,QGSYDQQN,AMRGPSYNTDKLI,SEHNR,FQNEAQ,ASSLAKSSGANVLT,TTDPSFLGRY
680,VGISA,LSSGK,AVLGGFGNGLHFGNVLH,SNHLY,FYNNEI,ATGSQGLGTGELF,IPSINVHHY
681,TSGFYG,NALDGL,AVTPDGQKLL,SGHNS,FNNNVP,ASSPGTSGRAWNNEQF,NLVPMVATV
682,TSINN,IRSNERE,ATEGDSGYSTLT,MNHNS,SASEGT,ASSEVVSTTYEQY,FLYALALLL
683,TTLSN,LVKSGEV,ARGQNFV,SGHTA,FQGNSA,ASSITGTGVSPLH,TPRVTGGGAM
684,NIATNDY,GYKTK,LVGTGGSYIPT,MNHNS,SASEGT,ASSEDRGVFMNTEAF,CINGVCWTV
685,SIFNT,LYKAGEL,AGPTHDMNYGGSQGNLI,LNHDA,SQIVND,ASSIHSTDTQY,GILGFVFTL
686,NSASQS,VYSSG,VVNIGGGSQENLI,LNHDA,SQIVND,ASSIRSSNEQF,GILGFVFTL
687,NSASDY,IRSNMDK,AEKSYYGQNFV,SNHLY,FYNNEI,ASSGRTGNTEAF,RPIIRPATL
688,NSASQS,VYSSG,VVNAPSGNTPLV,DFQATT,SNEGSKA,SARDLAGMNTGELF,YLQPRTFLL
689,VSGLRG,LYSAGEE,AVRETSGSRLT,LNHDA,SQIVND,ASSTGSTDTQY,GILGFVFTL
690,NSMFDY,ISSIKDK,AAPGTPCNSGGSNYKLT,LNHDA,SQIVND,ASSSRSTDTQY,GILGFVFTL
691,VSGNPY,YITGDNLV,AVRDRNNAGNMLT,MNHEY,SMNVEV,ASSSGGLSEQY,NLVPMVATV
692,SSYSPS,YTSAATLV,VVSDGTDKLI,SNHLY,FYNNEI,ASSEYPVSPGRKQY,SPRWYFYYL
693,DRGSQS,IYSNGD,AGGDDKII,SGHTS,YDEGEE,ASSLPAAGYGYT,LLWNGPMAV
694,VSGNPY,YITGDNLV,AVRDDLWGGATNKLI,LNHDA,SQIVND,ASSYGTGSADTQY,FEDLRVLSF
695,DRGSQS,IYSNGD,AVSGGGADGLT,MDHEN,SYDVKM,ASSFLGTGVEQY,ALGIGILTV
696,NIATNDY,GYKTK,LVGDNNNDMR,MNHEY,SMNVEV,ASSLSTGAPYEQY,CINGVCWTV
697,VGISA,LSSGK,AVISNFGNEKLT,SNHLY,FYNNEI,ASSDFQGPNYGYT,YLQPRTFLL
698,DRGSQS,IYSNGD,AVKDGGFKTI,MNHNS,SASEGT,ASSEWGGGTEAF,VSDGGPNLY
699,NSMFDY,ISSIKDK,AANEYGNKLV,MNHEY,SMNVEV,ASSSTSGTGSYNEQF,RGPGRAFVTI
700,TRDTTYY,RNSFDEQN,ALSGDAGGTSYGKLT,SGHRS,YFSETQ,ASSLVTSGGYQETQY,CINGVCWTV
701,YSGSPE,HISR,ALSGPTGTASKLT,MDHEN,SYDVKM,ASSWTSGSYEQY,TTDPSFLGRY
702,DSASNY,IRSNVGE,APRRGGNNRLA,MNHEY,SMNVEV,ASSLGGNQPQH,YLQPRTFLL
703,NSMFDY,ISSIKDK,AARVENNDMR,SGHNS,FNNNVP,ASSSDDWTVAKNIQY,GILGFVFTL
704,VGISA,LSSGK,AARSYNTDKLI,MDHEN,SYDVKM,ASSFYLAGGPSNNEQF,QYIKWPWYI
705,DSAIYN,IQSSQRE,AVLSGAGSYQLT,MNHEY,SMNVEV,ASSPTQREQY,FEDLRVLSF
706,NSAFQY,TYSSGN,SMGISNVGPEPLT,SGHDN,FVKESK,ASSQGDVSHGTQY,LLAGIGTVPI
707,SSYSPS,YTSAATLV,VVSDRNFNKFY,ENHRY,SYGVKD,AISESNDGNEQF,CTELKLSDY
708,TISGTDY,GLTSN,IPARGEYGGSQGNLI,LNHDA,SQIVND,ASSIRSSYEQY,GILGFVFTL
709,YGATPY,YFSGDTLV,AVGVRGGGNKLT,MNHEY,SVGAGI,ASSVTGPPREDGYT,RPHERNGFTVL
710,TSDPSYG,QGSYDQQN,AMRAIEGANNLF,SEHNR,FQNEAQ,ASSLVEILYGYT,RAKFKQLL
711,KALYS,LLKGGEQ,GPEEPNDYKLS,SGDLS,YYNGEE,ASSPGQLSNTGELF,GLCTLVAML
712,NSASDY,IRSNMDK,AENDQGGKLI,LNHDA,SQIVND,ASSFRSADTQY,GILGFVFTL
713,KALYS,LLKGGEQ,GTEPGNTGKLI,LNHDA,SQIVND,ASSIRSTDTQY,GILGFVFTL
714,TSENNYY,QEAYKQQN,AFIVPQGGSEKLV,MNHEY,SMNVEV,ASSLSPAGSDSEAF,RTATKAYNV
715,DSASNY,IRSNVGE,AAERDDKII,SGHDY,FNNNVP,ASSMTSGSPYNEQF,RLPGVLPRA
716,SSNFYA,MTLNGDE,YSGGGADGLT,SGHRS,YFSETQ,ASSFGSGLVQQY,YAKWKLCSA
717,TSESDYY,QEAYKQQN,AYFREGKLT,MNHEY,SMNVEV,ASSALTSAKRYEQF,SPRWYFYYL
718,DSSSTY,IFSNMDM,AEDNQGGKLI,LNHDA,SQIVND,ASSSRSANEQF,GILGFVFTL
719,DSVNN,IPSGT,AVEPPDGQKLL,MNHEY,SVGEGT,ASSYSVKGLNTEAF,CINGVCWTV
720,NSASQS,VYSSG,VVNDPEYGNKLV,LNHDA,SQIVND,AIQEANTGELF,YLQPRTFLL
721,NSASQS,VYSSG,VPNTGGFKTI,LGHDT,YNNKEL,ASCPSWGSGANVLT,QYIKWPWYI
722,DSAIYN,IQSSQRE,TTDSWGKFE,PRHDT,FYEKMQ,ASSSGLAGASNEQF,RLPGVLPRA
723,DRGSQS,IYSNGD,AVRGGQKLL,SGDLS,YYNGEE,ARTGQVKAKNIQY,LTDEMIAQY
724,STGYPT,ETMEN,LPDMNYGGSQGNLI,LNHNV,YYDKDF,ATSSVYRDSSLTGPTPGSC,NLVPMVATV
725,SIFNT,LYKAGEL,AGRESNTGKLI,MNHEY,SMNVEV,ASSLVRGGEETQY,QAKWRLQTL
727,YGATPY,YFSGDTLV,AVNFNKFY,LGHDT,YNNKEL,ASSATGDYYGYT,YVLDHLIVV
728,DRGSQS,IYSNGD,AVNNARLM,MNHEY,SMNVEV,ASSSTQGAAYGYT,LLWNGPMAV
729,DRGSQS,IYSNGD,AVNPQTTDSWGKLQ,MNHEY,SMNVEV,ASSLSYRGNQPQH,SPRWYFYYL
730,YGATPY,YFSGDTLV,AVDPMDTGRRALT,SGHNT,YYREEE,ASSFSVGENEKLF,RAKFKQLL
731,DRGSQS,IYSNGD,AVKTDMR,SGHVS,FQNEAQ,ASSDRDSVNYGYT,LLLDRLNQL
732,DSAIYN,IQSSQRE,AVQETSGSRLT,MNHEY,SMNVEV,ASSLITGGAKNIQY,SPRWYFYYL
733,TSENNYY,QEAYKQQN,ALMDAGNMLT,SEHNR,FQNEAQ,AGRTRMNTEAF,TTDPSFLGRY
734,TSDPSYG,QGSYDQQN,AMRVQMDSNYQLI,SGHNT,YENEEA,ASSLESGLLHNEQF,GLCTLVAML
735,VSGNPY,YITGDNLV,AVRDGFWGSARQLT,SGHDN,FVKESK,ASSQGPTTDTQY,FEDLRVSSF
736,VSGNPY,YITGDNLV,AGYYGQNFV,MDHEN,SYDVKM,ASSFQGYTEAF,NLVPMVATV
737,KALYS,LLKGGEQ,GTITQGGSEKLV,SGDLS,YYNGEE,ASSVGLAEPLDEQF,FEDLRVSSF
738,YGGTVN,YFSGDPLV,AVNDGGANNLF,MNHEY,SMNVEV,ASSPLLGGGYGYT,YVLDHLIVV
739,STGYPT,ETMEN,LLGGKFWFGNEKLT,SGHDY,FNNNVP,ASSSFDSALEAF,RAKFKQLL
740,SVFSS,VVTGGEV,AGGYSSASKII,MNHEY,SVGAGI,ASSPSLSYEQY,RAKFKQLL
741,TSENNYY,QEAYKQQN,AFGSQGNLI,SQVTM,ANQGSEA,SVPRPYGYT,RPPIFIRRL
742,TSINN,IRSNERE,ATDASGGSNYKLT,MDHEN,SYDVKM,ASSKGLAGLDEQF,RAKFKQLL
743,NIATNDY,GYKTK,LVGDGSGYSTLT,LNHDA,SQIVND,ASSPALGDQETQY,DATYQRTRALVR
744,TSESDYY,QEAYKQQN,AYRSATFSGGGADGLT,MDHEN,SYDVKM,ASSRPVGLFNYGYT,CINGVCWTV
745,DRGSQS,IYSNGD,AVNSNTDKLI,SNHLY,FYNNEI,ASGDRAMPQH,LLWNGPMAV
746,TISGNEY,GLKNN,IVRETSYDKVI,SGHDY,FNNNVP,ASSSTQGPGELF,RAKFKQLL
747,DRGSQS,IYSNGD,AVLTLNARLM,SGHDY,FNNNVP,ASLPTGTNTGELF,NLVPMVATV
748,TISGNEY,GLKNN,IVRALEYGNKLV,MNHEY,SMNVEV,ASSMDSYNEQF,HSNLNDATY
749,DRGSQS,IYSNGD,AAANSGYALN,LNHNV,YYDKDF,ATSTSGTGVYEQY,LLLDRLNQL
750,NTAFDY,IRPDVSE,AASMDSNYQLI,LNHDA,SQIVND,ASSIGRSDADTQY,GILGFVFTL
751,KALYS,LLKGGEQ,ASDRDSGYTPLV,SEHNR,FQNEAQ,ASSWGPEAF,FLRGRAYGL
752,NSMFDY,ISSIKDK,TTDSWGKFE,ENHRY,SYGVKD,AISESRGRWATEAF,TTDPSFLGRY
753,DSAIYN,IQSSQRE,AVSDYGQNFV,WSHSY,SAAADI,ASSDSGTEAF,RLPGVLPRA
754,TRDTTYY,RNSFDEQN,ALSEAGGYSTLT,DFQATT,SNEGSKA,SAKVEGYEQY,NLVPMVATV
755,TRDTTYY,RNSFDEQN,ALSEVNTGNQFY,MNHEY,SMNVEV,ASSLWASSEQY,YLQPRTFLL
756,NSASDY,IRSNMDK,AAQLYGQNFV,MNHEY,SMNVEV,ASSFEGEQY,RTLNAWVKV
757,NSMFDY,ISSIKDK,AASGGSNYKLT,MDHEN,SYDVKM,ASSSFHIQGGYEQY,VLFGLGFAI
758,TSINN,IRSNERE,ATASTSGTYKYI,MGHRA,YSYEKL,ASSQEWLAVSTDTQY,RAKFKQLL
759,DRGSQS,IYSNGD,AVSPDKLI,MNHEY,SMNVEV,ASSPSAGPGYGYT,LLWNGPMAV
760,DRGSQS,IYSNGD,AVNPGFQKLV,DFQATT,SNEGSKA,SAMQGSGYT,ALAGIGILTV
761,NSAFQY,TYSSGN,AISPSNFGNEKLT,SGHVS,FQNEAQ,ASNAIITDRTADTISYNEQF,LLAGIGTVPI
762,ATGYPS,ATKADDK,TTDSWGKFE,MNHEY,SVGAGI,ASSYPRLAGAPLTYNEQF,TTDPSFLGRY
763,NSASQS,VYSSG,VVNLLSGSSYKLI,SGHKS,YYEKEE,ASSEQGGYEQY,NYNYLYRLF
764,TSDPSYG,QGSYDQQN,AMREGRYGGSQGNLI,SQVTM,ANQGSEA,SVDRDRGLQETQY,GILGFVFTL
765,DRGSQS,IYSNGD,ADSTGGGNKLT,MNHEY,SVGEGT,ASSYGQGEQY,LLAGIGTVPI
766,SSVSVY,YLSGSTLV,AVSGGDKLS,SGHAT,FQNNGV,ASSPSGVYEQF,GILGFVFTL
767,TRDTTYY,RNSFDEQN,ALRGRHSGGYQKVT,MNHNS,SASEGT,ASSRLGGAPGGYT,FLYALALLL
768,TSGFNG,NVLDGL,AALDSNYQLI,LGHNA,YSLEER,ASSQDASGGPDIQY,ALSKGVHFV
769,TSENNYY,QEAYKQQN,AFMINAGGTSYGKLT,ENHRY,SYGVKD,AISGAARDTQY,GILGFVFTL
770,DSSSTY,IFSNMDM,AEWGTTGFQKLV,SQVTM,ANQGSEA,SVEASGRTYNEQF,GLCTLVAML
771,VSGNPY,YITGDNLV,AVRDLNARLM,DFQATT,SNEGSKA,SAREEGTQAWETQY,NLVPMVATV
772,TISGTDY,GLTSN,ILRPASHYNQGGKLI,LNHDA,SQIVND,ASSWNTGELF,GILGFVFTL
773,YSGSPE,HISR,ALRSNDYKLS,MDHEN,SYDVKM,ASSPPGRGNTGELF,NLVPMVATV
774,DSASNY,IRSNVGE,AAMETSYDKVI,SGHAT,FQNNGV,ASSLGVAGTNTGELF,RAKFKQLL
775,TSGFNG,NVLDGL,AVRDSNYQLI,MRHNA,SNTAGT,ASSGGASYNEQF,GILGFVFTL
776,DSVNN,IPSGT,AGSPSNTGKLI,DFQATT,SNEGSKA,SARARTRDSSMQY,GILGFVFTL
777,DSVNN,IPSGT,AVRGTGANNLF,LNHDA,SQIVND,ASSILGAGANVLT,GILGFVFTL
778,NSASDY,IRSNMDK,ADSGGGADGLT,SGDLS,YYNGEE,ASSAQRGTDTQY,RAKFKQLL
779,TTLSN,LVKSGEV,AGDSWGKLQ,SGDLS,YYNGEE,ASSVATSTDTQY,SLFNTVATLY
780,TSGFNG,NVLDGL,AVLDSNYQLI,SGDLS,YYNGEE,ASSSGRLTNTEAF,GLCTLVAML
781,TTLSN,LVKSGEV,AGPKNTGNQFY,MNHEY,SMNVEV,ASSLDHPWGSPLH,TTDPSFLGRY
782,DSAIYN,IQSSQRE,AVRPDSNYQLI,MNHNY,SVGAGI,ASSPWTGANEKLF,RPPIFIRRL
783,DRGSQS,IYSNGD,APTGGGADGLT,MNHNS,SASEGT,ATIKSTVSGYGYT,LLAGIGTVPI
784,DSSSTY,IFSNMDM,AESEGADGLT,DFQATT,SNEGSKA,SASEGYT,RLPGVLPRA
785,TSINN,IRSNERE,ATNGDSGYSTLT,MNHEY,SVGAGI,ASSSQGGFDGYT,FLYALALLL
786,TSESDYY,QEAYKQQN,AYRAPYNNNDMR,PRHDT,FYEKMQ,ASSQARDRGNGYT,RPIIRPATL
787,DRGSQS,IYSNGD,AVDGTGANNLF,SGHRS,YFSETQ,ASSLAPSGEQF,ELAGIGILTV
788,VSGLRG,LYSAGEE,AVPNFGNEKLT,MNHEY,SMNVEV,ASSPLGTYEQY,TTDPSFLGRY
789,KALYS,LLKGGEQ,GTGGSQGNLI,LNHDA,SQIVND,ASSVRSADTQY,GILGFVFTL
790,SSVSVY,YLSGSTLV,AVRANDYKLS,SGHTA,FQGTGA,ASSLNGQETQY,GILGFVFTL
791,YGATPY,YFSGDTLV,AVDRGGGKLI,SQVTM,ANQGSEA,SVEDGSGELF,YLQPRTFLL
792,TSGFNG,NVLDGL,AVMDSNYQLI,SGHDT,YYEEEE,ASSYNRGVWNEQF,QYIKWPWYI
793,DRGSQS,IYSNGD,AFLDDKII,MNHEY,SMNVEV,ASSLGGAGSQPQH,LLWNGPMAV
794,TSINN,IRSNERE,ATDGDDYKLS,LGHDT,YNNKEL,SARDNLRANYGYT,NLVPMVATV
795,TSINN,IRSNERE,ATDAISDGQKLL,MNHEY,SVGEGT,ASTTLTGELF,YSEHPTFTSQY
796,NSAFQY,TYSSGN,AMMGAQKLV,LGHNA,YNFKEQ,ASSQRPSEVGELF,RAKFKQLL
797,DSAIYN,IQSSQRE,AVYRDDKII,SGHAT,FQNNGV,ASSLWGRALSYEQY,FEDLRVSSF
798,TISGTDY,GLTSN,ILRETSYDKVI,SGHNS,FNNNVP,ASGPTFSDGEKLF,RAKFKQLL
799,YGGTVN,YFSGDPLV,AVKSLNKFY,SGHDT,YYEEEE,ASSLFSGGTEAF,YVLDHLIVV
800,SSYSPS,YTSAATLV,AVPQYSSASKII,SGHTA,FQGNSA,ASSPGSAVYNEQF,SPRWYFYYL
801,DSASNY,IRSNVGE,AATPPPSYDKVI,SGHDY,FNNNVP,ASSPGTFRYT,NLVPMVATV
802,DRGSQS,IYSNGD,AVNGGGTALI,SGDLS,YYNGEE,ASSVGAGEQF,ALAGIGILTV
803,NSASDY,IRSNMDK,ADSGGGADGLT,LNHDA,SQIVND,ASSPRSSYEQY,RAKFKQLL
804,SIFNT,LYKAGEL,AGLNNNDMR,LGHNT,FRNRAP,ASGFGGDRPDRRAEAF,GLCTLVAML
805,VSGNPY,YITGDNLV,AVRERNAGNNRKLI,MNHEY,SMNVEV,ASSSGGLSEQY,NLVPMVATV
806,DRGSQS,IYSNGD,AVPVQTSYDKVI,SGHDY,FNNNVP,ASSSAYYGYT,NLVPMVATV
807,TSGFNG,NVLDGL,AALNDYKLS,DFQATT,SNEGSKA,SARDRSSYNEQF,SPRWYFYYL
808,DRGSQS,IYSNGD,ATSGTYKYI,LNHNV,YYDKDF,ATSRAGAYEQY,LLWNGPMAV
809,DRGSQS,IYSNGD,AVNVGARLM,SGDLS,YYNGEE,ASERTSGTTGELF,LLLDRLNQL
810,SSVPPY,YTSAATLV,AVTYTNAGKST,LNHDA,SQIVND,ASSARSGYEQY,GILGFVFTL
811,NSAFQY,TYSSGN,ATSISNFGHEKLT,SGHDN,FVKESK,ASSQDGVKGVGEQY,LLAGIGTVPI
812,DRGSQS,IYSNGD,AGNTDKLI,SGDLS,YYNGEE,ASSPGGATEAF,LLWNGPMAV
813,TRDTTYY,RNSFDEQN,ALSEVGANNLF,SGDLS,YYNGEE,ASSVEQN,SPRWYFYYL
814,NSMFDY,ISSIKDK,AASAEGNTGKLI,SNHLY,FYNNEI,ASSDPGARVWEQY,TTDPSFLGRY
815,NSASQS,VYSSG,VVNNAGNMLT,LNHNV,YYDKDF,ATQNLNTGELF,YLQPRTFLL
816,DRGSQS,IYSNGD,AVKRDAGNNRKLI,MNHEY,SMNVEV,ASSFGTGGNEQF,LLLDRLNQL
817,DSASNY,IRSNVGE,AAMETSYDKVI,KGHDR,SFDVKD,ATSDLGGKEAF,RAKFKQLL
818,SSNFYA,MTLNGDE,AFLPGGTSYGKLT,ENHRY,SYGVKD,AISAGQLTEAF,TPRVTGGGAM
819,DSASNY,IRSNVGE,AASETSYDKVI,LNHDA,SQIVND,ASSIRSSYEQY,GILGFVFTL
820,DSSSTY,IFSNMDM,AEDSGNLI,SGHAT,FQNNGV,ASSLNRGDPEAF,GLCTLVAML
821,NSASQS,VYSSG,TTDSWGKFE,PRHDT,FYEKMQ,ASSFPGGGNTGELF,YLQPRTFLL
822,NSASQS,VYSSG,VVTETSYDKVI,MNHEY,SVGEGT,ASSYSQGGEGVDEQF,RAKFKQLL
823,DRGSQS,IYSNGD,AGGDDKII,DFQATT,SNEGSKA,SASRTGLGQPQH,ELAGIGILTV
824,NSASDY,IRSNMDK,YQGGSYIPT,LGHNA,YSLEER,ASSQDRGGLGEKLF,RTLNAWVKV
825,NSASDY,IRSNMDK,AEMETSYDKVI,SEHNR,FQNEAQ,ASTSVQRQGGDASYEQY,RAKFKQLL
826,DSSSTY,IFSNMDM,AEMEGGSYIPT,MGHRA,YSYEKL,ASSTSTGTGYGYT,RAKFKQLL
827,TSINN,IRSNERE,ATAGNSGYSTLT,MNHEY,SVGAGI,ASEGQGGNEQF,FLYALALLL
828,TSINN,IRSNERE,ATDARETSGSRLT,LNHDA,SQIVND,ASSIVGGSYNEQF,GILGFVFTL
829,DSAIYN,IQSSQRE,AVDAGNMLT,DFQATT,SNEGSKA,SARDRTGNGYT,GLCTLVAML
830,VSPFSN,MTFSENT,VVLGVMDSNYQLI,KGHSH,LQKENI,ASSLDPGQGWTNTEAF,GILGFVFTL
831,DRGSQS,IYSNGD,AVNPDGKLI,DFQATT,SNEGSKA,SVPSRGYAGELF,LLWNGPMAV
832,NSAFQY,TYSSGN,AMTLSNFGNEKLT,MGHRA,YSYEKL,ASAQGQGHYGYT,LLAGIGTVPI
833,DRGSQS,IYSNGD,AVSRGDFGNEKLT,DFQATT,SNEGSKA,SARDGPSSSGANVLT,LLAGIGTVPI
834,SSNFYA,MTLNGDE,ARNTGNQFY,MNHEY,SVGAGI,ASSPSTGVTFYGYT,NLVPMVATV
835,NSASQS,VYSSG,VVNGISGTYKYI,PRHDT,FYEKMQ,ASSPVAGGNTGELF,YLQPRTFLL
836,DSASNY,IRSNVGE,AARETSYDKVI,SEHNR,FQNEAQ,ASTSLGARDEQY,RAKFKQLL
837,VTNFRS,LTSSGIE,AVSLYNTDKLI,SNHLY,FYNNEI,ASSELRYEQY,GILGFVFTL
838,SIFNT,LYKAGEL,AGLENNARLM,LNHDA,SQIVND,ASSLAGTMGQF,GILGFVFTL
839,DRGSQS,IYSNGD,AVNGGNKLV,MDHEN,SYDVKM,ASSPSGVVQPQH,ELAGIGILTV
840,DSASNY,IRSNVGE,AAGGSQGNLI,SGDLS,YYNGEE,ASSVGNEQF,GLCTLVAML
841,SIFNT,LYKAGEL,AGPRETSYDKVI,SGHDY,FNNNVP,ASSSAYYGYT,NLVPMVATV
842,NSASDY,IRSNMDK,AEMETSYDKVI,LGHDT,YNNKEL,ASSAGTWANYGYT,RAKFKQLL
843,DSSSTY,IFSNMDM,AENRYSTLT,SGDLS,YYNGEE,ASSVAGGDEQF,GLCTLVAML
844,SVFSS,VVTGGEV,AGVHGSGNTGKLI,LNHDA,SQIVND,ASSIRSAWAQH,GILGFVFTL
845,DRGSQS,IYSNGD,AVTGNQFY,SGHDN,FVKESK,ASSQTLTYGYT,LLLDRLNQL
846,DSSSTY,IFSNMDM,AESMDNYGQNFV,LGHNA,YNFKEQ,ASSQRPSEVGELF,RAKFKQLL
847,NIATNDY,GYKTK,LVGDLFGNEKLT,MDHEN,SYDVKM,ASSVRGADTQY,GILGFVFTL
848,VGISA,LSSGK,TTSGTYKYI,GTSNPN,SVGIG,ASRRDGTEAF,GIIYIIYKL
849,DSAIYN,IQSSQRE,AVTLTLSSGAGSYQLT,MDHEN,SYDVKM,ASSLMGTGGLSEKLF,QAKWRLQTL
850,VGISA,LSSGK,AVRLGYGGATNKLI,SGDLS,YYNGEE,ASSVGGEAYEQY,GLCTLVAML
851,VSGLRG,LYSAGEE,AALANQAGTALI,SGHNT,YYREEE,ASSLEGDTEAF,DATYQRTRALVR
852,TSGFNG,NVLDGL,AVRDQNFNKFY,MGHRA,YSYEKL,ASSQDQAGGNTIY,NQKLIANQF
853,TSGFNG,NVLDGL,AVHTGTASKLT,MNHEY,SMNVEV,ASSFDPGSYGYT,NLVPMVATV
854,DRGSQS,IYSNGD,AVNGEADSWGKLQ,MNHNS,SASEGT,ASSKQGEAEAF,LLWNGPMAV
855,DRGSQS,IYSNGD,AVNILGNTGFQKLV,MDHEN,SYDVKM,ASSPMGVGGNTIY,ELAGIGILTV
856,TSDPSYG,QGSYDQQN,AMREDNGARLM,LNHDA,SQIVND,ASSKFSINEQF,GILGFVFTL
857,YSGSPE,HISR,ALNQAGTALI,SGHNT,YYREEE,ASSPRGQSYEQY,GILGFVFTL
858,VSGLRG,LYSAGEE,AVQARGTSYDKVI,SEHNR,FQNEAQ,ATQPRSSYNSPLH,SPRWYFYYL
859,SIFNT,LYKAGEL,AGPNFGRGSTLGRLY,MDHEN,SYDVKM,ASSEGQGATYEQY,GILGFVFTL
860,TRDTTYY,RNSFDEQN,ALGGSYIPT,SGHAT,FQNNGV,ASSSDQLDRGSYEQY,RTLNAWVKV
861,ATGYPS,ATKADDK,ALIAGANSKLT,LNHDA,SHIVND,ASSIAPTDTQY,GILGFVFTL
862,TISGTDY,GLTSN,ITQETSYDKVI,SGHNS,FNNNVP,ASRRTDDHEQF,RAKFKQLL
863,DSASNY,IRSNVGE,AAKEGGSEKLV,MNHEY,SMNVEV,ASSLSGRPYEQY,RAKFKQLL
864,YGGTVN,YFSGDPLV,AVKDTDKLI,SGHNT,YYREEE,ASSLPSGGGPEQY,YVLDHLIVV
865,TSDPSYG,QGSYDQQN,AMIRGNEKLT,MNHEY,SMNVEV,ASSQGWGTPGGYEQY,TTDPSFLGRY
866,NSMFDY,ISSIKDK,AASEAGGFKTI,MGHRA,YSYEKL,ASSQDDGGTDEQY,NQKLIANQF
867,DSASNY,IRSNVGE,APSETSYDKVI,SEHNR,FQNEAQ,ASSLVQGAHNEQF,RAKFKQLL
868,YSGSPE,HISR,RATSGGSNYKL,LNHDA,SQIVND,SFGSYGY,GILGFVFTL
869,DSSSTY,IFSNMDM,AEHGSGNTGKLI,SGDLS,YYNGEE,ASSPFDGSPLH,GLCTLVAML
870,DSAIYN,IQSSQRE,AVGYGNKLV,LNHNV,YYDKDF,ATSSEATGVGETQY,DATYQRTRALVR
871,NSASDY,IRSNMDK,AETYSNTGFQKLV,LGHNA,YNFKEQ,ASSQDRAPTDTQY,RAKFKQLL
872,DSAIYN,IQSSQRE,AVLMDSNYQLI,SEHNR,FQNEAQ,ASSPGNVYEQY,CLGGLLTMV
873,TSESDYY,QEAYKQQN,AYRSMSNYQLI,LNHDA,SQIVND,ASSIGTSGDYNEQF,GILGFVFTL
874,TISGTDY,GLTSN,ILREFYNDMR,MGHRA,YSYEKL,ASSQTNTDTQY,RAKFKQLL
875,ATGYPS,ATKADDK,AQKGGGSNYKLT,KGHSH,LQKENI,ASSPQGYEQY,RFPLTFGWCF
876,TSGFYG,NALDGL,AVRDGSSASKII,SGHTA,FQGNSA,ASSLGPGLAGARTDTQY,FLYALALLL
877,TRDTTYY,RNSFDEQN,ALSEAGAGGFKTI,MNHEY,SVGEGT,ASSKGGISGRTNTGELF,GILGFVFTL
878,KALYS,LLKGGEQ,GTEYPNDYKLS,SGHNS,FNNNVP,ASSFSGNTGELF,RAKFKQLL
879,TSDPSYG,QGSYDQQN,AMREFYGGGADGLT,SEHNR,FQNEAQ,ASSSHDRTGVRTEAF,TPRVTGGGAM
880,SSVSVY,YLSGSTLV,AVGGGGGGQKLV,SGHTA,FQGTGA,ASSLTVLAGPNTEAF,RAKFKQLL
881,TISGNEY,GLKNN,IVRETSYDKVI,MNHNS,SASEGT,ASSQPGRANEQF,RAKFKQLL
882,NSASQS,VYSSG,VVNIGAATGRRALT,MDHEN,SYDVKM,ASSFLTGAYEQY,GILGFVFTL
883,NSAFQY,TYSSGN,AFSISNFGNEKLT,MNHNS,SASEGT,ASSGENRGHEQY,LLAGIGTVPI
884,TSESDYY,QEAYKQQN,AYNQGAQKLV,SGDLS,YYNGEE,ASSLPQGGQVGNTIY,RPPIFIRRL
885,NSASQS,VYSSG,VVNGKDSSYKLI,SNHLY,FYNNEI,ASSEGQVLPGEQY,GLCTLVAML
886,DSSSTY,IFSNMDM,ADHNARLM,DFQATT,SNEGSKA,SARVAGVEQF,RAKFKQLL
887,TSINN,IRSNERE,ATDANYGQNFV,MNHEY,SMNVEV,ASSPRDWYNEQF,TTDPSFLGRY
888,YGGTVN,YFSGDPLV,AVYGTGKLI,LGHDT,YNNKEL,ASSQGPSGGNEQF,YVLDHLIVV
889,DRGSQS,IYSNGD,AVWAGNQFY,MNHEY,SVGEGT,ASSYPRTASNQPQH,ATDALMTGF
890,TSINN,IRSNERE,ATVASKLT,SEHNR,FQNEAQ,ASTPTGLGVDEQF,TPRVTGGGAM
891,DSAIYN,IQSSQRE,AVVTSGTYKYI,SGHRS,YFSETQ,ASSLEGQASSYEQY,CLGGLLTMV
892,NSASQS,VYSSG,VVNIYNDMR,SNHLY,FYNNEI,ASSDIDSGELF,YLQPRTFLL
893,NSAFQY,TYSSGN,AMSAST,LGHNA,YSLEER,ASSHKGFSYNEQF,LLAGIGTVPI
894,VSGLRG,LYSAGEE,AVFFEGGATNKLI,LNHDA,SQIVND,ASSQGSWGYT,GILGFVFTL
895,TISGTDY,GLTSN,IRKSTGNQFY,MGHRA,YSYEKL,ASSLLWAEYNEQF,RAKFKQLL
896,TSENNYY,QEAYKQQN,AHRSAGGGTSYGKLT,SNHLY,FYNNEI,ASSEFQGDNEQF,DATYQRTRALVR
897,DRGSQS,IYSNGD,AVNKRDRLM,SEHNR,FQNEAQ,ASSPDVEAF,YLQPRTFLL
898,TISGNEY,GLKNN,IVRVARRGSSASKII,SEHNR,FQNEAQ,ASSYYEPYEQY,RAKFKQLL
899,DRGSQS,IYSNGD,AGTDKLI,MNHEY,SMNVEV,ASSPGQGVSYEQY,GILGFVFTL
900,VSGLRG,LYSAGEE,AVQAEGSYGGATNKLI,GTSNPN,SVGIG,AWSFLDVTAGTEAF,GILGFVFTL
901,TSDPSYG,QGSYDQQN,AMREPWLLTGGGNKLT,MNHEY,SMNVEV,ASSLAGASSYNEQF,TTDPSFLGRY
902,VSGNPY,YITGDNLV,AVAKDLQNSGGGADGLT,DFQATT,SNEGSKA,SAEWDRAYNEQF,GILGFVFTL
903,NSAFQY,TYSSGN,TTDSWGKFE,MNHEY,SVGEGT,ASRTSPFSPTDNYGYT,LLAGIGTVPI
904,NSASDY,IRSNMDK,ADS,SGHRS,YFSETQ,ASSYGTGENTEAF,RAKFKQLL
905,NIATNDY,GYKTK,LAGGDKII,SNHLY,FYNNEI,ASRTPWDSDSYNEQF,CINGVCWTV
906,TTLSN,LVKSGEV,AGSSGGSQGNLI,LNHDA,SQIVND,ASSIRSTNEQF,GILGFVFTL
907,KTLYG,LQKGGEE,GADSTSGTYKYI,SQVTM,ANQGSEA,SVGSGEGYEQY,RAKFKQLL
908,DSSSTY,IFSNMDM,QTGANNLF,PRHDT,FYEKMQ,ASSLGGGGVTEAF,NLVPMVATV
909,DRGSQS,IYSNGD,AVNIRGKLI,DFQATT,SNEGSKA,SVPGGQGLNEQY,ELAGIGILTV
910,SIFNT,LYKAGEL,AGTGYGGSQGNLI,LNHDA,SQIVND,ASSTRSSYEQY,GILGFVFTL
911,VGISA,LSSGK,AVRSYNTDKLI,DFQATT,SNEGSKA,SANDRGRGYNSPLH,QYIKWPWYI
912,DRGSQS,IYSNGD,AVNYDKAAGNKLT,LNHDA,SQIVND,ASSIGSGEQF,GILGFVFTL
913,KALYS,LLKGGEQ,GPEEPNDYKLS,MDHEN,SYDVKM,ASSFLGTGLNEQY,GLCTLVAML
914,SSVPPY,YTSAATLV,AVSGGDYKLS,ENHRY,SYGVKD,AISDSAAGNNEQF,ATDALMTGF
915,TSESDYY,QEAYKQQN,AYKGNDMR,SNHLY,FYNNEI,ATPSEVGNTGELF,RTATKQYNV
916,TSGFNG,NVLDGL,AVADSNYQLI,LNHDA,SQIVND,ASSGRSGVEQY,GILGFVFTL
917,DRGSQS,IYSNGD,AVNKGFKTI,LGHNA,YNFKEQ,ASSYGGDTGELF,LLAGIGTVPI
918,NIATNDY,GYKTK,LVGAPIEEDSNYQLI,SNHLY,FYNNEI,ASRILAGVLYEQY,LLWNGPMAV
919,TSINN,IRSNERE,ATEGNSGYSTLT,MNHEY,SVGAGI,ASSWQGGNGYT,FLYALALLL
920,SVFSS,VVTGGEV,AGPGSQGNLI,WSHSY,SAAADI,ASRAGAGDTQY,GLCTLVAML
921,ATGYPS,ATKADDK,ALLNRDDKII,LGHDT,YNNKEL,ASSHLGGDRYMNEQF,RTLNAWVKV
922,TRDTTYY,RNSFDEQN,ALSDPYGGRRALT,SQVTM,ANQGSEA,SAVGLAGVRSYEQY,RPIIRPATL
923,YGATPY,YFSGDTLV,AVGATGNQFY,MNHEY,SVGAGI,ASSSGAGGLADTQY,RAKFKQLL
924,VSPFSN,MTFSENT,VVSAVTGGFKTI,SGHDT,YYEEEE,ASSGTGPNYGYT,SPRWYFYYL
925,DRGSQS,IYSNGD,AVNPRGCRGYFI,MNHNS,SASEGT,ASSKGALQGTGELF,LLAGIGTVPI
926,DSASNY,IRSNVGE,AASETSYDKVI,SGHKS,YYEKEE,ASSSVPGGSYEQY,RAKFKQLL
927,NTAFDY,IRPDVSE,AVDQTGANNLF,MGHRA,YSYEKL,ASSLTGTSNQPQH,TTDPSFLGRY
928,ATGYPS,ATKADDK,ALSEYNNDMR,DFQATT,SNEGSKA,SARPDRYTNEKLF,RAKFKQLL
929,NSMFDY,ISSIKDK,AARVENNTAKLI,ENHRY,SYGVKD,AISDWSTYEQY,VLFGLGFAI
930,YSGSPE,HISR,ALSPSGGGADGLT,SGHNT,YYREEE,ASSVVGNLYAMAYGYT,SPRWYFYYL
931,SVFSS,VVTGGEV,AGGEAGNMLT,MDHEN,SYDVKM,ASLGIPYEQY,RPPIFIRRL
932,NSASDY,IRSNMDK,AENSSGGGADGLT,LNHDA,SQIVND,ASSPWILYNEQF,GILGFVFTL
933,TTLSN,LVKSGEV,AGSIYNFNKFY,LGHDT,YNNKEL,ASSRQVGRGEETQY,HPVTKYIM
934,NSMFDY,ISSIKDK,AARIYNNDMR,SGHDY,FNNNVP,ASSPGGQPQH,VLEETSVML
935,SSVSVY,YLSGSTLV,GEGASKLT,SGHVS,FQNEAQ,ASSRGTGYSNQPQH,KSKRTPMGF
936,DRGSQS,IYSNGD,AVVASKII,SNHLY,FYNNEI,ASFGGAGQPQH,LLWNGPMAV
937,KALYS,LLKGGEQ,GTEINDYKLS,DFQATT,SNEGSKA,SAWTGTEAF,GLCTLVAML
938,VTNFRS,LTSSGIE,AVEDYGQNFV,DFQATT,SNEGSKA,SARDRNTQGPETQY,NLVPMVATV
939,TTLSN,LVKSGEV,VASYGGSQGNLI,LNHDA,SHIVND,ASSTRSTSPGH,GILGFVFTL
940,NSASQS,VYSSG,VVNVLLNSGYSTLT,SGHTA,FQGNSA,ASSSIGVAGEETQY,DATYQRTRALVR
941,NSASDY,IRSNMDK,ADSGGGADGLT,SGHAT,FQNNGV,ASSLNRGDPEAF,GLCTLVAML
942,VSPFSN,MTFSENT,VVSARNTGNQFY,SQVTM,ANQGSEA,SVGLAGSYNEQF,NLVPMVATV
943,DRGSQS,IYSNGD,AVPSGNTPLV,SNHLY,FYNNEI,ASSEYGGGVAGELF,ELAGIGILTV
944,NSAFQY,TYSSGN,AMSISNFGNEKLT,MGHRA,YSYEKL,ASSQGGGSTEAF,LLAGIGTVPI
945,DSSSTY,IFSNMDM,AEIFSGGGADGLT,WNHNN,SYGVQD,ASNPASGGELF,GILGFVFTL
946,DSSSTY,IFSNMDM,AERGGGFKTI,SGHRS,YFSETQ,ASSLREAPYNEQF,SPRWYFYYL
947,TSGFNG,NVLDGL,AVRVSGGYNKLI,SGHVS,FNYEAQ,ASSLETVNTEAF,NLVPMVATV
948,SVFSS,VVTGGEV,AGGDNFNKFY,SGHVS,FQNEAQ,ASSPRTATYEQY,YLQPRTFLL
949,DRGSQS,IYSNGD,AVNEGLGSARQLT,KGHDR,SFDVKD,ATSDSSGGSGYT,ELAGIGILTV
950,DSSSTY,IFSNMDM,AEDKDSTLT,DFQATT,SNEGSKA,SARDSTGNGYT,GLCTLVAML
951,DRGSQS,IYSNGD,AVSARLM,MDHEN,SYDVKM,ASRLREGSSYNEQF,LLAGIGTVPI
952,TISGTDY,GLTSN,ICNAGGTSYGKLT,LNHDA,SQIVND,ASSIYSGGNNEQF,GILGFVFTL
953,DSASNY,IRSNVGE,AASETSYNKVI,SEHNR,FQNEAQ,ASSLLGENEKLF,RAKFKQLL
954,DSSSTY,IFSNMDM,AETQDSNYQLI,MGHRA,YSYEKL,ASSTSTGTGYGYT,RAKFKQLL
955,DRGSQS,IYSNGD,AVTDDKII,MNHNS,SASEGT,ASSETGTQAYEQY,LLWNGPMAV
956,YGGTVN,YFSGDPLV,AVWGFQKLV,MNHEY,SVGEGT,ASSYGLAGINEQF,YVLDHLIVV
957,KALYS,LLKGGEQ,GPAAPNDYKLS,SQVTM,ANQGSEA,SVGTGGTNEKLF,GLCTLVAML
958,NSAFQY,TYSSGN,AMSEAAGNKLT,SNHLY,FYNNEI,ASSGTRQISGTEAF,ATDALMTGF
959,DSSSTY,IFSNMDM,AEKGGTALI,SQVTM,ANQGSEA,SVRGEGDEQY,GLCTLVAML
960,TRDTTYY,RNSFDEQN,ALSMNSGYSTLT,SEHNR,FQNEAQ,ASSSGTGAWNEQF,SPRWYFYYL
961,NIATNDY,GYKTK,LMYSGGGADGLT,SGHNT,YYREEE,ASSRLAGGRNEQF,SPRWYFYYL
962,YGGTVN,YFSGDPLV,AVKDTDKLI,MNHEY,SMNVEV,ASSLDVARYTDTQY,YVLDHLIVV
963,DRGSQS,IYSNGD,AVDAKLT,MNHEY,SVGEGT,ASSYGGGDTQY,ALAGIGILTV
964,TRDTTYY,RNSFDEQN,ALNMDSNYQLI,MNHEY,SMNVEV,ASSLSGRPYEQY,RAKFKQLL
965,TTLSN,LVKSGEV,AGQVETSYDKVI,SEHNR,FQNEAQ,ASSKLGQVSYEQY,RAKFKQLL
966,DSASNY,IRSNVGE,AAAETSYDKVI,KGHDR,SFDVKD,AGQLAGGTGALF,RAKFKQLL
967,SVFSS,VVTGGEV,AGSYNNNDMR,LNHDA,SQIVND,ASSIGLFGYT,GILGFVFTL
968,TRDTTYY,RNSFDEQN,ALSGGENTGKLI,SGDLS,YYNGEE,ASSVGGAGVSNEQF,GILGFVFTL
969,NSASQS,VYSSG,VARGGATKQAH,ENHRY,SYGVKD,AISTGDGNQPQH,EPLPQGQLTAY
970,TSESDYY,QEAYKQQN,AYRGEETSGSRLT,SGDLS,YYNGEE,ASSASGTTDTQY,GILGFVFTL
971,VSGLRG,LYSAGEE,AVQGGALIGGATNKLI,SGHNS,FNNNVP,ASSLGGNQPQH,LTDEMIAQY
972,ATGYPS,ATKADDK,TTDSWGKFE,WSHSY,SAAADI,ASSAGTGVPDTQY,TTDPSFLGRY
973,NSMFDY,ISSIKDK,AASGGNMR,LGHDT,YNNKEL,ASSQGGSADTQY,NQKLIANQF
974,TISGTDY,GLTSN,ILRDRTSGTYKYI,SNHLY,FYNNEI,ASSEGPLNTEAF,HPVTKYIM
975,DSSSTY,IFSNMDM,AEVTDKLI,SGDLS,YYNGEE,ASSVVGNEQF,GLCTLVAML
976,DSSSTY,IFSNMDM,AEREETGRRALT,SQVTM,ANQGSEA,SVEDTSGQLSVYGYT,GLCTLVAML
977,DRGSQS,IYSNGD,AVNTPPFY,LNHDA,SQIVND,ASSIRSSYEQY,ELAGIGILTV
978,NSASQS,VYSSG,VVNIPPVDSSYKLI,MRHNA,SNTAGT,ASSEGEGYEQY,NYNYLYRLF
979,KALYS,LLKGGEQ,GTDKGGGYQKVT,SGHDT,YYEEEE,ASSLRDGSEAF,RAKFKQLL
980,TSDPSYG,QGSYDQQN,AMRDDTGGFKTI,LNHDA,SQIVND,ASSISSGVAYEQY,RPPIFIRRL
981,DRGSQS,IYSNGD,AGNNARLM,MDHEN,SYDVKM,ASRGTGLGNQPQH,ELAGIGILTV
982,TISGNEY,GLKNN,IVREGDRDDKII,DFQATT,SNEGSKA,SARGQGEGF,RAKFKQLL
983,SIFNT,LYKAGEL,AGHTGNQFY,SGHKS,YYEKEE,ASSGPGGVDEQY,RAKFKQLL
984,TSINN,IRSNERE,APRAPWGYQKVT,DFQATT,SNEGSKA,SARDEGGLAYEQF,RTATKQYNV
985,TSESDYY,QEAYKQQN,AGNFGNEKLT,SNHLY,FYNNEI,ASIEGQGGGTDTQY,ALSKGVHFV
986,VSGNPY,YITGDNLV,AVRHNTGKLI,SGHVS,FQNEAQ,ASSPEGGLVSVGELF,ELAGIGILTV
987,DRGSQS,IYSNGD,AVNIRGPFMEYGNKLV,LNHDA,SQIVND,ASSMLVANYGYT,FEDLRLLSF
988,DRGSQS,IYSNGD,AVSSTDKLI,MDHEN,SYDVKM,ASIGGYGQPQH,LLWNGPMAV
989,NSMFDY,ISSIKDK,AASGASGTYKYI,SNHLY,FYNNEI,AMTTQSSYEQY,TTDPSFLGRY
990,NSASDY,IRSNMDK,AETHSGGSNYKLT,SQVTM,ANQGSEA,SYSAGEDQPQH,RAKFKQLL
991,SSVSVY,YLSGSTLV,AVSGMDSSYKLI,SGDLS,YYNGEE,ASSVGRGPADTEAF,HPVTKYIM
992,NSASQS,VYSSG,VVNSLYNFNKFY,MNHEY,SMNVEV,ASSSRLAGVDPDTQY,RPPIFIRRL
993,NSASQS,VYSSG,VVISNSGGYQKVT,SGHRS,YFSETQ,NTGELF,CINGVCWTV
994,TSGFYG,NALDGL,AGYSSASKII,KGHDR,SFDVKD,ATSGSRDHSQPQH,RPHERNGFTVL
995,NSASQS,VYSSG,VVNGRNTPLV,MNHEY,SVGAGI,ASSLTPGGSTDTQY,ALWEIQQVV
996,DSASNY,IRSNVGE,AASETSYDKVI,SEHNR,FQNEAQ,ASRPLQGAGEKLF,RAKFKQLL
997,SVFSS,VVTGGEV,AGAGSEGSGAGSYQLT,LNHNV,YYDKDF,ATSRPTVGSRLRDGYT,NLVPMVATV
998,NIATNDY,GYKTK,LVGVILTGGGNKLT,SGHTA,FQGTGA,ASSSGAGVGDTQY,SPRWYFYYL
999,TRDTTYY,RNSFDEQN,ALSEHYSGGGADGLT,LGHNA,YNFKEQ,ASSQEPRDASSYNEQF,QYIKWPWYI
1000,TISGNEY,GLKNN,IVRDMEYGNKLV,SGHTA,FQGTGA,ASSLIVGGGSGGTDTQY,RAKFKQLL
1001,KALYS,LLKGGEQ,GTGVVSGGGADGLT,LNHDA,SQIVND,ASTVFQGGGQPQH,GILGFVFTL
1002,TSENNYY,QEAYKQQN,AFMKGAGGTSYGKLT,SEHNR,FQNEAQ,ASSPGHPSSYNEQF,GILGFVFTL
1003,NSAFQY,TYSSGN,AMSSSNFGNEKLT,LGHDT,YNNKEL,ASSQVLGRHDSPNTEAF,LLAGIGTVPI
1004,TRDTTYY,RNSFDEQN,ALSVLTGANNLF,SGDLS,YYNGEE,ASSPTDN,SPRWYFYYL
1005,SSVSVY,YLSGSTLV,AGGGYGKLT,MNHEY,SMNVEV,ASRGGGQGGSYGYT,SPRWYFYYL
1006,TRDTTYY,RNSFDEQN,ALRHGGATNKLI,SGHVS,FNYEAQ,ASSLEGIGGYT,LTDEMIAQY
1007,SVFSS,VVTGGEV,AGAYGGSQGNLI,LNHDA,SQIVND,ASSVYSNQPQH,GILGFVFTL
1008,SSVSVY,YLSGSTLV,AVSPYPDKFY,MNHEY,SMNVEV,ASSPRETANSGANVLT,SPRWYFYYL
1009,YGGTVN,YFSGDPLV,AALTGGGNKLT,MRHNA,SNTAGT,ATQQGLGTGELF,SLFNTVATLY
1010,ATGYPS,ATKADDK,ALLRGDKII,MNHEY,SMNVEV,ASSFGQGLEQY,GILGFVFTL
1011,SSVPPY,YTSAATLV,AVSEPSAGKST,MGHRA,YSYEKL,ASSQGPNGYT,YLQPRTFLL
1012,DRGSQS,IYSNGD,GDSGGGADGLT,MNHEY,SMNVEV,ASSFGENTGELF,GILGFVFTL
1013,DRGSQS,IYSNGD,AVNSFGTGNTGKLI,MNHEY,SVGAGI,ASSWGVMNTEAF,ELAGIGILTV
1014,DSASNY,IRSNVGE,AARETSYDKVI,SEHNR,FQNEAQ,ASSALGQIQETQY,RAKFKQLL
1015,NSMFDY,ISSIKDK,AAVPIQGAQKLV,SGHDY,FNNNVP,ASGTWGARQPQH,LLWNGPMAV
1016,NTAFDY,IRPDVSE,AATPRDSNYQLI,LNHDA,SQIVND,ASSPLAGPYNEQF,GILGFVFTL
1017,DSSSTY,IFSNMDM,AESTSRGNTPLV,MGHRA,YSYEKL,ASSLTTEQQF,GLCTLVAML
1018,TRDTTYY,RNSFDEQN,ALSEPHGSSNTGKLI,DFQATT,SNEGSKA,SARFPRSGNTIY,QYIKWPWYI
1019,SVFSS,VVTGGEV,AGMDSNYQLI,LNHDA,SQIVND,ASSIRSSYEQY,GILGFVFTL
1020,SIFNT,LYKAGEL,AGQTGNTGKLI,LNHDA,SQIVND,ASSVRSADTQY,GILGFVFTL
1021,NSASQS,VYSSG,VVNGMDSSYKLI,SNHLY,FYNNEI,ASSEGRVLPGELF,GLCTLVAML
1022,NSASQS,VYSSG,VVGLDNYGQNFV,DFQATT,SNEGSKA,SAQTGFDEKLF,VSDGGPNLY
1023,NSAFQY,TYSSGN,AMSGSGGSQGNLI,LNHDA,SQIVND,ASSIRSNTEAF,GILGFVFTL
1024,SVFSS,VVTGGEV,AVTYSGAGSYQLT,LNHDA,SQIVND,ASSIYSTPDQPQH,GILGFVFTL
1025,DSASNY,IRSNVGE,AASETSYDKVI,SEHNR,FQNEAQ,ASSLLGLEAYEQY,RAKFKQLL
1026,DSVNN,IPSGT,AVERNAGNMLT,PRHDT,FYEKMQ,ASSPLSGLKEY,TTDPSFLGRY
1027,SIFNT,LYKAGEL,AGPNAGGTSYGKLT,LNHDA,SQIVND,ASSMYGGDTQY,GILGFVFTL
1028,DRGSQS,IYSNGD,AVTTDSWGKLQ,DFQATT,SNEGSKA,SARPRTSGSGAGELF,ELAGIGILTV
1029,VSPFSN,MTFSENT,VGYTNAGKST,SGHVS,FQNEAQ,ASSTLAGVHNEQF,RAKFKQLL
1030,NSASDY,IRSNMDK,ADSGGGADGLT,MNHEY,SVGAGI,ASSYSVLRTSGPRGGQY,RAKFKQLL
1031,TTLSN,LVKSGEV,SPVGDGGSQGNLI,LNHDA,SQIVND,ASSIRSGNTEA,GILGFVFTL
1032,NSASQS,VYSSG,VVNMDNARLM,SGHKS,YYEKEE,ASSGPGGVDEQY,RAKFKQLL
1033,SSYSPS,YTSAATLV,VVSDPDDMR,LNHDA,SQIVND,ASSKGGSNQPQH,NQKLIANQF
1034,SVFSS,VVTGGEV,AGAWHFHKFY,SGDLS,YYNGEE,ASSVGGHAYEQY,FLRGRAYGL
1035,DSASNY,IRSNVGE,AVPYGNKLV,MNHNY,SVGAGI,ASTTGTVNTEAF,GILGFVFTL
1036,NSASQS,VYSSG,VVNLLNDMR,LNHDA,SQIVND,AGQGLNTGELF,YLQPRTFLL
1037,DRGSQS,IYSNGD,AANQAGTALI,LGHNA,YSLEER,ASSQGVLLGQPQH,ELAGIGILTV
1038,ATGYPS,ATKADDK,FSGGYNKLI,SGHNS,FNNNVP,ASSPPGSNEKLF,RAKFKQLL
1039,NIATNDY,GYKTK,LVGEGRGGMDSNYQLI,LGHNA,YSLEER,ASSLETGKWGEQY,CINGVCWTV
1040,DRGSQS,IYSNGD,AVNGGSNSGYALN,MNHEY,SVGEGT,ASSYGTGNGYT,ELAGIGILTV
1041,SVFSS,VVTGGEV,AGGGSQGNLI,LNHDA,SQIVND,ASGGRSSYERY,GILGFVFTL
1042,DSASNY,IRSNVGE,AASEEYGNKLV,LGHNA,YNFKEQ,ASSQRPSEVGELF,RAKFKQLL
1043,NSASDY,IRSNMDK,TTDSWGKFE,SGHDN,FVKESK,ASSLIGLAEQF,RLPGVLPRA
1044,DSAIYN,IQSSQRE,AVLDTGKLI,SGHRS,YFSETQ,ASSLAGAGYT,SPRWYFYYL
1045,TSDPSYG,QGSYDQQN,AMREGSNTGNQFY,LGHNA,YSLEER,ASSLGLYDIEETQY,GILGFVFTL
1046,TISGTDY,GLTSN,ILRDRDSSYKLI,DFQATT,SNEGSKA,SARDPAPEETQY,RPIIRPATL
1047,TRDTTYY,RNSFDEQN,ALTPLIIQGAQKLV,MDHEN,SYDVKM,ASSLTGGDTQY,LLFGYPVYV
1048,YSGSPE,HISR,APAGGTSYGKLT,LNHDA,SQIVND,ASSIYSTDTQY,GILGFVFTL
1049,TISGNEY,GLKNN,IVRVNAGNMLT,SGDLS,YYNGEE,ASSVRVASMTGELF,RAKFKQLL
1050,TSDPSYG,QGSYDQQN,AMREGGNYQLI,SNHLY,FYNNEI,ASSEARQGLDTEAF,NLVPMVATV
1051,YGATPY,YFSGDTLV,AVGAGTNAGKST,MGHRA,YSYEKL,ASSQESGTEAF,CINGVCWTV
1052,DSAIYN,IQSSQRE,SNFGNEKLT,SGHAT,FQDESV,ASSSPPPGQVVSTDTQY,LLAGIGTVPI
1053,TSESDYY,QEAYKQQN,AYHDNARLM,MNHNY,SVGAGI,ASTSSGGVWGTF,KLWAQCVQL
1054,DSSSTY,IFSNMDM,AETRGNNRLA,SGDLS,YYNGEE,ASSVGGGREQF,LLWNGPMAV
1055,YGATPY,YFSGDTLV,AVGGSQGNLI,LNHDA,SQIVND,ASSIRSGIEQF,GILGFVFTL
1056,NSAFQY,TYSSGN,AMSSTSGTYKYI,LNHNV,YYDKDF,ATSRDRAPLVGYT,VSDGGPNLY
1057,TSINN,IRSNERE,ATDLRMTTDSWGKLQ,MNHEY,SMNVEV,ASSLSYRGNQPQH,SPRWYFYYL
1058,SSNFYA,MTLNGDE,AFLGGANNLF,SGHRS,YFSETQ,ASSLEWGGETQY,RAKFKQLL
1059,DSVNN,IPSGT,AAVDGRVLWGQFY,LNHDA,SQIVND,ASSIRSQETQY,GILGFVFTL
1060,TSENNYY,QEAYKQQN,AFMIHAGGTSYGKLT,LNHDA,SQIVND,ASSIGSYGYT,GILGFVFTL
1061,YGATPY,YFSGDTLV,AVGAYNTDKLI,MNHEY,SVGEGT,ASSYLAERDNEQF,VYFLQSINF
1062,NSMFDY,ISSIKDK,AASLVQGAQKLV,GTSNPN,SVGIG,AWSPGQGAVQH,VSDGGPNLY
1063,TRDTTYY,RNSFDEQN,ALSEAQLGSGYALN,SGHNS,FNNNVP,ASSFSGNTGELF,RAKFKQLL
1064,YGGTVN,YFSGDPLV,AVSGYSSASKII,MGHDK,SYGVNS,ASLPPSGGEDTGELF,RPHERNGFTVL
1065,TSENNYY,QEAYKQQN,AFMTNAGGTSYGKLT,SGHNS,FNNNVP,ASSFSGNTGELF,RAKFKQLL
1066,STGYPT,ETMEN,PVGDDMR,MGHRA,YSYEKL,ASSQDEGLWFGYT,GILGFVFTL
1067,TISGNEY,GLKNN,IVRTYTSGTYKYI,MGHRA,YSYEKL,ASSQDEIGLASDTQY,GILGFVFTL
1068,NSASDY,IRSNMDK,AEPETYYAKVI,SEHNR,FQNEAQ,ASSFTSGTDPELF,RAKFKQLL
1069,ATGYPS,ATKADDK,ALSLGTYKYI,SGHNS,FNNNVP,ASSRSTGDTEAF,GILGFVFTL
1070,SSNFYA,MTLNGDE,AFPGGNKLV,ENHRY,SYGVKD,AISEWDSPTLNSPLH,EPLPQGQLTAY
1071,TSGFYG,NALDGL,AVRDQEGNTPLV,LNHDA,SQIVND,ASSNRASEKLF,GILGFVFTL
1072,DRGSQS,IYSNGD,AVNGDKII,SGHTA,FQGNSA,ASSPAPAYEQY,LLWNGPMAV
1073,DSAIYN,IQSSQRE,TTDSWGKFE,MDHEN,SYDVKM,ASRTLRLAGGLFTDTQY,GILGFVFTL
1074,SVFSS,VVTGGEV,AGPGTNAGKST,LNHDA,SQIVND,ASSPRSATGAF,GILGFVFTL
1075,VSNAYN,GSKP,AVEDRDNYGQNFV,LNHDA,SQIVND,ASSSIAGGGAYNEQF,GLCTLVAML
1076,NSMFDY,ISSIKDK,AAMEYGNKLV,SGDLS,YYNGEE,ASSVEIAGRYNEQF,QMMVKAGL
1077,TRDTTYY,RNSFDEQN,AGDSGGYQKVT,MNHEY,SMNVEV,ASSLKTHYSNQPQH,GILGFVFTL
1078,NSASQS,VYSSG,VVNGRDSSYKLI,SNHLY,FYNNEI,ASSAGRVHPGTQY,GLCTLVAML
1079,TRDTTYY,RNSFDEQN,ALRIYNQGGKLI,SGHRS,YFSETQ,ASSLGLAGGASYNEQF,LTDEMIAQY
1080,VSGNPY,YITGDNLV,AVRAPMDSSYKLI,SEHNR,FQNEAQ,ASSSHDWGGQGSPLH,TPRVTGGGAM
1081,NSASQS,VYSSG,VVNGMDSSHKLI,SNHLY,FYNNEI,ASSGVQLLPGELF,GLCTLVAML
1082,SVFSS,VVTGGEV,AGVSGNTGKLI,LNHDA,SQIVND,ASSTYSRQPQH,GILGFVFTL
1083,VSPFSN,MTFSENT,VVNSLIGFGNVLHCFGNVLH,SEHNR,FQNEAQ,ASREGTSGAKTQY,TPRVTGGGAM
1084,YGATPY,YFSGDTLV,AVVPSGGYPKVT,ENHRY,SYGVKD,AISELHSDGQETQY,RAKFKQLL
1085,NSASQS,VYSSG,VVTGGYQKVT,SGHRS,YFSETQ,ASSWDKFYEQY,LTDEMIAQY
1086,NSAFQY,TYSSGN,AIGSGNTGKLI,SNHLY,FYNNEI,AIDRNTEAF,GILGFVFTL
1087,DSAIYN,IQSSQRE,AVRQNDKII,SGHRS,YFSETQ,ASSLAGAQGYT,SPRWYFYYL
1088,SSYSPS,YTSAATLV,AVGAGGATNKLI,MGHRA,YSYEKL,ASSQTGVGEQF,TTDPSFLGRY
1089,DRGSQS,IYSNGD,AVSNYQLI,SGHAT,FQDESV,ASTSGDNEQF,ELAGIGILTV
1090,NSASQS,VYSSG,VVTSRDHLRANAGGTSYGKLT,SQVTM,ANQGSEA,SVGTGWPYEQY,LTDEMIAQY
1091,DSASNY,IRSNVGE,AALETSYDKVI,MDHEN,SYDVKM,ASTRQGANEKLF,RAKFKQLL
1092,NSAFQY,TYSSGN,ASPGGDSWGKLQ,MDHEN,SYDVKM,ASRIPGPAEAF,EPLPQGQLTAY
1093,YGATPY,YFSGDTLV,AVGASGGSQGNLI,LNHDA,SQIVND,ASSKRASVEQY,GILGFVFTL
1094,TSDPSYG,QGSYDQQN,AMREDSIGNTPLV,LNHDA,SQIVND,ASSVGLGFTDTQY,NLVPMVATV
1095,SIFNT,LYKAGEL,AGPSSSFNYGGSQGNLI,LNHDA,SQIVND,ASSIYSNQPQH,GILGFVFTL
1096,DSAIYN,IQSSQRE,AAGGSQGNLI,LNHDA,SQIVND,ASSLGFGNTIY,GILGFVFTL
1097,VGISA,LSSGK,AVESYNTDKLI,MNHEY,SMNVEV,ASSSYTQRGLDYTGELF,QYIKWPWYI
1098,SSNFYA,MTLNGDE,ALNTGFQKLV,GTSNPN,SVGIG,AWRPFSGANVLT,TDLGQNLLY
1099,SVFSS,VVTGGEV,AGGGSQGNLI,MNHEY,SVAAAL,ASSSSSRTSNNEQF,GILGFVFTL
1100,YGATPY,YFSGDTLV,AVALYGNKLV,SGHKS,YYEKEE,ASSLGQPYEQY,YAKWKLCSA
1101,TSGFNG,NVLDGL,AAMDSSYKLI,DFQATT,SNEGSKA,SAKIPDRAVEQY,RPPIFIRRL
1102,VSGNPY,YITGDNLV,AVRGYNFNKFY,LGHDT,YNNKEL,ASSQLNRDTQETQY,SPRWYFYYL
1103,SIFNT,LYKAGEL,AGPSGNMNYGGSQGNLI,LNHDA,SQIVND,ASSIVALDEQF,GILGFVFTL
1104,TSENNYY,QEAYKQQN,AFMNHTGTASKLT,SEHNR,FQNEAQ,ASSLASRVGSPLH,NLVPMVATV
1105,DSSSTY,IFSNMDM,AAHTNAGKST,LNHDA,SQIVND,ASSIDVVNQPQH,VSDGGPNLY
1106,DSAIYN,IQSSQRE,AGRGSARQLT,MGHRA,YSYEKL,ASSQDRGQGGSYEQY,RFPLTFGWCF
1107,DRGSQS,IYSNGD,AVNKGGGSQGNLI,SGHTS,YYEKEE,ASSLVSLNYGYT,GILGFVFTL
1108,TTLSN,LVKSGEV,AGLGIIQGAQKLV,LNHDA,SQIVND,ASSIVASGGRY,GILGFVFTL
1109,ATGYPS,ATKADDK,ALMSGGYQKVT,MNHEY,SMNVEV,ASSFGQGADEQY,GILGFVFTL
1110,VSGNPY,YITGDNLV,AVRDGGSGTYKYI,SEHNR,FQNEAQ,ASAGGAPSSYNEQF,TPRVTGGGAM
1111,DRGSQS,IYSNGD,AVEDDKII,SGDLS,YYNGEE,ASSVKAGGNEQY,LLWNGPMAV
1112,TSDPSYG,QGSYDQQN,AMRGEEGSQGNLI,MGHRA,YSYEKL,ASSPTLQGPLGETQY,GILGFVFTL
1113,YGATPY,YFSGDTLV,AVDDTNAGKST,LNHDA,SHIVND,ASSLRSTDTQY,GILGFVFTL
1114,SSVSVY,YLSGSTLV,AVTSVSQGNLI,LNHDA,SQIVND,ASSTRSAYEQY,GILGFVFTL
1115,SVFSS,VVTGGEV,AGGGGGSQGNLI,SQVTM,ANQGSEA,SAGRDGTNEKLF,GILGFVFTL
1116,NSAFQY,TYSSGN,AMSRSNFGNEKLT,MGHRA,YSYEKL,ASSQDSRGTTGSNYGYT,LLAGIGTVPI
1117,DSSSTY,IFSNMDM,AESTSGGGADGLT,SGHDN,FVKESK,ASSQSPGGMQY,GLCTLVAML
1118,DRGSQS,IYSNGD,AVIPLYSGAGSYQLT,LNHDA,SQIVND,ASSFGGSRLGEETQY,ATDALMTGF
1119,SVFSS,VVTGGEV,NAGNNRKLI,KGHSH,LQKENI,ASSPLTDTEAF,GILGFVFTL
1120,DRGSQS,IYSNGD,AVTTDRSGKLQ,MNHEY,SVGAGI,ASRPGAAGGRPELY,LLFGYPVYV
1121,DRGSQS,IYSNGD,TDSWGKLQ,MNHEY,SVGAGI,SRPLGMSAQPEQY,LLFGYPVYV
1122,NSASQS,VYSSG,VVNSFENTDKLI,MGHRA,YSYEKL,ASSQGGNEQY,YLQPRTFLL
1123,DSVNN,IPSGT,APREGDDKII,MNHEY,SMNVEV,ASGSTEQY,VYFLQSINF
1124,DSSSTY,IFSNMDM,AESRYAAGNKLT,LNHDA,SQIVND,ASTIQANYGYT,VYFLQSINF
1125,DRGSQS,IYSNGD,AVLDGQKLL,KGHSH,LQKENI,ASSPPEKANYGYT,LLLDRLNQL
1126,NIATNDY,GYKTK,LVGDAYSGGYQKVT,SGHNS,FNNNVP,ASSFSGNTGELF,RAKFKQLL
1127,SVFSS,VVTGGEV,AEPQGGSEKLV,SGHVS,FNYEAQ,ASSSRQGVTDTQY,TTDPSFLGRY
1128,DRGSQS,IYSNGD,AVKRRNSGNTPLV,LNHDA,SQIVND,ASSIGGGRSEQY,LLLDRLNQL
1129,NIATNDY,GYKTK,LLFGNEKLT,LGHDT,YNNKEL,ASSQNRGYDSYEQY,SPRWYFYYL
1130,DSAIYN,IQSSQRE,AVRSNFNKFY,SGHKS,YYEKEE,ASSLGEYTDTQY,NQKLIANQF
1131,TSENNYY,QEAYKQQN,AYRTNTGNQFY,LNHDA,SQIVND,ASSIYSGAYNEQF,GILGFVFTL
1132,DRGSQS,IYSNGD,AAGGSNYKLTFG,LGHNA,YSLEER,ASSSGLLGGQPQHFG,ELAGIGILTV
1133,TRDTTYY,RNSFDEQN,ALSLLSDGQKLL,DFQATT,SNEGSKA,SFGPQGAKYEQY,QYIKWPWYI
1134,NSASDY,IRSNMDK,AEPTRNFGNEKLT,LGHDT,YNNKEL,ASSQVRGGYEQY,RAKFKQLL
1135,SVFSS,VVTGGEV,AGGGSQGNLI,DFQATT,SNEGSKA,SVRTIYEEQY,GILGFVFTL
1136,DSAIYN,IQSSQRE,AVNEVDGARLM,LNHDA,SQIVND,ASSGVGGGELF,GILGFVFTL
1137,NIATNDY,GYKTK,LVGDGKAGTALI,SGHNT,YYREEE,ASSLVPSDQETQY,DATYQRTRALVR
1138,VSPFSN,MTFSENT,VVSAWYNNDMR,DFQATT,SNEGSKA,SARKTSGGTYEQY,GILGFVFTL
1139,SIFNT,LYKAGEL,AQNGGSQGNLI,SGHNS,FNNNVP,ASSLDFNQPQH,SPRWYFYYL
1140,DSSSTY,IFSNMDM,AEDNNARLM,SQVTM,ANQGSEA,SVGSGGTNEKLF,GLCTLVAML
1141,YSGSPE,HISR,ALLIYGGYQKVT,SGHNS,FNNNVP,ASSFSGNTGELF,RAKFKQLL
1142,SVFSS,VVTGGEV,AGAPSLFSNDYKLS,LNHDA,SQIVND,ASGLPYEQY,GILGFVFTL
1143,TSDPSYG,QGSYDQQN,AMREGGNFNKFY,DFQATT,SNEGSKA,SAIPHSYNEQF,YVLDHLIVV
1144,YGGTVN,YFSGDPLV,AVNRNYQLI,MDHEN,SYDVKM,ASRGQLGGNQPQH,YVLDHLIVV
1145,VSPFSN,MTFSENT,VVSAESGYSTLT,SGHVS,FQNEAQ,ASSQLGNEQF,LLWNGPMAV
1146,TTLSN,LVKSGEV,AGRINNARLM,MNHEY,SVGAGI,ASSRDLNEQF,HPNGYKSLSTL
1147,DSAIYN,IQSSQRE,AVRGGSGTYKYI,LNHDA,SQIVND,ASSPTVSNTGELF,LTDEMIAQY
1148,NSASQS,VYSSG,VVNALMDSNYQLI,MNHNS,SASEGT,ASSEGRGYEQY,NYNYLYRLF
1149,TRDTTYY,RNSFDEQN,ALRSYDVTYNQGGKLI,LGHNA,YNFKEQ,ASSQDPPGTGGATLPEAF,CINGVCWTV
1150,VSGNPY,YITGDNLV,AVRGTTWGVKTI,SGHVS,FNYEAQ,ASSLGGGEGASEQF,FLRGRAYGL
1151,TSINN,IRSNERE,AILTRMDSSYKLI,SEHNR,FQNEAQ,ASSFIGEGGSDEQY,TPRVTGGGAM
1152,NSASDY,IRSNMDK,AENIGGFKTI,MNHNS,SASEGT,ASTLRDYEQY,RPPIFIRRL
1153,YSGSPE,HISR,ALISIWRPMSGGSNYKLT,LNHDA,SQIVND,ASSTRSSYEQY,GILGFVFTL
1154,NSASDY,IRSNMDK,AENIGDYKLS,SGHVS,FQNEAQ,ASSLGTGTGHEPQH,KSKRTPMGF
1155,VSGNPY,YITGDNLV,PLPTNAGKST,SGHDT,YYEEEE,ASSLRDGSEAF,RAKFKQLL
1156,NIATNDY,GYKTK,LVGVPGSARQLT,SGHDN,FVKESK,ASSQDPLAGYTGELF,CINGVCWTV
1157,TSGFNG,NVLDGL,AVRSFSGGYNKLI,LGHDT,YNNKEL,ARSPGGGDPQF,MEVTPSGTWL
1158,SSVSVY,YLSGSTLV,AVSGSGGSYIPT,SQVTM,ANQGSEA,SAGQGPYEQY,RAKFKQLL
1159,DRGSQS,IYSNGD,AVLPSGNTPLV,SGHVS,FQNEAQ,ASRGRETQY,HPVTKYIM
1160,DRGSQS,IYSNGD,AVGGGADGLTFG,MNHEY,SVGAGI,ASSYSATGGEQYFG,ELAGIGILTV
1161,VSGNPY,YITGDNLV,AVWGYGGSQGNLI,MDHEN,SYDVKM,ASSLAGVETQY,TTDPSFLGRY
1162,SSNFYA,MTLNGDE,VFYQGGKLI,SEHNR,FQNEAQ,ASRDEGRGRYGANVLT,LTDEMIAQY
1163,DRGSQS,IYSNGD,AVMETSYDKVI,PRHDT,FYEKMQ,ASSFKDRDEKLF,LLLDRLNQL
1164,NSASQS,VYSSG,VVNNPYSGAGIYQLT,SGHNT,YYREEE,ASSATSWDEQY,EPLPQGQLTAY
1165,DSAIYN,IQSSQRE,AATPGYSSASKII,LGHNA,YSLEER,ASSQDPYSSYEQY,NLVPMVATV
1166,NSASQS,VYSSG,VVNKEDRLM,SQVTM,ANQGSEA,SVDRDRNTGELF,YLQPRTFLL
1167,DSSSTY,IFSNMDM,AEMEGGSYIPT,PRHDT,FYEKMQ,ASSLMRGGTYNSPLH,RAKFKQLL
1168,TSENNYY,QEAYKQQN,AFMTNAGGTSYGKLT,LNHDA,SQIVND,ASSIPGGGEQF,GILGFVFTL
1169,TSINN,IRSNERE,ATGAPDLNQAGTALI,SEHNR,FQNEAQ,ASSQIGEGHGDEQF,TPRVTGGGAM
1170,NYSPAY,IRENEKE,APERGKKDSNYQLI,LNHDA,SQIVND,ASGQLAGGLNEQF,GILGFVFTL
1171,VSNAYN,GSKP,AVGNTGGFKTI,SGHDT,YYEEEE,ASRAGGGGGYEQY,RTATKQYNV
1172,DSSSTY,IFSNMDM,AESIGYGGSQGNLI,ENHRY,SYGVKD,AISESNGALHSPLH,RTATKAYNV
1173,DSASNY,IRSNVGE,AATETSYDKVI,LGHNT,FRNRAP,AVNGLAGPTDTQY,RAKFKQLL
1174,TRDTTYY,RNSFDEQN,ALLLFSGGYNKLI,LGHDT,YNNKEL,ASSPREGGETQY,HPNGYKSLSTL
1175,ATGYPS,ATKADDK,ALRETSYDKVI,KGHSH,LQKENI,ASSPRDRGGSNEKLF,RAKFKQLL
1176,NIATNDY,GYKTK,LVGDGSGYSTLT,SGHDN,FVKESK,ASSQVASNQETQY,DATYQRTRALVR
1177,NSASQS,VYSSG,VVGRDQII,MNHNS,SASEGT,ASSGGGGGAYEQY,LLWNGPMAV
1178,DSASNY,IRSNVGE,AAARIDSSYKLI,SQVTM,ANQGSEA,SVGSGEDSPQY,RAKFKQLL
1179,NIATNDY,GYKTK,LVERNRGSTLGRLY,SNHLY,FYNNEI,ASSELPHRFNYGYT,QYIKWPWYI
1180,SIFNT,LYKAGEL,AGQLGTGNQFY,MNHEY,SMNVEV,ASSLSSPQETQY,TTDPSFLGRY
1181,SSVSVY,YLSGSTLV,AVSDRSGGGADGLT,MDHEN,SYDVKM,ASSYVGYEQY,YVLDHLIVV
1182,VSGNPY,YITGDNLV,AVPLGENRDDKII,MNHEY,SMNVEV,ASSSREGRDTQY,TTDPSFLGRY
1183,DSASNY,IRSNVGE,AASRGASKII,DFQATT,SNEGSKA,SARDYLTSGRGGTYEQY,NQKLIANQF
1184,DSAIYN,IQSSQRE,AHGGDARLM,SGHVS,FQNEAQ,ASSLGTGFSNQPQH,KSKRTPMGF
1185,DSASNY,IRSNVGE,AAILADYKLS,LNHDA,SQIVND,ASSIVAGGYNEQF,NLVPMVATV
1186,DSASNY,IRSNVGE,AAMETSYDKVI,SGDLS,YYNGEE,ASSVQGQGPTTGELF,RAKFKQLL
1187,VSGNPY,YITGDNLV,AVRDRFFGNEKLT,MNHNS,SASEGT,ASSGKDRTEAF,RAKFKQLL
1188,VTNFRS,LTSSGIE,DNYGQNFV,SGHVS,FNYEAQ,ASSPESSYNEQF,YLLEMLWRL
1189,TSINN,IRSNERE,ATEGASGYSTLT,MNHNS,SASEGT,ASSVRGGNYGYT,FLYALALLL
1190,NSASDY,IRSNMDK,AEVKAAGNKLT,SGHTS,YDEGEE,ASSLEGGGTDNEQF,GILGFVFTL
1191,NSMFDY,ISSIKDK,AASGLKMDSSYKLI,MNHEY,SMNVEV,ASSSTPNRGLAVGQY,YLQPRTFLL
1192,VSGNPY,YITGDNLV,AVRDISARLM,SGHNS,FNNNVP,ATAGTGGL,NLVPMVATV
1193,YSGSPE,HISR,ALKNTDKLI,SQVTM,ANQGSEA,SVVSGQPEVDTQY,LLAGIGTVPI
1194,DRGSQS,IYSNGD,AVADMR,GTSNPN,SVGIG,AWSLAGVGELF,ALAGIGILTV
1195,VSGNPY,YITGDNLV,AVRDPWNNNARLM,SGHAT,FQNNGV,ASSLVSESGGVRETQY,RAKFKQLL
1196,TSESDYY,QEAYKQQN,AYRSPPSSEQLV,SGHRS,YFSETQ,ASRTGGYEQY,CLGGLLTMV
1197,ATGYPS,ATKADDK,AREHMDSNYQLI,LGHNA,YNFKEQ,ASSQRPSEVGELF,RAKFKQLL
1198,DSSSTY,IFSNMDM,AEDAGNMLT,SQVTM,ANQGSEA,SVTGDRRSNQPQH,GLCTLVAML
1199,DSASNY,IRSNVGE,AASNAGNNRKLI,SNHLY,FYNNEI,ASTHGGVIPDTQY,GLCTLVAML
1200,TSGFNG,NVLDGL,AVRDGAGTALI,SGDLS,YYNGEE,ASSVEGGGAQETQY,RPIIRPATL
1201,DRGSQS,IYSNGD,AVNFGNEKLT,MNHEY,SMNVEV,ASSFGGPYEQY,ALGIGILTV
1202,NSASDY,IRSNMDK,AENMGGGSQGNLI,LNHDA,SQIVND,ASSIRAGETQY,GILGFVFTL
1203,TSGFYG,NALDGL,AVRESGGSYIPT,LNHDA,SQIVND,ASGTGDFGKTEAF,EPLPQGQLTAY
1204,NSASQS,VYSSG,VVLNTDKLI,SGHTA,FQGNSA,ASSFGEQF,GILGFVFTL
1205,DSAIYN,IQSSQRE,AVKDTDKLI,SGHVS,FQNEAQ,ASSLAGSSYNSPLH,YLQPRTFLL
1206,DRGSQS,IYSNGD,AVGDDKII,SGHAT,FQDESV,ASSGTGAYEQY,LLWNGPMAV
1207,TISGTDY,GLTSN,ILCFTSGTYKYI,SGHAT,FQNNGV,ASSSSFGRAGVDESYEQY,CINGVCWTV
1208,TSDPSYG,QGSYDQQN,TTDSWGKFE,SEHNR,FQNEAQ,ASSLGREETQY,RPIIRPATL
1209,NSAFQY,TYSSGN,AMSVSNFGNEKLT,SGHNT,YENEEA,ASSFGWDGGSLSYEQY,LLAGIGTVPI
1210,SIFNT,LYKAGEL,AGPHHMNYGGSQGNLI,LNHDA,SQIVND,ASSVYSNQPQH,GILGFVFTL
1211,NSAFQY,TYSSGN,AMSGEGGSQGNLI,LNHDA,SHIVND,ASSMRSAGELF,GILGFVFTL
1212,NSMFDY,ISSIKDK,AASLSLNSGYALN,LGHDT,YNNKEL,ASSPGRMSSRYEQY,TTDPSFLGRY
1213,TSGFNG,NVLDGL,AVIQDSNYQLIWG,LNHDA,SQIVND,ASSWGLLSNQPQHFG,ELAGIGILTV
1214,TTQYPS,AMKANDK,TTSGTYKYI,MNHNS,SASEGT,ASTPDINTEAF,GLCTLVAML
1215,NSASDY,IRSNMDK,AENRGGGSQGNLI,LNHDA,SQIVND,ASSQRASYEQY,GILGFVFTL
1216,VSGNPY,YITGDNLV,VRRGGGGNKLT,SNHLY,FYNNEI,ASSEGQVSPGELF,GLCTLVAML
1217,NSASQS,VYSSG,VVKRRSDMR,SGHRS,YFSETQ,ASSLAGGDEQF,SPRWYFYYL
1218,TSDPSYG,QGSYDQQN,AMRPSMIYNQGGKLI,LGHDT,YNNKEL,ASSQGGDYGYT,GILGFVFTL
1219,DSAIYN,IQSSQRE,AVERDSGYALN,SNHLY,FYNNEI,ASSLIGGSSGNTIY,QYIKWPWYI
1220,NTAFDY,IRPDVSE,AASIGLNTGNQFY,PRHDT,FYEKMQ,ASSFTGNDDYEQY,TTDPSFLGRY
1221,TSESDYY,QEAYKQQN,AWGHNAGGTSYGKLT,LNHDA,SHIVND,ASSIGLYGYT,GILGFVFTL
1222,DSAIYN,IQSSQRE,AAPPKNRDDKII,MNHEY,SMNVEV,ASRAITGSGQPQH,SPRWYFYYL
1223,SSYSPS,YTSAATLV,VVSENTGFQKLV,PRHDT,FYEKMQ,ASSSTGTSGSTDTQY,GILGFVFTL
1224,DRGSQS,IYSNGD,AVSGSASKII,SGHDN,FVKESK,ASSQGPAAYEQY,LLWNGPMAV
1225,KALYS,LLKGGEQ,GTEIENTDKLI,SGHVS,FNYEAQ,ASSYSAGEGLGEQY,RAKFKQLL
1226,STGYPT,ETMEN,LPKYNTDKLI,MNHEY,SMNVEV,ASSISHSTDTQY,TTDPSFLGRY
1227,DSASNY,IRSNVGE,AAAETSYDKVI,SEHNR,FQNEAQ,ASSLRGIDEQY,RAKFKQLL
1228,NIATNDY,GYKTK,LVGGQKLL,SGHNS,FNNNVP,ASSFSVGALSTDTQY,CINGVCWTV
1229,ATGYPS,ATKADDK,TTDSWGKFE,PRHDT,FYEKMQ,ASSSGSSGGSYNEQF,GILGFVFTL
1230,SSNFYA,MTLNGDE,AFPSGGSNYKLT,DFQATT,SNEGSKA,SARDIGTGAHYEQY,QYIKWPWYI
1231,VSGNPY,YITGDNLV,AVRDINSGTYKYI,MNHEY,SMNVEV,ASSSRLAGGGETQY,RFPLTFGWCF
1232,TSENNYY,QEAYKQQN,AFMKHRLNSGAGSYQLT,MNHEY,SMNVEV,ASSSLAVPELF,FEDLRLLSF
1233,TISGTDY,GLTSN,ILPLPGGTSHGKLT,SGHVS,FQNEAQ,ASSLGQAYEQY,FLRGRAYGL
1234,VSGNPY,YITGDNLV,AVNYGNKLV,MNHEY,SMNVEV,ASSPFSGAPYEQY,NLVPMVATV
1235,VGISA,LSSGK,AVRSYNTDKLI,SGHAT,FQNNGV,ASSLGRDSSYNSPLH,QYIKWPWYI
1236,DSAIYN,IQSSQRE,AVRPTGGFKTI,SGHAT,FQNNGV,ASSPSGQLEKLF,ATDALMTGF
1237,DSASNY,IRSNVGE,AASETSYDKVI,SEHNR,FQNEAQ,ASSWLGARYNSPLH,RAKFKQLL
1238,YGATPY,YFSGDTLV,AVGDNFNKFY,MDHEN,SYDVKM,ASSLSSATGELF,LLWNGPMAV
1239,NIATNDY,GYKTK,LVGTYNFNKFY,LGHNA,YNFKEQ,ASSQEVAAGGGDEQF,CINGVCWTV
1240,NIATNDY,GYKTK,LVGAGNMLT,MGHRA,YSYEKL,ASSQGGQGAPYEQY,CINGVCWTV
1241,TISGNEY,GLKNN,IAFYYAALPVRLT,MNHEY,SMNVEV,ASSTGQGEGLYSNQPQH,RPIIRPATL
1242,TSENNYY,QEAYKQQN,ALLPGSGTASKLT,SGHVS,FQNEAQ,ASSYGTGDLSYNEQF,KSKRTPMGF
1243,TSDPSYG,QGSYDQQN,AMREGPRYNNNDMR,WSHSY,SAAADI,ASRMGAGDTQY,GLCTLVAML
1244,DRGSQS,IYSNGD,AVDTGRRALT,MNHEY,SVGAGI,ASTTSELAKNIQY,ELAGIGILTV
1245,TISGTDY,GLTSN,ILPLAGGTSYGKLT,SGHNS,FNNNVP,ASSPPGRNEKLF,RAKFKQLL
1246,NSAFQY,TYSSGN,AMILSNFGNEKLT,MDHEN,SYDVKM,ASSPFMNTEAF,LLAGIGTVPI
1247,DSAIYN,IQSSQRE,APFSGGGADGLT,MNHEY,SVGAGI,ASSSTRDRGQGYGYT,RVAGDSGFAAY
1248,TSENNYY,QEAYKQQN,TQGGSEKLV,SGHTA,FQGTGA,ASSLTVLAGPNTEAF,RAKFKQLL
1249,TSENNYY,QEAYKQQN,AFMFSGGYNKLI,SGHAT,FQDESV,ASSLGLAGPTDTQY,FLASKIGRLV
1250,VTNFRS,LTSSGIE,AVASGGSNYKLT,MNHEY,SMNVEV,ASRLGPGGPPDTQY,TPRVTGGGAM
1251,NSASQS,VYSSG,VVNKMDDMR,DFQATT,SNEGSKA,SARTDHNTGELF,YLQPRTFLL
1252,TSINN,IRSNERE,AANSGYALN,SEHNR,FQNEAQ,ASSLALAGIRYNEQF,LTDEMIAQY
1253,TSGFNG,NVLDGL,ARGGATNKLI,DFQATT,SNEGSKA,SARILAGDTGELF,TTDPSFLGRY
1254,TSINN,IRSNERE,ATDAMPPGGNTGKLI,LNHDA,SQIVND,ASSFYSNQPQH,GILGFVFTL
1255,TSGFNG,NVLDGL,VLMDSNYQLI,DFQATT,SNEGSKA,SARRADTEAF,CTELKLSDY
1256,TSDPSYG,QGSYDQQN,AMREGRDSNYQLI,SGHRS,YFSETQ,ASSLGDRLVTDTQY,GLCTLVAML
1257,TSDPSYG,QGSYDQQN,AMRGSTGNQFY,MNHNS,SASEGT,ASSEGQGYEQY,NYNYLYRLF
1258,DSAIYN,IQSSQRE,AARTRGSTLGRLY,SGHNS,FNNNVP,ASSSANYGYT,NLVPMVATV
1259,DSASNY,IRSNVGE,AASETSYDKVI,KGHSH,LQKENI,ASSSGEYGYT,RAKFKQLL
1260,NSAFQY,TYSSGN,AMSVSNFGNEKLT,LGHDT,YNNKEL,ASSQDRSTSGDIEQF,LLAGIGTVPI
1261,NSASQS,VYSSG,VVNPSGSSNTGKLI,DFQATT,SNEGSKA,SARDAGLAGLEQF,QYIKWPWYI
1262,DRGSQS,IYSNGD,AVNGFGNEKLT,SGHDN,FVKESK,ASSQEEGAYNSPLH,ELAGIGILTV
1263,NSASQS,VYSSG,VVNIFSGSGAGSYQLT,MNHNS,SASEGT,ASSEAGGYEQY,NYNYLYRLF
1264,DRGSQS,IYSNGD,AVSGSRLT,MNHEY,SVGEGT,ASSEGTEAYEQY,LLWNGPMAV
1265,NSASDY,IRSNMDK,AERGSNTGKLI,LNHDA,SQIVND,ASSGRSSDTQY,GILGFVFTL
1266,TSINN,IRSNERE,ATEGNSGYSTLT,MDHEN,SYDVKM,ASSLLGTGLNEQY,FLYALALLL
1267,TTLSN,LVKSGEV,AGPGSNTGKLI,LNHDA,SQIVND,ASSIRSSQPQH,GILGFVFTL
1268,TISGTDY,GLTSN,ILPLAGFASYVNLT,SGHVS,FQNEAQ,ASSLGQAYEQY,FLRGRAYGL
1269,DSASNY,IRSNVGE,AASYPPYSSASKII,SGHDT,YYEEEE,ASSWGQGKTGELF,RAKFKQLL
1270,DSSSTY,IFSNMDM,AENSGGGSQGNLI,LNHDA,SQIVND,ASSTRGGDEQY,GILGFVFTL
1271,NTAFDY,IRPDVSE,AAKAAGNKLT,LNHDA,SQIVND,ASSTQVIGNQPQH,ATDALMTGF
1272,DRGSQS,IYSNGD,AVGSQGNLI,KGHDR,SFDVKD,ATSDPLAAAYEQY,NLVPMVATV
1273,DRGSQS,IYSNGD,AASGGTYKYI,DFQATT,SNEGSKA,SARSQGDSSFNSPLH,GLCTLVAML
1274,TSINN,IRSNERE,ATVNRMDSSYKLI,SEHNR,FQNEAQ,ASSLIGESGRNEQF,TPRVTGGGAM
1275,DRGSQS,IYSNGD,AVKDTDKLI,MRHNA,SNTAGT,ASSDWLARGNEQF,YVLDHLIVV
1276,SSYSPS,YTSAATLV,VVTLSGGSYIPT,DFQATT,SNEGSKA,SANPPEGETQY,LLAGIGTVPI
1277,TRDTTYY,RNSFDEQN,ALSGVNNNAGNMLT,MGHRA,YSYEKL,ASSQTRGAGNTIY,RAKFKQLL
1278,VSGNPY,YITGDNLV,AVRDIGGTALI,MNHNS,SASEGT,ASSDLDSNQPQH,GILGFVFTL
1279,NSASQS,VYSSG,VVNGKDSSYKLI,SNHLY,FYNNEI,ASSGGAVAPSEQF,GLCTLVAML
1280,DSAIYN,IQSSQRE,AVHSGYSTLT,SGHNT,YYREEE,ASSEDHRVTGNTIY,TTDPSFLGRY
1281,TSGFNG,NVLDGL,AVNDGATNKLI,SNHLY,FYNNEI,ARAFESGANVLT,RPIIRPATL
1282,TSINN,IRSNERE,ATRDNFNKFY,MNHEY,SVGEGT,ASSPRDTLISGNTIY,FTSDYYQLY
1283,DSASNY,IRSNVGE,AASINRMDNDMR,DFQATT,SNEGSKA,SAFDREGVDGYT,NLVPMVATV
1284,DSSSTY,IFSNMDM,AEPKGGTYKYI,SGHNT,YYREEE,ASSSTGGGEKDQPQH,GLCTLVAML
1285,TSINN,IRSNERE,APQGDSGSTTIT,MNHNS,SASEGT,ASSPQGGGYGYT,FLYALALLL
1286,TISGNEY,GLKNN,IVRVLYGGSQGNLI,MNHEY,SMNVEV,ASSFGPTPDTQY,ATDALMTGF
1287,TSENNYY,QEAYKQQN,AYSGGGSEKLV,LGHDT,YNNKEL,ASSQVRGGYEQY,RAKFKQLL
1288,DRGSQS,IYSNGD,AFSNSNSGYALN,SGHRS,YFSETQ,ASSFGLGENTEAF,RAKFKQLL
1289,DRGSQS,IYSNGD,AVNANAGNMLT,LNHDA,SQIVND,ASSIDQWTGAYTGELF,LLLDRLNQL
1290,SVFSS,VVTGGEV,AGSQNYGGSQGNLI,LNHDA,SQIVND,ASSWVSLDTQY,GILGFVFTL
1291,NSASDY,IRSNMDK,ADSGGGADGLT,LGHNT,FRNRAP,ASAPDGFFYGYT,RAKFKQLL
1292,SVFSS,VVTGGEV,GGGSQGNL,LNHDA,SQIVND,SSIRSSYEQ,GILGFVFTL
1293,NIATNDY,GYKTK,LVVDSGAGSYQLT,KGHDR,SFDVKD,ATSDPVQGLFTDTQY,TPRVTGGGAM
1294,NSASDY,IRSNMDK,AENSKGHDNDMR,MNHEY,SMNVEV,ASSLSGRPYEQY,RAKFKQLL
1295,TSINN,IRSNERE,ATDRWDSNYQLI,SGHDY,FNNNVP,ASSFPNQPQH,LLWNGPMAV
1296,SSVPPY,YTSAATLV,AVTPGDYKLS,LNHDA,SQIVND,ASSIRDSGNQPQH,ATDALMTGF
1297,NSMFDY,ISSIKDK,AASDGQNFV,LGHNA,YNFKEQ,ASSQDWQDVRTQY,CINGVCWTV
1298,DRGSQS,IYSNGD,AVGFGGKLI,SGHDN,FVKESK,ASSFAGVGLDTQY,LLLDRLNQL
1299,DSAIYN,IQSSQRE,APSDNNARLM,LNHDA,SQIVND,ASSIMAAGGTEQF,GILGFVFTL
1300,TSESDYY,QEAYKQQN,AYGTGNQFY,MNHNY,SVGAGI,ASTLPEAGEFYGYT,RPPIFIRRL
1301,SVFSS,VVTGGEV,APHKAAGNKLT,LNHDA,SQIVND,ASSKRSNQPQH,GILGFVFTL
1302,DSVNN,IPSGT,AVDQSTGYSTLT,SGDLS,YYNGEE,ASSVEKGHSYNSPLH,GILGFVFTL
1303,DSAIYN,IQSSQRE,AVWVGPAGGTSYGKLT,MNHEY,SMNVEV,ASSLSSGGTYNEQF,VYFLQSINF
1304,SSYSPS,YTSAATLV,VVSDREYGNKLV,SGHTA,FQGTGA,ASSLIASGGYGETQY,RAKFKQLL
1305,YGGTVN,YFSGDPLV,AVTPNMDSSYKLI,SGHTA,FQGNSA,ASSQGLGASFGFIGYT,GILGFVFTL
1306,SSNFYA,MTLNGDE,AFISFNKFY,MNHEY,SVGAGI,ASSPQTGTGTYGYT,NLVPMVATV
1307,YGGTVN,YFSGDPLV,AVKDTDKLI,MNHEY,SMNVEV,ASSSPGQLYEQY,YVLDHLIVV
1308,KTLYG,LQKGGEE,GAVLSGTYKYI,SGHTS,YDEGEE,ASSLGPTTYKSSYEQY,FEDLRVSSF
1309,DRGSQS,IYSNGD,AVSTGYALN,LGHNA,YSLEER,ASSQGNSVGGQPQH,ELAGIGILTV
1310,NIATNDY,GYKTK,LVGVPNDYKLS,MNHEY,SVGEGT,ASSYSEPEEEF,CINGVCWTV
1311,YGGTVN,YFSGDPLV,ALGGYQKVT,SGHKS,YYEKEE,ASSRGQGSADTQY,YVLDHLIVV
1312,DSAIYN,IQSSQRE,AVRGGGSQGNLI,LGHNA,YNFKEQ,ASSPPGEGAYYEQY,MEVTPSGTWL
1313,DRGSQS,IYSNGD,AAGGNDMR,MNHEY,SMNVEV,ASRPWGQSNEKLF,LLLDRLNQL
1314,TSDPSYG,QGSYDQQN,AMREGTIGSSNTGKLI,MNHEY,SVGEGT,ASSWYGGTDTQY,GILGFVFTL
1315,NSAFQY,TYSSGN,AMSTSNFGNEKLT,LGHDT,YNNKEL,ASSQKIGGGDNEQF,LLAGIGTVPI
1316,NYSPAY,IRENEKE,ALDTDKLI,MDHEN,SYDVKM,ASSLWASGKWSTDTQY,CTELKLSDY
1317,SVFSS,VVTGGEV,AGLSGGYQKVT,SNHLY,FYNNEI,ASSEWGPGGYT,LLWNGPMAV
1318,DRGSQS,IYSNGD,AGGGGGADGLTFG,MDHEN,SYDVKM,ASTLTGLGQPQHFG,ELAGIGILTV
1319,TSGFYG,NALDGL,AVRPRGGFKTI,MNHNS,SASEGT,ASSITEGEDSVSTDTQY,GILGFVFTL
1320,KALYS,LLKGGEQ,GTEVDQGNLI,LNHDA,SQIVND,ASSMFQGWNQPQH,GILGFVFTL
1321,VGISA,LSSGK,AALHWREGSQGNLI,MNHNS,SASEGT,ASSEYGYSYEQY,YVLDHLIVV
1322,YGATPY,YFSGDTLV,AVGARFSDGQKLL,DFQATT,SNEGSKA,SARGTGEGANVLT,GIIYIIYKL
1323,SVFSS,VVTGGEV,AGAPNTGNQFY,LGHNA,YSLEER,ASSPGQGPYEQY,LLWNGPMAV
1324,DSASNY,IRSNVGE,AASETSYDKVI,MDHEN,SYDVKM,ASSLYLADSYNEQF,RAKFKQLL
1325,DRGSQS,IYSNGD,AVNEAGGYNKLI,MNHEY,SVGAGI,ASSYMGLGAYEQY,ELAGIGILTV
1326,DRGSQS,IYSNGD,AVYDNTGGFKTI,MNHEY,SMNVEV,ASSFTGSTEAF,GILGFVFTL
1327,DSSSTY,IFSNMDM,AESIGLTGGGNKLT,SGHNT,YYREEE,ASSLAPTSGGEL,VTEHDTLLY
1328,TSINN,IRSNERE,ATEGNSGYSTLT,MNHEY,SVGAGI,ASSPQGGGDGYT,FLYALALLL
1329,YSGSPE,HISR,ASNTGKLI,SEHNR,FQNEAQ,ASSFPASGLEVTQY,QYIKWPWYI
1330,DSSSTY,IFSNMDM,NQAGTALI,SGHDN,FVKESK,ASSQSPGGTQY,GLCTLVAML
1331,TSESDYY,QEAYKQQN,AYRSPLSGGGADGLT,SGHAT,FQNNGV,ASSLGPPPDNEQF,CINGVCWTV
1332,DSAIYN,IQSSQRE,AVRSGSSYKLI,LGHNA,YSLEER,ASSQEGWDEQF,TPRVTGGGAM
1333,VSGLRG,LYSAGEE,AVQGHTGGFKTI,MGHRA,YSYEKL,ASSASTEAF,RFPLTFGWCF
1334,YGGTVN,YFSGDPLV,AVNLLYNQGGKLI,SGHDN,FVKESK,ASSRGGLLGYT,VSDGGPNLY
1335,YGATPY,YFSGDTLV,AVVLGSGNTGKLI,LNHDA,SQIVND,ASSIRSAYEQY,GILGFVFTL
1336,DSASNY,IRSNVGE,AAYANAGNMLT,SEHNR,FQNEAQ,ASSFAGVGYT,RAKFKQLL
1337,SSNFYA,MTLNGDE,ASPNYGNMLT,SGHDY,FNNNVP,ASKQGWSNQPQH,TTDPSFLGRY
1338,TSDPSYG,QGSYDQQN,AMREVMDSNYQLI,SGDLS,YYNGEE,ASSVAQLAGGTDTQY,GLCTLVAML
1339,YGATPY,YFSGDTLV,AVGVYNNNDMR,SGHAT,FQDESV,ASSLAAGTDTQY,RAKFKQLL
1340,TRDTTYY,RNSFDEQN,ALSEARDQFY,MNHNS,SASEGT,ASSVSAGTDTQY,RAKFKQLL
1341,TSGFNG,NVLDGL,AVRDSNYQLI,SEHNR,FQNEAQ,ASSLDTQY,GILGFVFTL
1342,DSASNY,IRSNVGE,AEVSHGNNRLA,MDHEN,SYDVKM,ASSPPFTTNEKLF,LLAGIGTVPI
1343,TRDTTYY,RNSFDEQN,ALSVMFSGGYNKLI,SGHDN,FVKESK,ASSLLAGGADWNEQF,GILGFVFTL
1344,TISGTDY,GLTSN,ILNPTSGGGADGLT,SGHDT,YYEEEE,ASSLISRTQY,RFPLTFGWCF
1345,DSASNY,IRSNVGE,AAMETSYDKVI,LNHDA,SQIVND,ASSWLSNQPQH,RAKFKQLL
1346,NSASQS,VYSSG,VVNIPTNSGYALN,MRHNA,SNTAGT,ASSESQGYEQY,NYNYLYRLF
1347,NSAFQY,TYSSGN,AMSFSNFGNEKLT,SGHDN,FVKESK,ASSQDEQVVGNEQF,LLAGIGTVPI
1348,NSAFQY,TYSSGN,AMRDTNAGGTSYGKLT,LNHDA,SQIVND,ASSMRSGSEQF,GILGFVFTL
1349,TSENNYY,QEAYKQQN,AFRADSNYQLI,LGHDT,YNNKEL,ASSQFLGGTEPYT,GILGFVFTL
1350,TSGFNG,NVLDGL,AVGKADNYGQNFV,SGHVS,FNYEAQ,ASSFGGRALPSSYNEQF,YLLEMLWRL
1351,YGATPY,YFSGDTLV,AVGEVNDMR,MNHNY,SVGAGI,ASRATFTDTQY,RPPIFIRRL
1352,NSASDY,IRSNMDK,NNNARLM,DFQATT,SNEGSKA,SARDQTGNGYT,GLCTLVAML
1353,DSVNN,IPSGT,AGGTASKLT,SGHDT,YYEEEE,ASSLVEGINYGYT,NQKLIANQF
1354,TSDPSYG,QGSYDQQN,AMREGESGGFKTI,SGHAT,FQDESV,ASSSGLAGDSHTGELF,RAKFKQLL
1355,TSDPSYG,QGSYDQQN,AMREGMDSSYKLI,SEHNR,FQNEAQ,ASSTHETTGAGSPLH,TPRVTGGGAM
1356,SIFNT,LYKAGEL,AGPMKTSYDKVIFG,SGHDY,FNNNVP,ASSSANYGYTFG,NLVPMVATV
1357,DRGSQS,IYSNGD,AVVSNSGYALN,SGHTA,FQGTGA,ASRSGGHVDTQY,GLCTLVAML
1358,TSINN,IRSNERE,ATDRAQKLV,MNHNY,SVGAGI,ASSYWGGTDTQY,LTDEMIAQY
1359,VSGLRG,LYSAGEE,AVQDMGRRALT,KGHDR,SFDVKD,ATSGRRDEQF,RFPLTFGWCF
1360,DRGSQS,IYSNGD,AVNLGNRDDKII,MDHEN,SYDVKM,ASSPVQGLATEAF,LLLDRLNQL
1361,SSNFYA,MTLNGDE,ALAGSSNTGKLI,LNHDA,SQIVND,ASSFRSSIEQY,GILGFVFTL
1362,DSSSTY,IFSNMDM,AEMEGGSYIPT,LNHDA,SQIVND,ASSIRSSYEQY,RAKFKQLL
1363,DSASNY,IRSNVGE,AARETSYDKVI,SGHNS,FNNNVP,ASRKQGSDTGELF,RAKFKQLL
1364,VSGNPY,YITGDNLV,AVNSAGTASKLT,SGDLS,YYNGEE,ASSVSGSDSYEQY,TTDPSFLGRY
1365,NSMFDY,ISSIKDK,AASGGSQGNLI,SQVTM,ANQGSEA,SSQEGGYGYT,GLCTLVAML
1366,ATGYPS,ATKADDK,ALTPISDGQKLL,SGHTA,FQGNSA,ASSPSGQLDSQH,ATDALMTGF
1367,TSINN,IRSNERE,ARKIKRQQIQ,SEHNR,FQNEAQ,ASSHSGGSGGQPQH,RAQAPPPSW
1368,NSASQS,VYSSG,VVNQISGNTPLV,LGHNA,YSLEER,ASLGDPNTGELF,YLQPRTFLL
1369,KALYS,LLKGGEQ,GTEIMDNFNKFY,LNHDA,SQIVND,ASLGGTPYNEQF,QYIKWPWYI
1370,DSVNN,IPSGT,AVDPKSLNTGNQFY,LNHDA,SQIVND,ASSIFHTETQY,GILGFVFTL
1371,DRGSQS,IYSNGD,AVNLETDSWGKLQ,MNHEY,SVGAGI,ASRVSGSHEQYV,LLWNGPMAV
1372,TRDTTYY,RNSFDEQN,ALSEAGTGGSYIPT,LNHDA,SQIVND,ASSMFGGQPQH,GILGFVFTL
1373,VSGLRG,LYSAGEE,AVTGYSTLT,SNHLY,FYNNEI,ASEGETQY,GILGFVFTL
1374,VSGLRG,LYSAGEE,NSGYSTLT,SEHNR,FQNEAQ,ASSLLGTVDNSPLH,RAKFKQLL
1375,NSMFDY,ISSIKDK,AAPTGFGNEKLT,SGHRS,YFSETQ,ASSSGLAGVETGELF,NLVPMVATV
1376,NSAFQY,TYSSGN,AMRDNYQLI,MNHNS,SASEGT,ASSEAQGPQY,LTDEMIAQY
1377,TSENNYY,QEAYKQQN,AFAPSGTYKYI,LNHDA,SQIVND,ASSMGGGATVLT,GILGFVFTL
1378,DRGSQS,IYSNGD,AVAGQKLL,MDHEN,SYDVKM,ASSDRLLGNQPQH,LLAGIGTVPI
1379,TSENNYY,QEAYKQQN,AFMKGAGGTSYGKLT,LNHDA,SQIVND,ASSPRSNQPQH,GILGFVFTL
1380,SVFSS,VVTGGEV,AGAHGGSQGNLI,LNHDA,SQIVND,ASSPRSDGELF,GILGFVFTL
1381,SVFSS,VVTGGEV,AGADGGSQGNLI,LNHDA,SQIVND,ASSISSTGELF,GILGFVFTL
1382,SVFSS,VVTGGEV,AGVPDTGNQFY,LGHNA,YNFKEQ,ASSQESVSYNEQF,LLWNGPMAV
1383,TRDTTYY,RNSFDEQN,ALFGGYNQGGKLI,LNHDA,SQIVND,ASSTSGGGTEAF,GILGFVFTL
1384,TRDTTYY,RNSFDEQN,ALSSKETSGSRLT,LGHNA,YNFKEQ,ASSRTGEHQPQH,CTELKLSDY
1385,VSGNPY,YITGDNLV,AVRDGTGANNLF,LNHDA,SQIVND,ASTTVQGGYT,GILGFVFTL
1386,NSMFDY,ISSIKDK,AASGDSGRSQGNLI,LNHDA,SQIVND,ASSIFASGSYEQY,VLEETSVML
1387,TTLSN,LVKSGEV,AGPEEGGSQGNLI,LNHDA,SQIVND,ASSGRSTDTQY,GILGFVFTL
1388,DSVNN,IPSGT,AVGLDNYGQNFV,MDHEN,SYDVKM,ASSRDPQGAGPGSYNSPLH,RPHERNGFTVL
1389,YSGSPE,HISR,ALRGYGQNFV,LGHNA,YSLEER,ASSQDAPGQGSDEQF,GPRLGVRAT
1390,NSASDY,IRSNMDK,ADPNTGNQFY,SGHVS,FNYEAQ,ASSRRWGSSYEQY,SPRWYFYYL
1391,VSGLRG,LYSAGEE,AVHDNNNDMR,MGHRA,YSYEKL,ASSQDQGALGYT,GILGFVFTL
1392,DSAIYN,IQSSQRE,AATKLRTQGGSEKLV,SGHDT,YYEEEE,ASSLEVPSGTGGREQY,LLAGIGTVPI
1393,DRGSQS,IYSNGD,AVNSRTGGFKTI,MDHEN,SYDVKM,ASTPLGSYEQY,LLLDRLNQL
1394,ATGYPS,ATKADDK,ALGDDKII,SGHTA,FQGNSA,ASSLASEGFTEAF,NQKLIANQF
1395,TSENNYY,QEAYKQQN,AFMINAGGTSYGKLT,MGHRA,YSYEKL,ASSTSTGTGYGYT,RAKFKQLL
1396,TISGTDY,GLTSN,IFSLLGCSSYGKLT,SGHVS,FQNEAQ,ASSLGQAYEQY,FLRGRAYGL
1397,DRGSQS,IYSNGD,AGHNQGGKLI,SGDLS,YYNGEE,ASSVGSGPPNEQF,LLLDRLNQL
1398,VSGNPY,YITGDNLV,AVRDDTGGFKTI,SGDLS,YYNGEE,ASSGEGGTTNTGELF,GILGFVFTL
1399,NSASQS,VYSSG,VVNENDKII,DFQATT,SNEGSKA,SASKRLLNEQF,LLFGYPVYV
1400,SVFSS,VVTGGEV,AGAEVSNYGGSQGNLI,LNHDA,SQIVND,ASSIRSSYEQY,GILGFVFTL
1401,DRGSQS,IYSNGD,AVPSGNTPLV,SSHAT,FNYEAQ,ASSGPPHTGELF,LLAGIGTVPI
1402,NSASQS,VYSSG,VVNGLGDDMR,KGHDR,SFDVKD,ATQTANTGELF,YLQPRTFLL
1403,NSAFQY,TYSSGN,AMSRSNFGNEKLT,SGHDN,FVKESK,ASSQEDREGLNNEQF,LLAGIGTVPI
1404,YGGTVN,YFSGDPLV,AAPGYSTLT,SGHRS,YFSETQ,ASSLAGGPTGELF,YVLDHLIVV
1405,NSASQS,VYSSG,GVVNMGDDMR,KGHDR,SFDVKD,ATQRANTGELF,YLQPRTFLL
1406,NSASQS,VYSSG,VVNIPAGNTPLV,DFQATT,SNEGSKA,SARDHGATNTGELF,YLQPRTFLL
1407,NSASQS,VYSSG,VVNSPTGGFKTI,DFQATT,SNEGSKA,SALILASSSDTQY,YSEHPTFTSQY
1408,VSGLRG,LYSAGEE,AVSTDKLI,LNHDA,SQIVND,ALEGNGELF,GILGFVFTL
1409,VSGNPY,YITGDNLV,AVRDTTWDDKII,SGHVS,FNYEAQ,SYNEQF,FLRGRAYGL
1410,SSVSVY,YLSGSTLV,TSLTPGASKII,SNHLY,FYNNEI,ASSSGLVAPGELF,GLCTLVAML
1411,SSNFYA,MTLNGDE,ASAGGTSYGKLT,SGHDT,YYEEEE,ASSFGGPPEAF,QYIKWPWYI
1412,TRDTTYY,RNSFDEQN,ALSEFRGNTPLV,SNHLY,FYNNEI,ASSEPIGTGGNQPQH,NLVPMVATV
1413,YGGTVN,YFSGDPLV,AFGGLT,LGHDT,YNNKEL,ASSPSTSGSGETQY,YVLDHLIVV
1414,TSGFNG,NVLDGL,AVSDSNYQLI,LGHDT,YNNKEL,ASSQELEVYNEQF,RAKFKQLL
1415,VSGLRG,LYSAGEE,AVQARNNAGNMLT,LNHDA,SQIVND,ASSIVKLAGGTYEQY,CTELKLSDY
1416,YGATPY,YFSGDTLV,AVGGLNDYKLS,DFQATT,SNEGSKA,SARDDSGQGFGFLETQY,GLCTLVAML
1417,DRGSQS,IYSNGD,AVTGFQKLV,LGHDT,YNNKEL,ASSPPGQGTYEQY,LLAGIGTVPI
1418,DRGSQS,IYSNGD,AVTKGDYKLS,LNHDA,SQIVND,ASSHFQGASYGYT,GILGFVFTL
1419,SSNFYA,MTLNGDE,ASLMYSGGGADGLT,SGHTA,FQGTGA,ASSQNSGRTYNEQF,KSKRTPMGF
1420,TRDTTYY,RNSFDEQN,ALSGLTGANNLF,DFQATT,SNEGSKA,SARDLAGSGGADTQY,QYIKWPWYI
1421,DRGSQS,IYSNGD,AVNGQNFV,LNHDA,SQIVND,ASSIRSSYEQY,GILGFVFTL
1422,TSDPSYG,QGSYDQQN,AMREGRDSSYKLI,SEHNR,FQNEAQ,ASSLLQGARTEAF,TPRVTGGGAM
1423,NSASDY,IRSNMDK,AEKRSSGDKLT,SEHNR,FQNEAQ,ASSLDIKAF,YLQPRTFLL
1424,DSASNY,IRSNVGE,AASTDGGTSYGKLT,SGHTA,FQGNSA,ASSLTRRTLQETQY,RAKFKQLL
1425,NSAFQY,TYSSGN,AMKSANNARLM,SEHNR,FQNEAQ,ASSFAGDEQY,RTLNAWVKV
1426,TSGFNG,NVLDGL,AVGYTDKLI,SGHRS,YFSETQ,ASMGTGFDGYT,RAKFKQLL
1427,DRGSQS,IYSNGD,AVHLSAYSGAGSYQLT,MGHRA,YSYEKL,ASSQDKGRAYEQY,GILGFVFTL
1428,SIFNT,LYKAGEL,AGVNAGGTSYGKLT,MNHEY,SMNVEV,ASSLGLSGELF,YLQPRTFLL
1429,SVFSS,VVTGGEV,AGAGSQGNLI,SGHDN,FVKESK,ASSQDRVRETQY,GILGFVFTL
1430,DRGSQS,IYSNGD,APRDMR,MNHEY,SVGAGI,ASSYPQPGNYGYT,ALAGIGILTV
1431,DRGSQS,IYSNGD,AGGASKII,MRHNA,SNTAGT,ASSATGTGGYEQY,LLWNGPMAV
1432,DRGSQS,IYSNGD,AVIHARLM,SGHAT,FQNNGV,ASSPAGGYEQYV,LLWNGPMAV
1433,DRGSQS,IYSNGD,AVKGRYNFNKFY,LNHDA,SQIVND,ASSVGTGAYEQY,FEDLRVLSF
1434,TISGNEY,GLKNN,IVREGGGADGLT,SEHNR,FQNEAQ,ASSLAVGAGPQH,RAKFKQLL
1435,DRGSQS,IYSNGD,AVGRDDKII,SGDLS,YYNGEE,ASSVDSGMNTGELF,LLLDRLNQL
1436,DSASNY,IRSNVGE,AASETSYDKVI,SGHNS,FNNNVP,ASSPGDRGSGYT,RAKFKQLL
1437,DRGSQS,IYSNGD,ASPRAGSYQLT,ENHRY,SYGVKD,AISEGDGYT,VSDGGPNLY
1438,TRDTTYY,RNSFDEQN,ALSETVSSGSARQLT,LNHDA,SQIVND,ASSIFHSPKNQPQH,GILGFVFTL
1439,TTLSN,LVKSGEV,AAPGQNRDDKII,KGHSH,LQKENI,ASSPPQGRGGYT,LLAGIGTVPI
1440,SIFNT,LYKAGEL,AGLDFGNEKLT,SEHNR,FQNEAQ,ASSLATSPLMNTEAF,ELAGIGILTV
1441,NIATNDY,GYKTK,LVGASYYNQGGKLI,SGHVS,FQNEAQ,ASSLGQAYEQY,FLRGRAYGL
1442,TSDPSYG,QGSYDQQN,AMREDAGGTSYGKLT,MDHEN,SYDVKM,ASSLTGTGFKQF,CINGVCWTV
1443,YGGTVN,YFSGDPLV,AVYSGYALN,MNHEY,SVGEGT,ASSPGTGGADTQY,YVLDHLIVV
1444,DSASNY,IRSNVGE,AAPRNTNAGKST,MGHRA,YSYEKL,ASSPNAGGTYNEQF,RTATKQYNV
1445,TSENNYY,QEAYKQQN,AFMKLRPNTGNQFY,SGHVS,FNYEAQ,ASSLGLAGGPFNEQF,TTDPSFLGRY
1446,TRDTTYY,RNSFDEQN,ALLGSSNTGKLI,MDHEN,SYDVKM,ASSLHLRQDEQPQH,QAKWRLQTL
1447,DSVNN,IPSGT,AVEPASGSRLT,MNHEY,SVGEGT,ASSYSTGILYYGYT,CINGVCWTV
1448,DSVNN,IPSGT,AVHINDYKLS,LNHDA,SQIVND,ASSTFLLDEQY,GILGFVFTL
1449,YGATPY,YFSGDTLV,AVGATNDYKLS,LNHDA,SQIVND,ASSSFLLSEQY,GILGFVFTL
1450,DRGSQS,IYSNGD,AEGGGSQGNLI,SGHVS,FQNEAQ,ASSLAGLAGGELF,ELAGIGILTV
1451,NSAFQY,TYSSGN,AMSLSNFGNEKLT,KGHDR,SFDVKD,ATSDNTGTATYNEQF,LLAGIGTVPI
1452,SVFSS,VVTGGEV,AGAGQRGSQGNLI,LNHDA,SQIVND,ASSTYSNQPQH,GILGFVFTL
1453,NSAFQY,TYSSGN,AMSASNFGNEKLT,MDHEN,SYDVKM,ASSLYGQGRTDTEAF,LLAGIGTVPI
1454,DRGSQS,IYSNGD,AVNLVYSGGGADGLT,ENHRY,SYGVKD,AISESSGLSGNTIY,ALAGIGILTV
1455,TSGFNG,NVLDGL,AVRDARLM,LGHNA,YSLEER,ASSQDDGTFSYNEQF,GILGFVFTL
1456,ATGYPS,ATKADDK,ALSETSYDKVI,SGHNS,FNNNVP,ASRVGAGGPDGELF,RAKFKQLL
1457,ATGYPS,ATKADDK,ALHSGYALN,MDHEN,SYDVKM,ASRRLAGGTDNEQF,LPRWYFYYL
1458,DRGSQS,IYSNGD,AEANAGGTSYGKLT,MDHEN,SYDVKM,ASSSIPGTSNTGELF,LLLDRLNQL
1459,DRGSQS,IYSNGD,AVNLWDSGGGADGLT,PRHDT,FYEKMQ,ASSLLLAGAGANVLT,LLLDRLNQL
1460,VTNFRS,LTSSGIE,AVDGQFY,SGHDT,YYEEEE,ASSLGGYTGELF,RTATKQYNV
1461,ATGYPS,ATKADDK,APLKGKLI,SGHAT,FQNNGV,ASSLEGRREGETQY,QMMVKAGL
1462,YGGTVN,YFSGDPLV,ALKDTDKLI,WSHSY,SAAADI,ASSEVLETSSYEQY,YVLDHLIVV
1463,DSSSTY,IFSNMDM,AEIMNSGYSTLT,SGHVS,FQNEAQ,ASSLGQAYEQY,FLRGRAYGL
1464,TTSDR,LLSNGAV,AVDIYSGTYKYI,SGDLS,YYNGEE,ASSVAGTGGLFYT,ALWEIQQVV
1465,DRGSQS,IYSNGD,AVNQDDKII,SEHNR,FQNEAQ,ASSFDIAEF,YLQPRTFLL
1466,SVFSS,VVTGGEV,AGGGSQGNLI,DFQATT,SNEGSKA,SARDLTAGSYEQY,GILGFVFTL
1467,DSASNY,IRSNVGE,AASETSYDKVI,SEHNR,FQNEAQ,ASSVTGPGDNEQF,RAKFKQLL
1468,TISGNEY,GLKNN,IVRALLGGYQKVT,DFQATT,SNEGSKA,SARDRTSGTYEQY,TTDPSFLGRY
1469,YGATPY,YFSGDTLV,AVFLYGNNRLA,SGHDT,YYEEEE,ASSLRDGSEAF,RAKFKQLL
1470,NSASQS,VYSSG,VVPYGQNFV,MNHNY,SVGAGI,ASSLPGYQETQY,TDLGQNLLY
1471,TRDTTYY,RNSFDEQN,ALEYNFNKFY,DFQATT,SNEGSKA,SAAIAASYNEQF,QYIKWPWYI
1472,DSASNY,IRSNVGE,AAAETSYDKVI,SGHAT,FQDESV,ASSQLGEAKEGTEAF,RAKFKQLL
1473,DSASNY,IRSNVGE,AARETSYDKVI,SEHNR,FQNEAQ,ASSSLGDREETQY,RAKFKQLL
1474,SIFNT,LYKAGEL,AGSGNGGSQGNLI,LNHDA,SQIVND,ASSGRASTEAF,GILGFVFTL
1475,TSESDYY,QEAYKQQN,AYKENYKYI,GTSNPN,SVGIG,AWSRGSAYNEQF,KLWAQCVQL
1476,NSASQS,VYSSG,VVNIFMDSSYKLI,LGHNT,FRNRAP,ASGLVQGYEQY,NYNYLYRLF
1477,DRGSQS,IYSNGD,AVTSWTDKLI,SGDLS,YYNGEE,ASSVGGNTEAF,ALGIGILTV
1478,NIATNDY,GYKTK,LVVGRYAGNMLT,SNHLY,FYNNEI,ASSLNRELF,SPRWYFYYL
1479,YGATPY,YFSGDTLV,AVGGGGGSQGNLI,SGHNS,FNNNVP,ASSSLDVAGYEQY,GILGFVFTL
1480,NIATNDY,GYKTK,LVGVPFSGSARQLT,SNHLY,FYNNEI,ASSGLNDRFYEQY,SPRWYFYYL
1481,NSASDY,IRSNMDK,AENIWLTGGGNKLT,DFQATT,SNEGSKA,SARSGLGVEVGRETQY,RPHERNGFTVL
1482,NSMFDY,ISSIKDK,AASPLGGNKLV,SGDLS,YYNGEE,ASSPGLAASTDTQY,SPRWYFYYL
1483,DSAIYN,IQSSQRE,TTDSWGKFE,LNHDA,SQIVND,ASSMGTVYLNTEAF,NLVPMVATV
1484,TRDTTYY,RNSFDEQN,ALSPDISNFGNEKLT,LNHDA,SQIVND,ASSPTGWVTREAF,GILGFVFTL
1485,TRDTTYY,RNSFDEQN,ALIITSGTYKYI,LNHDA,SQIVND,ASSVGQPQH,GILGFVFTL
1486,TSDPSYG,QGSYDQQN,ALSEGESRASKII,SQVTM,ANQGSEA,SVGTADGYT,RAKFKQLL
1487,TSENNYY,QEAYKQQN,FMTATFTSGTYKY,LNHDA,SQIVND,SSLAGPYNEQ,GILGFVFTL
1488,DRGSQS,IYSNGD,AVNIEGYQKVT,MNHNY,SVGAGI,ASSDSSGGLYNEQF,GILGFVFTL
1489,YGGTVN,YFSGDPLV,ALNTDKLI,LGHDT,YNNKEL,ASGTLAGAGQTQY,YVLDHLIVV
1490,NSAFQY,TYSSGN,AMRPYNFNKFY,MGHRA,YSYEKL,ASSQRIGRGGPRNTDTQY,RAKFKQLL
1491,TSINN,IRSNERE,ATDGGGSNYKLT,LNHDA,SQIVND,ASSIYSYNEQF,GILGFVFTL
1492,TISGNEY,GLKNN,IVRDMEYGNKLV,SGHTA,FQGTGA,ASSLVVAGGPGTDTQY,RAKFKQLL
1493,VSGNPY,YITGDNLV,AVRDTGDMR,SGHDY,FNNNVP,ASSMVNEQF,NLVPMVATV
1494,DRGSQS,IYSNGD,AVDNYGQNFV,LGHNA,YNFKEQ,ASSQEASGGYEQY,GILGFVFTL
1495,TSGFYG,NALDGL,AVRDNDYKLS,SGHRS,YFSETQ,ASSLAEQGMYEQY,CLGGLLTMV
1496,STGYPT,ETMEN,LLETRLGASGTYKYI,LNHDA,SQIVND,ASSIGYYGYT,GILGFVFTL
1497,DSSSTY,IFSNMDM,AGRTGGFKTI,SGHRS,YFSETQ,ASSPRDSPSDEQF,SPRWYFYYL
1498,SSVPPY,YTSAATLV,AAPPSNTGKLI,LNHDA,SQIVND,ASSGRSAVEQF,GILGFVFTL
1499,YGATPY,YFSGDTLV,AVGENAGGTSYGKLT,LNHDA,SQIVND,ASSIGLHGYT,GILGFVFTL
1500,SSVSVY,YLSGSTLV,AARLSFKTI,SGHDN,FVKESK,ASSGLAGGYNEQF,SPRWYFYYL
1501,TSDPSYG,QGSYDQQN,AMREGWTGANSKLT,ENHRY,SYGVKD,AISGSETQY,GILGFVFTL
1502,DSSSTY,IFSNMDM,AEDVNNDMR,DFQATT,SNEGSKA,SVLSDSSYNEQF,GLCTLVAML
1503,NSASQS,VYSSG,VVNGRDSSYKLI,SNHLY,FYNNEI,ASSAPDKAPNEQY,GLCTLVAML
1504,VSGNPY,YITGDNLV,AVRDMGTGGFKTI,SEHNR,FQNEAQ,AIQEDTDTQY,RAKFKQLL
1505,TISGNEY,GLKNN,IVRVNAGNMLT,SQVTM,ANQGSEA,SVGSGDHGEQF,RAKFKQLL
1506,NSASQS,VYSSG,VVNGPTLGGGADGLT,SGDLS,YYNGEE,ASSVDYQETQY,YVLDHLIVV
1507,SVFSS,VVTGGEV,AGGGSQGNLI,LNHNV,YYDKDF,ATSSQNEQF,GILGFVFTL
1508,DSAIYN,IQSSQRE,AVRRDSGYALN,MNHNY,SVGAGI,ASSPKAGILETQY,RPPIFIRRL
1509,DSASNY,IRSNVGE,AAAETSYDKVI,SGHTS,YDEGEE,ASSFDYQVF,CTELKLSDY
1510,DSAIYN,IQSSQRE,AVRGGGGAAGGTSYGKLT,LNHDA,SQIVND,ASYPHSNTGELF,FTSDYYQLY
1511,VSGNPY,YITGDNLV,AVRENSGAGSYQLT,SQVTM,ANQGSEA,SVELGVSYNEQF,GILGFVFTL
1512,KALYS,LLKGGEQ,GPAAPNDYKLS,SGDLS,YYNGEE,ASSTGQLSNTGELF,GLCTLVAML
1513,YGGTVN,YFSGDPLV,AVNSFGGGYNKLI,SGHDT,YYEEEE,ASSPPNGRAEQY,YLLEMLWRL
1514,TSDPSYG,QGSYDQQN,AMREGEGGTSYGKLT,MDHEN,SYDVKM,ASSFITSGFPYEQY,KLSALGINAV
1515,SSVPPY,YTSAATLV,AVSARAGGFKTI,SNHLY,FYNNEI,ASSSGLVAPGELF,GILGFVFTL
1516,TSINN,IRSNERE,ATDDYDRGSTLGRLY,LNHDA,SQIVND,ASKGTSGGVNEQF,GILGFVFTL
1517,DSAIYN,IQSSQRE,AVLRGAGSYQLT,MNHEY,SMNVEV,ASSPTAGELF,FEDLRLLSF
1518,DRGSQS,IYSNGD,AALDSWGKFQ,SEHNR,FQNEAQ,ASSDRGGIGGSAF,GILGFVFTL
1519,TSINN,IRSNERE,ATEGDSGYSTLT,MNHEY,SVGEGT,ASSPQGGNYGYT,FLYALALLL
1520,VSGNPY,YITGDNLV,NTGNQFY,LNHDA,SQIVND,ASSVFATGGSGYT,GILGFVFTL
1521,VSPFSN,MTFSENT,VVSSAYGNNRLA,MDHEN,SYDVKM,ASSLGLGGSTDTQY,GILGFVFTL
1522,NSMFDY,ISSIKDK,AASEREYGNKLV,KGHSH,LQKENI,ASSLTGVVREQY,GILGFVFTL
1523,DRGSQS,IYSNGD,AAPGGGGSQGNLI,SGHAT,FQNNGV,ASSFPPRLYANYGYT,GILGFVFTL
1524,DSSSTY,IFSNMDM,AESPYYNTDKLI,DFQATT,SNEGSKA,SAREQGTGGLSGELF,GILGFVFTL
1525,TRDTTYY,RNSFDEQN,ALSYSSASKII,SQVTM,ANQGSEA,SVDPGQFYNEQF,QYIKWPWYI
1526,VSGNPY,YITGDNLV,AVRDGTGANNLF,LNHDA,SQIVND,ASSRTATHGYT,GILGFVFTL
1527,VSPFSN,MTFSENT,VVSAGLGKTSYDKVI,SGHNS,FNNNVP,ASSSLDVAGYEQY,RAKFKQLL
1528,DRGSQS,IYSNGD,AVYTGNQFY,SNHLY,FYNNEI,ASSDYNAEKLF,RTATKAYNV
1529,ATGYPS,ATKADDK,ALQYNFNKFY,SGHDT,YYEEEE,ASSLRDGSEAF,RAKFKQLL
1530,NSASQS,VYSSG,VVCSLQGAQKLV,SGHNS,FNNNVP,ASSFSGNTGELF,RAKFKQLL
1531,DSASNY,IRSNVGE,AASEDGGFKTI,MGHRA,YSYEKL,ASSQVQGAVGELF,RAKFKQLL
1532,TSGFYG,NALDGL,AVAGGGNKLT,MNHNY,SVGAGI,ASSLQGNYEQ,SPRWYFYYL
1533,DRGSQS,IYSNGD,AVNPGTYKYI,SGHNS,FNNNVP,ASAPRRDRGTDTQY,QMMVKAGL
1534,NSMFDY,ISSIKDK,AASGLNNNAGNMLT,SGHDN,FVKESK,ASSPGQLQETQY,NLVPMVATV
1535,TSDPSYG,QGSYDQQN,AMRDPRTGAHNLF,SGHVS,FNYEAQ,ASSLVGDSGELF,RAKFKQLL
1536,DSASNY,IRSNVGE,AASMNNYGQNFV,MNHEY,SVGEGT,ASSYLWQMLHNEQF,TTDPSFLGRY
1537,DRGSQS,IYSNGD,AVTGDKVI,LGHNA,YSLEER,ASSRGDPAYEQY,LLWNGPMAV
1538,TRDTTYY,RNSFDEQN,ALSEASHLFQGAQKLV,MNHEY,SMNVEV,ATTGGPEEKLF,TTDPSFLGRY
1539,TRDTTYY,RNSFDEQN,ALSEAPRSGYALN,MNHEY,SVGEGT,ASSYSSGELF,TPRVTGGGAM
1540,NSAFQY,TYSSGN,AIWGEGYQKVT,SGHVS,FQNEAQ,ASSLGIPQREPYNEQF,HPVTKYIM
1541,DRGSQS,IYSNGD,AVPNSGGGADGLT,SGDLS,YYNGEE,ASSPGLAGGEQF,ELAGIGILTV
1542,TSDPSYG,QGSYDQQN,AMREGLGFQKLV,SGHDN,FVKESK,ASSQGLLGSETQY,ATDALMTGF
1543,NSASDY,IRSNMDK,ADSGGGADGLT,SGHTA,FQGNSA,ASSWGGGSHYGYT,RAKFKQLL
1544,NSASQS,VYSSG,VVNKDSGYALN,SQVTM,ANQGSEA,SVEADRNTGELF,YLQPRTFLL
1545,NYSPAY,IRENEKE,ALGTEGNVLHCFGNVLH,LNHDA,SQIVND,ASSIDTHWPQH,VSDGGPNLY
1546,TSDPSYG,QGSYDQQN,AMREGGQKLL,LNHDA,SQIVND,ATSTVPDYNSPLH,RPIIRPATL
1547,SVFSS,VVTGGEV,AGPEGGYSGAGSYQLT,SGDLS,YYNGEE,ASSVSGATADTQY,GILGFVFTL
1548,SSNFYA,MTLNGDE,ALGNTGGFKTI,SGDLS,YYNGEE,ASSVEVQARSDTQY,SPRWYFYYL
1549,DSASNY,IRSNVGE,AASEVPQLT,MGHRA,YSYEKL,ASSQTGTLNTEAF,RAKFKQLL
1550,VGISA,LSSGK,AAPYGGSQGNLI,MNHNY,SVGAGI,ASSYPGTGTSNQPQH,GILGFVFTL
1551,DRGSQS,IYSNGD,AYGNNRLA,SGHNS,FNNNVP,ASSPGLAADTQY,ELAGIGILTV
1552,ATGYPS,ATKADDK,ALSDNSGYALN,PRHDT,FYEKMQ,ASSLGLAGDEQY,GILGFVFTL
1553,TISGNEY,GLKNN,YSGGGADGLT,SEHNR,FQNEAQ,ASSLAVGEGPQH,RAKFKQLL
1554,NSASQS,VYSSG,AYSGTYKYI,WSHSY,SAAADI,ASSEGAEAF,ALAGIGILTV
1555,TRDTTYY,RNSFDEQN,ALSSRGSTLGRLY,LNHDA,SQIVND,ASSIVGGAYNEQF,GILGFVFTL
1556,SSYSPS,YTSAATLV,AIPGYSSASKII,MDHEN,SYDVKM,ASSEGQDNYGYT,LPRWYFYYL
1557,DRGSQS,IYSNGD,AVYPGYSSASKII,MDHEN,SYDVKM,ASSFTDRGYEQY,LLLDRLNQL
1558,DSASNY,IRSNVGE,AASGYDYKLS,SGHNS,FNNNVP,ASSFSGNTGELF,RAKFKQLL
1559,SSVPPY,YTSAATLV,AVPSYSSASKII,DFQATT,SNEGSKA,SATYRGTPYEQY,SPRWYFYYL
1560,DRGSQS,IYSNGD,AVNAYEYGNKLV,LNHNV,YYDKDF,ATSRVREGHNEQF,LLLDRLNQL
1561,DRGSQS,IYSNGD,AVPLGGGSQGNLI,LNHDA,SQIVND,ASSIRSNNEQF,GILGFVFTL
1562,SSVSVY,YLSGSTLV,AVISNRDDKII,MNHNS,SASEGT,ASSERGIYEQY,TPRVTGGGAM
1563,YGGTVN,YFSGDPLV,AVKTLYQLT,LGHNA,YNFKEQ,ASSQGYSGAGETQY,YVLDHLIVV
1564,YGGTVN,YFSGDPLV,LKENTGFQKLV,LNHDA,SQIVND,ASSGTGAGEQY,GILGFVFTL
1565,TSGFYG,NALDGL,ALNQGGKLI,MNHEY,SMNVEV,ASSLRDSSYEQY,LLWNGPMAV
1566,VTNFRS,LTSSGIE,TTSGTYKYI,LGHNA,YSLEER,ASSQAGGTEAF,CINGVCWTV
1567,NSASQS,VYSSG,VVNEGDSSYKLI,SNHLY,FYNNEI,ASSSGQVLPNEQF,YVLDHLIVV
1568,YGGTVN,YFSGDPLV,AVKDTDKLI,MNHNS,SASEGT,ASSVYYEQY,YVLDHLIVV
1569,TISGTDY,GLTSN,IHSSGSARQLT,SGHTA,FQGNSA,ASSLTDEAYNEQF,NQKLIANQF
1570,TISGTDY,GLTSN,ILPYSSGSARQLT,KGHDR,SFDVKD,ASQLAGGTGELF,LLAGIGTVPI
1571,NSASQS,VYSSG,VVNQYNDMR,SGHNS,FNNNVP,ASFQDQNTGELF,YLQPRTFLL
1572,NSASDY,IRSNMDK,AENLGGGSQGNLI,LNHDA,SQIVND,ASSRRSGGEQY,GILGFVFTL
1573,YGGTVN,YFSGDPLV,AVNALDSSYKLI,DFQATT,SNEGSKA,SARGSATGELF,RAKFKQLL
1574,VSGNPY,YITGDNLV,AGPISSGSARQLT,MRHNA,SNTAGT,ASSELAGGTDTQY,RAKFKQLL
1575,DSSSTY,IFSNMDM,AEDNNNDMR,SGDLS,YYNGEE,ASSVTGTFGYEQY,GLCTLVAML
1576,DSAIYN,IQSSQRE,AVWNSGNTPLV,MNHNS,SASEGT,ASSVDTLNTEAF,GILGFVFTL
1577,DRGSQS,IYSNGD,AVNAGKST,MDHEN,SYDVKM,ASSTLDRGTDTQY,LLAGIGTVPI
1578,DRGSQS,IYSNGD,AVGGDMR,LNHDA,SQIVND,ASSVRSSYEQY,GILGFVFTL
1579,DSASNY,IRSNVGE,AASALGGYSTLT,KGHDR,SFDVKD,ATSDLPGKDGYT,SPRWYFYYL
1580,TRDTTYY,RNSFDEQN,ALSEPPGAGSYQLT,LNHDA,SQIVND,ASSATSGGYNEQF,GILGFVFTL
1581,SVFSS,VVTGGEV,AGGGSQGNLI,SNHLY,FYNNEI,ASSLSGNRQETQY,GILGFVFTL
1582,TSDPSYG,QGSYDQQN,AMREGESSASKII,SQVTM,ANQGSEA,SGGEAYGYT,RAKFKQLL
1583,TRDTTYY,RNSFDEQN,ALIDPYNAGNMLT,SGHDT,YYEEEE,ASSLGGGKISYNEQF,YLQPRTFLL
1584,NSAFQY,TYSSGN,AMSGGGGSQGNLI,MGHRA,YSYEKL,ASGEDNEQF,LLAGIGTVPI
1585,YGATPY,YFSGDTLV,TTDSWGKFE,MDHEN,SYDVKM,ASSLWQGASGNTIY,GILGFVFTL
1586,NSMFDY,ISSIKDK,AAILGFGNEKLT,SGDLS,YYNGEE,ASSAGTGGYT,TTDPSFLGRY
1587,DRGSQS,IYSNGD,AVEGSQGNLI,SEHNR,FQNEAQ,ASSYGQLNQPQH,RAKFKQLL
1588,TISGNEY,GLKNN,IVMDDFQKLV,SGHNS,FNNNVP,ASSFSGNTGELF,RAKFKQLL
1589,DRGSQS,IYSNGD,AVNTGGGSQGNLI,LNHDA,SQIVND,ASSIRSDEKLF,GILGFVFTL
1590,DSVNN,IPSGT,AVEFPSSGSARQLT,SGHAT,FQNNGV,ASSSPRVAGRPDTQY,QMMVKAGL
1591,NSAFQY,TYSSGN,AMSGRAGGTSYGKLT,MNHEY,SVGAGI,ASSLVETNYGYT,LTDEMIAQY
1592,SSNFYA,MTLNGDE,AAVFFNKFY,MDHEN,SYDVKM,ASSFLNGGGTEAF,NLVPMVATV
1593,TISGTDY,GLTSN,ILSSGTYKYI,DFQATT,SNEGSKA,SAPTPLLAGGYNEQF,GILGFVFTL
1594,DRGSQS,IYSNGD,AVKGNNDMR,MNHEY,SVGAGI,ASSYSALAYEQY,ELAGIGILTV
1595,TSENNYY,QEAYKQQN,AYRSSFDMR,SGHDN,FVKESK,ASSLGVNTEAF,DATYQRTRALVR
1596,NSAFQY,TYSSGN,AMSISNFGNEKLT,SGHRS,YFSETQ,ASSSEGAGTVYEQY,LLAGIGTVPI
1597,NIATNDY,GYKTK,LVGDSVPRGGNKLV,LNHDA,SQIVND,ASTVEQGAPGELF,CINGVCWTV
1598,TRDTTYY,RNSFDEQN,AHAGGTSYGKLT,LNHDA,SQIVND,ASRSGTGTYEQY,LTDEMIAQY
1599,NSASQS,VYSSG,VVNGKEMNTGFQKLV,LNHDA,SQIVND,ASSGTFGTSGNTDTQY,RVAGDSGFAAY
1600,NSAFQY,TYSSGN,ATQGAQKLV,MNHEY,SVGEGT,ASSQVLGLSVTGELF,GILGFVFTL
1601,NIATNDY,GYKTK,LVGDEGAGSYQLT,SNHLY,FYNNEI,ASSAGTGELYEQY,KSKRTPMGF
1602,TSINN,IRSNERE,ATPTVSTGANSKLT,LNHDA,SQIVND,ASSMMGSGYNEQF,GILGFVFTL
1603,ATGYPS,ATKADDK,APESGQNFV,LGHNA,YNFKEQ,ASSQSTGQPQH,GILGFVFTL
1604,SVFSS,VVTGGEV,AGRMNYGGSQGNLI,MNHEY,SMNVEV,ASSSITGDRVRKETQY,SPRWYFYYL
1605,DSASNY,IRSNVGE,AAIETSYDKVI,SEHNR,FQNEAQ,ASSRQGGPNNEQF,RAKFKQLL
1606,DSASNY,IRSNVGE,VVSGSYIPT,SGHTA,FQGNSA,ASSPTGPAYEQY,LLWNGPMAV
1607,DRGSQS,IYSNGD,AVGQEKVT,MNHEY,SMNVEV,ASRTVSYEQY,ALAGIGILTV
1608,NIATNDY,GYKTK,LVGDIGMTGGFKTI,SGHNS,FNNNVP,ASSGGVSGGAGETQY,RAKFKQLL
1609,SVFSS,VVTGGEV,AGGEYGNKLV,MNHEY,SMNVEV,ASSPGRVYGYT,GILGFVFTL
1610,TSDPSYG,QGSYDQQN,AMRRYSTLT,SGHAT,FQDESV,ASSSGSNNEQF,GILGFVFTL
1611,SIFNT,LYKAGEL,AGPRDPGDSNYQLI,LNHDA,SQIVND,ASSRYSNQPQH,GILGFVFTL
1612,TTLSN,LVKSGEV,AGYMDTGRRALT,LNHNV,YYDKDF,ATSSASSYEQY,LLWNGPMAV
1613,VSPFSN,MTFSENT,VVSEGNTPLV,SGHRS,YFSETQ,ASSLAGAGYT,SPRWYFYYL
1614,NSASQS,VYSSG,VAVSSGSARQLT,SGHVS,FQNEAQ,ASGGIITDTQY,VSDGGPNLY
1615,SSVSVY,YLSGSTLV,AVSEKAGNMLT,WSHSY,SAAADI,ASSELSGSGQEQY,GILGFVFTL
1616,TSESDYY,QEAYKQQN,AYSSGAGGTSYGKLT,SGHDY,FNNNVP,ASSFGIYEQY,GILGFVFTL
1617,SVFSS,VVTGGEV,AGTTGGGGATNKLI,DFQATT,SNEGSKA,SAFRPRGLNTQY,SPRWYFYYL
1618,NSASDY,IRSNMDK,AEIPGQNFV,SGHNT,YYREEE,ASSFPGANVLT,YLQPRTFLL
1619,NSASDY,IRSNMDK,AASPDSYNKLI,SGHDN,FVKESK,ASSHPNKEHEQY,CINGVCWTV
1620,NIATNDY,GYKTK,ILPLWLTFG,SGHDN,FVKESK,ASSLEGYTEAFFG,NLVPMVATV
1621,NSASQS,VYSSG,VVSLDNYGQNFV,SQVTM,ANQGSEA,SVDAENTGELF,VSDGGPNLY
1622,NSAFQY,TYSSGN,ALGRSNFGNEKLT,DFQATT,SNEGSKA,SSSGGPYTDTQY,LLAGIGTVPI
1623,SSVPPY,YTSAATLV,AVTGGGNKLT,DFQATT,SNEGSKA,SAPGQGASWQY,TDLGQNLLY
1624,NSASDY,IRSNMDK,AETGSNQAGTALI,MGHRA,YSYEKL,ASSQDGYGGDQPQH,CTELKLSDY
1625,NIATNDY,GYKTK,LVGDVDTDKLI,PRHDT,FYEKMQ,ASSLQNQETQY,RTATKAYNV
1626,DSSSTY,IFSNMDM,AEENAGNMLT,LNHDA,SQIVND,ASSLQGARKLF,QYIKWPWYI
1627,NSASDY,IRSNMDK,AENLGDSSYKLI,SGHDY,FNNNVP,ASRPSGGAETQY,GILGFVFTL
1628,NSMFDY,ISSIKDK,AASGGANNLF,LNHDA,SQIVND,ASSMGYYGYT,GILGFVFTL
1629,TSINN,IRSNERE,ATDVVHNAGNMLT,SGHRS,YFSETQ,ASSLVQNSYEQY,KSKRTPMGF
1630,VGISA,LSSGK,AASRDNNARLM,MNHEY,SMNVEV,ASRPLVGRREEKETQY,SPRWYFYYL
1631,DSSSTY,IFSNMDM,AEGSGGYNKLI,SNHLY,FYNNEI,AVPYEGQGDEQF,TTDPSFLGRY
1632,SVFSS,VVTGGEV,AGGGIQGAQKLV,MNHNY,SVGAGI,ASSYFGLAFQETQY,GILGFVFTL
1633,TTLSN,LVKSGEV,AGAKEEGADGLT,LNHNV,YYDKDF,ATSAGPEMYEQY,LLWNGPMAV
1634,NSAFQY,TYSSGN,AMSRSNFGNEKLT,MDHEN,SYDVKM,ASSPAAGMETQY,LLAGIGTVPI
1635,DRGSQS,IYSNGD,AVEEDTGRRALT,SGDLS,YYNGEE,ASSRAVSGNTIY,KLSALGINAV
1636,TSINN,IRSNERE,ATDEEEYGNKLV,PRHDT,FYEKMQ,ASSSRLAGQETQY,RTATKAYNV
1637,DRGSQS,IYSNGD,AVQTGANSKLT,MNHEY,SMNVEV,ASSLMGPGALF,HSNLNDATY
1638,TRDTTYY,RNSFDEQN,ALSEEIYNQGGKLI,SGHTA,FQGNSA,ASSLAGTGYNEQF,QAKWRLQTL
1639,DSASNY,IRSNVGE,AASETSYDKVI,SEHNR,FQNEAQ,ASSPRTGNTGELF,RAKFKQLL
1640,TSINN,IRSNERE,ASEGRSGYSTLT,MNHNS,SASEGT,ASSKQGGGGGYT,FLYALALLL
1641,DRGSQS,IYSNGD,AVSGNQFY,MNHEY,SVGAGI,ASSPGLAYEQYV,LLWNGPMAV
1642,VSGLRG,LYSAGEE,AAQPYDNYGQNFV,SEHNR,FQNEAQ,ASSLAQSYEQF,RGPGRAFVTI
1643,NIATNDY,GYKTK,LVGDPSPRRDDKII,SNHLY,FYNNEI,ASRTPGTSGGSYEQY,SPRWYFYYL
1644,YGATPY,YFSGDTLV,AVLPGGYNKLI,KGHSH,LQKENI,ASSLTRPQGRASYEQY,SPRWYFYYL
1645,NIATNDY,GYKTK,LVNPDDYKLS,GTSNPN,SVGIG,AWSVAGTNTEAF,CINGVCWTV
1646,TSINN,IRSNERE,ATDAGNDMR,MNHEY,SVGAGI,ASSYWVGRRDTQY,GLCTLVAML
1647,NSASQS,VYSSG,VVNPSNSGYALN,SQVTM,ANQGSEA,SAGQGPYEQY,RAKFKQLL
1648,DRGSQS,IYSNGD,AASGGTYKYI,SGDLS,YYNGEE,ASSSGLVSNTGELF,GLCTLVAML
1649,TSGFYG,NALDGL,AVRGGFGNVLHCFGNVLH,SGHNT,YYREEE,ASSLNGGQPYNEQF,RAKFKQLL
1650,TSINN,IRSNERE,ATDGHDYKLS,SGDLS,YYNGEE,ASGLSYEQY,LPRWYFYYL
1651,VSGNPY,YITGDNLV,AVSHLEVYSNTGKLI,LNHDA,SQIVND,ASSNIATDTQY,GILGFVFTL
1652,TSDPSYG,QGSYDQQN,AMRAYTPLV,MNHEY,SMNVEV,ASSLAGTGGRRTEAF,TTDPSFLGRY
1653,DSAIYN,IQSSQRE,AVPPPNQGGKLI,LNHNV,YYDKDF,ATSSMGNSGNTIY,SPRWYFYYL
1654,YSGSPE,HISR,ALSGLDYSSGTYKYI,SGHDT,YYEEEE,ASSLAVDRSSYNSPLH,GILGFVFTL
1655,TSESDYY,QEAYKQQN,AYRREETSGSRLT,LNHDA,SQIVND,ASSIYQGSSYNEQF,GILGFVFTL
1656,VSGLRG,LYSAGEE,AVSNTGNQFY,LNHDA,SQIVND,ASSIGVYGYT,GILGFVFTL
1657,SSVSVY,YLSGSTLV,AVSHSGGSNYKLT,MNHEY,SMNVEV,ASSHFVLGPRGGETQY,LTDEMIAQY
1658,DSAIYN,IQSSQRE,AVNTDKLI,SGHNS,FNNNVP,ASTTSATYEQY,TPRVTGGGAM
1659,DRGSQS,IYSNGD,AVNGAESSGGSNYKLT,SGHNS,FNNNVP,ASSFSGNTGELF,YLLEMLWRL
1660,TRDTTYY,RNSFDEQN,ALSDLDTGRRALT,SGHDT,YYEEEE,ASSAGQNSYEQY,SPRWYFYYL
1661,SSYSPS,YTSAATLV,VVSDRNFNKFY,ENHRY,SYGVKD,AISESLGQDQQY,CTELKLSDY
1662,SSYSPS,YTSAATLV,VVSDLSGNTGKLI,LGHNA,YSLEER,ASSADRGDTDTQY,KSKRTPMGF
1663,YGGTVN,YFSGDPLV,AVGACAGGFTTI,SGHRS,YFSETQ,ASSSFGVGAF,YAKWKLCSA
1664,TSINN,IRSNERE,APAAVVQAAGNKLT,MNHNS,SASEGT,ASSKQGGGYGYT,FLYALALLL
1665,VSGNPY,YITGDNLV,AVRPGYSSASKII,MNHNS,SASEGT,ASSETSGRSPYEQY,NLVPMVATV
1666,NSASDY,IRSNMDK,ADSGGGADGLT,MNHEY,SVGEGT,ASGMTGLTSEQY,RAKFKQLL
1667,SSVSVY,YLSGSTLV,AVSDRTNNDMR,SGHNT,YENEEA,ASSSRGRGETQY,HPVTKYIM
1668,DSSSTY,IFSNMDM,AEDNNARLM,DFQATT,SNEGSKA,SARDATGNGYT,CINGVCWTV
1669,NSASQS,VYSSG,VVNTLMRSNYQLI,ENHRY,SYGVKD,AISESSGYEQY,NYNYLYRLF
1670,NSASQS,VYSSG,VVNILDDMR,SEHNR,FQNEAQ,ASSPEDIQY,YLQPRTFLL
1671,DSAIYN,IQSSQRE,AALNNAGNMLT,SEHNR,FQNEAQ,ASSSGLAGVNEQF,LLDFVRFMGV
1672,SIFNT,LYKAGEL,AGPMKTSYDKVI,SGHDY,FNNNVP,ASSSANYGYT,NLVPMVATV
1673,YGATPY,YFSGDTLV,AVVPNTGNQFY,LNHNV,YYDKDF,ATSGGTSYEQF,LLWNGPMAV
1674,SVFSS,VVTGGEV,WGDRKTRNSY,SGHVS,FQNEAQ,ASSLGATWTSNTEAF,KSKRTPMGF
1675,NTAFDY,IRPDVSE,AAILYNNAGNMLT,LNHDA,SQIVND,ASSMRSNQPQH,GILGFVFTL
1676,DRGSQS,IYSNGD,AVKGGGADGLT,LGHNA,YNFKEQ,ASSQGAFSVEQY,ELAGIGILTV
1677,TSINN,IRSNERE,AFPGYSTLT,MDHEN,SYDVKM,ASSFTSSYNEQF,NQKLIANQF
1678,TSESDYY,QEAYKQQN,AYGQGAQKLV,PRHDT,FYEKMQ,ASSFLAGPQETQY,KLSALGINAV
1679,TTLSN,LVKSGEV,AGFPPGKLI,SGHNS,FNNNVP,ASSPVAGVRDEQF,GPRLGVRAT
1680,NSASQS,VYSSG,VVNRRDSSYKLI,SNHLY,FYNNEI,ASSDGRVHPGTQY,GLCTLVAML
1681,YGGTVN,YFSGDPLV,AANSGGSYIPT,SGHVS,FQNEAQ,ASSDSAGELF,DATYQRTRALVR
1682,NSASDY,IRSNMDK,AETHSGGSNYKLT,LNHDA,SQIVND,ASSARSSYEQY,GILGFVFTL
1683,TSINN,IRSNERE,ATVARGDSSYKLI,SEHNR,FQNEAQ,ASSLIGESVRNEQF,TPRVTGGGAM
1684,NSASQS,VYSSG,VVGLDNYGQNFV,DFQATT,SNEGSKA,SAQGDTGELF,VSDGGPNLY
1685,DSSSTY,IFSNMDM,AEDNNARLM,SNHLY,FYNNEI,ASSPGSTAPGELF,GLCTLVAML
1686,DRGSQS,IYSNGD,AVNTPLV,MDHEN,SYDVKM,ASTPGGLTLYEQY,ELAGIGILTV
1687,TSGFNG,NVLDGL,AVNRDNARLM,SGHNS,FNNNVP,ASRKQGSDTGELF,RAKFKQLL
1688,NSASDY,IRSNMDK,AERDNDMR,SGDLS,YYNGEE,ASSTAGTSGRGELF,YLQPRTFLL
1689,SSVSVY,YLSGSTLV,AVSETGPARLM,SEHNR,FQNEAQ,ASSPGTSGRPYEQY,SPRWYFYYL
1690,DRGSQS,IYSNGD,AGNDYKLS,LNHNV,YYDKDF,ATSGGGAYEQY,LLWNGPMAV
1691,NSASQS,VYSSG,VVNKLS,LNHDA,SQIVND,ASSSGGGAGYEQY,HSNLNDATY
1692,VSGLRG,LYSAGEE,AVWIREATDSWGKLQ,SNHLY,FYNNEI,ASLLLLNNEQF,LLFGYPVYV
1693,TSESDYY,QEAYKQQN,AYRSARGGSEKLV,LNHDA,SQIVND,ASSILAGGYNEQF,GILGFVFTL
1694,NSASQS,VYSSG,VDPMDTGRRALT,LNHDA,SQIVND,ASNDYSNEQF,LLAGIGTVPI
1695,DSASNY,IRSNVGE,AVVPGNTGKLI,LNHDA,SQIVND,ASSIRSGESRAF,GILGFVFTL
1696,NTAFDY,IRPDVSE,AASRKDNFNKFY,SGHRS,YFSETQ,ASSSGIGLYGYT,RTATKQYNV
1697,NSAFQY,TYSSGN,AFGASNFGNEKLT,SGHAT,FQNNGV,ASSLVGAGGTQETQY,LLAGIGTVPI
1698,NSMFDY,ISSIKDK,AASAQGGADGLT,MDHEN,SYDVKM,ASSFLAGAVEQF,TTDPSFLGRY
1699,NSASQS,VYSSG,VVNGGDSSYKLI,SNHLY,FYNNEI,ASSPQGVSPGTIY,GLCTLVAML
1700,NSAFQY,TYSSGN,AIRNNYQLI,MDHEN,SYDVKM,ASSGGNTIY,LTDEMIAQY
1701,TSGFNG,NVLDGL,AVMDSSYKLI,DFQATT,SNEGSKA,SARTGEAGYT,SLFNTVATLY
1702,TRDTTYY,RNSFDEQN,ALSEASRMDSNYQLI,LNHDA,SQIVND,ASSTHGGGNTEAF,GILGFVFTL
1703,NSAFQY,TYSSGN,AMGISNFGNEKLT,LGHDT,YNNKEL,ASSQDQAGYGQETQY,LLAGIGTVPI
1704,DRGSQS,IYSNGD,AAGGKLI,MNHEY,SVGEGT,ASTRQGKETQY,YVLDHLIVV
1705,NSMFDY,ISSIKDK,AASARGGSNYKLT,SGDLS,YYNGEE,ASSVEGANEQY,CINGVCWTV
1706,DSASNY,IRSNVGE,AAMETSYDKVI,KGHSH,LQKENI,ASSPRKDSTGELF,RAKFKQLL
1707,NSMFDY,ISSIKDK,AASEGGGSQGNLI,LNHDA,SQIVND,ASSIRSSYEQY,GILGFVFTL
1708,SSVSVY,YLSGSTLV,AVGGDGGSQGNLI,LNHDA,SQIVND,ASSIRASGVEQF,GILGFVFTL
1709,YGATPY,YFSGDTLV,AVGRMDSSYKLI,SGHDT,YYEEEE,ASSLRDGSEAF,RAKFKQLL
1710,NSASDY,IRSNMDK,AEMETSYDKVI,SEHNR,FQNEAQ,ASSLLGTVDNSPLH,RAKFKQLL
1711,YGATPY,YFSGDTLV,AVGGRTYHFI,MNHEY,SVGEGT,ASSWTASYEQY,YVLDHLIVV
1712,NSASQS,VYSSG,VVNVMDDMR,SGHNT,YYREEE,ASSPDRNTGELF,YLQPRTFLL
1713,VSGNPY,YITGDNLV,AVRWGAGSYQLT,SGHAT,FQNNGV,ASSFPVTAITGNTEAF,GPRLGVRAT
1714,NSMFDY,ISSIKDK,AASATPYGGSQGNLI,LNHDA,SQIVND,ASSIRSAYEQY,GILGFVFTL
1715,TSDPSYG,QGSYDQQN,AMREGRDSSYKLI,SEHNR,FQNEAQ,ASSLLMGARYEQY,TPRVTGGGAM
1716,TRDTTYY,RNSFDEQN,ALSALTGNQFY,MNHEY,SMNVEV,ASSTGGVGYEQY,NQKLIANQF
1717,DRGSQS,IYSNGD,AVNRNEKLT,SNHLY,FYNNEI,ASSPPGLSGNIQY,ELAGIGILTV
1718,DSAIYN,IQSSQRE,AVNGYKLS,SGHTA,FQGTGA,ASSLMAPERYNEQF,HPVTKYIM
1719,YGATPY,YFSGDTLV,AVGVSQGAQKLV,LGHNA,YSLEER,ASSPDSTSGYSREQF,KSKRTPMGF
1720,NSASDY,IRSNMDK,AEKRTGTGRRALT,MNHEY,SMNVEV,ASSPPTGSGEQY,LLAGIGTVPI
1721,NSMFDY,ISSIKDK,AASATRLM,SGHTA,FQGNSA,ASSLYGGGTGELF,GILGFVFTL
1722,NSAFQY,TYSSGN,AMNGARLMFGD,DFQATT,SNEGSKA,SARDVLAGGSDTQYFG,NLVPMVATV
1723,DRGSQS,IYSNGD,AVNDGGRLT,GTSNPN,SVGIG,NTGELF,ELAGIGILTV
1724,SSNFYA,MTLNGDE,ASNTGTASKLT,LNHDA,SQIVND,ASSIIGSGNTIY,GILGFVFTL
1725,DRGSQS,IYSNGD,AVKKSNFGNEKLT,DFQATT,SNEGSKA,SAGLQVNTEAF,ELAGIGILTV
1726,TSGFNG,NVLDGL,VPMDSNYQLI,KGHDR,SFDVKD,ATSDRDRDTGELF,CTELKLSDY
1727,SVFSS,VVTGGEV,AGGGFADYGGSQGNLI,LNHDA,SQIVND,ASSLYSNQPQH,GILGFVFTL
1728,KALYS,LLKGGEQ,GTEPPLGYGKLT,SGDLS,YYNGEE,ASSVVGSGTEAF,YVLDHLIVV
1729,TSINN,IRSNERE,ATDASEAAGNKLT,SGDLS,YYNGEE,ASSAGSPAYEQY,YLQPRTFLL
1730,DSAIYN,IQSSQRE,AVRHRGGQKLL,SEHNR,FQNEAQ,ASSPSGSFEQF,LTDEMIAQY
1731,DSASNY,IRSNVGE,AASETSYDKVI,MNHEY,SVGEGT,ASSYSTWDTTSSYEQY,RAKFKQLL
1732,VSGNPY,YITGDNLV,AVRDMRAAGNKLT,KGHDR,SFDVKD,ATQRSGGQPQH,TTDPSFLGRY
1733,TTSDR,LLSNGAV,AVVRGISRWHQNAGGTSYGKLT,LNHDA,SQIVND,ASSIRSAQPQH,GILGFVFTL
1734,TSENNYY,QEAYKQQN,AFTPSAGGTSYGKLT,LNHDA,SQIVND,ASSIGSYGYT,GILGFVFTL
1735,KALYS,LLKGGEQ,GQT,LNHDA,SQIVND,ASSGRSTDTQY,GILGFVFTL
1736,VSGLRG,LYSAGEE,AAPSGNTGKLI,LNHDA,SQIVND,ASSMASLSEQF,GILGFVFTL
1737,ATGYPS,ATKADDK,ALGGSQGNLI,MNHEY,SMNVEV,ASGERGGPDTQY,TTDPSFLGRY
1738,TSGFNG,NVLDGL,AVRDLDSNYQLI,SGDLS,YYNGEE,ASSVGAGTFTYEQY,RTATKQYNV
1739,KTLYG,LQKGGEE,GADKEGPGGTSYGKLT,LNHDA,SQIVND,ASSFQPSPYNEQF,GILGFVFTL
1740,DSAIYN,IQSSQRE,AVIRMDSSYKLI,SGHKS,YYEKEE,ASSPDSGGYGYT,SLFNTVATLY
1741,DSAIYN,IQSSQRE,AVTADRGSTLGRLY,MGHRA,YSYEKL,ASSQEEVMGETQY,KSKRTPMGF
1742,NSASDY,IRSNMDK,AETRGGGAQKLV,MNHEY,SMNVEV,ASSLGSSATNEQF,TPRVTGGGAM
1743,VGISA,LSSGK,AAVRDNYGQNFV,SEHNR,FQNEAQ,ASTHFEPNNRPEAF,YLQPRTFLL
1744,TRDTTYY,RNSFDEQN,ALWARTGANNLF,SGHAT,FQNNGV,ASSLVGQYEQY,RPHERNGFTVL
1745,YSGSPE,HISR,ALKDTDKLI,SGHDN,FVKESK,ASSQVFSFYGYT,YVLDHLIVV
1746,TSINN,IRSNERE,ALGSSSGSARQLT,MDHEN,SYDVKM,AINKESDSYEQY,PTDNYITTY
1747,NSASQS,VYSSG,GAAGNMLT,MNHEY,SVGEGT,ASGMTGLTSEQY,GILGFVFTL
1748,TSGFNG,NVLDGL,AVNSGGYQKVT,MDHEN,SYDVKM,ASSFENTGELF,TTDPSFLGRY
1749,DSSSTY,IFSNMDM,AEGGSGGSQGNLI,LNHDA,SQIVND,ASSMRSDEKLF,GILGFVFTL
1750,DRGSQS,IYSNGD,AVNGLGMGGGADGLT,SEHNR,FQNEAQ,ASSPDIEAF,YLQPRTFLL
1751,DSAIYN,IQSSQRE,AVLGRTSGSRLT,MGHRA,YSYEKL,ASSQDMGGYNQPQH,FEDLRVSSF
1752,TSESDYY,QEAYKQQN,AYRSAIRNTPLV,MNHEY,SMNVEV,ASSLYSNQPQH,HPNGYKSLSTL
1753,ATGYPS,ATKADDK,ALSVGNQGGKLI,LNHDA,SQIVND,ASSTLGTADKLNYGYT,SPRWYFYYL
1754,DSASNY,IRSNVGE,AAINTGNQFY,MNHEY,SVGAGI,ASSFGTSGTYEQY,LLWNGPMAV
1755,DSASNY,IRSNVGE,AAKEGYSTLT,DFQATT,SNEGSKA,RYKGQGVSGANVLT,GILGFVFTL
1756,DRGSQS,IYSNGD,AVSGGADGLT,MGHRA,YSYEKL,ASSQDLAGGLKF,ELAGIGILTV
1757,DSSSTY,IFSNMDM,AESYPNNAGNMLT,LNHDA,SQIVND,ASSIPTGAEQY,GILGFVFTL
1758,TSENNYY,QEAYKQQN,ALAYNNNDMR,MGHRA,YSYEKL,ASSQETGSYEQY,RPPIFIRRL
1759,DRGSQS,IYSNGD,AGGDDKII,SGDLS,YYNGEE,ASSPGLAYEQY,LLWNGPMAV
1760,NSASQS,VYSSG,AAAATYTYI,LNHDA,SQIVND,AVDGNYDTEAF,ALAGIGILTV
1761,DRGSQS,IYSNGD,AVLNYGGSQGNLI,SNHLY,FYNNEI,ASGGSSYEQY,LLLDRLNQL
1762,NSAFQY,TYSSGN,AMSASNFGNEKLT,SGHVS,FQNEAQ,ASSFVLGLPGEGYTGELF,LLAGIGTVPI
1763,SIFNT,LYKAGEL,AGAGDGGSQGNLI,LNHDA,SQIVND,ASSIRSTTEAF,GILGFVFTL
1764,DRGSQS,IYSNGD,AVNDGGRLT,GTSNPN,SVGIG,AWSETGLGMGGWQ,EAAGIGILTV
1765,TSINN,IRSNERE,TTSGTYKYI,KGHDR,SFDVKD,ATSEMGGSEAF,RAKFKQLL
1766,SIFNT,LYKAGEL,AGQSGGSQGNLI,LNHDA,SQIVND,ASSISGGSEQF,GILGFVFTL
1767,DSASNY,IRSNVGE,AAMETSYDKVI,SGHTA,FQGNSA,ASSYLDRENTEAF,RAKFKQLL
1768,DSSSTY,IFSNMDM,AEKVDSNYQLI,MNHEY,SVGAGI,ASSYGQGTGELF,GILGFVFTL
1769,SSYSPS,YTSAATLV,AVPLYSSASKII,LNHNV,YYDKDF,ATTQRGSTSGDNEQF,SPRWYFYYL
1770,DRGSQS,IYSNGD,AVSGRDDKII,MNHNS,SASEGT,ATQSGALTGELF,ALAGIGILTV
1771,NSASDY,IRSNMDK,AEGARDSNYQLI,MGHDK,SYGVNS,ASSAQANQPQH,GILGFVFTL
1772,DSAIYN,IQSSQRE,AGLRGAGSYQLT,MNHEY,SMNVEV,ASSATKNIQY,FEDLRVSSF
1773,NSMFDY,ISSIKDK,AASGGSNYKLT,ENHRY,SYGVKD,AISDRFMREEMTYGYP,VLFGLGFAI
1774,TRDTTYY,RNSFDEQN,ALRNTGNQFY,SGHDN,FVKESK,ASSLWDRDSVQETQY,RAKFKQLL
1775,TRDTTYY,RNSFDEQN,ALSDAYNFNKFY,PRHDT,FYEKMQ,ASSDDRVRYGYT,NLVPMVATV
1776,NSASQS,VYSSG,YSGAGSYQLT,MNHEY,SVGEGT,ASSLQTSGSRDNEQF,CLGGLLTMV
1777,DSAIYN,IQSSQRE,AVIGSAGKST,SGHDT,YYEEEE,ASSLNSGLYNEQF,NLVPMVATV
1778,YGATPY,YFSGDTLV,AVGAPSTSGTYKYI,MGHRA,YSYEKL,ASSPTEGGSSTYEQY,RFPLTFGWCF
1779,TISGTDY,GLTSN,IQTSNTGKLI,LNHDA,SQIVND,ASSIGLAGYT,GILGFVFTL
1780,TRDTTYY,RNSFDEQN,ALQRGTYKYI,LNHDA,SQIVND,ASSARDTSYEQY,LLDFVRFMGV
1781,TSDPSYG,QGSYDQQN,AMRGDSYNQGGKLI,LNHDA,SQIVND,ASSRTSGDTQY,GILGFVFTL
1782,TRDTTYY,RNSFDEQN,ALSEAGFGNVLHCFGNVLH,MDHEN,SYDVKM,ASSLSPSTEAF,NQKLIANQF
1783,TSDPSYG,QGSYDQQN,AVKTGRRALT,MDHEN,SYDVKM,ASSFQGIRVEAF,NLVPMVATV
1784,DRGSQS,IYSNGD,AVNNARLM,LGHNA,YNFKEQ,ASSQDVAGGYGYT,LLWNGPMAV
1785,TSGFNG,NVLDGL,AVRALHSNYQLI,ENHRY,SYGVKD,AIEDSQGGNTEAF,RPPIFIRRL
1786,YSGSPE,HISR,ALKNTDKLI,LGHNA,YSLEER,ASSQSRGSLWDTQY,YVLDHLIVV
1787,DRGSQS,IYSNGD,AVNGNNNDMRFG,LNHDA,SQIVND,ASAWGGMTNEQYFG,ELAGIGILTV
1788,TSESDYY,QEAYKQQN,AAVNNNARLM,SGDLS,YYNGEE,ASSEGESNTGELF,YLQPRTFLL
1789,VSPFSN,MTFSENT,VGGGGTSGGGADGLT,SGHDT,YYEEEE,ASSYAGAGEQF,QYIKWPWYI
1790,DRGSQS,IYSNGD,AVNGGGTSYGKLT,LNHDA,SQIVND,ASSTRSAHEQF,GILGFVFTL
1791,NSMFDY,ISSIKDK,NTGTASKLT,DFQATT,SNEGSKA,SATDPLQYGYT,YVLDHLIVV
1792,TSGFNG,NVLDGL,AVLDSNYQLI,DFQATT,SNEGSKA,SARGTSGETYTQY,CTELKLSDY
1793,TSINN,IRSNERE,ATDEEEYGNKLV,LNHNV,YYDKDF,ATSDYNRDFYGYT,RTATKAYNV
1794,VSGNPY,YITGDNLV,AVRAYNTDKLI,MNHEY,SMNVEV,ASSPGTTYEQY,TTDPSFLGRY
1795,SVFSS,VVTGGEV,AGMNRDDKII,DFQATT,SNEGSKA,SARDRVGNTIY,GLCTLVAML
1796,NSASQS,VYSSG,AADSSYKLI,SGHNS,FNNNVP,ASSLGAQPQH,ALAGIGILTV
1797,DSASNY,IRSNVGE,APFNFNKFY,SGHTA,FQGTGA,ASSLRGGQETQY,RAKFKQLL
1798,NIATNDY,GYKTK,AEDNNARLM,DFQATT,SNEGSKA,SARVRPTGNTIY,GLCTLVAML
1799,TRDTTYY,RNSFDEQN,APKCYTGNQFY,MNHEY,SVGAGI,ASSSTGGDSNTEAF,LLAGIGTVPI
1800,NSMFDY,ISSIKDK,AARAVYNTDKLI,GTSNPN,SVGIG,AWSEGTSGGDEQY,YLQPRTFLL
1801,TSDPSYG,QGSYDQQN,AMIAFSGGYNKLI,SGHVS,FNYEAQ,ASSPGQVEAF,ALWEIQQVV
1802,DRGSQS,IYSNGD,AVRHAGGTSYGKLTFG,MNHEY,SMNVEV,ASSLSNEGNEQYFG,EAAGIGILTV
1803,TSGFNG,NVLDGL,AVREGTGANNLF,MGHRA,YSYEKL,ASSDREGGPHEQY,RPIIRPATL
1804,TSINN,IRSNERE,ATDATSDKLI,SGHNT,YENEEA,ASSRRDATRFAETQY,NLVPMVATV
1805,DRGSQS,IYSNGD,AVNTGFQKLV,SGHTA,FQGTGA,ASSLYGGYEQY,YLQPRTFLL
1806,DRGSQS,IYSNGD,AVNPTSYDKVI,SGDLS,YYNGEE,SYNEQF,LLAGIGTVPI
1807,NSMFDY,ISSIKDK,AAIGADGLT,ENHRY,SYGVKD,AISESVRNSNQPQH,YLQPRTFLL
1808,DRGSQS,IYSNGD,AVSGDDMR,MRHNA,SNTAGT,ASSAGTVSYEQY,LLWNGPMAV
1809,DRGSQS,IYSNGD,AVIGDKII,MNHEY,SMNVEV,ASSLGSTGTYEQY,LLWNGPMAV
1810,TSINN,IRSNERE,ATDKLTGGGNKLT,MGHRA,YSYEKL,ASSQDAGTAHVGEQF,SPRWYFYYL
1811,NYSPAY,IRENEKE,APERGKKDSNYQLI,MNHEY,SVGAGI,ASSYGTGSYEQY,GILGFVFTL
1812,SSVPPY,YTSAATLV,AAANEKLT,MDHEN,SYDVKM,ASSFFGGASPDTQY,GILGFVFTL
1813,VGISA,LSSGK,AGFDRGSTLGRLY,SGDLS,YYNGEE,ASSTPSSYNEQF,RPIIRPATL
1814,SIFNT,LYKAGEL,AGGSYNNNDMR,LNHDA,SQIVND,ASSMSSLDEQF,GILGFVFTL
1815,SVFSS,VVTGGEV,AGAAHPLNYGGSQGNLI,LNHDA,SQIVND,ASSGTSLAEQY,GILGFVFTL
1816,TSINN,IRSNERE,ATDQTGANNLF,SGHTA,FQGNSA,ASSLNLKSSYNSPLH,GILGFVFTL
1817,DSAIYN,IQSSQRE,AVAQGGSEKLV,SGHNS,FNNNVP,ASSLWGDYEQY,RAKFKQLL
1818,TSDPSYG,QGSYDQQN,AMREGGDMR,SGHTA,FQGNSA,ASSLAFESGQTTAKNIQY,ATDALMTGF
1819,SVFSS,VVTGGEV,AGGGSSNTGKLI,SEHNR,FQNEAQ,ASSSAAAYEQY,RAKFKQLL
1820,TISGNEY,GLKNN,IVREWDNYGQNFV,LGHNA,YSLEER,ASSQVAKMAKDNYGYT,LLWNGPMAV
1821,YGATPY,YFSGDTLV,AVGDNFNKFY,SGHRS,YFSETQ,ASSYGTGENTEAF,RAKFKQLL
1822,DSASNY,IRSNVGE,AAIGPTASKLT,LNHDA,SQIVND,ASSTGYYGYT,GILGFVFTL
1823,DSAIYN,IQSSQRE,ALYSNSGYALN,KGHSH,LQKENI,ASRPDSDYGYT,GLCTLVAML
1824,TRDTTYY,RNSFDEQN,ALSESANSGGYQKVT,SGHNT,YYREEE,ASSPRTSGGYQEPQY,CINGVCWTV
1825,DRGSQS,IYSNGD,AVKGGQKLL,MDHEN,SYDVKM,ASSPLGLSSYNEQF,LLAGIGTVPI
1826,DRGSQS,IYSNGD,AVTGSGSARQLT,LNHDA,SQIVND,ASSITDRRWSEFSYNEQF,LLLDRLNQL
1827,VSGNPY,YITGDNLV,AAPRYGQNFV,SNHLY,FYNNEI,ASSYLPGGNTEAF,SPRWYFYYL
1828,DSAIYN,IQSSQRE,AVGIVGGLRGGSEKLV,SGHVS,FNYEAQ,ASSPGQGMVTEAF,RPHERNGFTVL
1829,TSENNYY,QEAYKQQN,AYRSLGNEKLT,SQVTM,ANQGSEA,SVCILAQNYNEQF,LLAGIGTVPI
1830,TSGFNG,NVLDGL,AVRGTGRRALT,DFQATT,SNEGSKA,SAGGTGIYGSYEQY,YLQPRTFLL
1831,TSINN,IRSNERE,ATVGGSGYSTLT,MNHEY,SVGAGI,ASNPQGGNYGYT,FLYALALLL
1832,TRDTTYY,RNSFDEQN,ALVPYGSSNTGKLI,LNHDA,SQIVND,ASSVRSGETQY,GILGFVFTL
1833,DRGSQS,IYSNGD,AVNNNNDMR,MNHEY,SVGAGI,ASSYGQNTGELF,GILGFVFTL
1834,SVFSS,VVTGGEV,ATSNSGYALN,SGHTA,FQGTGA,ASSLPAASSYNEQF,NQKLIANQF
1835,DRGSQS,IYSNGD,AVSGGYNKLI,MNHEY,SVGAGI,ASSYGGVGAYEQY,ELAGIGILTV
1836,KALYS,LLKGGEQ,GTVSTISSNTGKLI,SGHKS,YYEKEE,ASSLQDLSYEQY,VSDGGPNLY
1837,NTAFDY,IRPDVSE,AASRSNVGKEQFT,PRHDT,FYEKMQ,ASSPDPTGFGEAF,LLAGIGTVPI
1838,NSAFQY,TYSSGN,ASGISNFGNEKLT,SGHDN,FVKESK,ASSQEGQGLSGELF,LLAGIGTVPI
1839,VSGNPY,YITGDNLV,AVWDATCDAGVI,SGHVS,FNYEAQ,ASSLGGGEGASEQF,FLRGRAYGL
1840,ATGYPS,ATKADDK,ALSDPGGSYIPT,MNHEY,SVGAGI,ASMLADTQY,YLQPRTFLL
1841,DRGSQS,IYSNGD,AVNAHNQGGKLI,SGDLS,YYNGEE,ASSAASTDTQY,LLLDRLNQL
1842,YGGTVN,YFSGDPLV,AVNSGYSTLT,MDHEN,SYDVKM,ASSLLSGSASEQY,YVLDHLIVV
1843,NSAFQY,TYSSGN,AMSLSNFGNEKLT,MGHDK,SYGVNS,ASSEYTTSDRVRENTGELF,LLAGIGTVPI
1844,DRGSQS,IYSNGD,AVWDGQKLL,MDHEN,SYDVKM,ASSFRDRGPNEQF,LLLDRLNQL
1845,SVFSS,VVTGGEV,AGAGNTGKLI,LNHDA,SQIVND,ASSGRSTGELF,GILGFVFTL
1846,TSENNYY,QEAYKQQN,VITHNNNDMR,MGHRA,YSYEKL,ASSQEAGTGTYEQY,RPPIFIRRL
1847,SVFSS,VVTGGEV,AGVPSGTYKYI,LGHDT,YNNKEL,ASSQKPGQGGLNEQF,SPRWYFYYL
1848,TSGFNG,NVLDGL,TTDSWGKFE,SGDLS,YYNGEE,ASSPGLAGDYEQY,GILGFVFTL
1849,DRGSQS,IYSNGD,ALITGNQFY,SNHLY,FYNNEI,AIAETNYEQY,LLLDRLNQL
1850,SVFSS,VVTGGEV,AGSGSQGNLI,LNHDA,SQIVND,ASSIGVHGYT,GILGFVFTL
1851,DSASNY,IRSNVGE,AAKEGYSTLT,SGHVS,FNYEAQ,ASSLGGGDYEQY,FLRGRAYGL
1852,TSGFNG,NVLDGL,AVRNNNARLM,MNHEY,SVGEGT,ASRSAEAF,YLQPRTFLL
1853,SSVPPY,YTSAATLV,AVSLNPGGYNKLI,LGHDT,YNNKEL,ASAPGQGWGYT,ELAGIGILTV
1854,DRGSQS,IYSNGD,AVGGGGADGLT,LNHDA,SQIVND,ASSLTGLNTEAF,ELAGIGILTV
1855,TSINN,IRSNERE,ATEGAYSGAGSYQLT,LNHDA,SQIVND,ASSIRSSYEQY,GILGFVFTL
1856,SVFSS,VVTGGEV,AGPLDSNYQLI,LNHNV,YYDKDF,ATSESRGGGYGYT,LLWNGPMAV
1857,DRGSQS,IYSNGD,AVNGDTGNQFY,MNHEY,SVGEGT,ASSYGQGLGKLF,GILGFVFTL
1858,VGISA,LSSGK,AGSQGNLI,MDHEN,SYDVKM,ASSLYRGGTEAF,GILGFVFTL
1859,DSASNY,IRSNVGE,KTSYDKVI,SEHNR,FQNEAQ,ASTNLGGFTDTQY,RAKFKQLL
1860,ATGYPS,ATKADDK,ALTGSQGNLI,MNHEY,SMNVEV,ASSLRDGGDTQY,TTDPSFLGRY
1861,NSAFQY,TYSSGN,ATGAGGADGLT,MDHEN,SYDVKM,ASSLAGANVLT,ELAGIGILTV
1862,SSNFYA,MTLNGDE,ASHPHRGSTLGRLY,MNHEY,SVGEGT,ASSYSPREQY,QYIKWPWYI
1863,SVFSS,VVTGGEV,AATHTDKLI,SEHNR,FQNEAQ,ASSSTGGGDQPQH,RAKFKQLL
1864,TSGFYG,NALDGL,AVRSNDKLI,SGHDY,FNNNVP,ASSSPGGILYGYT,NLVPMVATV
1865,DRGSQS,IYSNGD,AVNQGGKLI,SGHDY,FNNNVP,ASTPSPSRPPL,LLWNGPMAV
1866,SSVSVY,YLSGSTLV,AVCDGEGAQRLV,SGHTA,FQGTGA,AGSLAALAGPTTEAF,RAKFKQLL
1867,SVFSS,VVTGGEV,AGDRRKLHTT,SGHVS,FQNEAQ,ASSLGATWTSNTEAF,KSKRTPMGF
1868,NSASQS,VYSSG,VVNILKDSSYKLI,MGHRA,YSYEKL,ASSQTAGYEQY,NYNYLYRLF
1869,NTAFDY,IRPDVSE,AASLENGGSQGNLI,DFQATT,SNEGSKA,SARVWDTGELF,GILGFVFTL
1870,NSASQS,VYSSG,VVASARYNQGGKLI,SGHTS,YDEGEE,ASRLLAAQETQY,CTELKLSDY
1871,NSASQS,VYSSG,VANGRDRRFPLL,SNHLY,FYNNEI,ASSSGLVAPGELF,GLCTLVAML
1872,NSASQS,VYSSG,VVNPYNTDKLI,LGHDT,YNNKEL,ASSQGGSFPAF,FLASKIGRLV
1873,NSAFQY,TYSSGN,AMSLGGYNKLI,SGDLS,YYNGEE,ASSVEDQGAREQY,LLAGIGTVPI
1874,DSAIYN,IQSSQRE,AVEDSGYALN,SGHNS,FNNNVP,ASSLDPGGFNSNEQF,RTATKQYNV
1875,TRDTTYY,RNSFDEQN,ALKLIKAAGNKLT,LNHDA,SQIVND,ASSIRSTTEAF,GILGFVFTL
1876,DSAIYN,IQSSQRE,AVRNTGGFKTI,SGHAT,FQNNGV,ASGQAGQLDTQY,ATDALMTGF
1877,NSASQS,VYSSG,VVTETSYDKVI,DFQATT,SNEGSKA,SAPKAGSSYEQY,RAKFKQLL
1878,NSASQS,VYSSG,VVTPPSMNTGFQKLV,MNHNS,SASEGT,ASSEWQGGYEQY,NYNYLYRLF
1879,SVFSS,VVTGGEV,AGGGSSNTGKLI,PRHDT,FYEKMQ,ASSLMRGGTYNSPLH,GILGFVFTL
1880,SSNFYA,MTLNGDE,AFSSNYQLI,WSHSY,SAAADI,ASSLLGRAGTDTQY,GILGFVFTL
1881,DRGSQS,IYSNGD,AVSGYALN,MNHNS,SASEGT,ASGAQAGTGAYGYT,LLWNGPMAV
1882,DRGSQS,IYSNGD,AVNTIDGGFKTI,MNHEY,SMNVEV,ASSPNLQAGRY,SPRWYFYYL
1883,TSDPSYG,QGSYDQQN,AMREVEYNFNKFY,SGHVS,FQNEAQ,ASSHPPGGAQNEQF,CLGGLLTMV
1884,DRGSQS,IYSNGD,AVAPDKLI,SGHRS,YFSETQ,ASTLLGNNEQF,FLYALALLL
1885,NIATNDY,GYKTK,LVGDDRDTGRRALT,SEHNR,FQNEAQ,ASSLGTLAKNIQY,LLFGYPVYV
1886,YGGTVN,YFSGDPLV,AVIAMNRDDKII,MNHEY,SVGEGT,ASRPGPATSADYTDTQY,HPVTKYIM
1887,TSENNYY,QEAYKQQN,AFMINAGGTSYGKLT,LNHDA,SQIVND,ASSIGAWGYT,GILGFVFTL
1888,SSVSVY,YLSGSTLV,AVSDRNTNAGKST,WSHSY,SAAADI,ASSEQVTGDNEQF,YLQPRTFLL
1889,DRGSQS,IYSNGD,AVKGDDKII,SGHTA,FQGNSA,ASSFYGREA,LLWNGPMAV
1890,TSGFYG,NALDGL,AVRTRNSGNTPLV,SGHDT,YYEEEE,ASSLRGLGQPQH,ELAGIGILTV
1891,TSGFNG,NVLDGL,AVSLLDDYKLS,ENHRY,SYGVKD,AISPSLAGLGETQY,QYIKWPWYI
1892,VGISA,LSSGK,AVRNNNDMR,LNHDA,SQIVND,ASSITSTDTQY,GILGFVFTL
1893,TSDPSYG,QGSYDQQN,AMREGLGNFNKFY,PRHDT,FYEKMQ,ASSTGGAAAKNIQY,YVLDHLIVV
1894,YGATPY,YFSGDTLV,AVGTARLM,SEHNR,FQNEAQ,ASSLSGQGSGELF,RAKFKQLL
1895,SIFNT,LYKAGEL,AGSSGGGADGLT,SNHLY,FYNNEI,ARVIGDTQY,GILGFVFTL
1896,NSAFQY,TYSSGN,AMSLSNFGYEKLT,SGHNT,YYREEE,ASSLLAENTGELF,LLAGIGTVPI
1897,NSASQS,VYSSG,VVNILRLSEDSNYQLI,MNHNS,SASEGT,ASSEAPGYEQY,NYNYLYRLF
1898,SSYSPS,YTSAATLV,AVASGTYKYI,SNHLY,FYNNEI,ASSDRPLGPNTEAF,SPRWYFYYL
1899,NSASQS,VYSSG,VVGDDKII,MNHEY,SVGAGI,ASSPAGAYGYT,LLWNGPMAV
1900,TSDPSYG,QGSYDQQN,AMREKEGANNLF,SQVTM,ANQGSEA,SVYAGYGYT,RAKFKQLL
1901,TSGFNG,NVLDGL,AVISLPDDMR,KGHDR,SFDVKD,ATSDSGLAETKSSYNEQF,GILGFVFTL
1902,TISGTDY,GLTSN,ILPLAGGASYGKLT,SGHVS,FQNEAQ,ASSGVGTDGELF,LLAGIGTVPI
1903,TSGFNG,NVLDGL,AVWGNTGKLI,SGHKS,YYEKEE,ASSPGGGMNTEAF,NLVPMVATV
1904,KALYS,LLKGGEQ,GTEIYEVGSQGNLI,LNHDA,SQIVND,ASSIYRTSYNEQF,GILGFVFTL
1905,TSDPSYG,QGSYDQQN,AMREGMDSSYKLI,SEHNR,FQNEAQ,ASSSHDRTGVRTEAF,TPRVTGGGAM
1906,DRGSQS,IYSNGD,SNFGNEKLT,MGHRA,YSYEKL,ASSHQEGAIQPQH,RAKFKQLL
1907,VSGLRG,LYSAGEE,AVQNDYKLS,SGHRS,YFSETQ,ASSLVGGEEEQY,RAKFKQLL
1908,YGGTVN,YFSGDPLV,AVKDTDKLI,ENHRY,SYGVKD,AISEGTLSSYNEQF,YVLDHLIVV
1909,NSMFDY,ISSIKDK,AASGTQTGANNLF,SGHTA,FQGNSA,ASSLGFLGPAAGNTIY,NLVPMVATV
1910,TRDTTYY,RNSFDEQN,ALSEVDWNSGGYQKVT,DFQATT,SNEGSKA,SARGNTGPSGPYEQY,QYIKWPWYI
1911,YGATPY,YFSGDTLV,AVGPLDTGGFKTI,MDHEN,SYDVKM,ASTRTGTVAYGYT,SPRWYFYYL
1912,YGATPY,YFSGDTLV,AVGGNNNDMR,DFQATT,SNEGSKA,SARDYLNSYEQY,GILGFVFTL
1913,NIATNDY,GYKTK,LVGAANQAGTALI,SGHAT,FQNNGV,ASSLEASGSWGELF,CINGVCWTV
1914,DSASNY,IRSNVGE,AASETSYDKVI,SNHLY,FYNNEI,ASSTPRQGSNTGELF,RAKFKQLL
1915,SSVSVY,YLSGSTLV,AVRSNDYKLS,SQVTM,ANQGSEA,SVEVEAGTEAF,FLASKIGRLV
1916,VSGNPY,YITGDNLV,AVRADFNKFY,LGHDT,YNNKEL,ASSQVLAGSTDTQY,SPRWYFYYL
1917,TSINN,IRSNERE,ATDGSSGGSNYKLT,LNHDA,SQIVND,ASSTSNEQPQH,GILGFVFTL
1918,VGISA,LSSGK,AELGERGGADGLT,MGHRA,YSYEKL,ASSPWDTSYEQY,RAKFKQLL
1919,DRGSQS,IYSNGD,AVKLNRDDKII,MNHEY,SMNVEV,ASSSPMQRGLYEQY,ELAGIGILTV
1920,DRGSQS,IYSNGD,GTNAGKST,SGHDN,FVKESK,ASSQGNYEQY,LLLDRLNQL
1921,DRGSQS,IYSNGD,AAKDDKII,LNHNV,YYDKDF,ATGAASSYEQY,LLWNGPMAV
1922,NSASQS,VYSSG,GRQSKFWGLPESY,LNHNV,YYDKDF,ATSFTGTAYEQY,ATDALMTGF
1923,DRGSQS,IYSNGD,AVSRGYQKVT,SGHNT,YENEEA,ATENRVSYEQY,CTELKLSDY
1924,NSMFDY,ISSIKDK,TTDSWGKFE,SGHKS,YYEKEE,ASSLEQGLPHAQY,TTDPSFLGRY
1925,DRGSQS,IYSNGD,ALIDPGSGGGADGLTFG,MNHNS,SASEGT,ASSETQMNTEAFFG,ELAGIGILTV
1926,DRGSQS,IYSNGD,AVKSSRDAGGTSYGKLT,LNHDA,SQIVND,ASSMTSGSYNEQF,LLLDRLNQL
1927,NSASQS,VYSSG,VVARSNFGNEKLT,SNHLY,FYNNEI,ASSEETGFGANVLT,LLAGIGTVPI
1928,DRGSQS,IYSNGD,AVNNYGQNFV,SGDLS,YYNGEE,ASSVEDYGSVSYGYT,GILGFVFTL
1929,DSASNY,IRSNVGE,AASIPNQAGTALI,SGHNS,FNNNVP,ASSFSGNTGELF,RAKFKQLL
1930,KALYS,LLKGGEQ,GTEYPNDYKLS,SGDLS,YYNGEE,ASSSGLVSNTGELF,GLCTLVAML
1931,DSASNY,IRSNVGE,AGAETSYDKVI,SEHNR,FQNEAQ,ASSLLGGDSGNTIY,RAKFKQLL
1932,SVFSS,VVTGGEV,AGFVPSSNTGKLI,LNHDA,SQIVND,ASSRYGNQPQH,GILGFVFTL
1933,TSGFNG,NVLDGL,AVRVPDQTGANNLF,SGHDY,FNNNVP,ASSLRVSYNEQF,GILGFVFTL
1934,DSSSTY,IFSNMDM,AESIGKLI,SQVTM,ANQGSEA,SVGTQGTNEKLF,GLCTLVAML
1935,TSDPSYG,QGSYDQQN,AMRGNPGGTSYGKLT,LNHDA,SQIVND,ASSWYSNQPQH,GILGFVFTL
1936,DRGSQS,IYSNGD,AFSPKSSASKII,LNHDA,SQIVND,ASSFRSSETQY,GILGFVFTL
1937,DSASNY,IRSNVGE,AASQASNSGYALN,LGHNA,YSLEER,ASSPYRNTEAF,RPHERNGFTVL
1938,TRDTTYY,RNSFDEQN,ALSEGAGFGNVLHCFGNVLH,SGHTA,FQGTGA,ASSLDVPYEQY,RVAGDSGFAAY
1939,KTLYG,LQKGGEE,GADGGDSSYKLI,SEHNR,FQNEAQ,ASSLAGDEQF,KSKRTPMGF
1940,YGATPY,YFSGDTLV,ASGNAGNMLT,MNHEY,SVGAGI,ASSPGTGAVFFYGYT,NLVPMVATV
1941,TRDTTYY,RNSFDEQN,ALMGSGGGADGLT,SGHVS,FNYEAQ,ASSRTSGEYNEQF,GILGFVFTL
1942,TSGFNG,NVLDGL,VIRGRDDKII,MDHEN,SYDVKM,ASSFRTSGRRYEQY,SPRWYFYYL
1943,TRDTTYY,RNSFDEQN,ALSEARQAGTALI,MNHEY,SMNVEV,ASSSLLAGGFYEQF,SPRWYFYYL
1944,DSSSTY,IFSNMDM,AEMGGNTPLV,PRHDT,FYEKMQ,ASSLTGESYEQY,LLDFVRFMGV
1945,VSGNPY,YITGDNLV,AVRDMSRRALT,MNHEY,SMNVEV,ASSGRGLSSGNTIY,SPRWYFYYL
1946,TSINN,IRSNERE,AHAPLDDMR,SGHDY,FNNNVP,ASRPSGGAETQY,RAKFKQLL
1947,TSINN,IRSNERE,ATPPKTSYDKVI,MNHEY,SMNVEV,ASSLLKGTLH,FEDLRVSSF
1948,DSASNY,IRSNVGE,AASIGAAGNKLT,KGHDR,SFDVKD,ATSESGGLTDTQY,RAKFKQLL
1949,TSDPSYG,QGSYDQQN,AMSPMGAGSYQLT,WNHNN,SYGVQD,ASASELADTDTQY,TTDPSFLGRY
1950,NSAFQY,TYSSGN,AMSGDGGSQGNLI,LNHDA,SQIVND,ASSIGVHGYT,GILGFVFTL
1951,TTLSN,LVKSGEV,AGTGTASKLT,MNHEY,SVGEGT,ASSWSSYEQY,GILGFVFTL
1952,DRGSQS,IYSNGD,AVSDDKII,KGHSH,LQKENI,ASSPAGVSYEQY,LLWNGPMAV
1953,ATGYPS,ATKADDK,ALSDHSGGYQKVT,MNHEY,SVGAGI,ASSFRRPSSYNEQF,TPRVTGGGAM
1954,DRGSQS,IYSNGD,AVAVGVSGGGADGLT,SGHTA,FQGNSA,ASILPQGTQY,GILGFVFTL
1955,SVFSS,VVTGGEV,AGAPAGGTSYGKLT,LGHNA,YSLEER,ASSQFFSGEGLYGYT,ATDALMTGF
1956,DSAIYN,IQSSQRE,AVRAVSGGYNKLI,MRHNA,SNTAGT,ASSDSALTEAF,EPLPQGQLTAY
1957,DRGSQS,IYSNGD,AVGGTGKLI,LNHDA,SQIVND,ASGLSGDEQY,ELAGIGILTV
1958,VSPFSN,MTFSENT,VVLNAGNNRKLI,SGHDN,FVKESK,ASSQSPGGITY,CINGVCWTV
1959,VGISA,LSSGK,AVNPMEYGNKLV,KGHSH,LQKENI,ASSPVGVGEAF,GILGFVFTL
1960,NSASQS,VYSSG,VVNAYDFGNEKLT,DFQATT,SNEGSKA,SAKEILGGYGYT,VTEHDTLLY
1961,SSNFYA,MTLNGDE,ASSSDGQKLL,ENHRY,SYGVKD,AISESRGAVETQY,NQKLIANQF
1962,DRGSQS,IYSNGD,AVNAVDSSYKLI,MNHEY,SMNVEV,ASSLSANGNQPQH,CLGGLLTMV
1963,DRGSQS,IYSNGD,AVAIFGNVLH,MNHEY,SMNVEV,ASSFGETQY,ELAGIGILTV
1964,TSENNYY,QEAYKQQN,AFFGGSTDKLI,MNHEY,SVGAGI,ASSNTGRREQY,LLDFVRFMGV
1965,NSMFDY,ISSIKDK,LQGDSGGGADGLT,LNHDA,SQIVND,ASSNHHTGELF,GILGFVFTL
1966,DRGSQS,IYSNGD,AGGGDGGSQGNLI,SGHNS,FNNNVP,ASSFSGNTGELF,GILGFVFTL
1967,TTSDR,LLSNGAV,AVDPWGNQFY,WSHSY,SAAADI,ASRAGAGDTQY,GLCTLVAML
1968,NSASQS,VYSSG,VVNEEDALI,DFQATT,SNEGSKA,SVSRDRNTGELF,YLQPRTFLL
1969,NSASQS,VYSSG,VVNALSGAGSYQLT,MNHNS,SASEGT,ASSETQGYEQF,NYNYLYRLF
1970,DRGSQS,IYSNGD,AVKGGELI,SQVTM,ANQGSEA,NTEAF,LLAGIGTVPI
1971,YGGTVN,YFSGDPLV,AVKRSLGGANNLF,SGHDT,YYEEEE,ASSFFSSYEQY,YVLDHLIVV
1972,TSENNYY,QEAYKQQN,AFMITGAGSYQLT,LNHDA,SQIVND,ASSLQEWDPNYGYT,CINGVCWTV
1973,DRGSQS,IYSNGD,AVNRGRDAGGTSYGKLT,LNHDA,SQIVND,ASSITSGSYNEQF,LLLDRLNQL
1974,SSVPPY,YTSAATLV,AVSEGSNFGNEKLT,SNHLY,FYNNEI,ASTRESTDTQY,NLVPMVATV
1975,DSVNN,IPSGT,AVKPGTASKLT,LGHNA,YSLEER,ASSQDLTSEAF,GILGFVFTL
1976,YSGSPE,HISR,ALSGGGSNYKLT,MNHEY,SMNVEV,ASSSLTSGGARYTQY,SPRWYFYYL
1977,STGYPT,ETMEN,LLGESSGTSYGKLT,LNHDA,SQIVND,ASSSRSSYEQY,GILGFVFTL
1978,NSASDY,IRSNMDK,ADSGGGADGLT,MNHEY,SMNVEV,ASSERDRGYEQY,LLFGYPVYV
1979,TISGTDY,GLTSN,ILPLAGGTSYGKLT,SGHVS,FQNEAQ,ASSLRQAYEQY,FLRGRAYGL
1980,DSASNY,IRSNVGE,KTSYDKVI,SEHNR,FQNEAQ,ASSPLGSNEKLF,RAKFKQLL
1981,DSASNY,IRSNVGE,AARETSYDKVI,SGHAT,FQDESV,SGNTIY,RAKFKQLL
1982,YSGSPE,HISR,ALRKTDKLI,MNHEY,SMNVEV,ASSLSVLSYNEQF,YVLDHLIVV
1983,TTLSN,LVKSGEV,AWNPDNYGQNFV,SGHNT,YYREEE,ASSFNGVRETQY,RAKFKQLL
1984,DRGSQS,IYSNGD,AVTTKEAAGNKLT,SNHLY,FYNNEI,ASSGLAGEGETQY,LLLDRLNQL
1985,TSGFNG,NVLDGL,AVRDSNYQLI,MGHRA,YSYEKL,ASSQDPYRVQETQY,TPRVTGGGAM
1986,VSGNPY,YITGDNLV,AVRDGGSQGNLI,LNHDA,SQIVND,ASSPTGTSEQF,HPVTKYIM
1987,TRDTTYY,RNSFDEQN,ALSSAGDDKII,DFQATT,SNEGSKA,SAIDRVDVYEQY,PTDNYITTY
1988,TSDPSYG,QGSYDQQN,AMRDRFSDGQKLL,MNHEY,SVGEGT,ASTQTGGNTEAF,HPVTKYIM
1989,SSYSTF,SSENQE,ARQDGNQFY,PRHDT,FYEKMQ,ASSPVAGGAYNEQ,NLVPMVATV
1990,DSAIYN,IQSSQRE,AVRLIQGAQKLV,SGDLS,YYNGEE,ASSVEGQGDTEAF,NLVPMVATV
1991,NSASQS,VYSSG,VVITGTASKLT,SGHVS,FQNEAQ,ASSLGIPQREPYNEQF,HPVTKYIM
1992,DSASNY,IRSNVGE,ALVGGGSYIPT,MNHEY,SMNVEV,ASSLSGNTEAF,GILGFVFTL
1993,YGGTVN,YFSGDPLV,AVRQDTDKLI,SGDLS,YYNGEE,ASSGGVVGSYEQY,YVLDHLIVV
1994,DSSSTY,IFSNMDM,TTSGTYKYI,SQVTM,ANQGSEA,SVGTGGTNEKLF,YVLDHLIVV
1995,DRGSQS,IYSNGD,AVDNYGQNFV,SNHLY,FYNNEI,ASSEREQY,GILGFVFTL
1996,KALYS,LLKGGEQ,GTEYPNDYKLS,MNHEY,SMNVEV,ASSLSGRPYEQY,RAKFKQLL
1997,SSYSPS,YTSAATLV,AGGYQKVT,MNHEY,SVGEGT,ASAALAAYNEQF,SPRWYFYYL
1998,TRDTTYY,RNSFDEQN,ALSEPWNRDDKII,MGHDK,SYGVNS,ASSEWDYNQPQH,VLEETSVML
1999,SSNFYA,MTLNGDE,AFTTDSWGKLQ,LGHDT,YNNKEL,ASSQGQANEKL,LLWNGPMAV
2000,TSGFNG,NVLDGL,AVQSSGGSYIPT,ENHRY,SYGVKD,AISGGGAEKLF,EPLPQGQLTAY
2001,DSSSTY,IFSNMDM,AEVGSQGNLI,MNHNY,SVGAGI,ASSYYPSASGRADETQY,SPRWYFYYL
2002,VSPFSN,MTFSENT,VVSSTLGRLY,SNHLY,FYNNEI,ASSELDGRL,SPRWYFYYL
2003,SSVPPY,YTSAATLV,AVSTDSGSARQLT,LGHNA,YNFKEQ,ASSPGLGTYEQY,LLWNGPMAV
2004,DSSSTY,IFSNMDM,AETPIGSSNTGKLI,MGHDK,SYGVNS,ASSVRYEQY,QMMVKAGL
2005,DRGSQS,IYSNGD,AVAAAGLT,MNHEY,SMNVEV,ASSPSTSGASYEQYV,LLWNGPMAV
2006,DRGSQS,IYSNGD,AVRPLGGNTPLV,LGHNT,FRNRAP,ASGPDISYSYEQY,RAKFKQLL
2007,DRGSQS,IYSNGD,AAGEGYSTLT,LNHDA,SQIVND,ASMTGSEAF,ALAGIGILTV
2008,KTLYG,LQKGGEE,GADPQGGDNNARLM,DFQATT,SNEGSKA,SARPRESSNQPQH,ATDALMTGF
2009,TSGFNG,NVLDGL,AVRNDYKLS,MNHEY,SMNVEV,ASTLGGQGRHEQF,RPIIRPATL
2010,MTNFRS,LTSSGIE,AVGGATNKLI,KGHSH,LQKENI,ASSQTGAEELF,GILGFVFTL
2011,DSASNY,IRSNVGE,AAPVDFGNVLHCFGNVLH,LNHDA,SQIVND,ASSIRSGETQY,GILGFVFTL
2012,VSNAYN,GSKP,AVELRMDSSYKLI,SEHNR,FQNEAQ,ASSLRGERAGGYNEQF,TPRVTGGGAM
2013,DSSSTY,IFSNMDM,AEHQGGKLI,MGHRA,YSYEKL,ASTGQNNEQF,VYFLQSINF
2014,VSGNPY,YITGDNLV,AVRDNRGGSYIPT,MGHRA,YSYEKL,ASSTSTGTGYGYT,RAKFKQLL
2015,YSGSPE,HISR,TTDSWGKFE,MNHEY,SMNVEV,ASSLAGDSYNEQF,ALSKGVHFV
2016,DRGSQS,IYSNGD,AVPPAVYNFNKFY,MGHRA,YSYEKL,ASSQGDWGGSQPQH,EAAGIGILTV
2017,TSENNYY,QEAYKQQN,AFMKGAGGTSYGKLT,SGDLS,YYNGEE,ASSVRSSMNTEAF,GILGFVFTL
2018,NSASQS,VYSSG,VVNIPYSGGGADGLT,MNHEY,SVGEGT,ASSYLDRDNQPQH,CINGVCWTV
2019,DSASNY,IRSNVGE,AVYGQNFV,DFQATT,SNEGSKA,SARDGTGNGYT,GLCTLVAML
2020,VSGNPY,YITGDNLV,AVSAASGGSYIPT,MGHRA,YSYEKL,ASSRLAGEGDTQY,RAKFKQLL
2021,SVFSS,VVTGGEV,AGGGSQGNLI,LNHDA,SQIVND,ARGGGGSYERY,GILGFVFTL
2022,SSNFYA,MTLNGDE,ASPDVTTDSWGKFQ,LNHDA,SQIVND,ASSIFSGRENEQY,GILGFVFTL
2023,VSGNPY,YITGDNLV,AVRDSSSGNTGKLI,LNHDA,SQIVND,ASSIRSSYEQY,GILGFVFTL
2024,DRGSQS,IYSNGD,AGGLYGNKLV,SGDLS,YYNGEE,ASSASINSYEQY,LLLDRLNQL
2025,TRDTTYY,RNSFDEQN,AARSNFGNEKLT,SGHDN,FVKESK,ASSAWDRSSGANVLT,NLVPMVATV
2026,DRGSQS,IYSNGD,AVTDDKII,SGDLS,YYNGEE,ASSPTFVAGANVLT,LLWNGPMAV
2027,VSGNPY,YITGDNLV,VVGYGQFY,MDHEN,SYDVKM,ASSFVSFDEQF,NLVPMVATV
2028,TSINN,IRSNERE,ATDGDSGYALN,MNHEY,SVGEGT,ATLSGDIYNEQF,TTDPSFLGRY
2029,YGATPY,YFSGDTLV,AVGDNFNKFY,SEHNR,FQNEAQ,ASSPLGGPKDTIY,RAKFKQLL
2030,TISGTDY,GLTSN,ILFYNFNKFY,MNHEY,SMNVEV,ASRGPNSNQPQH,RVAGDSGFAAY
2031,TRDTTYY,RNSFDEQN,ALSEALWYAGNMLT,MDHEN,SYDVKM,ASSRQSIYEQY,QAKWRLQTL
2032,DRGSQS,IYSNGD,AVGSDGQKLL,MNHEY,SVGEGT,ASRPLSVVALS,LLAGIGTVPI
2033,SVFSS,VVTGGEV,AGGLTYNQGGKLI,MNHNS,SASEGT,ASSDFQAINQPQH,GILGFVFTL
2034,TSENNYY,QEAYKQQN,AFMKGAGGTSYGKLT,SGHDT,YYEEEE,ASSLRDGSEAF,GILGFVFTL
2035,KALYS,LLKGGEQ,GTERSGGSNYKLT,LNHDA,SQIVND,ASSTGVYGYT,GILGFVFTL
2036,NSAFQY,TYSSGN,AMSLSNFGNEKLT,MNHEY,SMNVEV,ASSLDTGNNEQF,LLAGIGTVPI
2037,NSASQS,VYSSG,VVNPTGGFQKLV,MNHEY,SVGEGT,ASSYFSGPYEQY,NLVPMVATV
2038,DSSSTY,IFSNMDM,AGGGSQGNLI,MNHEY,SMNVEV,ASSISGGPGETQY,GILGFVFTL
2039,DSSSTY,IFSNMDM,AEREASYDKVI,KGHDR,SFDVKD,ATPGVNTEAF,RAKFKQLL
2040,NSASDY,IRSNMDK,AENSHPRGGGSQGNLI,DFQATT,SNEGSKA,SARGKREHNTGELF,YLQPRTFLL
2041,TTLSN,LVKSGEV,VGGTSYGKLT,DFQATT,SNEGSKA,SASFTGPFYEQY,RAKFKQLL
2042,SVFSS,VVTGGEV,AGGGSQGNLI,SGHDY,FNNNVP,ASGRLSYNEQF,GILGFVFTL
2043,NSASQS,VYSSG,VVNEADKLI,SGDLS,YYNGEE,ASSEQNTGELF,YLQPRTFLL
2044,YSGSPE,HISR,ALRDDKII,LNHDA,SQIVND,ASSIGDTSYEQY,GILGFVFTL
2045,SIFNT,LYKAGEL,AGLNYGGSQGNLI,SGDLS,YYNGEE,ASSPRDRVNTGELF,LTDEMIAQY
2046,VSGLRG,LYSAGEE,AVQDPLNFNKFY,SGHTA,FQGNSA,ASSLVMGGGYT,RAKFKQLL
2047,YGGTVN,YFSGDPLV,AVKDTDKLI,KGHDR,SFDVKD,ATSGTSEGTDTQY,YVLDHLIVV
2048,TISGTDY,GLTSN,ILTETSYDKVI,SEHNR,FQNEAQ,ASSPLGVRTEAF,RAKFKQLL
2049,YSGSPE,HISR,ALDPSTGKLI,LNHDA,SQIVND,ASRGGYGYT,PTDNYITTY
2050,VSPFSN,MTFSENT,SAGSNYQLI,MNHEY,SVGAGI,ASTPQGAYEQY,GILGFVFTL
2051,TSGFNG,NVLDGL,AVRGGGYNKLI,MDHEN,SYDVKM,ASSFRTANQPQH,SPRWYFYYL
2052,DRGSQS,IYSNGD,AVWGWETGRRALT,SGHRS,YFSETQ,ASSLGQGYEQY,TPRVTGGGAM
2053,VGISA,LSSGK,AVTAYNTDKLI,SGHNS,FNNNVP,ASSFSGNTGELF,RAKFKQLL
2054,NSASDY,IRSNMDK,AENSSWDYKLS,MNHNS,SASEGT,ASSGGGGNTEAF,GILGFVFTL
2055,DRGSQS,IYSNGD,AVSGGGADGLT,LGHNA,YSLEER,ASSQVSDTEAF,ALGIGILTV
2056,YGGTVN,YFSGDPLV,ASGTASKLT,SGHAT,FQNNGV,ASSLDLLGSAITQY,YVLDHLIVV
2057,DSASNY,IRSNVGE,AASETSYDKVI,SEHNR,FQNEAQ,ASTRLGGLDIQY,RAKFKQLL
2058,TTLSN,LVKSGEV,AGKSDGQKLL,MGHRA,YSYEKL,ASSQVPGTGYEQY,FTSDYYQLY
2059,NSMFDY,ISSIKDK,AASEGNTGFQKLV,SGHDT,YYEEEE,ASSLPTGETQY,TTDPSFLGRY
2060,TISGTDY,GLTSN,ILRDGYSTLT,ENHRY,SYGVKD,AIRVQGYSYT,TTDPSFLGRY
2061,DSAIYN,IQSSQRE,YSGAGSYQLT,MDHEN,SYDVKM,ASSLMGTGGLSEKLF,QAKWRLQTL
2062,TSGFNG,NVLDGL,VLMDSSYKLI,MNHEY,SVGEGT,ASSTPPDRADTQY,VLEETSVML
2063,SSVPPY,YTSAATLV,AVKGGGSQGNLI,MNHEY,SMNVEV,ASAWTASYEQY,YVLDHLIVV
2064,NSAFQY,TYSSGN,SNFGNEKLT,SEHNR,FQNEAQ,ASTSDTGRWEKLF,LLAGIGTVPI
2065,NSASQS,VYSSG,VVTPRGSTLGRLY,SGHRS,YFSETQ,ASSTEDRVSYNEQF,SPRWYFYYL
2066,VSGLRG,LYSAGEE,AVQGVGFGNVLHCFGNVLH,SGDLS,YYNGEE,ASSVDLAGGREQF,RAKFKQLL
2067,TRDTTYY,RNSFDEQN,ALSEAGVTGGSYIPT,LNHDA,SQIVND,ASSIFLGAEAF,GILGFVFTL
2068,DSASNY,IRSNVGE,AAKTNAGKST,DFQATT,SNEGSKA,SARDRVGNTIY,CLGGLLTMV
2069,TRDTTYY,RNSFDEQN,ALSNQGGKLI,LNHDA,SQIVND,ASSGRSGIEQY,GILGFVFTL
2071,NIATNDY,GYKTK,LVGANTGGFKTI,LGHDT,YNNKEL,ASSQEVGLWGEQY,CINGVCWTV
2072,DRGSQS,IYSNGD,AVINYQLI,MNHNY,SVGAGI,ASSYYLAGTSIYEQY,ELAGIGILTV
2073,DSSSTY,IFSNMDM,AEIASGTYKYI,DFQATT,SNEGSKA,SAEISGTQLYNEQF,GLCTLVAML
2074,NSASQS,VYSSG,VVFMDTGRRALT,LGHNA,YSLEER,ASSQEGGGGSSYNEQF,GILGFVFTL
2075,DSSSTY,IFSNMDM,AEMEGGSYIPT,MGHRA,YSYEKL,ASSRDRDYGYT,RAKFKQLL
2076,SSYSPS,YTSAATLV,VVSEKGFQKLV,MNHEY,SVGEGT,ASSVLPASGAGRNEQF,SPRWYFYYL
2077,DSASNY,IRSNVGE,AAGSANTGNQFY,SGHNS,FNNNVP,ASSFSGNTGELF,RAKFKQLL
2078,NSASDY,IRSNMDK,ADSGGGADGLT,SGHDT,YYEEEE,ASSLTEGGRNQPQH,RAKFKQLL
2079,DSASNY,IRSNVGE,AATDNARLM,LNHNV,YYDKDF,ATSRDLAEVNTEAF,NLVPMVATV
2080,TISGNEY,GLKNN,IVRASGDYKLS,LNHDA,SQIVND,ASSPRSGVEQF,GILGFVFTL
2081,DRGSQS,IYSNGD,AVTGDKLI,SGHDY,FNNNVP,NTEAF,LLWNGPMAV
2082,NSASDY,IRSNMDK,AEKRPTDKLI,SNHLY,FYNNEI,ASSEVGVFEAF,DATYQRTRALVR
2083,VSGLRG,LYSAGEE,AVQGFRDDKII,MNHEY,SMNVEV,ASSPRANTGELF,GILGFVFTL
2084,DSASNY,IRSNVGE,AASETSYDKVI,SGHNS,FNNNVP,ASSFLDRGPNTEAF,RAKFKQLL
2085,DRGSQS,IYSNGD,AASPEGGNKLV,SNHLY,FYNNEI,ASRDTEAF,LLLDRLNQL
2086,SIFNT,LYKAGEL,AGFISNFGNEKLT,SNHLY,FYNNEI,SVLTGAGVYTGELF,QYIKWPWYI
2087,NSAFQY,TYSSGN,AMSESGGSNYKLT,SQVTM,ANQGSEA,SVGAGDFEQY,RAKFKQLL
2088,VSNAYN,GSKP,ASFDTDKLI,LNHDA,SQIVND,ASSIRSAETQY,GILGFVFTL
2089,NSAFQY,TYSSGN,AMSRSNFGNEKLT,MGHRA,YSYEKL,ASSQDDSLKNTEAF,LLAGIGTVPI
2090,NSAFQY,TYSSGN,AMTISNFGNEKLT,LGHDT,YNNKEL,ASSQDIGGPDTGELF,LLAGIGTVPI
2091,TRDTTYY,RNSFDEQN,ALSGWNAGNMLT,LGHNA,YNFKEQ,ASSLGAGDSSYEQY,GILGFVFTL
2092,KALYS,LLKGGEQ,GTEYPNDYKLS,LNHDA,SQIVND,ASSARSSYEQY,GILGFVFTL
2093,VSGNPY,YITGDNLV,LCCGGDNQGGKLI,SEHNR,FQNEAQ,ASSYLGTSGAETQY,LLAGIGTVPI
2094,SVFSS,VVTGGEV,AVIFSGGYQKVT,SGDLS,YYNGEE,ASSVGGVSYNEQF,LLWNGPMAV
2095,DRGSQS,IYSNGD,ASEDDKII,DFQATT,SNEGSKA,SGGLKADTQY,LLWNGPMAV
2096,NSAFQY,TYSSGN,AMSISNFGNEKLT,SGHTA,FQGTGA,ASSSGGNVDTQY,GLCTLVAML
2097,DRGSQS,IYSNGD,AVITFRSNDYKLS,MGHRA,YSYEKL,ASSHGQGENTEAF,RAKFKQLL
2098,SSNFYA,MTLNGDE,APRGTSYGKLT,SGHNS,FNNNVP,ASSTGNTEAF,GILGFVFTL
2099,SSVSVY,YLSGSTLV,AVTDGGSQGNLI,LNHDA,SQIVND,ASSARSSYEQY,GILGFVFTL
2100,TSGFNG,NVLDGL,AVRDSGGSYIPT,LNHDA,SQIVND,ASSTGDSNQPQH,EPLPQGQLTAY
2101,NSAFQY,TYSSGN,AMSGSNFGNEKLT,LGHDT,YNNKEL,ASSQDPGLAEPDTQY,LLAGIGTVPI
2102,DSSSTY,IFSNMDM,AEIGGSQGNLI,MNHEY,SVGAGI,ASSYGKGMYEQY,GILGFVFTL
2103,VSGNPY,YITGDNLV,AVAKDLQNSGGGADGLT,SGHAT,FQDESV,ASSPEDRVGDNTEAF,GILGFVFTL
2104,SSYSPS,YTSAATLV,VVSDRNFNKFY,ENHRY,SYGVKD,AISETTDRGGETQY,CTELKLSDY
2105,TTSDR,LLSNGAV,AVGLESAGGTSYGKLT,LNHDA,SQIVND,ASSILSNQPQH,GILGFVFTL
2106,VGISA,LSSGK,AVSIYNTDKLI,SGDLS,YYNGEE,ASSVAGQGYGEQY,QYIKWPWYI
2107,NSMFDY,ISSIKDK,AAYAGNLLT,WSHSY,SAAADI,ASRMGAGDTQY,GLCTLVAML
2108,DSSSTY,IFSNMDM,AVFMDSNYQLI,LNHDA,SQIVND,ASSIGESQPQH,YLQPRTFLL
2109,VSNAYN,GSKP,SYNTDKLI,SEHNR,FQNEAQ,ASSSLSGGAGNEQF,RAKFKQLL
2110,YGATPY,YFSGDTLV,AVAPFGNEKLT,PRHDT,FYEKMQ,ASSTQSTVNIQY,ALSKGVHFV
2111,DSSSTY,IFSNMDM,ALNTRGKLI,SQVTM,ANQGSEA,SAGQGPYEQY,RAKFKQLL
2112,TISGNEY,GLKNN,IVGSPQGAQKLV,MNHEY,SMNVEV,ASSLGPAHYEQY,TPRVTGGGAM
2113,TSDPSYG,QGSYDQQN,AMREWQGAQKLV,LNHDA,SQIVND,ASSIAGDTQY,GILGFVFTL
2114,SVFSS,VVTGGEV,AGAHGGSQGNLI,LNHDA,SQIVND,ASSIRSAEKLF,GILGFVFTL
2115,KALYS,LLKGGEQ,GTEIEHNAGNMLT,LNHDA,SQIVND,ASSIMGSGNTIY,GILGFVFTL
2116,DSASNY,IRSNVGE,AASETSYDKVI,LGHNT,FRNRAP,ASGLVESAGTEAF,RAKFKQLL
2117,DRGSQS,IYSNGD,AVYLIYNQGGKLI,SEHNR,FQNEAQ,ASSLLAGNTGELF,ATDALMTGF
2118,DSAIYN,IQSSQRE,AGGGFESGGSDYKLT,SGHRS,YFSETQ,ASSLYNPNTEAF,RAKFKQLL
2119,DRGSQS,IYSNGD,AVLTGNQFY,SNHLY,FYNNEI,ARGRTNYEQY,LLLDRLNQL
2120,YSGSPE,HISR,ALGFAADGQKLL,LNHDA,SQIVND,ASRTGNTEAF,GILGFVFTL
2121,NSASDY,IRSNMDK,AETHSGGSNYKLT,LGHNA,YNFKEQ,ASSQDRSGSSYNEQF,RAKFKQLL
2122,DSASNY,IRSNVGE,AASEGAPDKLI,SGHDY,FNNNVP,ASSLLGVSAQETQY,RAKFKQLL
2123,ATGYPS,ATKADDK,TTDSWGKFE,MNHEY,SMNVEV,ASTERGPADTQY,TTDPSFLGRY
2124,TSGFNG,NVLDGL,AVNSGGYQKVT,MDHEN,SYDVKM,ASSFGPEDSSTDTQY,TTDPSFLGRY
2125,NSASDY,IRSNMDK,AENLGGGSQGNLI,LNHDA,SQIVND,ASSTRATGELF,GILGFVFTL
2126,NSASDY,IRSNMDK,AESGGSNYKLT,SGHDT,YYEEEE,ASSLDLYGYT,NLVPMVATV
2127,DRGSQS,IYSNGD,AVSMDGLM,MRHNA,SNTAGT,ASSGTQPGLGGEQF,ELAGIGILTV
2128,NIATNDY,GYKTK,LVGDKAAGNKLT,SGHTS,YDEGEE,ASSLGRGVGTEQF,GPRLGVRAT
2129,NTAFDY,IRPDVSE,AASNNFGNEKLT,KGHDR,SFDVKD,YASQLAGGTGELF,RAKFKQLL
2130,NSASQS,VYSSG,VVNKRARLM,SQVTM,ANQGSEA,SAGQGPYEQY,RAKFKQLL
2131,DRGSQS,IYSNGD,AVNNNAGNMLT,MDHEN,SYDVKM,ASSLSLIADTQY,LLLDRLNQL
2132,DRGSQS,IYSNGD,AGALGGAGSYQLT,SQVTM,ANQGSEA,SVLTGWPYEQY,LTDEMIAQY
2133,NSAFQY,TYSSGN,AMSISNFGNEKLT,SGHNS,FNNNVP,ASSGGLGSGYT,LLAGIGTVPI
2134,SVFSS,VVTGGEV,AGAVGGFGNVLHCFGNVLH,LNHDA,SQIVND,ASSIYSNQPQH,GILGFVFTL
2135,DRGSQS,IYSNGD,AVKEDDGNNRKLI,LNHDA,SQIVND,ASSWAGTSYEQY,LLLDRLNQL
2136,NSMFDY,ISSIKDK,AASEGGNMLT,KGHSH,LQKENI,ASSPYSQSMNTEAF,CLGGLLTMV
2137,NSASDY,IRSNMDK,ADSGGGADGLT,SGDLS,YYNGEE,ASSEPGPTNTEAF,RAKFKQLL
2138,YSGSPE,HISR,ALTGNYGQNFV,LNHDA,SQIVND,ASSIRSSYEQY,GILGFVFTL
2139,YGGTVN,YFSGDPLV,AVPATDKLI,MGHDK,SYGVNS,ASSEWELNHGYT,YVLDHLIVV
2140,DSAIYN,IQSSQRE,AVISSRVNTPLV,SQVTM,ANQGSEA,SVGAGGNTIY,RPHERNGFTVL
2141,DSASNY,IRSNVGE,AARETSYDKVI,SGDLS,YYNGEE,ASSVSGAPYEQY,FLRGRAYGL
2142,TSGFNG,NVLDGL,AVSDSGAGSYQLT,SEHNR,FQNEAQ,ASSLFAGGAETQY,SLFNTVATLY
2143,NSMFDY,ISSIKDK,AASAFLGGSEKLV,LNHNV,YYDKDF,ATSERGDLNFGTDTQY,GILGFVFTL
2144,NSASQS,VYSSG,VVNGADSSYKLI,SNHLY,FYNNEI,ASSGGRVAPGELF,GLCTLVAML
2145,DRGSQS,IYSNGD,AVTGDYKLS,SEHNR,FQNEAQ,ASNSQGLETEAF,LLAGIGTVPI
2146,TSDPSYG,QGSYDQQN,AMREESGYSTLT,DFQATT,SNEGSKA,SARDRGSENTGELF,RAKFKQLL
2147,DSASNY,IRSNVGE,AASETSYDKVI,LNHDA,SQIVND,ASSIRSNQPQH,GILGFVFTL
2148,NSASQS,VYSSG,VVNLEVFAYYGNNRLA,SEHNR,FQNEAQ,ASSLGTVSYEQY,GILGFVFTL
2149,YGGTVN,YFSGDPLV,APGTGRRALT,SGHNT,YYREEE,ASSKEAGGPSGELF,LTDEMIAQY
2150,DSASNY,IRSNVGE,AASGGGSQGNLI,MGHRA,YSYEKL,ASSQEAGALGETQY,GILGFVFTL
2151,DRGSQS,IYSNGD,AVNRGRDSGAGSYQLT,MNHEY,SMNVEV,ASSQGTGGYYEQY,LLLDRLNQL
2152,DRGSQS,IYSNGD,AALTGFQKLV,DFQATT,SNEGSKA,SVSDLGVGQPQH,EAAGIGILTV
2153,DRGSQS,IYSNGD,AANDYKLS,DFQATT,SNEGSKA,SATGNRGADTQY,LLWNGPMAV
2154,DRGSQS,IYSNGD,AVNSRGVEFY,DFQATT,SNEGSKA,SAVGPPLH,FLASKIGRLV
2155,TSDPSYG,QGSYDQQN,AMREGPELTGGGNKLT,DFQATT,SNEGSKA,SAKRNRAYHYGYT,HPNGYKSLSTL
2156,DRGSQS,IYSNGD,AGSASKII,SGHRS,YFSETQ,ASSPGTSGAYEQY,LLWNGPMAV
2157,NSASDY,IRSNMDK,AERIGGGSQGNLI,LNHDA,SQIVND,ASSIRADNEQF,GILGFVFTL
2158,TISGTDY,GLTSN,ILRDVMNTGNQFY,MGHRA,YSYEKL,ASSPRDRARGDEQY,QMMVKAGL
2159,VSPFSN,MTFSENT,VGYTNAGKST,LNHDA,SQIVND,ASSTRSSYEQY,GILGFVFTL
2160,DRGSQS,IYSNGD,AAFSGSARQLT,SGHRS,YFSETQ,ASSIAGGSLHEQY,SPRWYFYYL
2161,NSASQS,VYSSG,VVNVLRGSNYKLT,SGHAT,FQNNGV,ASSLTSGYEQY,NYNYLYRLF
2162,TSENNYY,QEAYKQQN,AYFSGANSKLT,MNHEY,SMNVEV,ASSPGLAETYQETQY,GIIYIIYKL
2163,TSINN,IRSNERE,ASPGRDDKII,LNHDA,SQIVND,ASSLISYNEQF,GILGFVFTL
2164,DSASNY,IRSNVGE,AASFIIQGAQKLV,MNHEY,SMNVEV,ASSSLGGWTEAF,GILGFVFTL
2165,TRDTTYY,RNSFDEQN,ALSDYSSGGSYIPT,KGHSH,LQKENI,ASSTARLGDTGELF,TTDPSFLGRY
2166,NSMFDY,ISSIKDK,AAKGGSEKLV,SGHRS,YFSETQ,ASSLQGIGAKNIQY,NLVPMVATV
2167,DRGSQS,IYSNGD,AVGGSQGNLI,MNHEY,SVGAGI,ASMVGQGTGELF,GILGFVFTL
2168,NSASQS,VYSSG,VVKRPGNVLHCFGNVLH,SGDLS,YYNGEE,ASSEGTSGGISDTQY,VYFLQSINF
2169,NSMFDY,ISSIKDK,AASDGTASKLT,SNHLY,FYNNEI,ASSESGLALYNEQF,TTDPSFLGRY
2170,NSASQS,VYSSG,VVNRRDDMR,SGHNS,FNNNVP,ASTEGNTGELF,YLQPRTFLL
2171,DSSSTY,IFSNMDM,AEIQASGGSYIPT,LNHNV,YYDKDF,ATGRGGKIGEQY,NLVPMVATV
2172,DSASNY,IRSNVGE,AAGETSYDKVI,MGHRA,YSYEKL,ASSQDRSGEGYT,RAKFKQLL
2173,SVFSS,VVTGGEV,AGAGSGYALN,SEHNR,FQNEAQ,ASSSRDGGTDTQY,RAKFKQLL
2174,DSASNY,IRSNVGE,NFNKFY,DFQATT,SNEGSKA,SAATRDRVYEQY,SPRWYFYYL
2175,NSAFQY,TYSSGN,AMSVSNFGNEKLT,LGHDT,YNNKEL,ASRKTLAGAGANVLT,LLAGIGTVPI
2176,NSAFQY,TYSSGN,AMSASNFGNEKLT,SGHDT,YYEEEE,ASSLPSGQGRETQY,LLAGIGTVPI
2177,SVFSS,VVTGGEV,AGAPGSGNTGKLI,LNHDA,SQIVND,ASSIMSNQPQH,GILGFVFTL
2178,NSMFDY,ISSIKDK,AASRPSGGTSYGKLT,WNHNN,SYGVQD,ATGESNTGELF,YLQPRTFLL
2179,SSVPPY,YTSAATLV,AVSESDNQGGKLI,SGHRS,YFSETQ,ASSLEWGGPNEQF,VSDGGPNLY
2180,NSASDY,IRSNMDK,AETETSYDKVI,SEHNR,FQNEAQ,ASSLTELGHRADTQY,RAKFKQLL
2181,TRDTTYY,RNSFDEQN,ALSGYTGGGNKLT,MNHEY,SMNVEV,ASSPRDHQETQY,TTDPSFLGRY
2182,NSASQS,VYSSG,VVNMDNARLM,MGHRA,YSYEKL,ASSQGTVNTEAF,RAKFKQLL
2183,VSGNPY,YITGDNLV,AVSLLTGDKLI,SNHLY,FYNNEI,ASRAGQGIHEQY,GILGFVFTL
2184,DRGSQS,IYSNGD,AVKGSGGSYIPT,SGHVS,FNYEAQ,ASSLGGGDYEQY,FLRGRAYGL
2185,DRGSQS,IYSNGD,AVRTYKYI,LGHNA,YNFKEQ,ASSQEEGPSNQPQH,ELAGIGILTV
2186,TSINN,IRSNERE,ATDDNAGNMLT,SEHNR,FQNEAQ,ASSLRGIDEQY,RAKFKQLL
2187,DRGSQS,IYSNGD,AVAGDSNYQLI,MNHEY,SVGAGI,ASSYARYNEQF,LLAGIGTVPI
2188,DRGSQS,IYSNGD,AVNTDKLI,MNHEY,SMNVEV,ASSLIPAIAGVGGELF,LLLDRLNQL
2189,DSAIYN,IQSSQRE,AVSGDGNNRLA,SGHNS,FNNNVP,ASRGGGPYYGYT,TTDPSFLGRY
2190,NSASQS,VYSSG,VVIKAAGNKLT,MNHEY,SVGAGI,ASRYSRFAEYEQY,GILGFVFTL
2191,SSVPPY,YTSAATLV,AVSGGGGKLI,DFQATT,SNEGSKA,SAPGQGTDTQY,TDLGQNLLY
2192,TSGFNG,NVLDGL,AVKKGTYKYI,MNHEY,SMNVEV,ASSPAGYYEQY,MEVTPSGTWL
2193,TSDPSYG,QGSYDQQN,AMREVAYGNNRLA,SGHDY,FNNNVP,ASSFQNGPSPQATQY,PTDNYITTY
2194,VSGNPY,YITGDNLV,AVRDLMDSSYKLI,MNHEY,SMNVEV,ASMTRLGDSNEKLF,RFPLTFGWCF
2195,TRDTTYY,RNSFDEQN,ALRRGGYQKVT,MGHRA,YSYEKL,ASSQEFVGQLNEQF,RTATKQYNV
2196,DSVNN,IPSGT,AVEGFSGGYNKLI,SGHTA,FQGTGA,ASSLNGQGTYEQY,NQKLIANQF
2197,VGISA,LSSGK,AVLNAGKST,MNHEY,SVGEGT,ASSYNRDRETSNEKLF,GILGFVFTL
2198,SVFSS,VVTGGEV,AGANTPYKLS,SNHLY,FYNNEI,ASSELPLGGRDTEAF,SPRWYFYYL
2199,DSAIYN,IQSSQRE,AVTWDSGGSNYKLT,LNHDA,SQIVND,ASSIRAHYGYT,GILGFVFTL
2200,VSNAYN,GSKP,AVEDQGRSYNTDKLI,SGHVS,FNYEAQ,ASSFPVGEGAGNTIY,RAKFKQLL
2201,VSGNPY,YITGDNLV,AVRDIRDYGGSQGNLI,SGHTA,FQGTGA,ASSLFADRGQETQY,HPVTKYIM
2202,SVFSS,VVTGGEV,AGHSGSGNTGKLI,LNHDA,SQIVND,ASSLTSVSEQF,GILGFVFTL
2203,DSASNY,IRSNVGE,AASGDYKLS,SGHAT,FQDESV,ASSPKTGAGLAGDEQF,CTELKLSDY
2204,DRGSQS,IYSNGD,AVSFGNEKLTFG,MDHEN,SYDVKM,AEGQGFVGQPQHFG,ELAGIGILTV
2205,VSNAYN,GSKP,AVNRYNQGGKLI,MNHNY,SVGAGI,ATQTPDSRRETQY,SLFNTVATLY
2206,YGATPY,YFSGDTLV,AVLNDMR,DFQATT,SNEGSKA,SANGGDTEAF,YLLEMLWRL
2207,NSASQS,VYSSG,VVNMDSNYQLI,MNHEY,SMNVEV,ASSLQREYPYEQY,TTDPSFLGRY
2208,NSASDY,IRSNMDK,AEIPPQKLL,MNHEY,SMNVEV,ASSLSSGLDEQY,TTDPSFLGRY
2209,NSMFDY,ISSIKDK,AASASGKLI,MNHEY,SVGAGI,ASSGTGASTDTQY,RPHERNGFTVL
2210,TSDPSYG,QGSYDQQN,AMREGYHSGYSTLT,SGHNT,YENEEA,ASSLPQPDTQY,MEVTPSGTWL
2211,DRGSQS,IYSNGD,AVPITGGGNKLT,MNHEY,SVGEGT,ASSYSSFGTDTQY,ELAGIGILTV
2212,NSMFDY,ISSIKDK,AASEGDSNYQLI,SEHNR,FQNEAQ,ASDLLNRASYEQY,TTDPSFLGRY
2213,TSESDYY,QEAYKQQN,AYTAGANSKMT,SEHNR,FQNEAQ,ASSTAGTRAPHEQY,TTDPSFLGRY
2214,TTLSN,LVKSGEV,TTDSWGKFE,SEHNR,FQNEAQ,ASSFQMEGGQDTQY,GILGFVFTL
2215,VSNAYN,GSKP,AVESFSGAGSYQLT,LNHDA,SQIVND,ASSIYSGDTQY,GILGFVFTL
2216,NSASQS,VYSSG,VVNGENARLM,SNHLY,FYNNEI,ASGAMWGAPLH,CTELKLSDY
2217,NSMFDY,ISSIKDK,AASGGAQKLV,SGHVS,FNYEAQ,ASSKLVANTGELF,LTDEMIAQY
2218,NSASDY,IRSNMDK,ADLETSYDKVI,SEHNR,FQNEAQ,ASSSLGTANNSPLH,RAKFKQLL
2219,DRGSQS,IYSNGD,AVLNTNAGKST,SGDLS,YYNGEE,ASSVEGDSPLH,YVLDHLIVV
2220,NIATNDY,GYKTK,LVGDPPGGYNKLI,SGHKS,YYEKEE,ASSSGLGSSDTQY,SPRWYFYYL
2221,DRGSQS,IYSNGD,AGPREARQLT,DFQATT,SNEGSKA,SATPTGVGQPQH,ELAGIGILTV
2222,YGGTVN,YFSGDPLV,AVNGFSGGYNKLI,SGHDT,YYEEEE,ASSPGDARGEQY,YLLEMLWRL
2223,DSAIYN,IQSSQRE,AVTISGYSTLT,SGHNS,FNNNVP,ASSFSGNTGELF,RAKFKQLL
2224,TRDTTYY,RNSFDEQN,ALSEATSGTYKYI,SGHTA,FQGNSA,ASSRGQLYEQY,GILGFVFTL
2225,VGISA,LSSGK,AREIGSRLT,MDHEN,SYDVKM,ASSLGVAGTDTQY,SPRWYFYYL
2226,YGATPY,YFSGDTLV,AVGGKTGTASKLT,SQVTM,ANQGSEA,SVEDHGLVDEQF,RTATKQYNV
2227,VSGLRG,LYSAGEE,AVQAYTGKLI,SSHAT,FNYEAQ,ASSSTANTEAF,VLEETSVML
2228,TSESDYY,QEAYKQQN,AYRSLDVSRDDKII,MNHEY,SMNVEV,ASSFGRQAYEQY,CINGVCWTV
2229,VSGNPY,YITGDNLV,GNTGGFKTI,MGHRA,YSYEKL,ARSYGANTAAF,GILGFVFTL
2230,VSGNPY,YITGDNLV,AVAKDLQNSGGGADGLT,SGHNS,FNNNVP,ASSFSGNTGELF,GILGFVFTL
2231,TSGFNG,NVLDGL,AVRSPQAGTALI,SGHAT,FQNNGV,ASSPPGTEAF,MEVTPSGTWL
2232,DSASNY,IRSNVGE,AASRSGNEKLT,SGHDT,YYEEEE,ASSLVTGEQY,TTDPSFLGRY
2233,DSSSTY,IFSNMDM,AERRNAGNNRKLI,LNHNV,YYDKDF,ATSTGGGYEQY,LLWNGPMAV
2234,SIFNT,LYKAGEL,AGQLILWGWELPTH,SGHNS,FNNNVP,ASSLTNSPYEQY,RAKFKQLL
2235,TSINN,IRSNERE,ATDAYGNNRLA,SGHTA,FQGTGA,ASSLAGAGTEAF,SLFNTVATLY
2236,TSINN,IRSNERE,ATVGTSGYSTLT,MNHNS,SASEGT,ASSGQGGHYGYT,FLYALALLL
2237,TSESDYY,QEAYKQQN,AYNQGAQKLV,SEHNR,FQNEAQ,ASSSHDRTGVRTEAF,TPRVTGGGAM
2238,SVFSS,VVTGGEV,AASNPNGKLT,LNHDA,SQIVND,ASSVRSSYEQY,GILGFVFTL
2239,YSGSPE,HISR,APESGGSNYKLT,SGHDT,YYEEEE,ASSPLVGNTIY,RAKFKQLL
2240,DSSSTY,IFSNMDM,AENGGNTPLV,SGHRS,YFSETQ,ASSLVENTEAF,CINGVCWTV
2241,TISGTDY,GLTSN,ILDNNNDMR,SGHVS,FNYEAQ,ASSLAPGATNEKLF,NLVPMVATV
2242,DRGSQS,IYSNGD,AVDGDSWGKFQ,MNHEY,SVGEGT,ASSYTNEQY,ALSKGVHFV
2243,ATGYPS,ATKADDK,ALSNAGGTSYGKLT,LNHDA,SQIVND,ASSVIQGAAGELF,LTDEMIAQY
2244,NSASQS,VYSSG,VVNGGADGLT,WSHSY,SAAADI,ASRQSFNEQF,GILGFVFTL
2245,TSINN,IRSNERE,ATDDVKAAGNKLT,SGHRS,YFSETQ,ASSTPSSGPQETQY,RPHERNGFTVL
2246,SSVSVY,YLSGSTLV,AVNTGNQFY,DFQATT,SNEGSKA,SAREWAPPNEQF,RPHERNGFTVL
2247,YGATPY,YFSGDTLV,AVAPSNDMR,MNHEY,SMNVEV,ASSLVSGATYNEQF,NLVPMVATV
2248,TISGNEY,GLKNN,IVRVEALNAGGTSYGKLT,MNHEY,SMNVEV,ASRLGPGGPPDTQY,TPRVTGGGAM
2249,NSAFQY,TYSSGN,AMSISNFGNEKLT,ENHRY,SYGVKD,AISDARTGERTDQTYTEAF,LLAGIGTVPI
2250,TTSDR,LLSNGAV,SYNTDKLI,MNHEY,SMNVEV,ASTTGYNSPLH,EAAGIGILTV
2251,TSGFYG,NALDGL,AVRGVSGNTGKLI,MNHEY,SMNVEV,ASSLSLSTSSNEQF,TPRVTGGGAM
2252,TISGTDY,GLTSN,ILPLAGCTSYGKLT,SGHVS,FQNEAQ,ASSQGQAYEQY,FLRGRAYGL
2253,NIATNDY,GYKTK,LVGKSPTGANNLF,MDHEN,SYDVKM,ASSLLQGRTDTQY,CINGVCWTV
2254,TISGTDY,GLTSN,ILSPGGGFGNVLHCFGNVLH,MGHDK,SYGVNS,ASISDREGTEAF,GILGFVFTL
2255,NIATNDY,GYKTK,LVGDPSNFGNEKLT,DFQATT,SNEGSKA,SARAYRESAQY,SPRWYFYYL
2256,SIFNT,LYKAGEL,AGPRYAQGAQKLV,MNHEY,SMNVEV,ASSFQGLGQPQH,ELAGIGILTV
2257,TRDTTYY,RNSFDEQN,ALRVNNAGNMLT,PRHDT,FYEKMQ,ASSLVGYEQY,FTSDYYQLY
2258,DRGSQS,IYSNGD,NDNAR,SGHDN,FVKESK,ASSHAGLG,ALGIGILTV
2259,SVFSS,VVTGGEV,AGAQITNRDDKII,LNHDA,SQIVND,ASSIRSFYEQY,GILGFVFTL
2260,DSASNY,IRSNVGE,AASETSYDKVI,SGHRS,YFSETQ,ASSSPAGGQYNEQF,RAKFKQLL
2261,DSSSTY,IFSNMDM,AESDGQNFV,MNHNY,SVGAGI,ASSPGQVGDQPQH,KSKRTPMGF
2262,ATGYPS,ATKADDK,ALYNTDKLI,MDHEN,SYDVKM,ATQQGRDSQPQH,GLCTLVAML
2263,TRDTTYY,RNSFDEQN,ALSEASDYKLS,MRHNA,SNTAGT,ARRGGSYEQY,GILGFVFTL
2264,VSPFSN,MTFSENT,VGYTNAGKST,SGHNS,FNNNVP,ASSFSGNTGELF,RAKFKQLL
2265,DSASNY,IRSNVGE,AAMETSYDKVI,KGHDR,SFDVKD,ATRDHRDGTGELF,RAKFKQLL
2266,TSGFYG,NALDGL,AVRAITGGGNKLT,SGHRS,YFSETQ,ASSTPSSGPQETQY,TPRVTGGGAM
2267,TRDTTYY,RNSFDEQN,ALRAGNQFY,PRHDT,FYEKMQ,ASSLMRGGTYNSPLH,RAKFKQLL
2268,SSNFYA,MTLNGDE,ASSYSGAGSYQLT,LGHNA,YNFKEQ,ASSPTDSSGTYEQY,VTEHDTLLY
2269,NSAFQY,TYSSGN,AMLRSNFGNEKLT,SGHAT,FQDESV,ASSLAAGELTSTDTQY,LLAGIGTVPI
2270,SIFNT,LYKAGEL,APAGDGGSQGNLI,LNHDA,SQIVND,ASSPRSSQPQH,GILGFVFTL
2271,TSGFNG,NVLDGL,AVRGPLSQGGKLI,MDHEN,SYDVKM,ASSLLQGGSSPLH,GILGFVFTL
2272,NSMFDY,ISSIKDK,AAILNQGGKLI,LNHNV,YYDKDF,ATSRDLLGVVGEQF,TTDPSFLGRY
2273,VGISA,LSSGK,DTGNQFY,LNHDA,SQIVND,ASSIRSGGEQY,GILGFVFTL
2274,TSINN,IRSNERE,ATDGYAGNMLT,MGHDK,SYGVNS,ASSLQSSTEAF,GILGFVFTL
2275,NSAFQY,TYSSGN,AMGISNFGNEKLT,GTSNPN,SVGIG,AWSGRQLSGNTIY,LLAGIGTVPI
2276,NSAFQY,TYSSGN,AMSLSNFGNEKLT,SGHKS,YYEKEE,ASSSPLTGELF,LLAGIGTVPI
2277,NIATNDY,GYKTK,LVNTNAGKST,LGHNA,YNFKEQ,ASSQEVGQRLLNTGELF,CINGVCWTV
2278,NSASDY,IRSNMDK,ADSGGGADGLT,SGHTA,FQGNSA,ASSPRDRERGEQY,RAKFKQLL
2279,NSMFDY,ISSIKDK,AASGTSGTYKYI,MNHEY,SVGAGI,ASSPDGLAPLYGYT,VSDGGPNLY
2280,SSNFYA,MTLNGDE,ASTSGTYKYI,MNHEY,SMNVEV,ASSFLAGGLKYNEQF,NQKLIANQF
2281,TISGNEY,GLKNN,IVTLIQGAQKLV,LNHDA,SQIVND,ASSHRSGWNTDTQY,RAKFKQLL
2282,DRGSQS,IYSNGD,AVPSGGYNKLI,LNHDA,SQIVND,ASSGTSGGYEQY,GILGFVFTL
2283,SVFSS,VVTGGEV,AGAGSQGNLI,LNHDA,SQIVND,ASSVRSSYEQY,GILGFVFTL
2284,DRGSQS,IYSNGD,AGDNYGQNFV,SGHKS,YYEKEE,ASSLTGGTDTQY,GILGFVFTL
2285,TSGFNG,NVLDGL,AVENQGGKLI,SGHNS,FNNNVP,ASSPAAVNYGYT,RFPLTFGWCF
2286,NSASQS,VYSSG,VVNWQYGNKLV,LNHDA,SQIVND,AGQDSNTGELF,YLQPRTFLL
2287,NSASQS,VYSSG,VVNEYDDMR,DFQATT,SNEGSKA,SARDAAGQNTGELF,YLQPRTFLL
2288,DSASNY,IRSNVGE,AANGENNAGNMLT,LNHDA,SQIVND,ASSTHSGNEQF,GILGFVFTL
2289,NIATNDY,GYKTK,LVGEAGGFKTI,SGHTA,FQGTGA,ASSLTVSLSPDLNEQF,CINGVCWTV
2290,NSASQS,VYSSG,VVNVLMDSSYKLI,SNHLY,FYNNEI,ASSEAGGYEQY,NYNYLYRLF
2291,TRDTTYY,RNSFDEQN,AQGPTSGTYKYI,LNHDA,SQIVND,ASSVGYPAF,GILGFVFTL
2292,SSYSPS,YTSAATLV,VVSVPHNQGGKLI,SGHTA,FQGNSA,ASSLGVFTGAGNQPQH,SPRWYFYYL
2293,KALYS,LLKGGEQ,GTEYPNDYKLS,SGHDY,FNNNVP,ASSLSGGSYNEQF,GLCTLVAML
2294,NSMFDY,ISSIKDK,AASEITGANSKLT,DFQATT,SNEGSKA,SARDPAGVGVDEQY,FTSDYYQLY
2295,DSVNN,IPSGT,AGSPSNTGKLI,LNHDA,SQIVND,ASSIYSNQPQH,GILGFVFTL
2296,DRGSQS,IYSNGD,AVMMDSNYQLI,MNHEY,SMNVEV,ASSPGQGGQPQH,LLLDRLNQL
2297,TSESDYY,QEAYKQQN,AFSMEYGNKLV,SGDLS,YYNGEE,ASSGQGGTEAF,GILGFVFTL
2298,DRGSQS,IYSNGD,AVNSFQGAQKLV,SGDLS,YYNGEE,ASSATGTDTQY,LLLDRLNQL
2299,NSAFQY,TYSSGN,AFTISNFGNEKLT,ENHRY,SYGVKD,AISEEAGGSSNQPQH,LLAGIGTVPI
2300,DSASNY,IRSNVGE,ATYDMR,DFQATT,SNEGSKA,SADNVAGGPGSEQF,DATYQRTRALVR
2301,SSVSVY,YLSGSTLV,AVNNNDMR,MNHEY,SMNVEV,ASRTGTGNLYEQY,TPRVTGGGAM
2302,TSGFNG,NVLDGL,AVRDHSGNTPLV,SEHNR,FQNEAQ,ASSSRDGGTDTQY,RAKFKQLL
2303,TSINN,IRSNERE,ATPRGGNAGKST,SQVTM,ANQGSEA,SVFFGTGELF,GILGFVFTL
2304,TRDTTYY,RNSFDEQN,ALPNAGNNRKLI,SEHNR,FQNEAQ,ASSRGEEPNNQPQH,RTATKQYNV
2305,DSSSTY,IFSNMDM,ALGSGNTGKLI,SGHRS,YFSETQ,ASSTPSSGPQETQY,RPHERNGFTVL
2306,DRGSQS,IYSNGD,AVTHYGGSQGNLIFG,MDHEN,SYDVKM,ASLRSAVWADTQYFG,ELAGIGILTV
2307,DSAIYN,IQSSQRE,AAPLEYGNKLV,MNHEY,SMNVEV,ASGRLVTGGGTGANVLT,FEDLRVSSF
2308,NSASQS,VYSSG,VVNKSHRGSTLGRLY,LNHDA,SQIVND,ASSFYSTTEQF,GILGFVFTL
2309,VSGNPY,YITGDNLV,AVRRHQAGTALI,SGHNT,YYREEE,ASSFGVGDTEETQY,CTELKLSDY
2310,DRGSQS,IYSNGD,AVTGDDKII,SGHTA,FQGNSA,ASSPSGGAYGYT,LLWNGPMAV
2311,DRGSQS,IYSNGD,AVISGGFKTI,KGHSH,LQKENI,ASSPPEKANYGYT,LLLDRLNQL
2312,TSDPSYG,QGSYDQQN,AMREGNNYGQNFV,SGHVS,FNYEAQ,ASQRGGREETQY,YLQPRTFLL
2313,SSVPPY,YTSAATLV,AGLSGGYQKVT,SEHNR,FQNEAQ,ASSSPRLSGEADGYT,FLRGRAYGL
2314,TRDTTYY,RNSFDEQN,ALSVRETSGSRLT,PRHDT,FYEKMQ,ASSLGLGYEQF,GILGFVFTL
2315,SVFSS,VVTGGEV,AGARGSQGNLI,LNHDA,SQIVND,ASSIVALDEQF,GILGFVFTL
2316,DSASNY,IRSNVGE,AASETSYDKVI,SEHNR,FQNEAQ,ASSELGEGGNTIY,RAKFKQLL
2317,DRGSQS,IYSNGD,AVSQGGADGLT,LGHNA,YNFKEQ,ASSLTGGAEAF,ELAGIGILTV
2318,DRGSQS,IYSNGD,AVKGGNQFY,SNHLY,FYNNEI,ASILREDTQY,LLLDRLNQL
2319,DRGSQS,IYSNGD,ASVGMDSSYKLI,LNHDA,SQIVND,ASSARSSYEQY,GILGFVFTL
2320,DRGSQS,IYSNGD,AGSASKII,WSHSY,SAAADI,ASSTGTVSYEQY,LLWNGPMAV
2321,SVFSS,VVTGGEV,AGGGSQGNLI,SGHVS,FNYEAQ,ASSLGGVLGETQY,GILGFVFTL
2322,SIFNT,LYKAGEL,AGYYNTDKLI,MGHRA,YSYEKL,ASSQVGPGETQY,DATYQRTRALVR
2323,VSGNPY,YITGDNLV,AVRDLSGGYQKVT,MNHEY,SMNVEV,ASSLQGGTYEQY,MEVTPSGTWL
2324,NSMFDY,ISSIKDK,AASGGNDMR,SEHNR,FQNEAQ,ASSFSSGPYNEQF,YAKWKLCSA
2325,DSASNY,IRSNVGE,AAIDGTSGTYKYI,SGHDT,YYEEEE,ASSGTGSKNIQY,RTATKQYNV
2326,TSGFNG,NVLDGL,AVRDVGLGFGNVLH,LGHDT,YNNKEL,ASSQEQPGQGIVGGVDTQY,TPRVTGGGAM
2327,DRGSQS,IYSNGD,AALYSSASKII,LNHDA,SQIVND,ASSIRSSYEQY,GILGFVFTL
2328,DRGSQS,IYSNGD,AVTLNNNAGNMLT,SEHNR,FQNEAQ,ASSSFYDSNEKLF,NLVPMVATV
2329,SSNFYA,MTLNGDE,ASGGSYIPT,ENHRY,SYGVKD,ASCRDGTYEQY,CTELKLSDY
2330,TTLSN,LVKSGEV,DGVGGGSQGNLI,LNHDA,SQIVND,ASSDRATQPQH,GILGFVFTL
2331,TISGNEY,GLKNN,IVRARTDKLI,LNHDA,SQIVND,ASSIIAGAYNEQF,GILGFVFTL
2332,DRGSQS,IYSNGD,AVRDDKII,DFQATT,SNEGSKA,SGGDGNTIY,LLWNGPMAV
2333,TSDPSYG,QGSYDQQN,AMRDWALTGGGNKLT,MNHEY,SMNVEV,ASALAQAYEQY,TTDPSFLGRY
2334,TISGTDY,GLTSN,ILPLAGGTSYGKLT,SQVTM,ANQGSEA,SVGTGGTNEKLF,GLCTLVAML
2335,TSINN,IRSNERE,ATDEEEYGNKLV,PRHDT,FYEKMQ,ASSLQNQETQY,RTATKAYNV
2336,YGGTVN,YFSGDPLV,AVSGYSSASKII,SGHRS,YFSETQ,ASSSTEGQGYYYGYT,RPHERNGFTVL
2337,NSMFDY,ISSIKDK,AASDTGNQFY,SGHNS,FNNNVP,ASSLGLTWGTEAF,RGPGRAFVTI
2338,DSAIYN,IQSSQRE,AVNGGSYIPT,MNHEY,SVGEGT,ASQGDWREIDTGELF,GILGFVFTL
2339,DRGSQS,IYSNGD,AAFTGTASKLT,MNHEY,SMNVEV,ASSGPQGLAGVSNEQF,LLLDRLNQL
2340,TSINN,IRSNERE,ATPRSGGSYIPT,ENHRY,SYGVKD,AISEEHTGEYQPQH,LTDEMIAQY
2341,DSSSTY,IFSNMDM,AEDLQKLV,DFQATT,SNEGSKA,SARALPVGNTIY,GLCTLVAML
2342,NSASQS,VYSSG,VVVRMDSSYKLI,SNHLY,FYNNEI,ASSESQGYEQY,NYNYLYRLF
2343,TSDPSYG,QGSYDQQN,AMRETNFGNEKLT,SSHAT,FNYEAQ,ASSRNRYTDTQY,YLQPRTFLL
2344,VSGLRG,LYSAGEE,AVQAGGNKLT,LNHDA,SQIVND,ASSMRAGVEQF,GILGFVFTL
2345,DRGSQS,IYSNGD,AVNRGSYIPT,MNHEY,SVGEGT,ASSPGLALSPSTDTQY,ELAGIGILTV
2346,TSGFNG,NVLDGL,AVYGGSQGNLI,SGHTA,FQGNSA,ASSESNYGYT,LLLDRLNQL
2347,TSGFYG,NALDGL,AVRGSGGSYIPT,MNHEY,SMNVEV,ASSLSIWDRGGEQY,EPLPQGQLTAY
2348,TSDPSYG,QGSYDQQN,AITGGFKTI,SGDLS,YYNGEE,ASSSKPGGDYNEQF,SPRWYFYYL
2349,DRGSQS,IYSNGD,APGMASGSARQLT,DFQATT,SNEGSKA,SAREPGRQFAFAALH,FEDLRVSSF
2350,VGISA,LSSGK,AVTMSGVWGGADGLT,LNHDA,SQIVND,ASSIYHTDTQY,GILGFVFTL
2351,DSAIYN,IQSSQRE,AVDTATLI,SGHNS,FNNNVP,ASTLSSSYEQY,CTELKLSDY
2352,NSASQS,VYSSG,VVNVVDDMR,SGHVS,FQNEAQ,ASSAGVSGEQY,YLQPRTFLL
2353,TSDPSYG,QGSYDQQN,AMREPRSNDYKLS,MDHEN,SYDVKM,ASSLTQGFTEAF,TTDPSFLGRY
2354,TSDPSYG,QGSYDQQN,AMREDAQNTGFQKLV,SEHNR,FQNEAQ,ASSLRDSSGQETQY,GILGFVFTL
2355,YGATPY,YFSGDTLV,AGGGSSNTGKLI,MNHEY,SVGAGI,ASTPFASTEAF,NLVPMVATV
2356,TRDTTYY,RNSFDEQN,APRNTPLV,SGDLS,YYNGEE,ASSPGQGGSNEQF,SPRWYFYYL
2357,DRGSQS,IYSNGD,AVMMEYGNKLV,MGHRA,YSYEKL,ASSQLPTGYFSEQY,RAKFKQLL
2358,DSASNY,IRSNVGE,AAAETSYDKVI,SEHNR,FQNEAQ,ASSSIAPGDQPQH,RAKFKQLL
2359,DSSSTY,IFSNMDM,AESRQTGANNLF,SQVTM,ANQGSEA,SVEVVGTQTYNEQF,TTDPSFLGRY
2360,NSASQS,VYSSG,VVLMDSSYKLI,SQVTM,ANQGSEA,SVVPTGGYGYT,RTATKAYNV
2361,NSAFQY,TYSSGN,AISISNFGNEKLT,MDHEN,SYDVKM,ASSRTEANTEAF,LLAGIGTVPI
2362,DSASNY,IRSNVGE,AATETSYDKVI,SEHNR,FQNEAQ,ASSFLGQHSTDTQY,RAKFKQLL
2363,DRGSQS,IYSNGD,GRNNDMR,SGHAT,FQDESV,ASSFPQGADGYT,ELAGIGILTV
2364,TISGTDY,GLTSN,ILPLDGGIGYGRLT,SGHVS,FQNEAQ,ASSLGQAYEQY,FLRGRAYGL
2365,NSASQS,VYSSG,VVNLLRSNDYKLS,MNHNS,SASEGT,ASSEGRGYEQF,NYNYLYRLF
2366,SVFSS,VVTGGEV,AGVEDKLI,SGHNS,FNNNVP,ASSFSGNTGELF,RAKFKQLL
2367,TSWWSYY,QGSDEQN,ALGELGWDTDKLI,VENAVY,YDSYNSRV,ATWASSDWIKT,ELAGIGILTV
2368,SSVSVY,YLSGSTLV,AGSLGTYKYI,DFQATT,SNEGSKA,SAPDRGYHNEQF,TTDPSFLGRY
2369,NSASQS,VYSSG,VVDKTGANNLF,LGHNA,YNFKEQ,ASSHLGGPKETQY,LTDEMIAQY
2370,TSENNYY,QEAYKQQN,AFLASINDNNARLM,SGHDT,YYEEEE,ASSLGRGSKKLF,RTLNAWVKV
2371,TSINN,IRSNERE,ATGNNNARLM,LNHDA,SQIVND,ASSIFGGDYNEQF,GILGFVFTL
2372,SVFSS,VVTGGEV,AGLKMDSNYQLI,LGHNA,YSLEER,ASSQDPAGSITDTQY,GILGFVFTL
2373,DRGSQS,IYSNGD,ASNSGGGADGLT,SGHRS,YFSETQ,ASSSEAGLAATDTQY,ELAGIGILTV
2374,TSENNYY,QEAYKQQN,AFMTNAGGTSYGKLT,DFQATT,SNEGSKA,SAIRSGGPYEQY,GILGFVFTL
2375,SIFNT,LYKAGEL,AGQLMNRDDKII,DFQATT,SNEGSKA,SARADPGTFTFGPSGTFSTDTQY,GILGFVFTL
2376,TRDTTYY,RNSFDEQN,ALSEGVGKLI,LNHDA,SQIVND,ASSIRSSYEQY,GILGFVFTL
2377,DSAIYN,IQSSQRE,AVRVSL,SGHNT,YENEEA,ASSSHGAGAYNEQF,RAKFKQLL
2378,YGATPY,YFSGDTLV,AVGVSMDSGGGADGLT,SGDLS,YYNGEE,ASSLAGDHYEQY,FTSDYYQLY
2379,NSAFQY,TYSSGN,AMSSGGTSYGKLT,MGHDK,SYGVNS,ASSEFGQGVTYEQY,GPRLGVRAT
2380,STGYPT,ETMEN,LPHYGGSQGNLI,LNHDA,SQIVND,ASSILSRQPQH,GILGFVFTL
2381,NIATNDY,GYKTK,LVVSPSGGSYIPT,SQVTM,ANQGSEA,SVGSRESSYNEQF,CINGVCWTV
2382,DSAIYN,IQSSQRE,AVMKDPNAGGTSYGKLT,SGHNS,FNNNVP,ASSFSGNTGELF,RAKFKQLL
2383,DSASNY,IRSNVGE,AALEPGFQKLV,LNHDA,SQIVND,ASSPLSTDTQY,GILGFVFTL
2384,NSASQS,VYSSG,VVSRQGGTGGFKTI,MDHEN,SYDVKM,ASSFLGPGLNEQY,CLGGLLTMV
2385,NSASQS,VYSSG,AVNTNAGKST,LNHDA,SQIVND,ASSIVIVAGANVLT,GILGFVFTL
2386,NSASDY,IRSNMDK,ADSGGGADGLT,MNHEY,SMNVEV,ASSLSGSNNEQF,RAKFKQLL
2387,TISGTDY,GLTSN,ILQPYNNAGNMLT,LNHDA,SQIVND,ASSFGSYGYT,GILGFVFTL
2388,TRDTTYY,RNSFDEQN,ALSEDISNFGNEKLT,DFQATT,SNEGSKA,SARADTIPYNEQF,VLFGLGFAI
2390,DSAIYN,IQSSQRE,AVINSGYSTLT,PRHDT,FYEKMQ,ASSPTPSGQGTADTQY,YLQPRTFLL
2391,DRGSQS,IYSNGD,AANSGGGADGLT,LGHNA,YSLEER,ASSPGEGLYEQY,ELAGIGILTV
2392,TSDPSYG,QGSYDQQN,AMRVSYNQGGKLI,MNHNS,SASEGT,ASSEVFGASNQPQH,MEVTPSGTWL
2393,DSASNY,IRSNVGE,APRETSYDKVI,SGHNS,FNNNVP,ASSFLDRGDTEAF,RAKFKQLL
2394,KTLYG,LQKGGEE,GADTTSGTYKYI,MGHRA,YSYEKL,ASSPGTGEGYEQY,RAKFKQLL
2395,NSASQS,VYSSG,VVNKDNFNKFY,SGHDN,FVKESK,ASRPQQGKGSYEQY,LLWNGPMAV
2396,YGATPY,YFSGDTLV,AVTLSSKST,WSHSY,SAAADI,ASSGDGMNTEAF,CLGGLLTMV
2397,DSASNY,IRSNVGE,AASETSYDKVI,MNHEY,SVGAGI,ASSPIPGLQPSEQAETQY,RAKFKQLL
2398,SVFSS,VVTGGEV,SAEFRGIAIIS,MNHEY,SVGAGI,ASIADRGLNTEAF,KSKRTPMGF
2399,DSAIYN,IQSSQRE,AVFNAGGTSYGKLT,MNHEY,SMNVEV,ASTPKGGAYNEQF,SPRWYFYYL
2400,NSAFQY,TYSSGN,AISLSNFGNEKLT,LNHDA,SQIVND,ASSHADGQLDDEQF,LLAGIGTVPI
2401,DRGSQS,IYSNGD,AVPNQAGTALI,MNHEY,SVGEGT,ASCYGGLGTEAF,LLAGIGTVPI
2402,TSDPSYG,QGSYDQQN,AMGGYSTLT,MNHEY,SMNVEV,ASSLSAGVETQY,GILGFVFTL
2403,NYSPAY,IRENEKE,ALRGGYSTLT,MDHEN,SYDVKM,ASSPITGTSLANEQF,VLFGLGFAI
2404,DRGSQS,IYSNGD,AVSDSGGGADGLT,MGHRA,YSYEKL,ASSQVVAFGDTQY,RPIIRPATL
2405,NSAFQY,TYSSGN,ILTGGGNKLT,LNHDA,SQIVND,ASSIRAGETQY,GILGFVFTL
2406,TSDPSYG,QGSYDQQN,AMIIFGNEKLT,MNHEY,SVGEGT,ASSYVPGQSHTEAF,YLQPRTFLL
2407,DRGSQS,IYSNGD,AVERENQGGKLI,SGHNT,YYREEE,ASSFPGTGGNIQY,KLSALGINAV
2408,DRGSQS,IYSNGD,AVNPLFGNEKLT,SNHLY,FYNNEI,ASSEGLEQF,LLLDRLNQL
2409,SVFSS,VVTGGEV,AGASGSSNTGKLI,LNHDA,SQIVND,ASSIRSGWEQY,GILGFVFTL
2410,SSNFYA,MTLNGDE,AFMPGNQFY,LNHDA,SQIVND,ASSI,RPIIRPATL
2411,TRDTTYY,RNSFDEQN,APRTSGTYKYI,LNHDA,SQIVND,ASSIFGQVDAF,GILGFVFTL
2412,NIATNDY,GYKTK,LKAGGFKTI,MDHEN,SYDVKM,ASRLLAGAYEQY,CINGVCWTV
2413,TTLSN,LVKSGEV,AGGGGAGSYQLT,LNHDA,SQIVND,ASSIRSSYEQY,GILGFVFTL
2414,VSGLRG,LYSAGEE,AVQDLGTSGSRLT,SGDLS,YYNGEE,ASSARTGELF,YLQPRTFLL
2415,DRGSQS,IYSNGD,AVNSGYALN,LNHNV,YYDKDF,ATTNLGNHNEQF,LLLDRLNQL
2416,ATGYPS,ATKADDK,ALGGTGNQFY,MNHEY,SMNVEV,ASSPRGPTDTQY,TTDPSFLGRY
2417,NSASQS,VYSSG,VGNSE,LNHDA,SQIVND,ASSIMAYNGQF,GILGFVFTL
2418,TSGFNG,NVLDGL,AVRGLIKAAGNKLT,MDHEN,SYDVKM,ASSFAVRSLGGGRWADTQY,GILGFVFTL
2419,TISGNEY,GLKNN,IVRVPFLYNQGGKLI,MNHEY,SVGEGT,ASSYSVKGLNTEAF,CINGVCWTV
2420,TSENNYY,QEAYKQQN,AFMKHEGMDSNYQLI,LNHDA,SQIVND,ASSIHWGNTEAF,GILGFVFTL
2421,NSMFDY,ISSIKDK,AASAASGTYKYI,LNHNV,YYDKDF,ATSRDRGPLSEQY,VSDGGPNLY
2422,NSAFQY,TYSSGN,AMTLSNFGNEKLT,SGHDN,FVKESK,ASSQDGGQYREKLF,LLAGIGTVPI
2423,SVFSS,VVTGGEV,AGSSGGSQGNLI,LNHDA,SQIVND,ASSYRSSYEQY,GILGFVFTL
2424,DRGSQS,IYSNGD,AVMNNFNKFY,LNHDA,SQIVND,ASSPGGGYEQY,LLLDRLNQL
2425,NSAFQY,TYSSGN,AMSVSNFGNEKLT,LGHDT,YNNKEL,ASSQATFLRDTEAF,LLAGIGTVPI
2426,TRDTTYY,RNSFDEQN,ALSENGRSQGNLI,SGHDT,YYEEEE,ASSLRDGSEAF,RAKFKQLL
2427,TSESDYY,QEAYKQQN,AQEDSSYKLI,SGHTA,FQGNSA,ASSLAGGQGTDTQY,RTATKQYNV
2428,YGGTVN,YFSGDPLV,AVNPFGSGGYNKLI,ENHRY,SYGVKD,AISLGTSGRESYNEQF,RPHERNGFTVL
2429,TSENNYY,QEAYKQQN,AFIQGAQKLV,MNHEY,SMNVEV,ASSLEVGQETQY,GILGFVFTL
2430,SVFSS,VVTGGEV,APAPDARLM,LNHDA,SQIVND,ASSGRAAGELF,GILGFVFTL
2431,DRGSQS,IYSNGD,AVNSADKLI,SEHNR,FQNEAQ,ASSRDIEAF,YLQPRTFLL
2432,TTLSN,LVKSGEV,AGPIDGGSQGNLI,LNHDA,SQIVND,ASSILSNQPQH,GILGFVFTL
2433,DSAIYN,IQSSQRE,AVASFYGNNRLA,MDHEN,SYDVKM,ASNRDRDYGYT,LLWNGPMAV
2434,DSASNY,IRSNVGE,AASETSYDKVI,SGHNS,FNNNVP,ASSHTQDIPNYGYT,RAKFKQLL
2435,SVFSS,VVTGGEV,AGGRHSGGGADGLT,MNHNY,SVGAGI,ASSYSRPGLSNQPQH,GILGFVFTL
2436,YSGSPE,HISR,SYNTDKLI,MNHEY,SMNVEV,ASSLSVLSYNEQF,YVLDHLIVV
2437,DSSSTY,IFSNMDM,AGQPAGTALI,MNHEY,SMNVEV,ASSFRTSGNEQY,TTDPSFLGRY
2438,DRGSQS,IYSNGD,AGPNTGGFKTI,MNHEY,SVGAGI,ASSQSYRGNTEAF,SPRWYFYYL
2439,TISGNEY,GLKNN,IVQSRNTGNQFY,MGHRA,YSYEKL,ASSRNYGYT,GILGFVFTL
2440,TTSDR,LLSNGAV,AVDISNAGNMLT,SQVTM,ANQGSEA,SVVDYGYT,NLVPMVATV
2441,DSAIYN,IQSSQRE,AVSLSGGYNKLI,SGHNT,YENEEA,ASSSHGAGAYNEQF,RAKFKQLL
2442,SSVPPY,YTSAATLV,AVSDLAAGNKLT,SNHLY,FYNNEI,ASSRDRSISGNTIY,SPRWYFYYL
2443,NSASDY,IRSNMDK,AERDGGGSQGNLI,LNHDA,SQIVND,ASSIRAAETQY,GILGFVFTL
2444,YGGTVN,YFSGDPLV,AVSDREARLM,MNHEY,SMNVEV,ASRPLAGGQDKETQY,SPRWYFYYL
2445,TTLSN,LVKSGEV,AGPEGFGNVLHCFGNVLH,MNHEY,SMNVEV,ASSFRTPRQSSYEQY,TPRVTGGGAM
2446,TSINN,IRSNERE,TTDSWGKFE,MNHEY,SMNVEV,ASWTGAAEAF,SPRWYFYYL
2447,DRGSQS,IYSNGD,AVNGGGATNKLI,MDHEN,SYDVKM,AIPGPSNTEAF,ELAGIGILTV
2448,DSSSTY,IFSNMDM,AGRGNNARLM,LNHDA,SQIVND,ASSTTSGGLNEQF,GILGFVFTL
2449,TISGTDY,GLTSN,ILRGGGGTSYGKLT,MNHEY,SMNVEV,ASSDQGANYEQY,TTDPSFLGRY
2450,TRDTTYY,RNSFDEQN,ALRAGNQFY,SGHDY,FNNNVP,ASGRLSYNEQF,RAKFKQLL
2451,VSGNPY,YITGDNLV,AVRDENARLM,LGHNA,YSLEER,ASSQGLAGSEQY,GILGFVFTL
2452,DRGSQS,IYSNGD,AVDANARLM,MDHEN,SYDVKM,ASSYFKGAGELF,LLWNGPMAV
2453,NSMFDY,ISSIKDK,AASGGSQGNLI,LGHNA,YSLEER,ASSSGQGAYEQY,GILGFVFTL
2454,NIATNDY,GYKTK,LVGEANGGSQGNLI,SGHVS,FQNEAQ,ASSLEEGYSYEQY,KSKRTPMGF
2455,DSASNY,IRSNVGE,AVPTGNQFY,MNHEY,SMNVEV,ASSGLALYNEQF,GILGFVFTL
2456,NSAFQY,TYSSGN,AMRGYQKVT,LGHDT,YNNKEL,ASSHELTRADTQY,RLPGVLPRA
2457,TSDPSYG,QGSYDQQN,AMRREGGSEKLV,MDHEN,SYDVKM,ASSLIGSPNQPQH,YLLEMLWRL
2458,NSAFQY,TYSSGN,AMGGDYQLI,SGHTA,FQGTGA,ASSLIAGELF,LLAGIGTVPI
2459,YGATPY,YFSGDTLV,AVVGTGNQFY,SGHDY,FNNNVP,ASSNSWGSYEQY,GLCTLVAML
2460,NSASQS,VYSSG,VVNRWASGTYKYI,LNHDA,SQIVND,ASSARSSYEQY,GILGFVFTL
2461,TISGNEY,GLKNN,IVRAPLSGGSNYKLT,SGHRS,YFSETQ,ASSLSTSGRTLDTEAF,LTDEMIAQY
2462,TISGTDY,GLTSN,ILPLAGGTSYGKLT,SEHNR,FQNEAQ,ASSSAGGVAGGEQF,FLRGRAYGL
2463,TRDTTYY,RNSFDEQN,ALSVVNQAGTALI,SGHRS,YFSETQ,ASSLVENTEAF,CINGVCWTV
2464,NSASDY,IRSNMDK,ADSGGGADGLT,MNHEY,SVGAGI,ASSYSTRLADYNEQF,RAKFKQLL
2465,NIATNDY,GYKTK,LVGAYGQRLL,SNHLY,FYNNEI,SYNEQF,SPRWYFYYL
2466,DRGSQS,IYSNGD,AVGDDKII,SGHNS,FNNNVP,ASSRDWGVGEQF,ALAGIGILTV
2467,TSINN,IRSNERE,ATDSPTDSWGKLQ,LGHNA,YNFKEQ,ASSQEQWSGETSNYGYT,RTLNAWVKV
2468,DSSSTY,IFSNMDM,AEYYILTGGGNKLT,MNHNS,SASEGT,ASSEEEQTTPEAF,CLGGLLTMV
2469,DRGSQS,IYSNGD,APQANTGKLI,LNHDA,SQIVND,ASSIRSSYEQY,GILGFVFTL
2470,NSMFDY,ISSIKDK,APTNGNKLV,DFQATT,SNEGSKA,SASHPGDSPLH,RTATKAYNV
2471,NIATNDY,GYKTK,LVGSLYNNNDMR,DFQATT,SNEGSKA,SARETGETVAGNTIY,IPSINVHHY
2472,DRGSQS,IYSNGD,AVNLAGGTSYGKLT,MNHEY,SMNVEV,ASSPGLGNTIY,ELAGIGILTV
2473,YGATPY,YFSGDTLV,AVGTARLM,MNHEY,SMNVEV,ASSPHFQVDTGELF,RAKFKQLL
2474,NSASQS,VYSSG,VVNRVENSGYSTLT,MNHNS,SASEGT,ASSGNEQDLQPQH,DATYQRTRALVR
2475,NIATNDY,GYKTK,LVGEGPSGGYQKVT,DFQATT,SNEGSKA,SAPLPRMDNEQF,CINGVCWTV
2476,SSVPPY,YTSAATLV,AVGTGFQKLV,SEHNR,FQNEAQ,ASSPPDGRPAEAF,HSNLNDATY
2477,TRDTTYY,RNSFDEQN,ALTSGEKLT,LNHDA,SQIVND,ASSFTVNTEAF,GILGFVFTL
2478,TTSDR,LLSNGAV,AVPSGYALN,MNHNS,SASEGT,ATTEQGSLIEQY,LTDEMIAQY
2479,TSINN,IRSNERE,ATDANDYKLS,SGHRS,YFSETQ,ASSIGQGETQY,FLASKIGRLV
2480,VSGNPY,YITGDNLV,AVRDPFKAAGNKLT,ENHRY,SYGVKD,AISESTAHSYNEQF,GILGFVFTL
2481,VTNFRS,LTSSGIE,AVHMR,MGHRA,YSYEKL,ASSQIYVGSYEQY,VSDGGPNLY
2482,TSDPSYG,QGSYDQQN,AMRELPGSNYQLI,LNHDA,SQIVND,ASSIRSSYEQY,GILGFVFTL
2483,DSVNN,IPSGT,AVEGADGLT,MNHEY,SMNVEV,ASGPNFNTGELF,GILGFVFTL
2484,DRGSQS,IYSNGD,AVNSGGYQKVT,MDHEN,SYDVKM,ASSFSGDTEAF,GILGFVFTL
2485,TSINN,IRSNERE,ATERRMDSSYKLI,SEHNR,FQNEAQ,ASSLREGPYPETQY,RPPIFIRRL
2486,NSMFDY,ISSIKDK,AATGNQFY,MNHEY,SVGAGI,ASSYGAGMGYT,GILGFVFTL
2487,DSAIYN,IQSSQRE,AVPIMNRDDKII,MNHEY,SMNVEV,ASSTIAGETKNIQY,SPRWYFYYL
2488,DSVNN,IPSGT,AVDAGGFKTI,MNHEY,SMNVEV,ASSSGGVYEQY,IPSINVHHY
2489,NSAFQY,TYSSGN,AMGLSNFGNEKLT,MDHEN,SYDVKM,ASSSPDRGYTDTQY,LLAGIGTVPI
2490,NSASDY,IRSNMDK,AEKGGDDKII,ENHRY,SYGVKD,AISESSSGNNEQF,ATDALMTGF
2491,SIFNT,LYKAGEL,AGPDTYRDGGSQGNLI,LNHDA,SQIVND,ASSPRSGNEQF,GILGFVFTL
2492,DSAIYN,IQSSQRE,AVAGYSTLT,LNHDA,SQIVND,ASSRTGGAGNTEAF,GILGFVFTL
2493,NYSPAY,IRENEKE,ALVGGSYIPT,SGHTA,FQGTGA,ASSTMGNAPLDTQY,GILGFVFTL
2494,DSSSTY,IFSNMDM,AETIGGRSQGNLI,LNHDA,SQIVND,ASSSRGGHEQY,GILGFVFTL
2495,DRGSQS,IYSNGD,AVNKISNFGNEKLT,MDHEN,SYDVKM,ASSFRGGFYTGELF,LLLDRLNQL
2496,NSASDY,IRSNMDK,AENGGGGADGLT,SGHDT,YYEEEE,ASSFEGLNTGELF,GILGFVFTL
2497,DRGSQS,IYSNGD,AVIQARLM,LGHDT,YNNKEL,ASSQDTSGLYNEQF,RAKFKQLL
2498,KALYS,LLKGGEQ,GTEWEARLM,LNHDA,SQIVND,ASSIRSSYEQY,GILGFVFTL
2499,SIFNT,LYKAGEL,AGLSTDKLI,LNHDA,SQIVND,ASSIFGINEQF,GILGFVFTL
2500,VGISA,LSSGK,AAFEYGNKLV,DFQATT,SNEGSKA,SARNRDRAYEQY,QYIKWPWYI
2501,SSNFYA,MTLNGDE,TTDSWGKFE,MGHDK,SYGVNS,ASKDLSGGEQY,RPPIFIRRL
2502,TSGFNG,NVLDGL,AVSDGDYKLS,MDHEN,SYDVKM,ASSLYSNEQY,YVLDHLIVV
2503,DSASNY,IRSNVGE,AASYNTNAGKST,SGHVS,FNYEAQ,ASSPRTSFETQY,NLVPMVATV
2504,TSGFNG,NVLDGL,AANSGGYQKVT,MDHEN,SYDVKM,ATGQSNTGELF,TTDPSFLGRY
2505,TSDPSYG,QGSYDQQN,AMREGESSASKII,SQVTM,ANQGSEA,SVGTAHGYT,RAKFKQLL
2506,TSENNYY,QEAYKQQN,AFMTNAGGTSYGKLT,SGHTA,FQGNSA,ASSWGGGSHYGYT,GILGFVFTL
2507,NSMFDY,ISSIKDK,AAFGGGADGLT,SGHNT,YENEEA,ASSLVPSGGPVSTDTQY,GILGFVFTL
2508,TSINN,IRSNERE,ATDRAGGGADGLT,LNHDA,SQIVND,ASSIVAGSSYNEQF,GILGFVFTL
2509,DSAIYN,IQSSQRE,AVETTSGTYKYI,SQVTM,ANQGSEA,SGGSGEGYEQF,RAKFKQLL
2510,DRGSQS,IYSNGD,AGSNARLM,MNHEY,SMNVEV,ASSNQGASAYGYT,LLWNGPMAV
2511,YGGTVN,YFSGDPLV,AVSTR,MNHEY,SVGEGT,ASSTGTSNNEQF,YVLDHLIVV
2512,TISGTDY,GLTSN,ILRDLLMNRDDKII,MNHEY,SVGAGI,ASSYSNRYPGGYT,NQKLIANQF
2513,SVFSS,VVTGGEV,AGDGNFGNEKLT,LGHNA,YSLEER,ASSQDPGRGSPLH,YLQPRTFLL
2514,NSAFQY,TYSSGN,VIPPLPGKLI,SGHRS,YFSETQ,ASSLAGSFMNTEAF,SPRWYFYYL
2515,DSASNY,IRSNVGE,AASGGGSQGNLI,LNHDA,SQIVND,ASSKRSQEPQH,GILGFVFTL
2516,NSAFQY,TYSSGN,AMKPGNTGKLI,SGHTA,FQGNSA,ASSRLTPGQGDY,SPRWYFYYL
2517,SSVPPY,YTSAATLV,AVSDQISGNEKLT,LNHDA,SQIVND,ASSIHKNQPQH,GILGFVFTL
2518,NYSPAY,IRENEKE,ALDKRYSSASKII,MNHEY,SMNVEV,ASSLSYRGTDTQY,SPRWYFYYL
2519,SSYSPS,YTSAATLV,AVFADGQKLL,MNHNS,SASEGT,ASVGLAVVGELF,SPRWYFYYL
2520,NSASQS,VYSSG,VVNGLDDMR,SGHVS,FQNEAQ,ASSGGYEQY,YLQPRTFLL
2521,VSGNPY,YITGDNLV,AVRAGGDDKII,ENHRY,SYGVKD,ASSFPSGEGAADTQY,NLVPMVATV
2522,SVFSS,VVTGGEV,AGAWNTGKLI,LNHDA,SQIVND,ASSIRSSYEQY,GILGFVFTL
2523,SIFNT,LYKAGEL,AGSPPPSSGAGPFQLT,MDHEN,SYDVKM,ASSLHRTLLSGNTIY,QAKWRLQTL
2524,SVFSS,VVTGGEV,AGAGSQGNLI,LGHDT,YNNKEL,ASSRLAGGWNEQF,GILGFVFTL
2525,SVFSS,VVTGGEV,AGGGQEGSQGNLI,LNHDA,SQIVND,ASSIISNQPQH,GILGFVFTL
2526,DSAIYN,IQSSQRE,AVLMDSNYQLI,WSHSY,SAAADI,ASALDGLNYEQY,CLGGLLTMV
2527,SIFNT,LYKAGEL,AGQGKTSYDKVI,LGHNA,YNFKEQ,ASSLGVAVYEQY,GILGFVFTL
2528,TISGTDY,GLTSN,ILWRYGGGQGNLI,LGHDT,YNNKEL,ASSPVSGSTYEQY,GLCTLVAML
2529,TSGFNG,NVLDGL,AVNSGHTPLV,SGHDN,FVKESK,ASSQVNNPGDGYT,QAKWRLQTL
2530,NSMFDY,ISSIKDK,NNNAGNMLT,SEHNR,FQNEAQ,ASSPGTGGHEQY,GLCTLVAML
2531,NSAFQY,TYSSGN,AMSISNFGNEKLT,MDHEN,SYDVKM,ASSRSRDTQY,LLAGIGTVPI
2532,NSASQS,VYSSG,VVNRDDKII,SGHDT,YYEEEE,ASIVRNSLEAF,YLQPRTFLL
2533,SVFSS,VVTGGEV,AGVPSNTGKLI,LGHNA,YNFKEQ,ASTALWAGGDEQF,YSEHPTFTSQY
2534,DSSSTY,IFSNMDM,AEMEGGSYIPT,SGHNS,FNNNVP,ASSFPSGDGTQY,RAKFKQLL
2535,NSASQS,VYSSG,VGGGGSNYKLT,MNHEY,SMNVEV,ASSLTPPGSYNEQF,RLPGVLPRA
2536,NSAFQY,TYSSGN,AVTSNSNSGYALN,MDHEN,SYDVKM,ASSPQGVGQPQH,ELAGIGILTV
2537,VSNAYN,GSKP,AVEDYNKFY,SGHDY,FNNNVP,ASGRLSYNEQF,RAKFKQLL
2538,DRGSQS,IYSNGD,AVTPGTYKYI,LGHDT,YNNKEL,ASSPGTSIFVAEQY,ELAGIGILTV
2539,TSENNYY,QEAYKQQN,AFLNAGGTSYGKLT,MNHEY,SVGEGT,ASSALVAFSTDTQY,QYIKWPWYI
2540,NSAFQY,TYSSGN,AMSGTGRRALT,GTSNPN,SVGIG,AWSASPGASNQPQH,GILGFVFTL
2541,YSGSPE,HISR,ALRARGSTLGRLY,MNHEY,SMNVEV,ASSLSTTTASYEQY,QYIKWPWYI
2542,YGGTVN,YFSGDPLV,AVNAGNMLT,MNHNY,SVGAGI,ASCQGGGPSMETQY,DATYQRTRALVR
2543,NSMFDY,ISSIKDK,AAPPPNAGNMLT,SEHNR,FQNEAQ,ASSPGTGGHEQY,GLCTLVAML
2544,YSGSPE,HISR,ALLSQGPGPGRKAYLRT,SEHNR,FQNEAQ,ASSPLGLAGGPGEDTQY,RAKFKQLL
2545,TISGTDY,GLTSN,ILPLEAGTRSGRLT,SGHVS,FQNEAQ,ASSSGQAYEQY,FLRGRAYGL
2546,DSASNY,IRSNVGE,AASDYSGGGADGLT,MDHEN,SYDVKM,AISGGQGRREQF,GILGFVFTL
2547,TISGNEY,GLKNN,IVRVFRKKGQNFV,SGHDT,YYEEEE,ASSLAHQTYEQY,LTDEMIAQY
2548,TSDPSYG,QGSYDQQN,AMRDPQGAGGTSYGKLT,SGHDY,FNNNVP,ASSRLDEGQETQY,FTSDYYQLY
2549,DRGSQS,IYSNGD,AVLSGYALN,KGHSH,LQKENI,ASSPDEQVNYGYT,LLLDRLNQL
2550,SSYSPS,YTSAATLV,VVSVGVLYSTLT,SGHAT,FQNNGV,ASSSGRTEHNEQF,LLWNGPMAV
2551,SSNFYA,MTLNGDE,ALPGSGNTGKLI,LNHDA,SQIVND,ASSGRSADTQY,GILGFVFTL
2552,YGGTVN,YFSGDPLV,AVIGEGGKLT,MDHEN,SYDVKM,ASSLLVSGVSSTDTQY,GILGFVFTL
2553,TSINN,IRSNERE,ATEGDSGYSTLT,SGHTA,FQGNSA,ASSLDGPLDEQY,FLYALALLL
2554,DSASNY,IRSNVGE,AANYNQGGKLI,SGHDT,YYEEEE,ASSFGATAGEQY,TPRVTGGGAM
2555,TSENNYY,QEAYKQQN,NAGGTSYGKLT,LNHDA,SQIVND,ASSFGSYGYT,GILGFVFTL
2556,DRGSQS,IYSNGD,AASDQTGANNLF,MNHEY,SVGAGI,ASSLQGASGYT,NLVPMVATV
2557,SSNFYA,MTLNGDE,ARGSSNTGKLI,MGHRA,YSYEKL,ASSQDRFTGSYT,RPPIFIRRL
2558,DSAIYN,IQSSQRE,AVVRNNNARLM,LNHDA,SQIVND,ASSVRGGTEAF,GILGFVFTL
2559,DSVNN,IPSGT,AVVHNDMR,LGHDT,YNNKEL,ASSQDVSRLAHLSTDTQN,NLVPMVATV
2560,TSGFNG,NVLDGL,AVSTSGTYKYI,GTSNPN,SVGIG,ASDRGETEAF,TPRVTGGGAM
2561,SIFNT,LYKAGEL,AAVHLNGQLSVI,MNHEY,SMNVEV,ASSFPGQGNTQY,RAQAPPPSW
2562,NSASQS,VYSSG,VVEMDSSYKLI,MNHEY,SMNVEV,ASSLSPAGSDSEAF,RTATKAYNV
2563,DSAIYN,IQSSQRE,AVRRTGGFKTI,SGHAT,FQNNGV,ASSLIGQLDEQY,ATDALMTGF
2564,SVFSS,VVTGGEV,AGASTGNQFY,MNHEY,SMNVEV,ASSRDNYVWDTQY,TTDPSFLGRY
2565,DSASNY,IRSNVGE,AAEETSYDKVI,SGHNS,FNNNVP,ASSFTGSPSGANVLT,RAKFKQLL
2566,TISGNEY,GLKNN,ILWVAAGNKLT,SGHNT,YENEEA,ASSLGLAGGGGIEQF,ELAGIGILTV
2567,DRGSQS,IYSNGD,AVNSVPWGWDPPQLT,MDHEN,SYDVKM,ASSRKTGANEQF,LLFGYPVYV
2568,NTAFDY,IRPDVSE,AASDYYGGSQGNLI,MGHDK,SYGVNS,ASSEYGVGTLNEQF,LLAGIGTVPI
2569,SSYSPS,YTSAATLV,VVSDSDNNNDMR,SEHNR,FQNEAQ,ASSTSDPEAF,NQKLIANQF
2570,VSGNPY,YITGDNLV,AVSSGDSNYQLI,SGHVS,FNYEAQ,ASSLGGGDYEQY,FLRGRAYGL
2571,VGISA,LSSGK,AVLGTQGGSEKLV,SGHRS,YFSETQ,ASFRGAAYNEQF,RAKFKQLL
2572,SSVSVY,YLSGSTLV,AVSDITGGFKTI,SGHNT,YYREEE,ASSFDRGTETQY,GILGFVFTL
2573,NSASQS,VYSSG,VARGGATNKLI,ENHRY,SYGVKD,AISVSQFDEQF,EPLPQGQLTAY
2574,NSASQS,VYSSG,VVNGENARLM,SGHDT,YYEEEE,ASSRTSDWNTGELF,CTELKLSDY
2575,NYSPAY,IRENEKE,ALKAGTALI,LNHDA,SQIVND,ASSIRASYEQY,GILGFVFTL
2576,DSAIYN,IQSSQRE,ADLPIKAAGNKLT,LNHDA,SQIVND,ASSGVRATEAF,FEDLRVLSF
2577,TSESDYY,QEAYKQQN,AYRSNYGGSQGNLI,SNHLY,FYNNEI,AKTPGSSNTDTQY,ATDALMTGF
2578,TSDPSYG,QGSYDQQN,AMRGDPGGTSYGKLT,LNHDA,SQIVND,ASSIRSSYEQY,GILGFVFTL
2579,TRDTTYY,RNSFDEQN,ALPDGGSNYKLT,PRHDT,FYEKMQ,ASSSRGSGGASSYEQY,RPIIRPATL
2580,DSSSTY,IFSNMDM,AESMGGGSQGNLI,LNHDA,SQIVND,ASSPRGGDTQY,GILGFVFTL
2581,DRGSQS,IYSNGD,AVSGSARQLT,SGDLS,YYNGEE,ASSVATEGYEQY,LLWNGPMAV
2582,NSMFDY,ISSIKDK,AASLSDYKLS,MDHEN,SYDVKM,ASSPRETGNQPQH,LLAGIGTVPI
2583,DRGSQS,IYSNGD,VNWGGGSQGNL,LNHDA,SQIVND,SSPRSALEQ,GILGFVFTL
2584,TSDPSYG,QGSYDQQN,AMRELPGSNYQLI,MGHRA,YSYEKL,ASSQDSGQAMGYT,GILGFVFTL
2585,VSGNPY,YITGDNLV,AVPSGGYNKLI,GTSNPN,SVGIG,AWSVGGGYYEQY,RPPIFIRRL
2586,DSASNY,IRSNVGE,AAMETSYDKVI,SGDLS,YYNGEE,ASSVARTGTNTGELF,RAKFKQLL
2587,TSGFNG,NVLDGL,AVSAEGGFKTI,MGHRA,YSYEKL,ASSQDGLSETQY,SPRWYFYYL
2588,YGATPY,YFSGDTLV,ALPGSQGNLI,LNHDA,SQIVND,ASSIRASYEQY,GILGFVFTL
2589,NSAFQY,TYSSGN,AMSGDGGSQGNLI,LNHDA,SQIVND,ASSHRSNQPQH,GILGFVFTL
2590,DSAIYN,IQSSQRE,AVRNNAGNMLT,GTSNPN,SVGIG,AWSVSASEQF,LLDFVRFMGV
2591,DRGSQS,IYSNGD,AVNNARLM,LGHNA,YNFKEQ,ASSHGGSNTGELF,ELAGIGILTV
2592,TISGNEY,GLKNN,TRGYARYNFNKFY,SGHTA,FQGTGA,ASSPSDYGYT,NLVPMVATV
2593,DRGSQS,IYSNGD,AVSTDKLI,MNHEY,SMNVEV,ASSLKLAGTDTQY,LLWNGPMAV
2594,VSGNPY,YITGDNLV,AVTPAGGSQGNLI,LNHDA,SQIVND,ASSTRSTDTQY,GILGFVFTL
2595,NSMFDY,ISSIKDK,AANRGNQFY,SEHNR,FQNEAQ,ASMIAGGGADTQY,SPRWYFYYL
2596,NSASQS,VYSSG,VANFGNEKLT,SNHLY,FYNNEI,ASSDQWGQGPY,CTELKLSDY
2597,YGGTVN,YFSGDPLV,AVKDTDKLI,LGHDT,YNNKEL,ASSQDFVEQF,YVLDHLIVV
2598,DRGSQS,IYSNGD,AVGEYGNKLV,SGDLS,YYNGEE,ASSVELNSYEQY,LLLDRLNQL
2599,YSGSPE,HISR,ALSGKECGSEKLV,SGHNS,FNNNVP,ASSFSGNTGELF,RAKFKQLL
2600,DRGSQS,IYSNGD,AVSGSKLT,MNHEY,SVGAGI,ASSPNLQGAWGYT,LLWNGPMAV
2601,TSGFNG,NVLDGL,ASMDSNYQLI,MRHNA,SNTAGT,ASSSGKGSTDTQY,GILGFVFTL
2602,DSASNY,IRSNVGE,AAAAPSSDKVI,SEHNR,FQNEAQ,ASSLVDRPYEQY,RAKFKQLL
2603,NSASDY,IRSNMDK,AENGGGGSQGNLI,LNHDA,SQIVND,ASSNRASEKLF,GILGFVFTL
2604,YGATPY,YFSGDTLV,AVDTPGVQGAQKLV,LNHNV,YYDKDF,ATSRDWYEQY,GILGFVFTL
2605,NTAFDY,IRPDVSE,ARAGSQGNLI,MRHNA,SNTAGT,ASRVGDSTEAF,GILGFVFTL
2606,DRGSQS,IYSNGD,AVSAGKST,MNHNS,SASEGT,ASSGQGIAYEQY,LLWNGPMAV
2607,SSYSPS,YTSAATLV,VVILDTGFQKLV,SGHNT,YENEEA,ASSPGSYEQY,LLAGIGTVPI
2608,ATGYPS,ATKADDK,ASLHTQPNTEAF,SGHNS,FNNNVP,ASLHTQTNTEAF,RAKFKQLL
2609,TRDTTYY,RNSFDEQN,TTDSWGKFE,LNHDA,SQIVND,ASGFMNTEAF,CLGGLLTMV
2610,DRGSQS,IYSNGD,TTDSWGKFE,MNHEY,SVGAGI,ASRPGWMAGGVELY,ELAGIGILTV
2611,SIFNT,LYKAGEL,AGHHYGGSQGNLI,SGHVS,FQNEAQ,ASTPGGAGDEQY,DATYQRTRALVR
2612,VSPFSN,MTFSENT,VVSAGLGKTSYDKVI,LNHDA,SQIVND,ASSIFYSSTDTQY,GILGFVFTL
2613,DSASNY,IRSNVGE,AARRLYPSGGTSYGKLT,SGHAT,FQNNGV,ASGGTSGDTDTQY,RPPIFIRRL
2614,ATGYPS,ATKADDK,ALSPGGTSYGKLT,SEHNR,FQNEAQ,ASSLGGNEQY,KSKRTPMGF
2615,DRGSQS,IYSNGD,AVGNTNAGKST,SGDLS,YYNGEE,ASSELTENYGYT,YVLDHLIVV
2616,DSASNY,IRSNVGE,KTSYDKVI,SEHNR,FQNEAQ,ASSLVGGRNSPLH,RAKFKQLL
2617,TSENNYY,QEAYKQQN,AFMINAGGTSYGKLT,LNHDA,SQIVND,SSTGSYGY,GILGFVFTL
2618,SVFSS,VVTGGEV,AGAGSSNTGKLI,LNHDA,SQIVND,ASSTRSSWGQY,GILGFVFTL
2619,KALYS,LLKGGEQ,GTEYPNDYKLS,PRHDT,FYEKMQ,ASSLMRGGTYNSPLH,GLCTLVAML
2620,DRGSQS,IYSNGD,AVSGTSYGKLT,PRHDT,FYEKMQ,ASSFGGQPQH,ALAGIGILTV
2621,TSENNYY,QEAYKQQN,ANSMDSNYQLI,SGHTA,FQGNSA,ASSFLGLARDEQF,RGPGRAFVTI
2622,VGISA,LSSGK,AVSSLGGGSQGNLI,MNHEY,SVGEGT,ASSYWNQPQH,ELAGIGILTV
2623,NIATNDY,GYKTK,LVGDQGGGYNKLI,SGHDN,FVKESK,ASSPMGHEQY,SPRWYFYYL
2624,SVFSS,VVTGGEV,AGEAFGGNYQLI,LGHNA,YSLEER,ASSPDLAGVNEQFFG,ELAGIGILTV
2625,VSGNPY,YITGDNLV,AVRDVTTDSWGKLQ,MRHNA,SNTAGT,ASSPGQGEIYEQF,VTEHDTLLY
2626,TRDTTYY,RNSFDEQN,ALSEYNQGGKLI,LGHDT,YNNKEL,ASSQVFGTPTPQH,VLEETSVML
2627,NYSPAY,IRENEKE,ALGGYDGNVLHCFGNVLH,DFQATT,SNEGSKA,SARDRRVDSRNTGELF,SPRWYFYYL
2628,TTLSN,LVKSGEV,AEPYNQGGKLI,MNHEY,SVGAGI,ASSYRSAGELF,TPRVTGGGAM
2629,DRGSQS,IYSNGD,AVNAGKST,MNHNY,SVGAGI,ASSPGTVAYEQY,LLWNGPMAV
2630,DSASNY,IRSNVGE,AAGETSYDKVI,SEHNR,FQNEAQ,ASSPLGEGEKLF,RAKFKQLL
2631,ATGYPS,ATKADDK,ALGGTSYGKLT,LNHDA,SQIVND,ASSIEWSGGQETQY,TTDPSFLGRY
2632,VGISA,LSSGK,AVSVEETSGSRLT,LNHDA,SQIVND,ASSFFHNNEQF,GILGFVFTL
2633,TSGFNG,NVLDGL,AVRSTDSWGKFQ,SGHAT,FQNNGV,AITFKNTGELF,RPHERNGFTVL
2634,YSGSPE,HISR,ALKDTDKLI,MNHEY,SMNVEV,ASSPSIMRETQY,YVLDHLIVV
2635,ATGYPS,ATKADDK,ALSDQRAAGNKLT,MDHEN,SYDVKM,ASGLADTDTQY,TTDPSFLGRY
2636,TRDTTYY,RNSFDEQN,ALSEGGKLI,LNHDA,SQIVND,ASRDLREGDYGYT,GILGFVFTL
2637,DSSSTY,IFSNMDM,AEMEGGSYIPT,SEHNR,FQNEAQ,ASSDRGGIGGSAF,RAKFKQLL
2638,TISGTDY,GLTSN,ILKNSGGSNYKLT,SQVTM,ANQGSEA,SVASGLRNEKLF,HPVTKYIM
2639,SSYSPS,YTSAATLV,VVSDHTDGQKLL,MNHEY,SMNVEV,ASSLRGQLNTGELF,SPRWYFYYL
2640,TSDPSYG,QGSYDQQN,AMREGPGAGSYQLT,MNHEY,SVGAGI,ASRSGQRNTEAF,LTDEMIAQY
2641,SVFSS,VVTGGEV,AGAGGGSQGNLI,LNHDA,SQIVND,ASSIYGGAGDGYT,GILGFVFTL
2642,NIATNDY,GYKTK,LVGDVDTDKLI,MGHRA,YSYEKL,ASSPDPWGVDTEAF,RTATKAYNV
2643,DRGSQS,IYSNGD,AVNTDKLI,SQVTM,ANQGSEA,SVDRRADEQF,LLWNGPMAV
2644,TSGFNG,NVLDGL,AVMDSNYQLI,LNHNV,YYDKDF,ATSRDRGGGPDTQY,FLASKIGRLV
2645,VSGLRG,LYSAGEE,AVPNFGNEKLT,MNHEY,SMNVEV,ASGLGSSYEQY,TTDPSFLGRY
2646,TISGTDY,GLTSN,ILPLAGGTSYGKLT,GTSNPN,SVGIG,AWSVADTQY,NLVPMVATV
2647,SVFSS,VVTGGEV,AGAASGTYKYI,LGHDT,YNNKEL,ASSQDWPGGAGELF,GILGFVFTL
2648,TSDPSYG,QGSYDQQN,AMREGLRIQGAQKLV,PRHDT,FYEKMQ,ASSFRGETGFTGELF,GILGFVFTL
2649,NSMFDY,ISSIKDK,AASEAGGSYIPT,MNHEY,SMNVEV,ASSLFGLKNTGELF,RPPIFIRRL
2650,SSYSPS,YTSAATLV,VVSDGYGGATNKLI,SGHDT,YYEEEE,ASSLDRAIGVTYEQY,VLFGLGFAI
2651,DRGSQS,IYSNGD,AGGGSYIPT,SGDLS,YYNGEE,ASSSTDTQY,ELAGIGILTV
2652,TSGFNG,NVLDGL,APNSGGYQKVT,SNHLY,FYNNEI,ASSPGPETGELF,TTDPSFLGRY
2653,DRGSQS,IYSNGD,AANSGGNTPLV,ENHRY,SYGVKD,AISETRQYSYEQY,RAKFKQLL
2654,DSVNN,IPSGT,AVDGRDDKII,MNHNS,SASEGT,ASSEWRWGGPTDTQY,YLQPRTFLL
2655,SIFNT,LYKAGEL,AGDNYGGSQGNLI,LNHDA,SQIVND,ASSIYGAGELF,GILGFVFTL
2656,SSVSVY,YLSGSTLV,AVSAGEGAQQLV,SGHTA,FQGTGA,ASSLTVLAGPNTEAF,RAKFKQLL
2657,TSESDYY,QEAYKQQN,AYGEGGNKLV,MNHNY,SVGAGI,ASSFTGGTTNEKLF,KLWAQCVQL
2658,DSASNY,IRSNVGE,AALAGTASKLT,SQVTM,ANQGSEA,SVVPLAGPYEQY,SPRWYFYYL
2659,DSASNY,IRSNVGE,AATLTGNQFY,LGHNA,YSLEER,ASSQDWGQPNTEAF,GILGFVFTL
2660,VGISA,LSSGK,AVRVLMEYGNKLV,MNHEY,SVGEGT,ASSPGLASPYSYNEQF,NLVPMVATV
2661,DRGSQS,IYSNGD,AVKRSNFGNEKLT,LGHDT,YNNKEL,ASSQGFYLSGWDTGELF,ELAGIGILTV
2662,NIATNDY,GYKTK,LVGDQGAGGGNKLT,SGHNT,YYREEE,ASSPPTGNEQF,SPRWYFYYL
2663,TSINN,IRSNERE,ATVVRMDSSYKLI,SEHNR,FQNEAQ,ASSLIGVGERDTQY,TPRVTGGGAM
2664,DRGSQS,IYSNGD,AVNRFLADRGSTLGRLY,LGHNA,YSLEER,ASSQEVTDTQY,YLLEMLWRL
2665,SVFSS,VVTGGEV,AGAGWDNNARLM,LNHDA,SQIVND,ASSVRSSYEQY,GILGFVFTL
2666,ATGYPS,ATKADDK,ASLHPPTNTEAF,SGHNS,FNNNVP,ASLHTQTNTEAF,RAKFKQLL
2667,VSGLRG,LYSAGEE,NSGYSTLT,SEHNR,FQNEAQ,ASSFVDKINSPLH,RAKFKQLL
2668,TTSDR,LLSNGAV,AVVPNFGNEKLT,SGHRS,YFSETQ,ASSLDGPGAGEQY,RPPIFIRRL
2669,DSASNY,IRSNVGE,AASETSYDKVI,SGHNT,YYREEE,ASSSTGGGEKDQPQH,RAKFKQLL
2670,TSESDYY,QEAYKQQN,AYSYGGSQGNLI,SGHAT,FQDESV,ASSPGPGTIDTDTQY,RTATKAYNV
2671,NSAFQY,TYSSGN,AMSGEGGSQGNLI,GTSNPN,SVGIG,ATNGRGGYYNEQF,GILGFVFTL
2672,NSMFDY,ISSIKDK,AARGGADGLT,SNHLY,FYNNEI,ASSPMGNWGNQPQH,YLQPRTFLL
2673,TTSDR,LLSNGAV,AVDPWGNPFY,MDHEN,SYDVKM,ATQQGRDSQPQH,GLCTLVAML
2674,VSGNPY,YITGDNLV,AVRQTAYSGAGSYQLT,SNHLY,FYNNEI,ASSSSPRGDTQY,QMMVKAGL
2675,NSMFDY,ISSIKDK,AAISDYKLS,LNHDA,SQIVND,ASSIRSSYEQY,GILGFVFTL
2676,TRDTTYY,RNSFDEQN,ARATNDYKLS,LNHDA,SQIVND,ASSSAGPYGYT,GILGFVFTL
2677,TISGTDY,GLTSN,ILPLAGGTSYGKLT,SEHNR,FQNEAQ,ASSQLGGVYNEQF,RAKFKQLL
2678,NSASDY,IRSNMDK,AENRTPAEAAGNKLT,SGHTA,FQGTGA,ASSPDRGGSTDTQY,GILGFVFTL
2679,SIFNT,LYKAGEL,AGRPEVDSQGNLI,LNHDA,SQIVND,ASSIFSVSNEQY,GILGFVFTL
2680,DRGSQS,IYSNGD,ALTPRDDMR,SGHAT,FQNNGV,ASSLGVAGTNTGELF,ELAGIGILTV
2681,DSASNY,IRSNVGE,AATETSYDKVI,SQVTM,ANQGSEA,SVEDLAYGYT,RAKFKQLL
2682,DRGSQS,IYSNGD,AVKVQGAQKLV,SGHDN,FVKESK,ASSLDRGTGYNSPLH,LLLDRLNQL
2683,SVFSS,VVTGGEV,AGGSSNTGKLI,DFQATT,SNEGSKA,SARVGVGNTIY,GLCTLVAML
2684,TSDPSYG,QGSYDQQN,AMREGRGTGTASKLT,MGHRA,YSYEKL,ASSPQVISGSTDTQY,LTDEMIAQY
2685,DSASNY,IRSNVGE,AASLNNNAGNMLT,MRHNA,SNTAGT,ASSEGFNTEAF,RAKFKQLL
2686,VSGNPY,YITGDNLV,AVSYGNMLT,MNHEY,SMNVEV,ASNPVAGLPGEQY,NLVPMVATV
2687,TTSDR,LLSNGAV,AVDMETSGSRLT,SGDLS,YYNGEE,ASSLLGGAGTGELF,NLVPMVATV
2688,DSASNY,IRSNVGE,AAEGNTPLV,SGHRS,YFSETQ,ASSLSREHGYT,CTELKLSDY
2689,DSVNN,IPSGT,AVGEDSSYKLI,DFQATT,SNEGSKA,SAEPGTSGGLQY,GLCTLVAML
2690,KALYS,LLKGGEQ,GTVYTNAGKST,LNHDA,SQIVND,ASSTRSGSPLH,GILGFVFTL
2691,DSASNY,IRSNVGE,AASETSYDKVI,LNHNV,YYDKDF,ATSRSGQGEKLF,RAKFKQLL
2692,VGISA,LSSGK,AVRSYGGSQGNLI,KGHDR,SFDVKD,ATSDQKTGSTPGELF,GILGFVFTL
2693,TISGTDY,GLTSN,ILPGGGADGLT,SGHVS,FQNEAQ,ASSLEATQETQY,TTDPSFLGRY
2694,DSSSTY,IFSNMDM,STGGGNKLT,LNHNV,YYDKDF,ATSIEGNTGELF,CINGVCWTV
2695,NSASQS,VYSSG,AVKTSYDKVI,LGHDT,YNNKEL,ASSLQISIAGVSYNEQF,GILGFVFTL
2696,VSGLRG,LYSAGEE,AVRAPLEYGNKLV,LNHDA,SQIVND,ASSTRSSYEQY,GILGFVFTL
2697,NTAFDY,IRPDVSE,AAYGNYGQNFV,MNHNY,SVGAGI,ASTAGRGTGELF,GILGFVFTL
2698,DSASNY,IRSNVGE,AATETSYDKVI,SGHNS,FNNNVP,ASSTGTSADGELF,RAKFKQLL
2699,NSAFQY,TYSSGN,AMSDSADKLI,DFQATT,SNEGSKA,SARVEFGTSGGKGYNEQF,NLVPMVATV
2700,DSAIYN,IQSSQRE,AVLPSNDYKLS,LNHDA,SQIVND,STDTQY,CTELKLSDY
2701,VSGLRG,LYSAGEE,VPVTLGVNRDDKII,SGHTA,FQGNSA,ASSLPRTPGRNTEAF,GILGFVFTL
2702,TSINN,IRSNERE,ATDDDTGGFKTI,MNHEY,SMNVEV,ASSQWGNNEKLF,GILGFVFTL
2703,SSVSVY,YLSGSTLV,AVSGVGFKII,SGHDN,FVKESK,ASSYLAGGYNEQF,LPRWYFYYL
2704,TSDPSYG,QGSYDQQN,AMRGHAGGTSYGKLT,LNHDA,SQIVND,ASSIYSNTEAF,GILGFVFTL
2705,NSAFQY,TYSSGN,AMMDNFNKFY,LNHDA,SQIVND,ASSSTGIRTEAF,CTELKLSDY
2706,VGISA,LSSGK,AAHKTSGSRLT,DFQATT,SNEGSKA,SARDEGYEQY,GIIYIIYKL
2707,NTAFDY,IRPDVSE,AASLDSSASKII,SNHLY,FYNNEI,ASSGTVTSSSTDTQY,LTDEMIAQY
2708,TSDPSYG,QGSYDQQN,AMREVSMDSNYQLI,LNHDA,SQIVND,ASSIHGAETQY,GILGFVFTL
2709,NSAFQY,TYSSGN,AGNNFGNEKLT,SEHNR,FQNEAQ,ASSQLGGVYNEQF,RAKFKQLL
2710,DSVNN,IPSGT,AVEREGRSEKLV,SGHTA,FQGTGA,ASSYHPEGGVSNQPQH,FTSDYYQLY
2711,DSAIYN,IQSSQRE,AVLNNAGNMLT,LGHNA,YSLEER,ASSQDFLSNQPQH,ELAGIGILTV
2712,TISGTDY,GLTSN,IQSQGGSEKLV,SGHDT,YYEEEE,ASSLRDGSEAF,RAKFKQLL
2713,YGGTVN,YFSGDPLV,AVNPEGARLM,SGDLS,YYNGEE,ASSVPATGGTGELF,RAKFKQLL
2714,SSYSPS,YTSAATLV,VVISSGGSYIPT,SGDLS,YYNGEE,ASSPDQETSYTDTQY,GILGFVFTL
2715,TSDPSYG,QGSYDQQN,AMRGHYTGGFKTI,LGHDT,YNNKEL,ASSLTLAGATNEQF,MEVTPSGTWL
2716,SSVPPY,YTSAATLV,AVSNTGFQKLV,SGHRS,YFSETQ,ASSEGDRGLANEKLF,GPRLGVRAT
2717,SVFSS,VVTGGEV,AGVWGSSNTGKLI,LNHDA,SQIVND,ASSIRAAYEQY,GILGFVFTL
2718,DRGSQS,IYSNGD,AAQGAQKLV,LGHNA,YSLEER,ASSQGLVSGSPLH,ELAGIGILTV
2719,SVFSS,VVTGGEV,AVTGNQFY,ENHRY,SYGVKD,AIRRGGDGYT,RTATKQYNV
2720,DRGSQS,IYSNGD,AVNSDSWGKLQ,MNHEY,SVGAGI,ASRDRGKNEQY,LLFGYPVYV
2721,YGATPY,YFSGDTLV,AVGAPGYSGTYKYI,MDHEN,SYDVKM,ASSLEVARLAGEGYEQY,RFPLTFGWCF
2722,DRGSQS,IYSNGD,AVIVGAQKLV,PRHDT,FYEKMQ,ASSFTRAIYEQY,LLLDRLNQL
2723,NSASDY,IRSNMDK,ADPNTGNQFY,SGDLS,YYNGEE,STDTQY,SPRWYFYYL
2724,YSGSPE,HISR,ALKDTDKLI,MRHNA,SNTAGT,ASSRSFTSGIYNEQF,YVLDHLIVV
2725,DSSSTY,IFSNMDM,AESSASKII,LGHDT,YNNKEL,ASSHDPTWGPGNTIY,NLVPMVATV
2726,NSASDY,IRSNMDK,ADEGEGGGADGLT,MGHRA,YSYEKL,ASSLTGQMNTEAF,RAKFKQLL
2727,NSASQS,VYSSG,TTDSWGKFE,MNHEY,SMNVEV,ASSSPTSQGVNEQF,LLAGIGTVPI
2728,NSAFQY,TYSSGN,AMSAGGYNKLI,MNHNS,SASEGT,ARSASPSSYAQY,LLAGIGTVPI
2729,YGGTVN,YFSGDPLV,AVNDGANNLF,LGHDT,YNNKEL,ASSQMRGGADTQY,YVLDHLIVV
2730,DRGSQS,IYSNGD,AVLDGQKLL,SNHLY,FYNNEI,AGGTSGNYEQY,LLLDRLNQL
2731,SVFSS,VVTGGEV,AVTYSGAGSYQLT,SGHTA,FQGNSA,ASSFLQGNQPQH,NLVPMVATV
2732,DRGSQS,IYSNGD,ADESGGSQGNLI,LNHDA,SQIVND,ASSSQGANEKLF,RAKFKQLL
2733,NSAFQY,TYSSGN,AMGASNFGNEKLT,LGHDT,YNNKEL,ASSQELAGGGEQF,LLAGIGTVPI
2734,NSASQS,VYSSG,VVSGFKTI,MNHEY,SVGEGT,ASSDTDRGIYGYT,LLWNGPMAV
2735,NSMFDY,ISSIKDK,AASAGLYSGAGRYQLT,MDHEN,SYDVKM,ASSLNPVLRLDTQY,QAKWRLQTL
2736,NSAFQY,TYSSGN,AMNSGGYQKVT,SGDLS,YYNGEE,ASSVEGRGGQETQY,CINGVCWTV
2737,DSASNY,IRSNVGE,AAVETSYDKVI,SEHNR,FQNEAQ,ASSPIGEVSPLH,RAKFKQLL
2738,VSGNPY,YITGDNLV,GNTGGFKTI,SGDLS,YYNGEE,ASSARDDYDEQY,GILGFVFTL
2739,KALYS,LLKGGEQ,GTEKDNFNKFY,MNHEY,SMNVEV,ASSFAPPRSSYNEQF,CTELKLSDY
2740,NIATNDY,GYKTK,LVGEGPSGGYQKVT,LNHNV,YYDKDF,ATGTSGKDNEQF,CINGVCWTV
2741,TSDPSYG,QGSYDQQN,ALRALVGANNLF,SEHNR,FQNEAQ,ASSFTGNTGELF,RAKFKQLL
2742,NSMFDY,ISSIKDK,AASPNAGGTSYGKLT,LNHDA,SQIVND,ASSIGLWGYT,GILGFVFTL
2743,DSAIYN,IQSSQRE,AVDTTSGTYKYI,LNHDA,SQIVND,ASTPTANYGYT,GILGFVFTL
2744,NSMFDY,ISSIKDK,AASEGETSGSRLT,SGHNS,FNNNVP,AIQLVYEQF,KSKRTPMGF
2745,NIATNDY,GYKTK,LVGGNFNKFY,SGHTA,FQGNSA,ASSDLAGTSGTNTYEQY,DATYQRTRALVR
2746,TRDTTYY,RNSFDEQN,ALSEAGTGGSYIPT,SQVTM,ANQGSEA,SVEISGKEDTQY,GILGFVFTL
2747,SVFSS,VVTGGEV,AGAGSGANNLF,LGHNA,YSLEER,ASSQFRNQGYQETQY,YAKWKLCSA
2748,VSGNPY,YITGDNLV,AVAKDLQNSGGGADGLT,LNHDA,SQIVND,ASSIRSTDTQY,GILGFVFTL
2749,TSDPSYG,QGSYDQQN,AMREFTSGTYKYI,MNHEY,SMNVEV,ASSLTLGLAGVETQY,CINGVCWTV
2750,TISGTDY,GLTSN,IPYNNNDMR,LNHDA,SQIVND,ASSIGIYGYT,GILGFVFTL
2751,VTNFRS,LTSSGIE,APYGSQGNLI,KGHSH,LQKENI,ASSPGDSYGYT,TTDPSFLGRY
2752,DRGSQS,IYSNGD,AMTFSGGSNYKLT,SQVTM,ANQGSEA,SVGTGDYEQY,RAKFKQLL
2753,SSYSPS,YTSAATLV,VVSDQEGAQKLV,SGHTA,FQGTGA,ASSLILMGTSGGEQF,TTDPSFLGRY
2754,YGGTVN,YFSGDPLV,AVKDTDKLI,KGHDR,SFDVKD,ATSEWTSGRGGDEQF,YVLDHLIVV
2755,DRGSQS,IYSNGD,AVNAHGGADGLT,MNHEY,SVGEGT,ASSYSGPNTEAF,ALAGIGILTV
2756,TISGNEY,GLKNN,IVRVDSSNTGKLI,MNHNY,SVGAGI,ASSSAPDRGAQY,TPRVTGGGAM
2757,NTAFDY,IRPDVSE,AAMNNTNAGKST,SGHTA,FQGNSA,ASSLFSSGQGNGYT,SPRWYFYYL
2758,SSYSPS,YTSAATLV,AIGFQKLV,MDHEN,SYDVKM,ASSLPKTINSEQY,GILGFVFTL
2759,VSGLRG,LYSAGEE,AVQTIMIKAAGNKLT,MNHEY,SMNVEV,ASTSWLANNEQF,GILGFVFTL
2760,TSINN,IRSNERE,ATDPLGVGGSQGNLI,LNHDA,SQIVND,ASSYYSRQPQH,GILGFVFTL
2761,TSGFYG,NALDGL,AVRDQEGNTPLV,MNHEY,SVGAGI,ASSYSRSDGHLGNTIY,NLVPMVATV
2762,VSPFSN,MTFSENT,VVSGGYNKLI,SGHNS,FNNNVP,ASSFSGNTGELF,RAKFKQLL
2763,TSINN,IRSNERE,ATDAQTGANNLF,MNHEY,SMNVEV,ASSLYPLGFGYT,LLWNGPMAV
2764,NIATNDY,GYKTK,LVGATNAGKST,LGHDT,YNNKEL,ASSQVLSAGDSYNEQF,GILGFVFTL
2765,DSASNY,IRSNVGE,AAGETSYDKVI,KGHSH,LQKENI,ASSPWPDGGSNYGYT,RAKFKQLL
2766,NSMFDY,ISSIKDK,ATRQGNTPLV,LGHNA,YNFKEQ,ASSHQTGELF,NLVPMVATV
2767,YGGTVN,YFSGDPLV,AVSPEDISNFGNEKLT,MNHEY,SVGAGI,ASRNDLATRYNEQF,LLDFVRFMGV
2768,YGGTVN,YFSGDPLV,AVKDTDKLI,LGHDT,YNNKEL,ASSLQAANYGYT,YVLDHLIVV
2769,TSDPSYG,QGSYDQQN,AMREAPSENRDDKII,LNHNV,YYDKDF,ATSRDFLEQAEAF,KLWAQCVQL
2770,TISGTDY,GLTSN,ILRDDTSGTYKYI,SGHDY,FNNNVP,ASSFSGNTGELF,RAKFKQLL
2771,TSENNYY,QEAYKQQN,NAGGTSYGKLT,SNHLY,FYNNEI,ASSSGLVAPGELF,GILGFVFTL
2772,TRDTTYY,RNSFDEQN,ALSEAPGAPDGLT,SGDLS,YYNGEE,ASSVFTGAGNEQF,RAKFKQLL
2773,DSAIYN,IQSSQRE,AVTDNYGQNFV,MGHDK,SYGVNS,ASRGGQEYGYT,NQKLIANQF
2774,TSENNYY,QEAYKQQN,AFDSNYQLI,MNHEY,SMNVEV,ASSLTPSAYEQY,RGPGRAFVTI
2775,VSGNPY,YITGDNLV,ALTYGGSQGNLI,LNHDA,SQIVND,ASSLRAGIEQY,GILGFVFTL
2776,STGYPT,ETMEN,LLGTDKLI,SGHNS,FNNNVP,ASSFSGNTGELF,RAKFKQLL
2777,DRGSQS,IYSNGD,AGNAGNMLT,GTSNPN,SVGIG,AWSTGNYEQY,LLLDRLNQL
2778,NSMFDY,ISSIKDK,AASQDSWGKLQ,SGHDT,YYEEEE,ASSLASGQGPYEQY,TTDPSFLGRY
2779,TSDPSYG,QGSYDQQN,AMREGPGSNYQLI,MNHEY,SMNVEV,ASSLLGFGMNTEAF,YAKWKLCSA
2780,VGISA,LSSGK,AARSYNTDKLI,LNHDA,SQIVND,ASSTGAYGYT,GILGFVFTL
2781,DSAIYN,IQSSQRE,AVYSNSGYALN,LGHDT,YNNKEL,ASSPDREGGDRGYNEQF,GLCTLVAML
2782,TISGTDY,GLTSN,ILRDLNAGGTSYGKLT,SGHNS,FNNNVP,ASSFSGNTGELF,RAKFKQLL
2783,TRDTTYY,RNSFDEQN,ALSEANRGSTLGRLY,DFQATT,SNEGSKA,SAIGGGREDTDTQY,GILGFVFTL
2784,VGISA,LSSGK,AVSSLRDDKII,MNHEY,SMNVEV,ASSFGQNTGELF,GILGFVFTL
2785,TSDQSYG,QGSYDEQN,AMREGMEYGNKLV,LNHDA,SHIVND,ASSIFSTPNQPQH,GILGFVFTL
2786,DRGSQS,IYSNGD,AVNGYGGSQGNLI,MDHEN,SYDVKM,ASSLSRLGSPLH,LLAGIGTVPI
2787,TSESDYY,QEAYKQQN,AYYGNQFY,DFQATT,SNEGSKA,SASGGVITDTQY,KLWAQCVQL
2788,SSYSPS,YTSAATLV,VVSDRNFNKFY,ENHRY,SYGVKD,AISESQGPGGETQY,CTELKLSDY
2789,TSGFNG,NVLDGL,AVRDGLTGGGNKLT,MNHEY,SMNVEV,ASSFSNEKLF,MEVTPSGTWL
2790,DRGSQS,IYSNGD,AVKGAGANSKLT,PRHDT,FYEKMQ,ASRSDRVTEHTQY,RLPGVLPRA
2791,NSMFDY,ISSIKDK,AASDGAGGTSYGKLT,SGHTS,YDEGEE,ASSLWTGSHEQY,GLCTLVAML
2792,TSINN,IRSNERE,ATDIVREGGSEKLV,SQVTM,ANQGSEA,SVHQGWPYEQY,LTDEMIAQY
2793,TRDTTYY,RNSFDEQN,ALSDPYSGAGSYQLT,SGHVS,FQNEAQ,ASSLAVLGETQY,RAKFKQLL
2794,NSAFQY,TYSSGN,AMSRGNFGNEKLT,MDHEN,SYDVKM,ASSALTSEGRGEQF,LLAGIGTVPI
2795,TTLSN,LVKSGEV,AYGGSQGNLI,SNHLY,FYNNEI,ASSQGDVAPGTQY,GLCTLVAML
2796,TSENNYY,QEAYKQQN,AFMKGAGGTSYGKLT,LGHNA,YSLEER,ASSQEIGFSPLH,GILGFVFTL
2797,TSDPSYG,QGSYDQQN,AMRTGFQKLV,SGHTA,FQGTGA,ASSLGGSNTDTQY,FTSDYYQLY
2798,SIFNT,LYKAGEL,AGMEYGNKLV,MNHEY,SMNVEV,ASSFRGPNEKLF,TTDPSFLGRY
2799,ATGYPS,ATKADDK,ALIGGSNDYKLS,SNHLY,FYNNEI,AKLVTGAVSGEQF,ALWEIQQVV
2800,TRDTTYY,RNSFDEQN,ALTPGAGANNLF,SGDLS,YYNGEE,ASGGAGRDYGYT,SPRWYFYYL
2801,DSAIYN,IQSSQRE,AVRQWGETSGSRLT,DFQATT,SNEGSKA,SAREQDRSYGYT,QYIKWPWYI
2802,TSESDYY,QEAYKQQN,AYFQGAQKLV,SNHLY,FYNNEI,ASSELAGGDRTEAF,RPPIFIRRL
2803,TSDPSYG,QGSYDQQN,AMREGMDSSYKLI,SGHVS,FQNEAQ,ASSLNWARPDTQY,TPRVTGGGAM
2804,DRGSQS,IYSNGD,AVNEGGTSYGKLT,MDHEN,SYDVKM,ASTLSGGTEAF,LLAGIGTVPI
2805,TSDPSYG,QGSYDQQN,AMGAIAGAFYLF,MGHRA,YSYEKL,ASSLSSGGRGEQY,RAKFKQLL
2806,TSGFNG,NVLDGL,AVRDPGTGRRALT,SGHNS,FNNNVP,ASSFSGNTGELF,RAKFKQLL
2807,VTNFRS,LTSSGIE,ASSLAVGEGPQH,SEHNR,FQNEAQ,ASSLAIGEGPQH,RAKFKQLL
2808,YSGSPE,HISR,ALFDFGNEKLT,SGDLS,YYNGEE,ASSVTSGGQDTQY,MEVTPSGTWL
2809,DRGSQS,IYSNGD,AVNIGTSGAGSYQLT,SQVTM,ANQGSEA,SAGQGPYEQY,RAKFKQLL
2810,NIATNDY,GYKTK,SLPLAGGTSYGKLT,SGHVS,FQNEAQ,ASSSGQAYEQY,FLRGRAYGL
2811,SVFSS,VVTGGEV,AGGGSQGNLI,LNHDA,SQIVND,ASSTGTLYGYT,GILGFVFTL
2812,TISGNEY,GLKNN,IVRVGGDSWGKLQ,MNHEY,SMNVEV,ASSSLNTEAF,TTDPSFLGRY
2813,DSASNY,IRSNVGE,AATNDMH,SSHAT,FNYEAQ,ASSLGPAGIQETQY,CLGGLLTMV
2814,NIATNDY,GYKTK,LVGQTRLM,MNHEY,SMNVEV,ASSFGGGDHYEQY,CINGVCWTV
2815,NYSPAY,IRENEKE,ALRTIGFGNVLHCFGNVLH,SEHNR,FQNEAQ,ASSISRPTTGGRTEAF,QYIKWPWYI
2816,NIATNDY,GYKTK,LVAFKDYKLS,SGHTA,FQGNSA,ASSLEAGPWGELF,CINGVCWTV
2817,DSASNY,IRSNVGE,AASAFSGGSNYKLT,SGDLS,YYNGEE,ASSLPQGGQVGNTIY,RPPIFIRRL
2818,YGATPY,YFSGDTLV,AVPGGSQGNLI,MNHEY,SVGEGT,ASSYSSTGEY,YLLEMLWRL
2819,TRDTTYY,RNSFDEQN,ALVEGSTLGRLY,SGHNS,FNNNVP,ASSPLLAGGTGELF,GILGFVFTL
2820,DSAIYN,IQSSQRE,AVRTRNSGNTPLV,SGHAT,FQNNGV,ASSLGSADLY,QYIKWPWYI
2821,SVFSS,VVTGGEV,AGAGGTASKLT,LNHDA,SQIVND,ASSIGAYGYT,GILGFVFTL
2822,DRGSQS,IYSNGD,AVRQNFV,LGHNA,YNFKEQ,ASSQEVSYVPQNYEQY,ELAGIGILTV
2823,SSVPPY,YTSAATLV,AVSLLNYGGSQGNLI,SGDLS,YYNGEE,ASSENTANTGELF,ATDALMTGF
2824,VGISA,LSSGK,AVLGTQGGSEKLV,MGHRA,YSYEKL,ASSLLWAEYNEQF,RAKFKQLL
2825,VSGLRG,LYSAGEE,AVPGFGNEKLT,MNHEY,SMNVEV,ASSQTGTLYNEQF,TTDPSFLGRY
2826,SSNFYA,MTLNGDE,AFVTGNQFY,MNHEY,SVGAGI,ASSPVTGTGTYGYT,NLVPMVATV
2827,NSAFQY,TYSSGN,AMSLSNFGNEKLT,DFQATT,SNEGSKA,SARDRVNQPQH,LLAGIGTVPI
2828,TSINN,IRSNERE,ATDDHAGGTSYGKLT,LNHDA,SQIVND,AGSVTGALGTEAF,GILGFVFTL
2829,TSINN,IRSNERE,ATDAGAQKLV,LNHDA,SQIVND,ASSTRSSYEQY,GILGFVFTL
2830,NSMFDY,ISSIKDK,AARGDTGKLI,SGHVS,FQNEAQ,ASSISGDYGYT,GLCTLVAML
2831,TSINN,IRSNERE,ATDDLGLTTDSWGKFQ,LNHDA,SQIVND,ASSIFGSSNQPQH,GILGFVFTL
2832,VSGNPY,YITGDNLV,AVRGSGTYKYI,SGDLS,YYNGEE,ASEPQENTEAF,GILGFVFTL
2833,VSGNPY,YITGDNLV,AVRDGGFGNVLHCFGNVLH,MNHEY,SVGAGI,ASSYDNGGNTGELF,LTDEMIAQY
2834,SSNFYA,MTLNGDE,AFYNQGGKLI,SGHRS,YFSETQ,ASSLEWDGETQY,VSDGGPNLY
2835,DSSSTY,IFSNMDM,AEGETSYDKVI,SEHNR,FQNEAQ,ASSHTSSLPDTQY,RAKFKQLL
2836,NSAFQY,TYSSGN,AMTLSNFGNEKLT,LNHDA,SQIVND,ASSCGGSGYTPGANVLT,LLAGIGTVPI
2837,SSVPPY,YTSAATLV,AVITNAGNNRKLI,SEHNR,FQNEAQ,ASSLDIEAF,YLQPRTFLL
2838,DSAIYN,IQSSQRE,AVISNSGYALN,SGHTA,FQGTGA,ASSRQGNTETQY,GLCTLVAML
2839,TSENNYY,QEAYKQQN,AFMNYGGSQGNLI,LNHDA,SQIVND,ASSPHWSSYEQY,GILGFVFTL
2840,DRGSQS,IYSNGD,AVNMARYSSASKII,LNHDA,SQIVND,ASNPPGLAATGELF,CTELKLSDY
2841,TISGTDY,GLTSN,ILISIYNQGGKLI,DFQATT,SNEGSKA,SARDWGSSGANVLT,ALAGIGILTV
2842,TTSDR,LLSNGAV,AGEGNNNDMR,SGHNS,FNNNVP,ASSFSGNTGELF,RAKFKQLL
2844,DSASNY,IRSNVGE,AASETSYDKVI,SGDLS,YYNGEE,ASSSGLVSNTGELF,GLCTLVAML
2845,NSAFQY,TYSSGN,AMSASNFGNEKLT,SGHTA,FQGNSA,ASSLGRGILYGYT,LLAGIGTVPI
2846,DSASNY,IRSNVGE,AASHETSGSRLT,LNHNV,YYDKDF,ATSRDGLAGANSPLH,FEDLRVSSF
2847,TSGFNG,NVLDGL,AGMDSSYKLI,MNHNS,SASEGT,ASRGPGQGGTGELF,RAKFKQLL
2848,YGGTVN,YFSGDPLV,AVKDGANNLF,MNHEY,SVGAGI,ASRQIGTGVEGYT,YVLDHLIVV
2849,TTLSN,LVKSGEV,EPPVSDGQKLL,LNHDA,SQIVND,ASSIRSSYEQY,GILGFVFTL
2850,TISGTDY,GLTSN,ILGSNDYKLS,SQVTM,ANQGSEA,SPGTDLYEQY,GLCTLVAML
2851,TSENNYY,QEAYKQQN,AFIPPGGGADGLT,LGHNA,YNFKEQ,ASSQDQGNLYGYT,RAKFKQLL
2852,NSASQS,VYSSG,VVADSKLT,SQVTM,ANQGSEA,SVTGERGTDTQY,LLWNGPMAV
2853,DSASNY,IRSNVGE,AAKETSYDKVI,SEHNR,FQNEAQ,ASSLLGTEDNSPLH,RAKFKQLL
2854,TRDTTYY,RNSFDEQN,ALTRPGGGYNKLI,SNHLY,FYNNEI,ASRGLQGRIDYNEQF,HPNGYKSLSTL
2855,NSASQS,VYSSG,VVNKGAGGFKTI,GTSNPN,SVGIG,AWRTLDSNSPLH,TDLGQNLLY
2856,SVFSS,VVTGGEV,AGAGNTGKLI,SGHTA,FQGTGA,ASSWGQGITDTQY,GILGFVFTL
2857,YGATPY,YFSGDTLV,AVGDYKLS,MNHEY,SVGAGI,ASSSITGLAKNIQY,SPRWYFYYL
2858,VGISA,LSSGK,APSASYNFNKFY,SGHVS,FNYEAQ,ASSLGFPGELF,GIIYIIYKL
2859,DRGSQS,IYSNGD,AASIG,MDHEN,SYDVKM,ASITGSTEAF,ALAGIGILTV
2860,SVFSS,VVTGGEV,AGAHGSSNTGKLI,LNHDA,SQIVND,ASSMDRGSADTQY,GILGFVFTL
2861,TSDPSYG,QGSYDQQN,AMRESRGSNYQLI,SGDLS,YYNGEE,ASSVEPSLLHQPQH,GLCTLVAML
2862,DRGSQS,IYSNGD,ASPGGGADGLT,SGHDT,YYEEEE,ASSATGTHSFGYT,ELAGIGILTV
2863,SSYSPS,YTSAATLV,VVSGFQKLV,SEHNR,FQNEAQ,ASSSHDWGGQGSPLH,TPRVTGGGAM
2864,DRGSQS,IYSNGD,AMNPAWGGATNKLI,SGHAT,FQNNGV,ASSLNRGDPEAF,GLCTLVAML
2865,YGATPY,YFSGDTLV,AVGFGNQFY,MNHEY,SMNVEV,ASSLVGGSPNYGYT,NLVPMVATV
2866,NSASQS,VYSSG,VVNAHSGAGSYQLT,MNHNS,SASEGT,ASSETGGYEQY,NYNYLYRLF
2867,TTLSN,LVKSGEV,AGLGNEKLT,KGHDR,SFDVKD,ATSDWTGSSYNEQF,ATDALMTGF
2868,TSDPSYG,QGSYDQQN,AMSQTQGGSEKLV,LNHNV,YYDKDF,ATSSMGYSNQPQH,ALWEIQQVV
2869,NIATNDY,GYKTK,LPSGTYKYI,SEHNR,FQNEAQ,ASSFMGQLDEQF,ATDALMTGF
2870,TISGTDY,GLTSN,ICQDSGGSNYKLT,SGHKS,YYEKEE,ASSLRITGTGGVYEQY,CINGVCWTV
2871,TRDTTYY,RNSFDEQN,ALTSPYYNQGGKLI,LGHNT,FRNRAP,ASGFTGGRNTEAF,NLVPMVATV
2872,VTNFRS,LTSSGIE,AVIPNSGYALN,MNHEY,SMNVEV,ASSWGVNTGELF,RPHERNGFTVL
2873,VSGLRG,LYSAGEE,AVQANDYKLS,LNHNV,YYDKDF,ATSRSGTGGLIAYSNQPQH,GILGFVFTL
2874,DSAIYN,IQSSQRE,AVKGYSTLT,SGHDY,FNNNVP,ASSDALGVSNYGYT,GILGFVFTL
2875,DSVNN,IPSGT,AVEPPTGANNLF,MNHNY,SVGAGI,ASSYQTGTLNYGYT,CINGVCWTV
2876,TISGTDY,GLTSN,IPTGANNLF,MNHEY,SVGAGI,ASSYSRWGDEQF,ELAGIGILTV
2877,DRGSQS,IYSNGD,AVHQFY,MRHNA,SNTAGT,ASRIAALSTDTQY,LLAGIGTVPI
2878,DSSSTY,IFSNMDM,AEKLAGTALI,SGHRS,YFSETQ,ASSHTSGNGDTQY,NLVPMVATV
2879,TSINN,IRSNERE,ATEGDSGYSTLT,LNHDA,SQIVND,ASSTRSTDTQY,GILGFVFTL
2880,NSAFQY,TYSSGN,AMTGTTNAGKST,SGHNS,FNNNVP,ASTYGSYGYT,NLVPMVATV
2881,NSAFQY,TYSSGN,SNFGNEKLT,SGHNT,YENEEA,ASSLDDWTDSKGANYGYT,LLAGIGTVPI
2882,NSMFDY,ISSIKDK,AASEVYGNKLV,LNHDA,SQIVND,ASSIRSSYEQY,GILGFVFTL
2883,YGATPY,YFSGDTLV,AVGDYKLS,SGDLS,YYNGEE,ASSPSQTSGGRTDTQY,QMMVKAGL
2884,YGGTVN,YFSGDPLV,AVLRGSQGNLI,SNHLY,FYNNEI,ASSAMPLAPQETQY,LPRWYFYYL
2885,TSINN,IRSNERE,AKVTGRRALT,SGHNT,YENEEA,ASSSRVQGSYNEQF,TPRVTGGGAM
2886,KALYS,LLKGGEQ,GTEEPNDYKLS,SGDLS,YYNGEE,ASSTGPLSNTGELF,GLCTLVAML
2887,VSGNPY,YITGDNLV,AVNYGNMLT,MNHEY,SMNVEV,ASSKTSGSPYNEQ,NLVPMVATV
2888,TSGFNG,NVLDGL,AVRDSNYQLI,MNHNS,SASEGT,ASSEASGGAETQY,SLFNTVATLY
2889,TRDTTYY,RNSFDEQN,ALSEQSPGTYKYI,MNHNS,SASEGT,ASSEVGEAGNQPQH,RPPIFIRRL
2890,NSASQS,VYSSG,VVNMQDDMR,SGHRS,YFSETQ,ASQDSNTGELF,YLQPRTFLL
2891,DSASNY,IRSNVGE,AAGEYGNKLV,SGHNS,FNNNVP,ASSTYGTSIEAF,RAKFKQLL
2892,DSSSTY,IFSNMDM,AESQGNLI,SGHDN,FVKESK,ASSQSPGGEQ,RLPGVLPRA
2893,NSMFDY,ISSIKDK,AARGEGAQKLV,SGHRS,YFSETQ,ASSPWTGTGYEQY,FTSDYYQLY
2894,DRGSQS,IYSNGD,AVTGNQFY,SGDLS,YYNGEE,ASSGDAAGAYGYT,LLWNGPMAV
2895,DSASNY,IRSNVGE,AAMETSYDKVI,SEHNR,FQNEAQ,ASSSGLAGLNEQF,RAKFKQLL
2896,DSVNN,IPSGT,AVEPPSGSRLT,MNHEY,SVGEGT,ASSWRQGATNYGYT,CINGVCWTV
2897,DRGSQS,IYSNGD,TTDSWGKFE,MNHEY,SVGAGI,ASRPGLMSAQPEQY,LLFGYPVYV
2898,TISGTDY,GLTSN,ILSPTLKAAGNKLT,SGDLS,YYNGEE,ASSVWDRGRPNYGYT,TTDPSFLGRY
2899,DSSSTY,IFSNMDM,AEDTGRRALT,SQVTM,ANQGSEA,SVDHAGTSENRYT,GLCTLVAML
2900,DSASNY,IRSNVGE,AASETSYDKVI,SGHNS,FNNNVP,ASSRPGQGARTGELF,RAKFKQLL
2901,YGGTVN,YFSGDPLV,AVKTGTDGLT,LGHDT,YNNKEL,ASRTNTEAF,YVLDHLIVV
2902,DSASNY,IRSNVGE,AARALRLMEYGNKLV,SGHNT,YYREEE,ASSSLGGYT,GILGFVFTL
2903,YGATPY,YFSGDTLV,AVGDNFNKFY,LGHDT,YNNKEL,ASSPVTGSSYEQY,GLCTLVAML
2904,TRDTTYY,RNSFDEQN,ALLVNTGGFKTI,SGDLS,YYNGEE,ASSPLAGREQY,SPRWYFYYL
2905,VSGLRG,LYSAGEE,AVQGRGNTGFQKLV,DFQATT,SNEGSKA,SAQVGGNYNSPLH,SPRWYFYYL
2906,DRGSQS,IYSNGD,AVRGRMDSSYKLI,SEHNR,FQNEAQ,ASSSHEVQGYNSPLH,TPRVTGGGAM
2907,YGATPY,YFSGDTLV,AVGPTDPGYSTLT,SGHNS,FNNNVP,ASSFSGNTGELF,RAKFKQLL
2908,NYSPAY,IRENEKE,AHVNTNAGKST,SGHKS,YYEKEE,ASSGLINGNTIY,FEDLRLLSF
2909,TSENNYY,QEAYKQQN,AFTYNNNDMR,MGHRA,YSYEKL,ASSQETGSASQY,RPPIFIRRL
2910,TRDTTYY,RNSFDEQN,ALVEGSYIPT,LNHDA,SQIVND,ASGPHGGGNNEQF,GILGFVFTL
2911,DSASNY,IRSNVGE,AALETSYDKVI,SGHNT,YYREEE,ASSPPGANEKLF,RAKFKQLL
2912,SVFSS,VVTGGEV,AGASGSSNTGKLI,SGDLS,YYNGEE,ASSSGLVSNTGELF,GILGFVFTL
2913,SIFNT,LYKAGEL,AGHTGNQFY,SNHLY,FYNNEI,ASSTPRQGSNTGELF,RAKFKQLL
2914,VSGNPY,YITGDNLV,AVRGRYTDKLI,MDHEN,SYDVKM,ASSLVVAGGPMSEQF,EPLPQGQLTAY
2915,TSGFNG,NVLDGL,AVPAGTALI,SGHDY,FNNNVP,ASTQDSYGYT,TTDPSFLGRY
2916,YGATPY,YFSGDTLV,AVGGSQGNLI,LNHDA,SHIVND,ASSMISINEQF,GILGFVFTL
2917,TRDTTYY,RNSFDEQN,ALSEAGTGNQFY,SGHRS,YFSETQ,ASREGQHDEKLF,ALWEIQQVV
2918,NSASQS,VYSSG,VVNRGTYKYI,MDHEN,SYDVKM,ASSFFSPPDRFIYVYEQY,NQKLIANQF
2919,SSNFYA,MTLNGDE,TTDSWGKFE,LNHDA,SQIVND,ASSIFSGRENEQY,GILGFVFTL
2920,YGATPY,YFSGDTLV,AVGLPSTSGTYKYI,MGHRA,YSYEKL,ASSPRQGVYEQY,RFPLTFGWCF
2921,DRGSQS,IYSNGD,AASDDKII,SGDLS,YYNGEE,ASSGGQGAYEQY,LLWNGPMAV
2922,NSAFQY,TYSSGN,AMSRNDYKLS,MDHEN,SYDVKM,ASSAFRGEGEKLF,TTDPSFLGRY
2923,TSDPSYG,QGSYDQQN,AMNDGQNFV,MNHEY,SMNVEV,ASRLHPGHMSYT,GILGFVFTL
2924,NSASQS,VYSSG,VVNSFDKLI,SEHNR,FQNEAQ,ASSLEIEQY,YLQPRTFLL
2925,NSASDY,IRSNMDK,AEETSGSRLT,SGHNT,YENEEA,ASSLGQPQF,LLAGIGTVPI
2926,NSASQS,VYSSG,VVNGDTGNQFY,LGHNA,YSLEER,ASSQNGGGIYGYT,FLASKIGRLV
2927,NIATNDY,GYKTK,LSTDKLI,MNHNS,SASEGT,ASSGPGKWETQY,CINGVCWTV
2928,NSASQS,VYSSG,VVISTGGGNKLT,MNHNY,SVGAGI,ASSPQVEAF,GILGFVFTL
2929,YGGTVN,YFSGDPLV,AVKDTDKLI,MDHEN,SYDVKM,ASSLYSQEQY,YVLDHLIVV
2930,DSVNN,IPSGT,AGSPSNTGKLI,SEHNR,FQNEAQ,ASSTSEGGLFYEQY,GILGFVFTL
2931,TSESDYY,QEAYKQQN,AYYEGAQKLV,SGHKS,YYEKEE,ASRIWTGGDLNTEAF,RPPIFIRRL
2932,TSENNYY,QEAYKQQN,AFCYNNNDMR,MGHRA,YSYEKL,ASSQETGIYTIY,RPPIFIRRL
2933,DSAIYN,IQSSQRE,AVKATNYGQNFV,MNHEY,SMNVEV,ASSPFTGELF,RPHERNGFTVL
2934,DRGSQS,IYSNGD,AVTWGGGNKLT,DFQATT,SNEGSKA,SAPLTSGMNTGELF,LLAGIGTVPI
2935,VSPFSN,MTFSENT,VVASGGYNKLI,LNHDA,SQIVND,ASSIRSSYEQY,GILGFVFTL
2936,VSGLRG,LYSAGEE,AVPHFGNEKLT,MNHEY,SMNVEV,ASSLTGTTETQY,TTDPSFLGRY
2937,SSNFYA,MTLNGDE,AFEVDSNYQLI,MDHEN,SYDVKM,ASAPALFVGPYEQY,ALAGIGILTV
2938,DRGSQS,IYSNGD,AVNRNEKLTFG,MDHEN,SYDVKM,ASSPPGLSGNIQYFG,ELAGIGILTV
2939,SIFNT,LYKAGEL,AGFPIYNQGGKLI,LNHDA,SQIVND,ASSIVSADTQY,GILGFVFTL
2940,NSMFDY,ISSIKDK,AASVGNNARLM,MNHEY,SVGAGI,ASSYMGEGEQF,TTDPSFLGRY
2941,DSSSTY,IFSNMDM,AESTGKLI,SQVTM,ANQGSEA,SVGQGGTNEKLF,GLCTLVAML
2942,TSGFNG,NVLDGL,AVSLPRWGKFQ,SEHNR,FQNEAQ,ASSIDSSYEQY,RPHERNGFTVL
2943,SVFSS,VVTGGEV,AGGGSQGNLI,SGHAT,FQNNGV,ASSWGGGSHYGYT,GILGFVFTL
2944,NSASQS,VYSSG,VVNRGGYSTLT,SGHTA,FQGNSA,ASSLPDLQETQY,TTDPSFLGRY
2945,SSYSPS,YTSAATLV,VVGDNYGQNFV,SEHNR,FQNEAQ,ASSYYEPYEQY,RAKFKQLL
2946,ATGYPS,ATKADDK,ALNLGGSQGNLI,MRHNA,SNTAGT,ASPWSWDAEAF,FLASKIGRLV
2947,DSVNN,IPSGT,AVERSDGQKLL,MNHEY,SVGAGI,ASSDDVGRLAYEQY,CINGVCWTV
2948,DSSSTY,IFSNMDM,AEMGGNTPLV,MDHEN,SYDVKM,ASSGLAGVTDTQY,LLDFVRFMGV
2949,ATGYPS,ATKADDK,APGGSQGNLI,MNHEY,SMNVEV,ASSYRSGLDEQY,TTDPSFLGRY
2950,VSGNPY,YITGDNLV,TTDSWGKFE,MNHEY,SMNVEV,ASSLDRVTGELF,NLVPMVATV
2951,DRGSQS,IYSNGD,AAPYGGSQGNLI,LNHDA,SQIVND,ASSIVAGASEAF,GILGFVFTL
2952,NSAFQY,TYSSGN,APLPANFGNEKLT,DFQATT,SNEGSKA,SARDKEDDYGYT,LLAGIGTVPI
2953,NSASQS,VYSSG,VVTSAGSQGNLI,KGHDR,SFDVKD,ATSDLEGWTQY,DATYQRTRALVR
2954,DSASNY,IRSNVGE,KTSYDKVI,SEHNR,FQNEAQ,ASSTTRAGTWPLH,RAKFKQLL
2956,SVFSS,VVTGGEV,AGAAGSSNTGKLI,SGHVS,FNYEAQ,ASSLGQGRETQY,GILGFVFTL
2957,DSASNY,IRSNVGE,AAGETSYDKVI,SGHNS,FNNNVP,ASRSGDSNQPQH,RAKFKQLL
2958,SSNFYA,MTLNGDE,AFIGGTGNQFY,SGDLS,YYNGEE,ASSAEDPYEQY,FLASKIGRLV
2959,DSASNY,IRSNVGE,AASLSGGYNKLI,MGHDK,SYGVNS,ASRPLTSSTDTQY,SPRWYFYYL
2960,DSAIYN,IQSSQRE,APYGGATNKLI,LGHNA,YNFKEQ,ASSQRPSEVGELF,RAKFKQLL
2961,VSGLRG,LYSAGEE,AVHLIWEGGGATNKLI,KGHDR,SFDVKD,ATSDFTDSGANVLT,GILGFVFTL
2962,DSSSTY,IFSNMDM,AEWDAGKST,SGHVS,FQNEAQ,ASSLEAGNTEAF,GLCTLVAML
2963,ATGYPS,ATKADDK,ALNTGNQFY,MNHEY,SMNVEV,ASSISHSTDTQY,TTDPSFLGRY
2964,YGATPY,YFSGDTLV,AVGPFNDYKLS,MDHEN,SYDVKM,ASRGGRRNTEAF,RFPLTFGWCF
2965,NSAFQY,TYSSGN,SNFGNEKLT,MDHEN,SYDVKM,ASSKSGRDGSTDTQY,LLAGIGTVPI
2966,NIATNDY,GYKTK,LVGDIPPMKLI,SGHVS,FQNEAQ,ASSPGTSNTGELF,TTDPSFLGRY
2967,NSMFDY,ISSIKDK,AASVIPSGSARQLT,LGHDT,YNNKEL,ASSPTGRGQPQH,HPVTKYIM
2968,TTLSN,LVKSGEV,TTDSWGKFE,SGDLS,YYNGEE,ASSVGGVPYNEQF,LLWNGPMAV
2969,KALYS,LLKGGEQ,GTRYISFTGGGNKLT,SGHNS,FNNNVP,ASSFSGNTGELF,RAKFKQLL
2970,NSASQS,VYSSG,VVNVPNDYKLS,MNHNS,SASEGT,ASSEAQRAGGNEQF,GLCTLVAML
2971,DSVNN,IPSGT,AVDEIKAAGNKLT,SGHNT,YYREEE,ASSLGAYNSPLH,LLWNGPMAV
2972,NIATNDY,GYKTK,LVGDSGDRGSTLGRLY,LGHNA,YNFKEQ,ASSQEGSGAPYEQY,CINGVCWTV
2973,DRGSQS,IYSNGD,ASSGTYKYI,SGHDN,FVKESK,ASSQGGALNTEAF,LLLDRLNQL
2974,NSASQS,VYSSG,VVRGFQKLV,LNHNV,YYDKDF,ATSPHQEGRTEAF,LTDEMIAQY
2975,DSSSTY,IFSNMDM,AESEGPTYTDKLI,MGHRA,YSYEKL,ASSLLWAEYNEQF,RAKFKQLL
2976,VSGNPY,YITGDNLV,AVRDPDRGSTLGRLY,MNHEY,SMNVEV,ASGLRGPYERN,GILGFVFTL
2977,NSAFQY,TYSSGN,AMSLYQGGSEKLV,WSHSY,SAAADI,ASSETNVNTEAF,GLCTLVAML
2978,SVFSS,VVTGGEV,AGGGSQGNLI,SGHRS,YFSETQ,ASSLEWGGETQY,GILGFVFTL
2979,NSASQS,VYSSG,VVNVGLDDKII,LNHDA,SQIVND,ASRPTGQLYEQY,ATDALMTGF
2980,DSAIYN,IQSSQRE,AGPDGGATNKLI,LGHNA,YSLEER,ASSPQRNTEAF,RPHERNGFTVL
2981,TSINN,IRSNERE,AMAGHSGSSPLTLT,MNHNS,SASEGT,ASSRQGGKDGYT,FLYALALLL
2982,ATGYPS,ATKADDK,ALSETSYDKVI,LNHDA,SQIVND,ASSLGTVYEQY,GILGFVFTL
2983,DSAIYN,IQSSQRE,AVRSGGSNYKLT,MNHEY,SMNVEV,ASRTGTGNLYEQY,TPRVTGGGAM
2984,NSAFQY,TYSSGN,AIGKSNFGNEKLT,MDHEN,SYDVKM,ASSSQEGDNEQF,LLAGIGTVPI
2985,DSASNY,IRSNVGE,AASETSYDKVI,SGHVS,FQNEAQ,ASSNQNLRTGSHYGYT,RAKFKQLL
2986,DSAIYN,IQSSQRE,AVITDSSYKLI,SGHTA,FQGTGA,ASRHDPGPYNEQF,VSDGGPNLY
2987,NTAFDY,IRPDVSE,AALYNNNDMR,SEHNR,FQNEAQ,ASSSGQGVDAF,YLQPRTFLL
2988,DSAIYN,IQSSQRE,AVATDSWGKLQ,SGHRS,YFSETQ,ASSQQNQPQH,TTDPSFLGRY
2989,NSAFQY,TYSSGN,AMSRSNFGNEKLT,SGHVS,FQNEAQ,ASSFSDVSGAPLRADTQY,LLAGIGTVPI
2990,TSDPSYG,QGSYDQQN,AINTGNQFY,PRHDT,FYEKMQ,ASSLDRGRVSTDTQY,YLQPRTFLL
2991,DRGSQS,IYSNGD,AALDSWGKFQ,LNHDA,SQIVND,ASSIRSSYEQY,GILGFVFTL
2992,TRDTTYY,RNSFDEQN,ALSEGSGGGADGLT,SGHTA,FQGNSA,ASSLTSYLYNEQF,MEVTPSGTWL
2993,YGATPY,YFSGDTLV,AVASGGYNKLI,SGHNT,YYREEE,ASSLTPGHQPQH,GILGFVFTL
2994,NSASDY,IRSNMDK,ADSGGGADGLT,MNHEY,SMNVEV,ASSVTGGDTEAF,RAKFKQLL
2995,SSYSPS,YTSAATLV,AVPSYSSASKII,LNHNV,YYDKDF,ATSGTGTSGRNEQF,SPRWYFYYL
2996,TSINN,IRSNERE,ATDAANDYKLS,LNHNV,YYDKDF,ATSREGLGGEQF,GILGFVFTL
2997,TISGTDY,GLTSN,ILPLLGGTSYGKLT,SGHVS,FQNEAQ,ASSLGQAYEQY,TTDPSFLGRY
2998,SIFNT,LYKAGEL,AGQRGDGGSQGNLI,LNHDA,SQIVND,ASSIVSNQPQH,GILGFVFTL
2999,NSASQS,VYSSG,VPNTGGFKTI,LGHDT,YNNKEL,ASSVGATGAYEQY,QYIKWPWYI
3000,SVFSS,VVTGGEV,AGAGSQGNLI,SGHRS,YFSETQ,ASSPGGLAGADTQY,GILGFVFTL
3001,TISGTDY,GLTSN,ILRGDSGGGADGLT,MNHNS,SASEGT,ASSDDPGFGQPQH,GILGFVFTL
3002,DRGSQS,IYSNGD,AVGGGKLI,MNHEY,SVGAGI,ASSTGATGSNNEQF,LLWNGPMAV
3003,TSDPSYG,QGSYDQQN,AMRGKGFKTI,SGHTA,FQGNSA,ASRAQGGRNGYT,SPRWYFYYL
3004,DRGSQS,IYSNGD,AVNMRRDDKII,MNHEY,SVGEGT,ASRYGGQGDSEQF,YLQPRTFLL
3005,TSDPSYG,QGSYDQQN,AMREGGGSARQLT,SSHAT,FNYEAQ,ASSLGPAGIQETQY,CLGGLLTMV
3006,SSYSPS,YTSAATLV,VVRFTGGGNKLT,SGHTA,FQGNSA,ASSLGGAGETQY,GLCTLVAML
3007,SSVPPY,YTSAATLV,AVTGGDYKLS,KGHDR,SFDVKD,ATSDSSFGGGPQH,ATDALMTGF
3008,DRGSQS,IYSNGD,AVMDDKII,MNHEY,SVGEGT,ASSAAGNQPQH,LLWNGPMAV
3009,VGISA,LSSGK,AVENTGNQFY,MGHRA,YSYEKL,ASRAWGREGEKLF,QMMVKAGL
3010,NSAFQY,TYSSGN,ASAISNFGNEKLT,SGDLS,YYNGEE,ASSLDDDGYT,LLAGIGTVPI
3011,VSGNPY,YITGDNLV,AVRDISARLM,SGHDY,FNNNVP,ASSSVTEAF,NLVPMVATV
3012,DSASNY,IRSNVGE,AAMETSYDKVI,SGDLS,YYNGEE,ASSSGLVSNTGELF,RAKFKQLL
3013,NSASQS,VYSSG,VVNTPNDYKLS,SGDLS,YYNGEE,ASSSGGGAPSGNTIY,GLCTLVAML
3014,ATGYPS,ATKADDK,ALTNAGGTSYGKLT,SGHKS,YYEKEE,ASSLIHREDQPQH,RTATKQYNV
3015,TSDQSYG,QGSYDEQN,AMREGEAGGFKTI,SEHNR,FQNEAQ,ASSLVVGRDTEAF,RAKFKQLL
3016,DSVNN,IPSGT,AVEVVSGSRLT,LNHNV,YYDKDF,ATSSPMRDGNTIY,CINGVCWTV
3017,TSINN,IRSNERE,ASATNAGKST,DFQATT,SNEGSKA,SAPPGEREYGEQF,CLGGLLTMV
3018,SSVSVY,YLSGSTLV,AVSLNAGGTSYGKLT,KGHSH,LQKENI,ASSPPRNMEPSYEQY,QMMVKAGL
3019,DRGSQS,IYSNGD,AVTDDKII,MGHRA,YSYEKL,ASSHLAGGAGEQF,LLWNGPMAV
3020,SVFSS,VVTGGEV,AGASPGGYGGSQGNLI,LNHDA,SQIVND,ASSIRSSYEQY,GILGFVFTL
3021,VSGLRG,LYSAGEE,AVQVWMDSSYKLI,SGHTA,FQGNSA,ASSSLQGMNTEAF,VSDGGPNLY
3022,TISGNEY,GLKNN,IVSGGSSNTGKLI,LNHDA,SQIVND,ASSMYGYTEAF,GILGFVFTL
3023,TSESDYY,QEAYKQQN,AYRSPPSSEKLV,MDHEN,SYDVKM,ATQQGRDSQPQH,GLCTLVAML
3024,TRDTTYY,RNSFDEQN,ALSEADGQNFV,SGHVS,FNYEAQ,ASSLERGPYYEQY,LLWNGPMAV
3025,NIATNDY,GYKTK,LVGDIDTDKLI,SNHLY,FYNNEI,ASSDYNAEKLF,RTATKAYNV
3026,YSGSPE,HISR,ALSGFSNDYKLS,LNHDA,SQIVND,ASSLSHRRTGDNYGYT,FLASKIGRLV
3027,DRGSQS,IYSNGD,AVRGSYIPT,LGHDT,YNNKEL,ASSPQGTSGTDTQY,LLAGIGTVPI
3028,VSGLRG,LYSAGEE,AVQAGIYNQGGKLI,SGDLS,YYNGEE,ASSPGQLSNTGELF,GLCTLVAML
3029,DRGSQS,IYSNGD,AVPNFNKFY,SNHLY,FYNNEI,ASSELASAMNTEAF,LLLDRLNQL
3030,NSMFDY,ISSIKDK,AASLDNTDKLI,MNHEY,SMNVEV,ASTPDGRQVQPQH,RAKFKQLL
3031,NSMFDY,ISSIKDK,AALTGENEKLT,SGHTA,FQGNSA,ASSLVQGGSDTQY,LLAGIGTVPI
3032,TSGFNG,NVLDGL,AVRLPSSGNTPLV,SGDLS,YYNGEE,ASSEWTGAETQY,MEVTPSGTWL
3033,TRDTTYY,RNSFDEQN,ALSESGGSQGNLI,LNHDA,SQIVND,ASSIRAGGPMEQY,GILGFVFTL
3034,SSVSVY,YLSGSTLV,AATGTASKLT,SEHNR,FQNEAQ,ASSLNEQF,LLAGIGTVPI
3035,NSMFDY,ISSIKDK,AARPSNTGKLI,LNHDA,SQIVND,ASSPRSGNEQY,GILGFVFTL
3036,YGGTVN,YFSGDPLV,AVKDKGRLI,MDHEN,SYDVKM,ASSLFSNEQF,YVLDHLIVV
3037,NIATNDY,GYKTK,LQGNRDSGQNFV,KGHDR,SFDVKD,ATSSGGTDETQY,CINGVCWTV
3038,DSASNY,IRSNVGE,AATEGQNFV,SGHVS,FQNEAQ,ASSLSSGGATDTQY,RAKFKQLL
3039,SIFNT,LYKAGEL,AGLPTSGTYKYI,LNHDA,SQIVND,ASSIFSVTELF,GILGFVFTL
3040,SIFNT,LYKAGEL,VDVHSNGCRLPVHL,MNHEY,SMNVEV,ASSFPGQGNTQY,RAQAPPPSW
3041,DRGSQS,IYSNGD,AVGANSGYSTLT,SGHRS,YFSETQ,ASSLEGQGGSPLH,ELAGIGILTV
3042,YGGTVN,YFSGDPLV,AVKDTDKLI,WNHNN,SYGVQD,ASSLLAGEQF,YVLDHLIVV
3043,TTLSN,LVKSGEV,AGQGAGGGSQGNLI,SQVTM,ANQGSEA,SVETPLGYEQY,TTDPSFLGRY
3044,TRDTTYY,RNSFDEQN,ALSEDYGGATNKLI,SGHNT,YYREEE,ASSLAIGNTEAF,YSEHPTFTSQY
3045,DSAIYN,IQSSQRE,AVPPPNQGGKLI,SGHRS,YFSETQ,ASSPRGQGNTGELF,SPRWYFYYL
3046,TSGFNG,NVLDGL,AAMDSNYQLI,SEHNR,FQNEAQ,ASSSAAAYEQY,RAKFKQLL
3047,TISGTDY,GLTSN,ILRDVKGGDMLKTSYDKVI,LNHDA,SQIVND,ASSIYSGNTIY,GILGFVFTL
3048,SSVSVY,YLSGSTLV,AVSDGDYKLS,ENHRY,SYGVKD,AISESSAGFNEQF,ATDALMTGF
3049,DRGSQS,IYSNGD,AVGWNNNARLM,DFQATT,SNEGSKA,SARGISRPYGDEKLF,RAKFKQLL
3050,DSASNY,IRSNVGE,AATSGGKLI,MNHEY,SVGAGI,ASSSSGGLEETQY,NLVPMVATV
3051,DSSSTY,IFSNMDM,AETTDSSYKLI,MDHEN,SYDVKM,ASTRQGDSYEQY,CTELKLSDY
3052,TSINN,IRSNERE,ATEGDSGYSTLT,SGHRS,YFSETQ,ASSLEWGGETQY,FLYALALLL
3053,DRGSQS,IYSNGD,AVNQVTGGGNKLT,SGHTS,YDEGEE,ASSLGGLGQPQH,ELAGIGILTV
3054,DRGSQS,IYSNGD,AVKRGRDAGGTSYGKLT,LNHDA,SQIVND,ASSTASGDYNEQF,LLLDRLNQL
3055,TSINN,IRSNERE,AATGNSGYSTLT,MNHEY,SVGAGI,ASSYQGGNEQF,FLYALALLL
3056,DSASNY,IRSNVGE,AATETSYDKVI,MGHDK,SYGVNS,AGCGRGSPEAF,FLRGRAYGL
3057,VSGNPY,YITGDNLV,AVREWGGGNKLT,MGHRA,YSYEKL,AGGDGNRDPLQAF,RAKFKQLL
3058,TISGNEY,GLKNN,IVRVGPADNYGQNFV,LGHDT,YNNKEL,ASSPRREQGDTQY,QMMVKAGL
3059,DRGSQS,IYSNGD,AVNGNQFY,SGDLS,YYNGEE,ASSPQTGAVTEAF,LLWNGPMAV
3060,DSSSTY,IFSNMDM,AESTSGGKLI,SQVTM,ANQGSEA,SVGSSGTNEKLF,GLCTLVAML
3061,TSGFYG,NALDGL,AVRVDSNYQLI,SEHNR,FQNEAQ,ASSFTGRRETQY,LTDEMIAQY
3062,TSDPSYG,QGSYDQQN,AMREGEAGGFKTI,DFQATT,SNEGSKA,SANPPGRVGAF,RAKFKQLL
3063,TTLSN,LVKSGEV,ALGSSNTGKLI,LNHDA,SQIVND,ASSDSASSYNEQF,GILGFVFTL
3064,TRDTTYY,RNSFDEQN,ALSEGFQTGANNLF,SGDLS,YYNGEE,ASSVTGGTDTQY,YSEHPTFTSQY
3065,DRGSQS,IYSNGD,AVRGAEYGNKLV,KGHSH,LQKENI,ASSPTGSVAEQY,GILGFVFTL
3066,DRGSQS,IYSNGD,AVNWDTGRRALT,LNHDA,SQIVND,ASSLHGGQGPYEQY,LLLDRLNQL
3067,DSSSTY,IFSNMDM,AEWDAGKST,LNHDA,SQIVND,ASSVRSTGELF,GILGFVFTL
3068,VTNFRS,LTSSGIE,AVASNTGNQFY,MNHEY,SMNVEV,ASSPLAGVPLAAKNIQY,SPRWYFYYL
3069,NSAFQY,TYSSGN,AMKGPYNFNKFY,LNHDA,SQIVND,ASSIGTGGNYGYT,FEDLRVLSF
3070,TSESDYY,QEAYKQQN,AYRSTLNYGGSQGNLI,SEHNR,FQNEAQ,ASSQNRDSRPYEQY,TPRVTGGGAM
3071,SVFSS,VVTGGEV,ADPGANNLF,DFQATT,SNEGSKA,SARSHYSYEQY,MEVTPSGTWL
3072,DSASNY,IRSNVGE,AASETSYDKVI,SEHNR,FQNEAQ,ASSLGTQPQH,RAKFKQLL
3073,TTLSN,LVKSGEV,KTSYDKVI,SEHNR,FQNEAQ,ASSQLGGVYNEQF,RAKFKQLL
3074,NSMFDY,ISSIKDK,AASAGTASKLT,SNHLY,FYNNEI,ASSEAPWGTGELF,YLQPRTFLL
3075,NSAFQY,TYSSGN,AILPFQGAQKLV,DFQATT,SNEGSKA,SATGGGSRFYEQY,QYIKWPWYI
3076,DRGSQS,IYSNGD,AVTGGFKTI,LNHDA,SQIVND,ASSIGGLGQPQH,ELAGIGILTV
3077,NSMFDY,ISSIKDK,AAYTGNQFY,MNHEY,SMNVEV,ASSLQVWNEQF,NLVPMVATV
3078,VSGLRG,LYSAGEE,AVQYYNTDKLI,MGHRA,YSYEKL,ASSLKDTNQPQH,RPIIRPATL
3079,YGATPY,YFSGDTLV,AVFLYGNNRLA,MGHRA,YSYEKL,ASSLLWAEYNEQF,RAKFKQLL
3080,DRGSQS,IYSNGD,AVNEAARLM,SGHTA,FQGNSA,ASSLAAQGAAKNIQY,GILGFVFTL
3081,DSASNY,IRSNVGE,AAAETSYDKVI,DFQATT,SNEGSKA,SAPGEGYGNTIY,RAKFKQLL
3082,DSSSTY,IFSNMDM,AGRGNNARLM,LNHDA,SQIVND,ASSIGSYGYT,GILGFVFTL
3083,NSASQS,VYSSG,VVRYSTLT,SGHRS,YFSETQ,ASSADSIGSGNTIY,VLEETSVML
3084,TSDPSYG,QGSYDQQN,AMREFYNQGGKLI,LNHDA,SQIVND,ASSVSRDRNGELF,RPIIRPATL
3085,TISGNEY,GLKNN,IVTDPVYGQNFV,MNHNY,SVGAGI,ASSWDGNTEAF,RAKFKQLL
3086,DRGSQS,IYSNGD,AVNFGGGKLI,MRHNA,SNTAGT,ASSLSFGTEAF,ELAGIGILTV
3087,ATGYPS,ATKADDK,APRGSARQLT,MDHEN,SYDVKM,ASSFLGTGLNEQY,GILGFVFTL
3088,SSNFYA,MTLNGDE,TTDSWGKFE,LGHDT,YNNKEL,ASSQGQANEKLF,LLWNGPMAV
3089,TSINN,IRSNERE,ATDGGGGSQGNLI,KGHDR,SFDVKD,ATSAVGVPTEAF,GILGFVFTL
3090,TSGFNG,NVLDGL,AVPPPPPNDYKLS,SGHAT,FQNNGV,ASSLAGGQVNTEAF,NQKLIANQF
3091,SSVPPY,YTSAATLV,AVSDQTGANNLF,MNHEY,SMNVEV,ASSLQGTDTQY,GILGFVFTL
3092,DRGSQS,IYSNGD,AVNTFDRGSTLGRLY,MDHEN,SYDVKM,ASSLWTPHPYSHEQY,LLLDRLNQL
3093,SSVPPY,YTSAATLV,AVSDDNDMR,SGHDY,FNNNVP,ASSQTYEQY,GILGFVFTL
3094,DSSSTY,IFSNMDM,AENGNSGYALN,KGHSH,LQKENI,ASSRGAGADTQY,RAKFKQLL
3095,DRGSQS,IYSNGD,AVNGDGQKLL,ENHRY,SYGVKD,AISEGGAYEQY,LLWNGPMAV
3096,SSVSVY,YLSGSTLV,AVSGGPGAGSYQLT,MNHEY,SVGAGI,ASSYSSSSAGEQF,GILGFVFTL
3097,TSINN,IRSNERE,ATVGTASKLT,SGHTA,FQGNSA,ASSLWLNEQF,NLVPMVATV
3098,NSMFDY,ISSIKDK,AATNGSNYGQNFV,DFQATT,SNEGSKA,SAGDLNTGELF,YLQPRTFLL
3099,SVFSS,VVTGGEV,AGARVSNYQLI,ENHRY,SYGVKD,AISESGTAYNEQF,LLWNGPMAV
3100,TISGNEY,GLKNN,IANQTGANNLF,MNHNY,SVGAGI,ASSPWAGLQETQY,RPPIFIRRL
3101,TSENNYY,QEAYKQQN,AFGEDAGGTSYGKLT,LNHDA,SQIVND,ASSMGSYGYT,GILGFVFTL
3102,TRDTTYY,RNSFDEQN,ALSDLVLGSNYQLI,DFQATT,SNEGSKA,SARDQQGAHLEQY,QYIKWPWYI
3103,NSASQS,VYSSG,VAFSGGYNKLI,LGHNA,YSLEER,ASSHQGPPTDGYT,GLCTLVAML
3104,DSSSTY,IFSNMDM,AEMEGGSYIPT,SGHNS,FNNNVP,ASSFLDRGPNTEAF,RAKFKQLL
3105,NSASDY,IRSNMDK,AERPPNQETSGSRLT,LNHDA,SQIVND,ASSIRSSYEQY,GILGFVFTL
3106,TSESDYY,QEAYKQQN,AYEVRDDKII,MNHEY,SVGAGI,ASSYSGHVNTEAF,GILGFVFTL
3107,YGGTVN,YFSGDPLV,AVNHGSSNTGKLI,LNHDA,SQIVND,ASSPRSAVEQY,GILGFVFTL
3108,NSASQS,VYSSG,VVGTGFQKLV,SEHNR,FQNEAQ,ASSFVSEEHNGYT,TTDPSFLGRY
3109,TSESDYY,QEAYKQQN,AGNTGTASKLT,SGHKS,YYEKEE,ASSLWGGYTEAF,KLWAQCVQL
3110,TSGFNG,NVLDGL,AVMDSNYQLI,DFQATT,SNEGSKA,SARDVGGGDENEQY,FLRGRAYGL
3111,DRGSQS,IYSNGD,AVKDRLM,SGHAT,FQNNGV,ASSPGTSGGSSYNEQF,NQKLIANQF
3112,DSAIYN,IQSSQRE,DSNYQLI,WSHSY,SAAADI,ASSGDGMNTEAF,CLGGLLTMV
3113,SSYSPS,YTSAATLV,NNNARLM,MDHEN,SYDVKM,ASSQTGTGHQPQH,LLAGIGTVPI
3114,DRGSQS,IYSNGD,AVGGGSQGNLI,MNHNS,SASEGT,FARSDAYSFGYGYT,ALAGIGILTV
3115,TSESDYY,QEAYKQQN,AQEDSGAGSYQLT,SNHLY,FYNNEI,ASSQDRNYGYT,KLSALGINAV
3116,TSESDYY,QEAYKQQN,AYRSPPSSEKLV,SQVTM,ANQGSEA,SVGTGGTNEKLF,YVLDHLIVV
3117,NSASQS,VYSSG,VVLISNFGNEKLT,SQVTM,ANQGSEA,SVRDGGNYGYT,LLAGIGTVPI
3118,DSAIYN,IQSSQRE,AVSGGGADGLT,SGHDY,FNNNVP,ASGRLSYNEQF,RAKFKQLL
3119,SSNFYA,MTLNGDE,APKDRLSGSARQLT,LNHDA,SQIVND,ASSWTLNTEAF,GILGFVFTL
3120,NSAFQY,TYSSGN,AMSGASKII,LGHNA,YNFKEQ,ASSLNRGQETQY,FTSDYYQLY
3121,SSVPPY,YTSAATLV,AVTPGDYKLS,MNHEY,SVGEGT,ASGSGSAGNQPQH,ATDALMTGF
3122,SSNFYA,MTLNGDE,ALNAGGTSYGKLT,SGHTA,FQGTGA,ASSRDFYAYNEQF,EPLPQGQLTAY
3123,TSGFNG,NVLDGL,AVVLREYGNKLV,SQVTM,ANQGSEA,SVGDGRGGEQY,NLVPMVATV
3124,SIFNT,LYKAGEL,AGPTHNMNYGGSQGNLI,LNHDA,SQIVND,ASSYYSNQPQH,GILGFVFTL
3125,YGATPY,YFSGDTLV,AVGAGPSGTYKYI,SNHLY,FYNNEI,ASSEIGRSTGELF,CINGVCWTV
3126,TSDPSYG,QGSYDQQN,AMREGLGNFNKFY,PRHDT,FYEKMQ,ASSLGAQGGKNIQY,YVLDHLIVV
3127,VSGNPY,YITGDNLV,AVRDSASGNTGKLI,LNHDA,SQIVND,ASSWGTGGNQPQH,FEDLRLLSF
3128,TTLSN,LVKSGEV,SVRGDSWGKLQ,SNHLY,FYNNEI,ASKAGGGVETQY,RAQAPPPSW
3129,VSNAYN,GSKP,AVEDRDNYGQNFV,LNHDA,SQIVND,ASSIRSSYEQY,GILGFVFTL
3130,DRGSQS,IYSNGD,AGANEKLT,DFQATT,SNEGSKA,SAPTSGGPNEQF,LLWNGPMAV
3131,SVFSS,VVTGGEV,AGASGSSNTGKLI,PRHDT,FYEKMQ,ASSLGGQGSNEQF,GILGFVFTL
3132,NSASDY,IRSNMDK,AESAGTALI,MGHRA,YSYEKL,ASSQVVRQPQH,QAKWRLQTL
3133,DRGSQS,IYSNGD,AVSAGFGNVLHCFGNVLH,MNHEY,SMNVEV,ASSLTSGRPDTQY,ELAGIGILTV
3134,NSAFQY,TYSSGN,AMSGGKLI,LNHNV,YYDKDF,ATSRASGSYEQY,LLWNGPMAV
3135,VGISA,LSSGK,AVRSTFGNEKLT,SGHTA,FQGNSA,ASSPTSAPGLFSGNTIY,LPRWYFYYL
3136,VSPFSN,MTFSENT,VVSAGLGKTSYDKVI,DFQATT,SNEGSKA,RYKGQGVSGANVLT,GILGFVFTL
3137,DRGSQS,IYSNGD,AVAVGVSGGGADGLT,SGHAT,FQNNGV,ASSSGGPFYEQY,GILGFVFTL
3138,VSPFSN,MTFSENT,VGYTNAGKST,LNHDA,SQIVND,ASSIRSSYEQY,RAKFKQLL
3139,NYSPAY,IRENEKE,ALDIHTGGFKTI,SGHKS,YYEKEE,ASSLGSEQY,SPRWYFYYL
3140,SSVPPY,YTSAATLV,AVSDAEGAQKLV,SGHTA,FQGTGA,ASSLTLLGGQEQY,RAKFKQLL
3141,TSGFNG,NVLDGL,AVKGDSWGKLQ,SGHTA,FQGNSA,ASSSAGLAGDTQY,SPRWYFYYL
3142,KTLYG,LQKGGEE,GAVFTSGTYKYI,MNHNS,SASEGT,ASSEAWVTGELF,TDLGQNLLY
3143,NSMFDY,ISSIKDK,AASAANQAGTALI,LGHNA,YSLEER,ASSPGQGWNGYT,GILGFVFTL
3144,NSMFDY,ISSIKDK,AAATTSGTYKYI,LNHNV,YYDKDF,ATSGDRGPYGYT,VSDGGPNLY
3145,DRGSQS,IYSNGD,ALNSGGYQKVT,MNHEY,SVGAGI,ASSFGQGSEQY,LLAGIGTVPI
3146,DSASNY,IRSNVGE,AATETSYDKVI,SEHNR,FQNEAQ,ASSRLGTEETQY,RAKFKQLL
3147,TTLSN,LVKSGEV,AGLGDSGGSNYKLT,LGHDT,YNNKEL,ASRQDRWEKMGQNIRR,VLFGLGFAI
3148,DSSSTY,IFSNMDM,AGSGGSYIPT,MGHRA,YSYEKL,ASSLLENTEAF,CINGVCWTV
3149,TRDTTYY,RNSFDEQN,ALIPVGSNYQLI,SGHRS,YFSETQ,ASSPDRLNQPQH,GILGFVFTL
3150,TSGFNG,NVLDGL,LFMDSNYQLI,LGHNA,YNFKEQ,ASSQDQGQPSYEQY,FLASKIGRLV
3151,KALYS,LLKGGEQ,GLEEPNDSKLS,SGDLS,YYNGEE,ASSTGQLSNTGELF,GLCTLVAML
3152,TRDTTYY,RNSFDEQN,ALSAGGLDQAGTALI,LNHDA,SQIVND,ASSMGRDGYT,FEDLRLLSF
3153,TSESDYY,QEAYKQQN,AYRSPNYGGSQGNLI,MNHEY,SVGEGT,ASSYASNQPQH,NLVPMVATV
3154,VSPFSN,MTFSENT,VVSPLSGGSYIPT,SGDLS,YYNGEE,ASSVDGEAVRSGNTIY,VSDGGPNLY
3155,YGATPY,YFSGDTLV,AVGSTNDYKLS,MNHEY,SMNVEV,ASSSRTGGDEQF,RAKFKQLL
3156,DSASNY,IRSNVGE,AASGDNYGQNFV,ENHRY,SYGVKD,AISDGARGPGTGELF,RPPIFIRRL
3157,SVFSS,VVTGGEV,AGAHRSNYKLT,LGHNA,YSLEER,ASSQDLGGWEQF,GILGFVFTL
3158,DSAIYN,IQSSQRE,AVFDNNAGNMLT,SEHNR,FQNEAQ,ASSHDRTRETQY,GILGFVFTL
3159,TSENNYY,QEAYKQQN,AFMINAGGTSYGKLT,LGHNA,YSLEER,ASSQEWLAVSTDTQY,GILGFVFTL
3160,DSASNY,IRSNVGE,AARVRGFGNVLHCFGNVLH,SGHDY,FNNNVP,ASGRLSYNEQF,RAKFKQLL
3161,NSMFDY,ISSIKDK,AAIPGSGGGADGLT,SNHLY,FYNNEI,ASSTKGGDTQY,KSKRTPMGF
3162,NSASDY,IRSNMDK,AENSSLAGKST,MGHRA,YSYEKL,ASSQDRGGPGELF,RAKFKQLL
3163,DSASNY,IRSNVGE,AALEAGGGADGLT,SGDLS,YYNGEE,ASSVFGVQRGFGTDTQY,RPIIRPATL
3164,TSESDYY,QEAYKQQN,AYSYGGSQGNLI,DFQATT,SNEGSKA,SASHPGDSPLH,RTATKAYNV
3165,YGATPY,YFSGDTLV,AVDFDSWGKLQ,GTSNPN,SVGIG,AWNLRAGSSYNEQF,TPRVTGGGAM
3166,DSAIYN,IQSSQRE,AARSNDYKLS,SGHRS,YFSETQ,ASNELDNEQF,TDLGQNLLY
3167,DRGSQS,IYSNGD,AVPGSTGNQFY,MNHEY,SVGEGT,ASSFGFGQPQH,ELAGIGILTV
3168,DSASNY,IRSNVGE,AARETSYDKVI,SEHNR,FQNEAQ,ASSRIGQGVGETQY,RAKFKQLL
3169,DSSSTY,IFSNMDM,AELGNDMR,SGHDN,FVKESK,ASSQCPGGEQY,GLCTLVAML
3170,SVFSS,VVTGGEV,AGAQVDSSYKLI,MNHEY,SMNVEV,ASSEVRDWGNNEQF,CLGGLLTMV
3171,DRGSQS,IYSNGD,ALDTGRRALT,LNHNV,YYDKDF,ATSSPPSGGRETQY,LLLDRLNQL
3172,NSASQS,VYSSG,VVNVGYGGSQGNLI,MDHEN,SYDVKM,ASSSLIQANTEAF,DATYQRTRALVR
3173,NSMFDY,ISSIKDK,AALGGSEKLV,SGHDN,FVKESK,ASSQVASSEAF,YLQPRTFLL
3174,TRDTTYY,RNSFDEQN,ALSDPYSGGGADGLT,SEHNR,FQNEAQ,ASSLAGGTGETQY,CTELKLSDY
3175,DSAIYN,IQSSQRE,AVRRDSGYALN,MNHNY,SVGAGI,ASSPWAGEGETQY,TPRVTGGGAM
3176,TTLSN,LVKSGEV,NYGGSQGNLI,SNHLY,FYNNEI,ASNAGGGVETQY,RAQAPPPSW
3177,SSYSTF,SSENQE,ARNTGNQFY,PRHDT,FYEKMQ,ASSPVTGGIYGYTG,NLVPMVATV
3178,VGISA,LSSGK,AVRFFLGNQFY,SGDLS,YYNGEE,ASSVGQGPTYEQY,VTEHDTLLY
3179,VSGNPY,YITGDNLV,AVRDGTGANNLF,LNHDA,SQIVND,ASSTLSVSGYT,NQKLIANQF
3180,SVFSS,VVTGGEV,AGAPRTSGTYKYI,LNHDA,SQIVND,ASSILTGPRTEAF,GILGFVFTL
3181,NSASDY,IRSNMDK,AEMETSYDKVI,SEHNR,FQNEAQ,ASSLVGGTDEKLF,RAKFKQLL
3182,VSPFSN,MTFSENT,VVSARMDSSYKLI,SEHNR,FQNEAQ,ASSPDSPGAEREQY,TPRVTGGGAM
3183,NSASQS,VYSSG,VVNRGDKLI,SEHNR,FQNEAQ,ASGEGNTGELF,YLQPRTFLL
3184,NSASQS,VYSSG,ATSGTYKYI,KGHDR,SFDVKD,ATSPQSWGGPGDEQ,YLQPRTFLL
3185,TISGNEY,GLKNN,IVSEGGGAVGLT,SEHNR,FQNEAQ,ASSLAVGEGPQH,RAKFKQLL
3186,TRDTTYY,RNSFDEQN,ATSGGYQKVT,SGDLS,YYNGEE,ASSALAGNTEAF,RAKFKQLL
3187,DRGSQS,IYSNGD,AVKVSNQFY,DFQATT,SNEGSKA,SAEQGNTEAF,DATYQRTRALVR
3188,TSGFYG,NALDGL,AVHNYGQNFV,LGHNA,YSLEER,ASSQALKSKTSTDTQY,SLFNTVATLY
3189,NSMFDY,ISSIKDK,AARRNNDMR,LGHNA,YSLEER,ASSYGTGFNEQF,GILGFVFTL
3190,KALYS,LLKGGEQ,DYGNNRLA,SGHVS,FQNEAQ,ASSLVSLGIDNEQF,KSKRTPMGF
3191,TSESDYY,QEAYKQQN,AYRSPYSGGSNYKLT,SGHVS,FQNEAQ,ASSLYDEGGGDEKLF,TPRVTGGGAM
3192,SSVPPY,YTSAATLV,AVSDSDSGYSTLT,MNHEY,SVGAGI,ASSFPYQGDTEAF,LLFGYPVYV
3193,SSYSPS,YTSAATLV,VVSETGTASKLT,LGHDT,YNNKEL,ASSQGGQSAWTQY,HPVTKYIM
3194,VSNAYN,GSKP,AVSNNNDMR,SGHNS,FNNNVP,ASSVVERAF,NLVPMVATV
3195,NYSPAY,IRENEKE,ALPSGGSYIPT,SGHRS,YFSETQ,ASYPSDGYNEQF,VSDGGPNLY
3196,TSENNYY,QEAYKQQN,AFMNLQGGSEKLV,MNHNS,SASEGT,ASNFPAANSYEQY,CINGVCWTV
3197,VSGNPY,YITGDNLV,AVRDITGQAGTALI,LNHDA,SQIVND,ASSPLTGSGSPLH,YVLDHLIVV
3198,DRGSQS,IYSNGD,AVSGPGGSYIPT,KGHDR,SFDVKD,ATSDLGLAGLNEQF,EPLPQGQLTAY
3199,YGATPY,YFSGDTLV,AVGSIGFGNVLHCFGNVLH,SNHLY,FYNNEI,ASSSGQTAPGELF,GLCTLVAML
3200,DSAIYN,IQSSQRE,AVSGGGADGLT,SGDLS,YYNGEE,ASSVGAGSNQPQH,YLQPRTFLL
3201,TRDTTYY,RNSFDEQN,ALRPSETSGSRLT,SGHNS,FNNNVP,ASSLGASSYNEQF,YLQPRTFLL
3202,NSASQS,VYSSG,ASPGSNTGKLI,LNHDA,SQIVND,ASSMRSADTQY,GILGFVFTL
3203,TTSDR,LLSNGAV,AVDRLDTDKLI,MGHRA,YSYEKL,ASSQQETYEQY,NLVPMVATV
3204,TTLSN,LVKSGEV,AGLGFGNVLHCFGNVLH,SGDLS,YYNGEE,ASSVWAGGSPNEQF,GILGFVFTL
3205,VSGLRG,LYSAGEE,AVQADNDYKLS,MNHEY,SMNVEV,ASRPGLATDTQY,GILGFVFTL
3206,TSDPSYG,QGSYDQQN,AMREVNDKII,DFQATT,SNEGSKA,SAILLAGVNNEQF,TTDPSFLGRY
3207,SVFSS,VVTGGEV,AGASGIHNTDKLI,LNHDA,SQIVND,ASSMRSAYEQY,GILGFVFTL
3208,DSVNN,IPSGT,AGSPSNTGKLI,MGHRA,YSYEKL,ASSHLAGVTQETQY,GILGFVFTL
3209,SIFNT,LYKAGEL,AGLLHNQAGTALI,LNHDA,SQIVND,ASSTYHSDEQF,GILGFVFTL
3210,SSYSPS,YTSAATLV,VVISTSGTYKYI,LNHDA,SQIVND,ASSLYSDGGQGYT,GILGFVFTL
3211,NSASDY,IRSNMDK,AETPYSSASKII,LGHDT,YNNKEL,ASSQFNEKLF,GILGFVFTL
3212,NSASDY,IRSNMDK,ASSQNARLM,MDHEN,SYDVKM,ASSFMVGAGELF,GILGFVFTL
3213,YGGTVN,YFSGDPLV,AGKTSYDKVI,MNHNS,SASEGT,ASWPISGGYEQY,YVLDHLIVV
3214,SIFNT,LYKAGEL,AGAGDGGSQGNLI,MNHEY,SVGEGT,ASSYSSGGADTQY,GILGFVFTL
3215,KALYS,LLKGGEQ,GTEYPNDYKLS,ENHRY,SYGVKD,AAGGGGTEKLF,GLCTLVAML
3216,NSAFQY,TYSSGN,AMGRSNFGNEKLT,PRHDT,FYEKMQ,ASSSTQRDHSTDTQY,LLAGIGTVPI
3217,DSSSTY,IFSNMDM,ADDSNARLM,DFQATT,SNEGSKA,SARSDVGNTIY,GLCTLVAML
3218,DRGSQS,IYSNGD,AVNKGRDSGAGSYQLT,LNHDA,SQIVND,ASSITSGSYNEQF,LLLDRLNQL
3219,DSASNY,IRSNVGE,AATPYGNNDMR,WSHSY,SAAADI,ASRGALVGDTQY,GILGFVFTL
3220,DRGSQS,IYSNGD,AVNWDDKII,LNHNV,YYDKDF,ATSRGQGYEQY,LLWNGPMAV
3221,VSPFSN,MTFSENT,VVKRHTDKLI,MNHEY,SMNVEV,ASSPLAGGFEKKETQY,SPRWYFYYL
3222,VSNAYN,GSKP,SYNTDKLI,SGHVS,FNYEAQ,ASSLNVGEGAGNTIY,RAKFKQLL
3223,TISGNEY,GLKNN,RGVDYKLS,MNHNS,SASEGT,ASSEAERDGPSGANVLT,LLAGIGTVPI
3224,NSASDY,IRSNMDK,ADSGGGADGLT,SGHDT,YYEEEE,ASSLTLAAYNEQF,RAKFKQLL
3225,VSNAYN,GSKP,AVVGAAGANNLF,SGDLS,YYNGEE,ASSVGLAGATNEQF,NQKLIANQF
3226,TISGNEY,GLKNN,IVFYNQGGKLI,LNHDA,SQIVND,ASSTRSSYEQY,GILGFVFTL
3227,TSESDYY,QEAYKQQN,AAGSYQLT,SEHNR,FQNEAQ,ASSGDSETYNEQF,YVLDHLIVV
3228,TSENNYY,QEAYKQQN,AFMKHYQNSGGSNYKLT,LGHNA,YSLEER,ASSQDNYGGSPLH,YLQPRTFLL
3229,YGATPY,YFSGDTLV,AVGETLGSGTYKYI,LNHDA,SQIVND,ASKQNNEQF,GILGFVFTL
3230,NSMFDY,ISSIKDK,AARSGNTPLV,SEHNR,FQNEAQ,ASSLGETIYGYT,QYIKWPWYI
3231,YGGTVN,YFSGDPLV,AVKDTDKLI,WNHNN,SYGVQD,ASSEWTSPSTDTQY,YVLDHLIVV
3232,TTLSN,LVKSGEV,AAPRNNNARLM,MNHEY,SMNVEV,ASKALVGTAEAKNIQY,SPRWYFYYL
3233,VSGNPY,YITGDNLV,AVRGSFYNQGGKLI,KGHDR,SFDVKD,ATSDLRRTDTQY,NLVPMVATV
3234,TRDTTYY,RNSFDEQN,ALGILTGANSKLT,SGHNS,FNNNVP,ASSFSGNTGELF,RAKFKQLL
3235,TSESDYY,QEAYKQQN,AYRGGLQGAQKLV,PRHDT,FYEKMQ,ASSRGLSSGNTIY,GILGFVFTL
3236,DRGSQS,IYSNGD,AVTPSNTGKLI,LNHDA,SHIVND,ASSIRSAYEQY,GILGFVFTL
3237,YGGTVN,YFSGDPLV,AVKGTDKLI,KGHDR,SFDVKD,ATRKPGQGIGGANVLT,YVLDHLIVV
3238,DSASNY,IRSNVGE,AATFSSGGYNKLI,MNHEY,SVGAGI,ASRSGGANEQF,CTELKLSDY
3239,TSDPSYG,QGSYDQQN,AMREGEAGGFKTI,SEHNR,FQNEAQ,ASSSMTGSSYEQY,RAKFKQLL
3240,DSSSTY,IFSNMDM,AEGPRGGADGLT,SGHNS,FNNNVP,ASSFSGNTGELF,RAKFKQLL
3241,DSSSTY,IFSNMDM,AESLWDDKII,LNHDA,SQIVND,ASSTIGTGGLEKLF,RAKFKQLL
3242,NSASDY,IRSNMDK,AEVNGGSQGNLI,MNHEY,SMNVEV,ASSPKTGRHQETQY,TTDPSFLGRY
3243,SSNFYA,MTLNGDE,AFIGNTGKLI,LNHDA,SQIVND,ASSIFGGSSYNEQF,GILGFVFTL
3244,SVFSS,VVTGGEV,AGAYYGGSQGNLI,SGHTA,FQGTGA,ASSLTPTGSPLH,QYIKWPWYI
3245,NSASQS,VYSSG,VVNDPSGNTPLV,DFQATT,SNEGSKA,SARDERALNTGELF,YLQPRTFLL
3246,NSMFDY,ISSIKDK,AAASGAGSYQLT,MGHDK,SYGVNS,ASSDKILPEY,TTDPSFLGRY
3247,TISGTDY,GLTSN,ILRDLNAGGTSYGKLT,MNHNS,SASEGT,ASSEVVSTTYEQY,RAKFKQLL
3248,ATGYPS,ATKADDK,ALSGEAAGNKLT,SGHDT,YYEEEE,ASSSWARGAYQPQH,TPRVTGGGAM
3249,STGYPT,ETMEN,LLDYSGAGSYQLT,MGHRA,YSYEKL,ASSQETGSYTIY,RPPIFIRRL
3250,VTNFRS,LTSSGIE,AATSGTYKYI,SNHLY,FYNNEI,ASSYLPTGGTDTQY,SPRWYFYYL
3251,TSESDYY,QEAYKQQN,AYRSLYSGAGSYQLT,SNHLY,FYNNEI,ARTDRDISTDTQY,ATDALMTGF
3252,TSGFNG,NVLDGL,AVETGGFKTI,MNHNS,SASEGT,ASSEPRDEQF,DATYQRTRALVR
3253,DRGSQS,IYSNGD,AVTGNEKLT,MNHEY,SVGAGI,ASSYSSSGGAYEQY,LLWNGPMAV
3254,VSGNPY,YITGDNLV,AVRDNYGQNFV,LNHDA,SQIVND,ASSIVNSAPTYEQY,GILGFVFTL
3255,NIATNDY,GYKTK,LVGNTGGFKTI,SQVTM,ANQGSEA,SVPDRGNTEAF,SPRWYFYYL
3256,TISGTDY,GLTSN,ILRDTSGTYKYI,SGHNT,YYREEE,ASSSWGRDATNEKLF,TPRVTGGGAM
3257,SVFSS,VVTGGEV,AGPFGRLM,MNHEY,SMNVEV,ASSLFPGFGEQY,GILGFVFTL
3258,TSESDYY,QEAYKQQN,AWRGGGGADGLT,MNHEY,SVGEGT,ASSWDPTYNEQ,KLSALGINAV
3259,TSINN,IRSNERE,ATDLYAQGGSEKLV,LNHDA,SQIVND,ASSNRGGNEQF,NQKLIANQF
3260,YGGTVN,YFSGDPLV,AVLTAYSGAGSYQLT,DFQATT,SNEGSKA,SASLAGVGDTQY,VLEETSVML
3261,DRGSQS,IYSNGD,ALEGYSTLT,SNHLY,FYNNEI,ASRPGQGSHEQY,LLLDRLNQL
3262,NSAFQY,TYSSGN,AMDPLTGGGNKLT,SGHDN,FVKESK,ASSQGQGPPYEQY,TTDPSFLGRY
3263,DRGSQS,IYSNGD,AAIDDKII,MNHEY,SVGEGT,ASTDGGDSYTQY,LLWNGPMAV
3264,TISGNEY,GLKNN,IVRVPGPWSRGSNYKLT,DFQATT,SNEGSKA,SGIRLASGRSYEQY,YLQPRTFLL
3265,VSPFSN,MTFSENT,VVTPGREYGNKLV,LNHDA,SQIVND,ASSISSGSYNEQF,GILGFVFTL
3266,SSNFYA,MTLNGDE,AFNAGNMLT,MNHEY,SMNVEV,ASSPFGAGPYNEQF,NLVPMVATV
3267,NSMFDY,ISSIKDK,AASEGNAGKST,MNHEY,SVGAGI,ASKGSGGPPNEKLF,TTDPSFLGRY
3268,NSASQS,VYSSG,VVNGPRGYNKLI,MNHEY,SMNVEV,ASSDPGTSSDTQY,YSEHPTFTSQY
3269,TSGFNG,NVLDGL,AVRDPGRDYKLS,DFQATT,SNEGSKA,SARGHETTGELF,RAKFKQLL
3270,DRGSQS,IYSNGD,AVKAEGAGNMLT,ENHRY,SYGVKD,AISEQGGNTEAF,FTSDYYQLY
3271,NSAFQY,TYSSGN,AMSFSNFGNEKLT,DFQATT,SNEGSKA,SATVASGPPTDTQY,LLAGIGTVPI
3272,NSASQS,VYSSG,VVPKEDSSASKII,LNHDA,SQIVND,ASSIFHTGELF,GILGFVFTL
3273,NSASQS,VYSSG,VVRRDSWGKLQ,MDHEN,SYDVKM,ASSLNSNSYEQY,PTDNYITTY
3274,TSESDYY,QEAYKQQN,AYNQGAQKLV,SGDLS,YYNGEE,ASSLPAGGYSGNTIY,RPPIFIRRL
3275,NIATNDY,GYKTK,LVGTPLAGSGGYNKLI,SGHNS,FNNNVP,ASSLYGQGSSSYGYT,CINGVCWTV
3276,DRGSQS,IYSNGD,AVNLAWNNNARLM,MNHEY,SMNVEV,ASRLGTGPEAF,EAAGIGILTV
3277,TISGNEY,GLKNN,IVRVDAGGTSYGKLT,LNHDA,SQIVND,ASSIFGSPFYEQY,GILGFVFTL
3278,DSASNY,IRSNVGE,AASETSYDKVI,SEHNR,FQNEAQ,SYNSPLH,RAKFKQLL
3279,YGATPY,YFSGDTLV,AVAPLNSGNTPLV,MDHEN,SYDVKM,ASSFARTRWEQY,RPIIRPATL
3280,ATGYPS,ATKADDK,ARQAGNMLT,SNHLY,FYNNEI,ASQGGAGYLYGYT,LTDEMIAQY
3281,VSGLRG,LYSAGEE,AVQAGSNTGKLI,SQVTM,ANQGSEA,SVEFPDSYEQY,YLLEMLWRL
3282,YGGTVN,YFSGDPLV,AVKGYDKII,MNHEY,SMNVEV,ASSPDQTSSYNEQF,YVLDHLIVV
3283,DSSSTY,IFSNMDM,AERGSGGYQKVT,SGHVS,FQNEAQ,ASSLKSPGQANWYGYT,VLEETSVML
3284,NSMFDY,ISSIKDK,AARPGAQKLV,SEHNR,FQNEAQ,ASSLDGGGAPYEQY,VTEHDTLLY
3285,TRDTTYY,RNSFDEQN,ALMRNQGGKLI,SGHTS,YDEGEE,ASSLEPQDTQY,CTELKLSDY
3286,TRDTTYY,RNSFDEQN,ALHRTPWAAGNKLT,SGHDY,FNNNVP,ASSPLSAGELF,RTATKQYNV
3287,DSASNY,IRSNVGE,AGSSEDRDDKII,SGDLS,YYNGEE,ASSVGRGSTEAF,RAKFKQLL
3288,SVFSS,VVTGGEV,AGAGGGGSGGNLI,LNHDA,SQIVND,ASSSRASYEQY,GILGFVFTL
3289,TRDTTYY,RNSFDEQN,ALSEGTGRRALT,SGHDN,FVKESK,ASSLVSSYNEQF,GILGFVFTL
3290,SVFSS,VVTGGEV,AGGGSQGNLI,DFQATT,SNEGSKA,SAMTSEGSGANVLT,GILGFVFTL
3291,VSPFSN,MTFSENT,VVSGGGGFKTI,SGHNS,FNNNVP,ASILASYTDTQY,GPRLGVRAT
3292,TSINN,IRSNERE,AAFRSNDYKLS,MNHEY,SVGAGI,ASSPVPGLDEQF,VLFGLGFAI
3293,TSGFNG,NVLDGL,AVKEPWGGFKTI,GTSNPN,SVGIG,AWTNPISSDRGLGNTIY,YLQPRTFLL
3294,NSASQS,VYSSG,VVNAPSGNTPLV,DFQATT,SNEGSKA,SARDRQGQNTGELF,YLQPRTFLL
3295,TSGFNG,NVLDGL,AVNTNAGKST,SSHAT,FNYEAQ,ASSQSSAGGREGTQY,NLVPMVATV
3296,TISGNEY,GLKNN,ILWVAAGNKLT,SGHDT,YYEEEE,ASSLRDGSEAF,RAKFKQLL
3297,TISGNEY,GLKNN,IVRLRTNYGGSQGNLI,SGHNT,YYREEE,ASSFDRGTGNTIY,RPIIRPATL
3298,NSASQS,VYSSG,VVMSNGGSQGNLI,ENHRY,SYGVKD,AISGTPGDTQY,CTELKLSDY
3299,NSMFDY,ISSIKDK,AASAGGGSQGNLI,LNHDA,SQIVND,ASSGGSKNYAV,GILGFVFTL
3300,ATGYPS,ATKADDK,AQSNYKLT,MNHEY,SMNVEV,ASSTRATNEKLF,TTDPSFLGRY
3301,TSENNYY,QEAYKQQN,AFMKGAGGTSYGKLT,MDHEN,SYDVKM,ASSNGDRETQPQH,GILGFVFTL
3302,TSDPSYG,QGSYDQQN,AMREAGDSSYKLI,SEHNR,FQNEAQ,ASSFHDRTGVSSPLH,TPRVTGGGAM
3303,TSDQSYG,QGSYDEQN,AMRGGLLTGGGNKLT,MNHEY,SVGEGT,ASSFEQGAESSYNSPLH,VTEHDTLLY
3304,SIFNT,LYKAGEL,AGYSGGGADGLT,SGHTS,YDEGEE,ASSPMTGDGTQY,CTELKLSDY
3305,TTSDR,LLSNGAV,AVDLSGSARQLT,DFQATT,SNEGSKA,SARGDRGEGYEQY,LTDEMIAQY
3306,SVFSS,VVTGGEV,AGADTNAGKST,LNHDA,SQIVND,ASSIFHTHYEQY,GILGFVFTL
3307,NSAFQY,TYSSGN,AMTLSNFGNEKLT,MNHEY,SVGAGI,ASSYGSPGNFNNEQF,LLAGIGTVPI
3308,TSDPSYG,QGSYDQQN,AMREGVIYNQGGKLI,GTSNPN,SVGIG,AWSRGSAYNEQF,KLWAQCVQL
3309,TSINN,IRSNERE,ATGFSGGYNKLI,MGHRA,YSYEKL,ASSQYRETSDTQY,TTDPSFLGRY
3310,NSASQS,VYSSG,VEVNDYKLS,SNHLY,FYNNEI,ASSEIAGGNTGELF,YLQPRTFLL
3311,TSESDYY,QEAYKQQN,ALMSQRTSYQLT,LGHNA,YNFKEQ,ASSQGYTDTQY,YSEHPTFTSQY
3312,NSAFQY,TYSSGN,AMSGSNFGNEKLT,DFQATT,SNEGSKA,SAQVDRGPTGELF,LLAGIGTVPI
3313,NSASQS,VYSSG,VADSWGKLQ,LNHDA,SQIVND,ASSIPAGGAYGYT,LLWNGPMAV
3314,NSASQS,VYSSG,VVNMDNARLM,LGHNA,YNFKEQ,ASSQDRGSSYEQY,RAKFKQLL
3315,SSVSVY,YLSGSTLV,AVSVRMDSSYKLI,MGHRA,YSYEKL,ASSQDPGYEQY,GILGFVFTL
3316,DSASNY,IRSNVGE,VGRETSYDKVI,SGHNS,FNNNVP,ASSSSGAGELF,RAKFKQLL
3317,SSVSVY,YLSGSTLV,AVSGSQGNLI,LNHDA,SQIVND,ASSPRSGIEAF,GILGFVFTL
3318,YGGTVN,YFSGDPLV,AVKGSQGNLI,LGHDT,YNNKEL,ASSHLPGGGQETQY,YVLDHLIVV
3319,VSPFSN,MTFSENT,VVSALLWGWELPTH,MNHEY,SMNVEV,ASSFLGSRAEAF,GILGFVFTL
3320,TSDPSYG,QGSYDQQN,AMSLEGGAGNKLT,SGHNT,YYREEE,ASSLRQALRNEQF,RPIIRPATL
3321,NTAFDY,IRPDVSE,AASRGSGAGSYQLT,SGHNS,FNNNVP,ASSLVVMGTGFTDTQY,NLVPMVATV
3322,NSAFQY,TYSSGN,AMSLSNFGNEKLT,GTSNPN,SVGIG,AWSEVPEAF,LLAGIGTVPI
3323,NSASQS,VYSSG,VVNNPNSGYALN,PRHDT,FYEKMQ,ASSPTGGGNTGELF,YLQPRTFLL
3324,TISGNEY,GLKNN,IVRVAGYGGSQGNLI,LNHDA,SQIVND,ASSIGSGMNSPLH,FEDLRLLSF
3325,TSDPSYG,QGSYDQQN,AMREGGNFNKFY,DFQATT,SNEGSKA,SATYPVGLGLSADTQY,YVLDHLIVV
3326,DSASNY,IRSNVGE,AASETSYDKVI,LNHDA,SQIVND,ASSIGVYGYT,GILGFVFTL
3327,DRGSQS,IYSNGD,AVNDMR,MNHEY,SMNVEV,ASSRSNYMNTEAF,LLLDRLNQL
3328,NTAFDY,IRPDVSE,AASSIQGAQKLV,LGHNA,YSLEER,ASSPWDRANTGELF,LLWNGPMAV
3329,TSESDYY,QEAYKQQN,AYRSHYTSGTYKYI,MNHEY,SMNVEV,ASSLKIGEQF,NLVPMVATV
3330,TSDPSYG,QGSYDQQN,AMREGLVPYNNNDMR,LNHDA,SQIVND,ASSTDREGITPQH,ALSKGVHFV
3331,TRDTTYY,RNSFDEQN,ALLYNNNDMR,MNHEY,SMNVEV,ASRSPQETQY,GILGFVFTL
3332,TSENNYY,QEAYKQQN,AYRQGAQKLV,SQVTM,ANQGSEA,SALRLDTDTQY,KLSALGINAV
3333,TSGFNG,NVLDGL,AVDQAGTALI,KGHSH,LQKENI,ASSPPRSEAF,QMMVKAGL
3334,NSAFQY,TYSSGN,AMITMEYGNKLV,SGHTA,FQGTGA,ASSLAGGPLDTQY,GILGFVFTL
3335,DSASNY,IRSNVGE,AASETSYDKVI,SGHNS,FNNNVP,ASSFSGATHNEQF,RAKFKQLL
3336,DRGSQS,IYSNGD,AVTGDYKLS,DFQATT,SNEGSKA,SARTGNEQF,LLAGIGTVPI
3337,DRGSQS,IYSNGD,AVNSGNQFY,MDHEN,SYDVKM,ASSFGLGTEAF,EAAGIGILTV
3338,TSDPSYG,QGSYDQQN,ARQGGSEKLV,LNHDA,SQIVND,ASSIYRWNTIY,GILGFVFTL
3339,TSESDYY,QEAYKQQN,AYRSAGSGGSNYKLT,MNHEY,SMNVEV,ASSLMTNQPQH,HPNGYKSLSTL
3340,VSNAYN,GSKP,AVEKMNRDDKII,SGHRS,YFSETQ,ASSSYPGLAPVQETQY,SPRWYFYYL
3341,DRGSQS,IYSNGD,AVGDDKII,DFQATT,SNEGSKA,SAPLAGGHNEQF,LLWNGPMAV
3342,DSASNY,IRSNVGE,AASETSYDKVI,SEHNR,FQNEAQ,ASSDLTGNTIY,RAKFKQLL
3343,NSAFQY,TYSSGN,AMLLSNFGNEKLT,ENHRY,SYGVKD,AISELTGGVNYGYT,LLAGIGTVPI
3344,VSNAYN,GSKP,AVEDLDNFNKFY,SEHNR,FQNEAQ,ASSSPRLSGEADGYT,FLRGRAYGL
3345,TRDTTYY,RNSFDEQN,ALSEDGAGNMLT,LNHDA,SQIVND,ASSIRSSYEQY,GILGFVFTL
3346,SSNFYA,MTLNGDE,ASQNNARLM,LNHNV,YYDKDF,ATSRLPQHTTNEKLF,NQKLIANQF
3347,DSASNY,IRSNVGE,AASEGGADGLT,MNHEY,SMNVEV,ASRSPGGGAWVETQY,RAKFKQLL
3348,DSSSTY,IFSNMDM,AESFTGGGNKLT,SGHTA,FQGNSA,SYEQY,SPRWYFYYL
3349,DRGSQS,IYSNGD,AVNGYSGAGSYQLT,SEHNR,FQNEAQ,ASSQPAGNTIY,ELAGIGILTV
3350,DSSSTY,IFSNMDM,AERGGYQKVT,SGDLS,YYNGEE,ASSASAGTANTGELF,CLGGLLTMV
3351,TSGFNG,NVLDGL,GRTGFQKLV,SGHDY,FNNNVP,ASNQGTATEAF,CINGVCWTV
3352,NSASQS,VYSSG,VVNIFYGGAGSYQLT,MNHNS,SASEGT,ASSERTGYEAF,NYNYLYRLF
3353,NIATNDY,GYKTK,LIPGVSGNTPLV,LNHNV,YYDKDF,ATSVTGDPNTEAF,DATYQRTRALVR
3354,TSGFNG,NVLDGL,AVRGGSQGNLI,DFQATT,SNEGSKA,SARDTPVGGGIWPQH,SPRWYFYYL
3355,NSASDY,IRSNMDK,ADSGGGADGLT,SGHRS,YFSETQ,ASSQQGQPQETQY,RAKFKQLL
3356,NSAFQY,TYSSGN,AMSRSNFGNEKLT,LNHDA,SQIVND,ASSIGGAGGTGELF,LLAGIGTVPI
3357,NSASQS,VYSSG,VSSIG,KGHSH,LQKENI,ASSPVNTEAF,LLAGIGTVPI
3358,NSAFQY,TYSSGN,AMSTSNFGNEKLT,SGHNS,FNNNVP,ASSPFGGTYTDTQY,LLAGIGTVPI
3359,TISGNEY,GLKNN,IVRERGYQKVT,SGDLS,YYNGEE,ASSVSDTQY,RTATKQYNV
3360,DRGSQS,IYSNGD,AVVDSNYQLI,DFQATT,SNEGSKA,SARDLRVSTEAF,RAKFKQLL
3361,NSAFQY,TYSSGN,AMSISDFGNEKLT,SGHTA,FQGNSA,ASSQEGLAMETQY,LLAGIGTVPI
3362,SSNFYA,MTLNGDE,AFIRDYKLS,MNHEY,SMNVEV,ASSLGLNEQF,TTDPSFLGRY
3363,TSGFNG,NVLDGL,AVRPLYSGGYQKVT,MNHNY,SVGAGI,ASSYHNTNKNIQY,GILGFVFTL
3364,DRGSQS,IYSNGD,AVGIFGNVLH,MNHEY,SMNVEV,ASSFGQGLSEQF,ELAGIGILTV
3365,NSMFDY,ISSIKDK,AASVGYGGATNKLI,PRHDT,FYEKMQ,ASRQAGDEQY,TTDPSFLGRY
3366,DSAIYN,IQSSQRE,AVLEGAGSYQLT,MNHEY,SMNVEV,ASSLAQGKAF,FEDLRVSSF
3367,TRDTTYY,RNSFDEQN,ALSRGYGQNFV,MNHEY,SVGEGT,ASSPRVNRNTEAF,GILGFVFTL
3368,NSASDY,IRSNMDK,ADSGGGADGLT,MNHEY,SVGEGT,ASSFPGGFTGELF,RAKFKQLL
3369,TSINN,IRSNERE,ATVPNTGGFKTI,MNHEY,SMNVEV,ASTRGVGTEAF,GILGFVFTL
3370,VGISA,LSSGK,AVGVEETSGSRLT,LNHDA,SQIVND,ASSIFYRAEAF,GILGFVFTL
3371,DRGSQS,IYSNGD,AVDNYGQNFV,LGHDT,YNNKEL,ASSQVRTETQY,GILGFVFTL
3372,NIATNDY,GYKTK,LVGSSEGFQKLV,SGHRS,YFSETQ,ASSINRDLLNGYT,NLVPMVATV
3373,DRGSQS,IYSNGD,AVLSGAQKLV,MNHEY,SMNVEV,ASGAPYEQY,LLLDRLNQL
3374,YSGSPE,HISR,APHRREAGGSYIPT,MGHDK,SYGVNS,ASSVSYGYT,TTDPSFLGRY
3375,DSVNN,IPSGT,AVDVSDRGSTLGRLY,LNHDA,SQIVND,ASSGTSFTEQY,GILGFVFTL
3376,TRDTTYY,RNSFDEQN,ALLNSGYSTLT,LNHDA,SQIVND,ASSTYGTTGELF,GILGFVFTL
3377,NSASDY,IRSNMDK,ADSGGGADGLT,GTSNPN,SVGIG,AWGDSYEQY,RAKFKQLL
3378,YGATPY,YFSGDTLV,AVGAPSVSGTYKYI,LNHNV,YYDKDF,ATSRRQGTTTRTYEQY,RFPLTFGWCF
3379,DRGSQS,IYSNGD,AVTGSYQLT,KGHDR,SFDVKD,ATSEGGTGELF,RAKFKQLL
3380,VSPFSN,MTFSENT,VVVAYSGAGSYQLT,SGHTA,FQGNSA,ASSLTGTTYGGYT,NLVPMVATV
3381,NSMFDY,ISSIKDK,AASIGAGNMLT,KGHSH,LQKENI,ASSPPGLPGYT,NLVPMVATV
3382,SVFSS,VVTGGEV,GAHGSSNTGKL,LNHDA,SQIVND,SSIRSAYEQ,GILGFVFTL
3383,TSGFNG,NVLDGL,AVRDRTGGFKTI,SQVTM,ANQGSEA,SVEDRRPDEQF,RAKFKQLL
3384,YGATPY,YFSGDTLV,AVGARNTDKLI,MNHEY,SMNVEV,ASRALTGHPDAKNIQY,SPRWYFYYL
3385,YGGTVN,YFSGDPLV,AVNAAGNDYKLS,SEHNR,FQNEAQ,ASSTRTGQETQY,NLVPMVATV
3386,NSASQS,VYSSG,VVHQWGNLI,SQVTM,ANQGSEA,SVVLVDRGADTQY,LLWNGPMAV
3387,TSINN,IRSNERE,ATDARAGGTSYGKLT,MNHNY,SVGAGI,ASSFGQRDRGYWRNTEAF,NLVPMVATV
3388,NIATNDY,GYKTK,FILGEYCGGTNKLI,LGHNA,YNFKEQ,ASSQEIGVSGEKLF,CINGVCWTV
3389,TSDPSYG,QGSYDQQN,AMRDRFSDGQKLL,MNHEY,SVGEGT,ASTLTGGNQPQH,HPVTKYIM
3390,DSSSTY,IFSNMDM,AESLWDDKII,SGDLS,YYNGEE,ASSKWDSRNGYT,RAKFKQLL
3391,TSGFNG,NVLDGL,AVRVGFGNVLHCFGNVLH,DFQATT,SNEGSKA,SARGVRVGGNTEAF,GILGFVFTL
3392,SIFNT,LYKAGEL,AGTFQETSGSRLT,LNHDA,SQIVND,ASSIHSLNEQF,GILGFVFTL
3393,TSGFNG,NVLDGL,WAIGFGNVLHCFGNVLH,SGHNT,YYREEE,ASSLETGRNIQY,SPRWYFYYL
3394,NSMFDY,ISSIKDK,AASAKNTDKLI,LGHDT,YNNKEL,ASSQDRLAGNYEQY,GILGFVFTL
3395,DSSSTY,IFSNMDM,AEDNNARLM,DFQATT,SNEGSKA,SARSETGNTIY,GLCTLVAML
3396,NSASDY,IRSNMDK,ADAMDSSYKLI,GTSNPN,SVGIG,AWSPGDSYEQY,TTDPSFLGRY
3397,VSPFSN,MTFSENT,VGYTNAGKST,SGHKS,YYEKEE,ASSGPGGVDEQF,RAKFKQLL
3398,DSASNY,IRSNVGE,AASKRGGYSTLT,KGHDR,SFDVKD,ATSDLPGQGGFT,SPRWYFYYL
3399,TSESDYY,QEAYKQQN,AYRSPVSGNQFY,MDHEN,SYDVKM,ASTPPRGPQH,RLPGVLPRA
3400,TISGNEY,GLKNN,IVRVVNAGNMLT,GTSNPN,SVGIG,AWGLTGGWNEQF,GILGFVFTL
3401,ATGYPS,ATKADDK,ALSEDYGGSQGNLI,SGHNS,FNNNVP,ASSFSGNTGELF,RAKFKQLL
3402,YGATPY,YFSGDTLV,AVVPEYISNFGNEKLT,MGHRA,YSYEKL,ASSPSTVSAEQY,RAKFKQLL
3403,TISGTDY,GLTSN,ILPLEGGTSYGKLT,SGHVS,FQNEAQ,ASSSGRAYERY,FLRGRAYGL
3404,TRDTTYY,RNSFDEQN,ALSEDNDYKLS,ENHRY,SYGVKD,AISESVAGEQETQY,RAKFKQLL
3405,TISGNEY,GLKNN,IVSYKLI,DFQATT,SNEGSKA,SARLAGLTYNEQF,GILGFVFTL
3406,DSASNY,IRSNVGE,AATETSYDKVI,SGHNS,FNNNVP,ASSFSGGASPPNYGYT,RAKFKQLL
3407,DRGSQS,IYSNGD,AVGGGKLI,MNHEY,SVGEGT,ASNKGMNQPQH,ELAGIGILTV
3408,DSVNN,IPSGT,AVNQAGTALI,LNHDA,SQIVND,ASSIGLGGGYT,ALWEIQQVV
3409,STGYPT,ETMEN,LLSRSGTYKYI,MNHEY,SMNVEV,ASSLEGYTEAF,GILGFVFTL
3410,TSESDYY,QEAYKQQN,AYRSPYYSGGGADGLT,SGHTA,FQGNSA,ASSFGDRGREKLF,YLQPRTFLL
3411,KALYS,LLKGGEQ,GTGSMDSNYQLI,LNHDA,SQIVND,ASSISGLEAF,GILGFVFTL
3412,NSAFQY,TYSSGN,AMKGKNQGGKLI,LNHDA,SQIVND,ASPDLNTGELF,YLQPRTFLL
3413,DRGSQS,IYSNGD,AVPYSGGGADGLT,MGHDK,SYGVNS,ASSPHPGTGGYEQY,ELAGIGILTV
3414,YGGTVN,YFSGDPLV,AVHDGGFQKLV,MDHEN,SYDVKM,ASRGLTGGGSEAF,YVLDHLIVV
3415,NSAFQY,TYSSGN,AMSGSNFGNEKLT,SQVTM,ANQGSEA,SVEKGTGELF,ELAGIGILTV
3416,TISGNEY,GLKNN,IVRPYNNDMR,SGDLS,YYNGEE,ASSPGSYSNQPQH,NQKLIANQF
3417,ATGYPS,ATKADDK,ALSRFNAGNNRKLI,LNHDA,SQIVND,ARRPPMELF,YLQPRTFLL
3418,DSSSTY,IFSNMDM,AESPSSGNTPLV,MGHDK,SYGVNS,ASAGPGQVYEQY,GLCTLVAML
3419,TSDPSYG,QGSYDQQN,AMRDWELTGGGNKLT,MNHEY,SMNVEV,ASGDSPLH,TTDPSFLGRY
3420,YGGTVN,YFSGDPLV,AVKDTDKLI,KGHDR,SFDVKD,ATSDFVYDEQF,YVLDHLIVV
3421,NSAFQY,TYSSGN,AMSGSNFGNEKLT,LGHDT,YNNKEL,ASSQSGGATDTQY,LLAGIGTVPI
3422,NSAFQY,TYSSGN,ATSPPLTQGGSEKLV,SGHDN,FVKESK,ASSQSPGGTQY,GLCTLVAML
3423,NSAFQY,TYSSGN,AMSSMDTGRRALT,MDHEN,SYDVKM,ASSLHDTEAF,RAKFKQLL
3424,TSINN,IRSNERE,ATGPSGGGADGLT,SGHDY,FNNNVP,ASTNTVQLYMNTEAF,SPRWYFYYL
3425,TSGFNG,NVLDGL,AVRDSNYQLI,MNHEY,SVGEGT,ASSDRETYEQY,NLVPMVATV
3426,VSGNPY,YITGDNLV,AVRDGTGANNLF,LNHDA,SQIVND,ASSIATVDTQY,GILGFVFTL
3427,NSAFQY,TYSSGN,AMSLSNFGNEKLT,MGHDK,SYGVNS,ASSPGGGEETQY,LLAGIGTVPI
3428,DRGSQS,IYSNGD,AVGAQKLV,ENHRY,SYGVKD,AISEVLTGAYGYT,LLWNGPMAV
3429,DRGSQS,IYSNGD,AVLARGQNFV,SGDLS,YYNGEE,ASSEVNYGYT,LLLDRLNQL
3430,DRGSQS,IYSNGD,AVTDDKII,LGHNA,YNFKEQ,ASSQEGRGAF,LLWNGPMAV
3431,NSASQS,VYSSG,VVPAGWDAGNMLT,WSHSY,SAAADI,ASSEQTGSYGYT,NYNYLYRLF
3432,KALYS,LLKGGEQ,EDGANNLF,LNHDA,SQIVND,AASTGIYGYT,GILGFVFTL
3433,DRGSQS,IYSNGD,ALTGGKLI,LGHNA,YNFKEQ,ASSQGGDGYGYT,LLWNGPMAV
3434,DRGSQS,IYSNGD,AAGRDDKII,MNHEY,SVGEGT,ASSSMTSGIRYEQY,SPRWYFYYL
3435,VSGNPY,YITGDNLV,AVRDVWGKLQ,SGHAT,FQNNGV,AIRRTGEAF,GLCTLVAML
3436,TISGTDY,GLTSN,ILTETSYDKVI,SEHNR,FQNEAQ,ASASLGGGLYEQY,RAKFKQLL
3437,VSGLRG,LYSAGEE,AVGIKAAGNKLT,MNHEY,SVGEGT,ASSRVPKNIQY,FLASKIGRLV
3438,DRGSQS,IYSNGD,AVTPGGYQKVT,MNHEY,SVGEGT,ASSYSGSGNEQF,ELAGIGILTV
3439,VGISA,LSSGK,AVQTGANNLF,MDHEN,SYDVKM,ASSLGQDYGYT,TPRVTGGGAM
3440,NSASQS,VYSSG,VAGIG,SGHRS,YFSETQ,ASRLGISENTIY,LLAGIGTVPI
3441,TSGFYG,NALDGL,DPPNAGKST,SGHTA,FQGTGA,ASSLGTSGGTGELF,RAKFKQLL
3442,TRDTTYY,RNSFDEQN,ALRERRSNYQLI,LGHNA,YNFKEQ,ASSHQQGSGTEAF,SPRWYFYYL
3443,VSGNPY,YITGDNLV,AVRDIRGDMR,SGHDY,FNNNVP,ASSVVNEQF,NLVPMVATV
3444,VGISA,LSSGK,AVRSWSTDKLI,SGDLS,YYNGEE,ASSVEGTSGRSYNEQF,NLVPMVATV
3445,TRDTTYY,RNSFDEQN,ALNPMYSGGGADGLT,SNHLY,FYNNEI,ASSVTLWTGTSTRSADTQY,QYIKWPWYI
3446,YGATPY,YFSGDTLV,AVAEPPGNTPLV,MNHNY,SVGAGI,ASSTFWGTEVEETQY,GILGFVFTL
3447,TSGFNG,NVLDGL,AVRDSGAGSYQLT,LGHNA,YNFKEQ,ASSQSSGGGRSEAF,RPIIRPATL
3448,KTLYG,LQKGGEE,GASLAGSARQLT,PRHDT,FYEKMQ,ASSRGAGHSDGYT,LTDEMIAQY
3449,DRGSQS,IYSNGD,AASGGTYKYI,SGDLS,YYNGEE,ASSSGRLTNTEAF,GLCTLVAML
3450,NSMFDY,ISSIKDK,AAESGATNKLI,SGHRS,YFSETQ,ASSLDGPGAGEQY,RPPIFIRRL
3451,YGATPY,YFSGDTLV,AVGDNFNKFY,SGHAT,FQNNGV,ASSILFGEQF,RAKFKQLL
3452,DSASNY,IRSNVGE,AARETSYDKVI,SGHNS,FNNNVP,ASSLQGGEKLF,RAKFKQLL
3453,VGISA,LSSGK,AAPYGGSQGNLI,SEHNR,FQNEAQ,ASSSRDGGTDTQY,GILGFVFTL
3454,TISGTDY,GLTSN,ILSNNNDMR,GTSNPN,SVGIG,AWSISDLAKNIQY,NLVPMVATV
3455,NSASDY,IRSNMDK,AETRETSGSRLT,SNHLY,FYNNEI,ASSDAYGYKLF,GILGFVFTL
3456,SSNFYA,MTLNGDE,AFPLGGGADGLT,SNHLY,FYNNEI,ASSAIAGGRREQY,SPRWYFYYL
3457,DRGSQS,IYSNGD,AEKVNNNDMR,LNHNV,YYDKDF,ATGAASSYEQY,LLWNGPMAV
3458,YGATPY,YFSGDTLV,AVGAASGAGSYQLT,DFQATT,SNEGSKA,SAKPPRLAGVGAGELF,RFPLTFGWCF
3459,VSNAYN,GSKP,AVEGSSGSARQLT,MNHEY,SMNVEV,ASSSDGNEQF,ELAGIGILTV
3460,DRGSQS,IYSNGD,AMKSTNAGKST,LGHDT,YNNKEL,ASSSHGQGNVDEQF,ELAGIGILTV
3461,DSAIYN,IQSSQRE,AVRTVRDDKII,LNHDA,SQIVND,ASSTHHNNEQF,GILGFVFTL
3462,ATGYPS,ATKADDK,ALGGSQGNLI,MNHEY,SMNVEV,ASSDRGSADTQY,TTDPSFLGRY
3463,DRGSQS,IYSNGD,AVNNARLM,LGHNA,YNFKEQ,ASRMGTGTEAF,ELAGIGILTV
3464,DSASNY,IRSNVGE,AATLRAGNTPLV,SGHAT,FQDESV,ASSHPATQGARREQY,VLEETSVML
3465,SSYSPS,YTSAATLV,VVSDKEYGNKLV,SGHTA,FQGNSA,ASSLVVSHGELF,RAKFKQLL
3466,YGATPY,YFSGDTLV,AVALSSKST,SGHVS,FQNEAQ,ASSLGQAYEQY,CLGGLLTMV
3467,SSVPPY,YTSAATLV,AVMRGTALI,SQVTM,ANQGSEA,SVVGTGGPETQY,SPRWYFYYL
3468,DSASNY,IRSNVGE,AASEGNEKLT,SGHTA,FQGTGA,ASSLWGLDEQF,RAKFKQLL
3469,TTLSN,LVKSGEV,AGASGGGSQGNLI,LNHDA,SQIVND,ASSGRSTDTQY,GILGFVFTL
3470,SVFSS,VVTGGEV,AGGGSQGNLI,SEHNR,FQNEAQ,ASSRGQINQPQH,GILGFVFTL
3471,TSINN,IRSNERE,ATDEDTNAGKST,SNHLY,FYNNEI,ASSDYNAEKLF,RTATKAYNV
3472,NSAFQY,TYSSGN,AMIRSNFGNEKLT,SGHAT,FQDESV,ASSKYGTGRDTEAF,LLAGIGTVPI
3473,DSASNY,IRSNVGE,AASIRPMEYGNKLV,LNHDA,SQIVND,ASSTTGTPGNTIY,GILGFVFTL
3474,DRGSQS,IYSNGD,AVIPYFNKFY,MNHEY,SMNVEV,ASSLAGNNEQF,LLLDRLNQL
3475,SSNFYA,MTLNGDE,ASIPLM,DFQATT,SNEGSKA,SAKGLGVYGYT,VTEHDTLLY
3476,VSPFSN,MTFSENT,VANRDDKII,SGHAT,FQNNGV,ASSRGPSGPDTQY,GILGFVFTL
3477,TRDTTYY,RNSFDEQN,ALSEADTGRRALT,SNHLY,FYNNEI,ASSSGLVAPGELF,RGPGRAFVTI
3478,DSSSTY,IFSNMDM,AETGGFKTI,LGHNA,YNFKEQ,ASSQEGGTEQF,CINGVCWTV
3479,DSASNY,IRSNVGE,AASETSYDKVI,SEHNR,FQNEAQ,ASLRLGIDQETQY,RAKFKQLL
3480,NSASQS,VYSSG,VVHNPTSGTYKYI,SGHNS,FNNNVP,ASSFSGNTGELF,RAKFKQLL
3481,DSSSTY,IFSNMDM,AERQNFV,LNHDA,SQIVND,ASSISSTGELF,GILGFVFTL
3482,SSVSVY,YLSGSTLV,AVVDPSDGYNKLI,SGDLS,YYNGEE,ASSAGGTPDQPQH,LLWNGPMAV
3483,DSAIYN,IQSSQRE,AVHASGTYKYI,SGHTA,FQGNSA,ASSLEDTYYGYT,NQKLIANQF
3484,TTLSN,LVKSGEV,AGQGSNDYKLS,SGHAT,FQNNGV,ASSFESSYNEQF,GILGFVFTL
3485,TISGNEY,GLKNN,IVRVGAAGNKLT,DFQATT,SNEGSKA,SARDVPGTTLGGELF,NLVPMVATV
3486,VSPFSN,MTFSENT,VVSASGGSYIPT,LGHNA,YSLEER,ASSPTVGFAGELF,FLRGRAYGL
3487,DSASNY,IRSNVGE,AASETSYDKVI,MNHNY,SVGAGI,ASSWDGNTEAF,RAKFKQLL
3488,VGISA,LSSGK,AVEVDKLI,SGHDT,YYEEEE,ASSLWYRVETQY,CTELKLSDY
3489,KALYS,LLKGGEQ,GTEYPNDYKLS,ENHRY,SYGVKD,AIMIGTEAF,GLCTLVAML
3490,TRDTTYY,RNSFDEQN,ALSEENTSGTYKYI,DFQATT,SNEGSKA,SATPSGYGYT,NLVPMVATV
3491,NSAFQY,TYSSGN,AMNPAWGGATNKLI,LNHDA,SQIVND,ASSARSSYEQY,GILGFVFTL
3492,DSSSTY,IFSNMDM,AEIRDTGFQKLV,LGHDT,YNNKEL,ASSHYRRAEGGAGYT,RAKFKQLL
3493,TISGTDY,GLTSN,ILPLAGGTSYGKLT,SQVTM,ANQGSEA,SVEGGQGEGRQY,LLAGIGTVPI
3494,SSNFYA,MTLNGDE,AFSGGSNYKLT,SGHDT,YYEEEE,ASRTGTAYNEQF,QYIKWPWYI
3495,DRGSQS,IYSNGD,AVRYGNNRLA,LNHDA,SQIVND,ASSIRSSYEQY,GILGFVFTL
3496,ATGYPS,ATKADDK,ALSENTGKLI,MDHEN,SYDVKM,ASSFPRTSYSYNEQF,TTDPSFLGRY
3497,DSAIYN,IQSSQRE,AVRGSNYQLI,SGHNT,YYREEE,ASSPHSYEQY,TDLGQNLLY
3498,TSDPSYG,QGSYDQQN,AMREVINTGNQFY,SGDLS,YYNGEE,ASSVEGGLAQETQY,GILGFVFTL
3499,TISGNEY,GLKNN,IVRVAASVSNSGYALN,LNHDA,SQIVND,ASSSRDRGLGTEAF,QMMVKAGL
3500,SVFSS,VVTGGEV,AGAGSQGNLI,LNHDA,SQIVND,AGRGTDDYGYT,GILGFVFTL
3501,DSASNY,IRSNVGE,ATVPSNTGKLI,LNHDA,SQIVND,ASSMRSGANVLT,GILGFVFTL
3502,TRDTTYY,RNSFDEQN,ALSEGRDDKII,LNHDA,SQIVND,ASSIVPWDTQY,ALSKGVHFV
3503,SVFSS,VVTGGEV,AGGGSQGNLI,LNHDA,SQIVND,ASAFYSNQPQH,GILGFVFTL
3504,NSMFDY,ISSIKDK,AASVGSNNNDMR,MDHEN,SYDVKM,ASSPTGEPNYGYT,YLQPRTFLL
3505,TSGFNG,NVLDGL,AVSDSNYQLI,MRHNA,SNTAGT,ASSDSDGTTDTQY,YLQPRTFLL
3506,YGGTVN,YFSGDPLV,AVNPPSGTYKYI,DFQATT,SNEGSKA,SARDKQGWNTGELF,YLQPRTFLL
3507,DRGSQS,IYSNGD,VQGAAGNKLT,SGDLS,YYNGEE,ASSVELNSYEQY,LLLDRLNQL
3508,SIFNT,LYKAGEL,AGGGGGGSQGNLI,LNHDA,SQIVND,ASSIFGNQPQH,GILGFVFTL
3509,DSASNY,IRSNVGE,AASETSYDKVI,SEHNR,FQNEAQ,ASSLLGQKDTEAF,RAKFKQLL
3510,TSDPSYG,QGSYDQQN,AMREGEGQGFSFI,SGHRS,YFSETQ,ASRTGFSYEQY,RAKFKQLL
3511,SIFNT,LYKAGEL,AGQLDNTDKLI,SGHRS,YFSETQ,ASSLDLANPETQY,RAKFKQLL
3512,VSPFSN,MTFSENT,VVSDEYGNKLV,MRHNA,SNTAGT,ASSVWTGHDEQF,GLCTLVAML
3513,SVFSS,VVTGGEV,AGAMSPRGGSQGNLI,LNHDA,SQIVND,ASSVVSIDTQY,GILGFVFTL
3514,NIATNDY,GYKTK,LVGAPIYNQGGKLI,LNHDA,SQIVND,ASSIQGSHYGYT,GPRLGVRAT
3515,TSDPSYG,QGSYDQQN,AMRETDSNYQLI,SGDLS,YYNGEE,ASSGGTSSDTQY,GILGFVFTL
3516,TTLSN,LVKSGEV,AGRGSEKLV,SNHLY,FYNNEI,ASSASLAGVNEQF,ALSKGVHFV
3517,TSESDYY,QEAYKQQN,AYKQGAQKLV,LGHNA,YSLEER,ASSQEHERGPQH,RPPIFIRRL
3518,NIATNDY,GYKTK,LVGSDNYGQNFV,DFQATT,SNEGSKA,SADLGTGTDTQY,ALSKGVHFV
3519,ATGYPS,ATKADDK,ALPSGGYQKVT,MNHEY,SMNVEV,ASSFGQGAEKLF,GILGFVFTL
3520,ATGYPS,ATKADDK,ALSSATSGTYKYI,MNHEY,SMNVEV,ASSPLTGLAGEKETQY,SPRWYFYYL
3521,TSGFYG,NALDGL,TTDSWGKFE,MDHEN,SYDVKM,ASSEIISGNYGYT,TTDPSFLGRY
3522,ATGYPS,ATKADDK,ALHDYKLS,MNHEY,SVGAGI,ASSSTGAGELF,GILGFVFTL
3523,NSASQS,VYSSG,VVNIPQAGTALI,SQVTM,ANQGSEA,SARGLAEANTGELF,YLQPRTFLL
3524,TSGFYG,NALDGL,AVRGYSTLT,DFQATT,SNEGSKA,SALILASSSDTQY,YSEHPTFTSQY
3525,SSNFYA,MTLNGDE,AFTNINDYKLS,LNHDA,SQIVND,ASSTSSGNTIY,GILGFVFTL
3526,NSAFQY,TYSSGN,AMNRDDKII,MNHNY,SVGAGI,ASSRLADGRNEQF,YLQPRTFLL
3527,NIATNDY,GYKTK,LVGPLSGGYNKLI,LGHNA,YSLEER,ASSQTGADQETQY,KSKRTPMGF
3528,NSAFQY,TYSSGN,AMSGGGRETSGSRLT,LNHDA,SQIVND,ASSIRSNQPQH,GILGFVFTL
3529,TSINN,IRSNERE,ATDPQFY,SGHDT,YYEEEE,ASSLESWGRAYNEQF,NLVPMVATV
3530,YGATPY,YFSGDTLV,AVGAPGGSYIPT,LNHDA,SQIVND,ASSPGQGAGYGYT,NLVPMVATV
3531,NSAFQY,TYSSGN,AMSISNFGNEKLT,LNHDA,SQIVND,ASRFPRDRSNTGELF,LLAGIGTVPI
3532,YGGTVN,YFSGDPLV,AVNALTTSGTYKYI,LGHNA,YSLEER,ASSQDPRLAGVKNEQF,YVLDHLIVV
3533,DSSSTY,IFSNMDM,ADLRGGRLI,SQVTM,ANQGSEA,SVGGTFYGYT,GLCTLVAML
3534,NSAFQY,TYSSGN,AMSRSNFGNEKLT,DFQATT,SNEGSKA,SASHRGLAGVRETQY,LLAGIGTVPI
3535,VSGNPY,YITGDNLV,AVRDLLTNAGKST,LNHDA,SQIVND,ASSGTSGTEQY,GILGFVFTL
3536,DSSSTY,IFSNMDM,AESEGPTYTDKLI,MNHEY,SVGEGT,AIKAPGTGGYEQY,RAKFKQLL
3537,SSVSVY,YLSGSTLV,ADFGSGVSNYKLT,LNHDA,SQIVND,ASSISESSYNEQF,YLQPRTFLL
3538,DSAIYN,IQSSQRE,AVKLIQGAQKLV,SGHDY,FNNNVP,ASNYIAGVEEQF,ATDALMTGF
3539,NSASDY,IRSNMDK,AEIPSGNTPLV,LGHNA,YNFKEQ,ASSLGTKNIQY,LTDEMIAQY
3540,TISGTDY,GLTSN,KAGTASKLT,KGHSH,LQKENI,ASSPPGGGNTGELF,RAKFKQLL
3541,SSVSVY,YLSGSTLV,AVVIQGAQKLV,LNHDA,SQIVND,ASSILGLPGPYEQY,GILGFVFTL
3542,DSASNY,IRSNVGE,AASLNNFNKFY,LGHNA,YSLEER,ASSHRNTLEAF,YLQPRTFLL
3543,TSDPSYG,QGSYDQQN,AMREGRSARLM,DFQATT,SNEGSKA,SARGGFRSGGGTDEQF,SPRWYFYYL
3544,NSASDY,IRSNMDK,AETSPKTGANNLF,LNHDA,SQIVND,ASSIYEGGYNEQF,GILGFVFTL
3545,SIFNT,LYKAGEL,AGQGYVQLT,LGHNA,YSLEER,ASSQLGRTGAF,YLQPRTFLL
3546,SIFNT,LYKAGEL,TTDSWGKFE,LNHDA,SQIVND,ASSTSSVDTQY,GILGFVFTL
3547,DSSSTY,IFSNMDM,AEEMDSSYKLI,DFQATT,SNEGSKA,SAPFPGQGDYGYT,NLVPMVATV
3548,TSENNYY,QEAYKQQN,ALTTDSWGKLQ,LGHDT,YNNKEL,ASSLTRAGELF,PTDNYITTY
3549,TSGFNG,NVLDGL,AVENQGGKLI,KGHTF,FQNEQV,ASSQSPGAGGTEAF,RFPLTFGWCF
3550,ATGYPS,ATKADDK,ALSDSNAGKST,SGHTA,FQGNSA,ASSLASESYNEQF,NQKLIANQF
3551,NSMFDY,ISSIKDK,AASADTGNQFY,SQVTM,ANQGSEA,SVGSRGTNEKLF,RGPGRAFVTI
3552,SVFSS,VVTGGEV,AGGRNLF,SGHDY,FNNNVP,ASSSPGEGEKLF,TPRVTGGGAM
3553,DRGSQS,IYSNGD,GVSGGGADGLT,MNHEY,SVGEGT,ASTDSPGLAGGYEQY,ELAGIGILTV
3554,VSGLRG,LYSAGEE,ATTDSWGKLQ,MNHEY,SMNVEV,ASKDRGPGDTQY,RTATKQYNV
3555,TRDTTYY,RNSFDEQN,ALSGSDYKLS,DFQATT,SNEGSKA,SARGGDSVLRVGEQY,GILGFVFTL
3556,VGISA,LSSGK,AKTQGAQKLV,MNHEY,SMNVEV,ASSTLAEETQY,QYIKWPWYI
3557,DRGSQS,IYSNGD,TTDSWGKFE,SNHLY,FYNNEI,ASRPQTGTTYEQY,LLAGIGTVPI
3558,DSAIYN,IQSSQRE,AVLTGGGNKLT,KGHTF,FQNEQV,ASSRTGGEQY,GILGFVFTL
3559,NSASQS,VYSSG,VVRTDKLI,SGHRS,YFSETQ,ASSLDSQSSGNTIY,VLEETSVML
3560,TSENNYY,QEAYKQQN,AYSGIKAAGNKLT,LNHNV,YYDKDF,ATSRDPQYQPQH,CINGVCWTV
3561,SIFNT,LYKAGEL,AGVARSYNTDKLI,LNHDA,SQIVND,ASSIMGPGELF,GILGFVFTL
3562,TSGFNG,NVLDGL,AVRVFNARLM,SNHLY,FYNNEI,ASSEEIAKNIQY,SPRWYFYYL
3563,NIATNDY,GYKTK,LVEEPGVYLPC,SGHTA,FQGNSA,ASSLARTEAF,RAKFKQLL
3564,DRGSQS,IYSNGD,AVTDYQLT,MNHEY,SVGEGT,ASSSSGTGGYGYT,LLWNGPMAV
3565,SSVPPY,YTSAATLV,AVSSHTGTASKLT,LNHDA,SQIVND,ASSIRASYEQY,GILGFVFTL
3566,NSAFQY,TYSSGN,AMAKSNFGNEKLT,DFQATT,SNEGSKA,SASGVDYNEQF,LLAGIGTVPI
3567,DSASNY,IRSNVGE,AASKGHLAYGNKLV,KGHSH,LQKENI,ASSPPGGGNTGELF,RAKFKQLL
3568,DSSSTY,IFSNMDM,AEMEGGSYIPT,SGHNS,FNNNVP,ASSPGTSETGELF,RAKFKQLL
3569,NSASQS,VYSSG,VAWGGYSSASKIIFG,MNHEY,SMNVEV,ASSVVGDEQYFG,YSEHPTFTSQY
3570,NSASQS,VYSSG,VVNRDNDMR,LNHDA,SQIVND,ASQILNTGELF,YLQPRTFLL
3571,SVFSS,VVTGGEV,AGDLVIYGGSQGNLI,LNHDA,SHIVND,ASSIRSSYEQY,GILGFVFTL
3572,YGATPY,YFSGDTLV,AVTRDDKII,SGHDT,YYEEEE,ASSLRDGSEAF,RAKFKQLL
3573,YSGSPE,HISR,ALRSSGGSNYKLT,SQVTM,ANQGSEA,SVEAGYGYT,FTSDYYQLY
3574,DRGSQS,IYSNGD,AVNGNKLV,MNHEY,SMNVEV,ASTQSGVFGGELF,ELAGIGILTV
3575,DSAIYN,IQSSQRE,AVNPSNTGKLI,LNHDA,SQIVND,ASSIGGRQQY,GILGFVFTL
3576,NIATNDY,GYKTK,LVGDPSRSSASKII,MNHNS,SASEGT,ASSEFDEETQY,YLQPRTFLL
3577,KALYS,LLKGGEQ,TTDSWGKFE,LGHDT,YNNKEL,ASSQIPGVRYEQY,SPRWYFYYL
3578,ATGYPS,ATKADDK,ALSVSNQFY,MGHRA,YSYEKL,ASSRDRSSYNEQF,VLEETSVML
3579,SVFSS,VVTGGEV,AGRTSGGSYIPT,LNHNV,YYDKDF,ATSRDLGATDTQY,GILGFVFTL
3580,VSGNPY,YITGDNLV,AVAMDTGRRALT,SGDLS,YYNGEE,ASSNYPGGARTDTQY,QMMVKAGL
3581,TRDTTYY,RNSFDEQN,ALSGETSGSRLT,LGHNT,FRNRAP,ASGLVPGGVVYEQY,GILGFVFTL
3582,TSGFNG,NVLDGL,AVRVSGGYNKLI,ENHRY,SYGVKD,AISGDPTGVNNEQF,YLQPRTFLL
3583,DSAIYN,IQSSQRE,AVRNQGGSEKLV,LNHDA,SQIVND,ASSARSSYEQY,GILGFVFTL
3584,NSASQS,VYSSG,VVLMNRDDKII,SEHNR,FQNEAQ,ASSLGAGRGYEQY,HPVTKYIM
3585,TSINN,IRSNERE,ATEAEKGGSEKLV,MNHEY,SMNVEV,ASSLWNTGELF,SPRWYFYYL
3586,TSINN,IRSNERE,ATDLSDGQKLL,MNHNS,SASEGT,ASRHFTGGGSTDTQY,GILGFVFTL
3587,TRDTTYY,RNSFDEQN,ALSEADRDDKII,MDHEN,SYDVKM,ASTWGTDYNEQF,TTDPSFLGRY
3588,YSGSPE,HISR,APGSGGGADGLT,SQVTM,ANQGSEA,SVDGTGEGANVLT,GILGFVFTL
3589,DRGSQS,IYSNGD,ASGGKLI,KGHDR,SFDVKD,ATSDLDRGLDTQY,LLAGIGTVPI
3590,SSNFYA,MTLNGDE,ALTNAGGTSYGKLT,SGHDY,FNNNVP,ASSLGQPAGEQF,LTDEMIAQY
3591,SVFSS,VVTGGEV,AGGGSSNTGKLI,LNHDA,SQIVND,ASSSRSGWEQY,GILGFVFTL
3592,DSAIYN,IQSSQRE,AVRPRHYKLS,SGHTA,FQGNSA,ASSLDTGLTYEQY,EPLPQGQLTAY
3593,TSENNYY,QEAYKQQN,AYRLDDKII,SNHLY,FYNNEI,ASSDTGVTMNTEAF,ALGIGILTV
3594,SSVSVY,YLSGSTLV,AVTLPSSGNTPLV,LNHDA,SQIVND,ASSQRSTDTQY,GILGFVFTL
3595,DRGSQS,IYSNGD,AVASGGADGLT,GTSNPN,SVGIG,AWGYTGGGQPQH,ELAGIGILTV
3596,DSASNY,IRSNVGE,AASMAGGYNKLI,MGHDK,SYGVNS,ASSGLTSLADTQY,SPRWYFYYL
3597,NIATNDY,GYKTK,LVARGGSYIPT,LGHDT,YNNKEL,ASSHSAGVFMNTEAF,CINGVCWTV
3598,SSVPPY,YTSAATLV,AVRINYKLS,MNHEY,SVGEGT,ASSRVTSGHNEQ,RLPGVLPRA
3599,DSAIYN,IQSSQRE,AVRIGGGTSYGKLT,LNHDA,SQIVND,ASSSRSGVEQY,GILGFVFTL
3600,TSGFNG,NVLDGL,AVMDSNYQLI,MNHNS,SASEGT,ASSEGTGGSNEQF,RPHERNGFTVL
3601,VSGNPY,YITGDNLV,AVAKDLQNSGGGADGLT,SGHDY,FNNNVP,ASSLSEAGARNTEAF,GILGFVFTL
3602,DRGSQS,IYSNGD,AAANAGGTRYGKLT,LNHDA,SQIVND,ASSIVMGGQPQH,LLAGIGTVPI
3603,ATGYPS,ATKADDK,ALSVVGGGSNYKLT,SGHTA,FQGTGA,ASSSYPWDSTYNEQF,GILGFVFTL
3604,DRGSQS,IYSNGD,AVGNYQLI,SGDLS,YYNGEE,ASSDLAGGTDTQY,LLWNGPMAV
3605,VSPFSN,MTFSENT,VVSSAYNTDKLI,KGHDR,SFDVKD,ATSGGSFRGTDTQY,GILGFVFTL
3606,TSENNYY,QEAYKQQN,AFMKLWGGANSKLT,SGHNT,YYREEE,ASSLIGEETQY,RPIIRPATL
3607,DRGSQS,IYSNGD,AVNQGGGSQGNLI,LNHDA,SQIVND,ASSFRAPYGYT,GILGFVFTL
3608,SIFNT,LYKAGEL,AAQRNGNKLV,MNHNS,SASEGT,ATRDRVTLWTNEKLF,SPRWYFYYL
3609,SVFSS,VVTGGEV,AGEYGGSQGNLI,LNHDA,SQIVND,ASSTRSSWEQF,GILGFVFTL
3610,SVFSS,VVTGGEV,AGGRGAQKLV,LGHNA,YNFKEQ,ASSQGPGTGNTEAF,GILGFVFTL
3611,TISGNEY,GLKNN,TDNARLM,LNHDA,SQIVND,ASSIRSSYEQY,GILGFVFTL
3612,DRGSQS,IYSNGD,SSSD,SGHDN,FVKESK,ASSHAGLG,ALGIGILTV
3613,TSGFYG,NALDGL,TTDSWGKFE,MNHEY,SMNVEV,ASRGQGDYGYT,MEVTPSGTWL
3614,NSMFDY,ISSIKDK,AARLYANFGNEKLT,MDHEN,SYDVKM,ASSSGLAGGPYNEQF,TTDPSFLGRY
3615,DRGSQS,IYSNGD,AVGTGGADGLT,ENHRY,SYGVKD,AISGSPGGNYGYT,LLAGIGTVPI
3616,NSMFDY,ISSIKDK,AASARGQAGTALI,SGDLS,YYNGEE,ASSGPGGGAF,CINGVCWTV
3617,TSGFYG,NALDGL,AVWVYGQNFV,LNHDA,SQIVND,ASSIRAAETQY,GILGFVFTL
3618,SVFSS,VVTGGEV,AGEETSGSRLT,SGDLS,YYNGEE,ASSVGGVSYNEQF,LLWNGPMAV
3619,VTNFRS,LTSSGIE,GMWTPGTYKYI,ENHRY,SYGVKD,AISSKPDREELF,TPRVTGGGAM
3620,DSAIYN,IQSSQRE,AVTLTLYSGAGSYQLT,MDHEN,SYDVKM,ASSLMETGGLSEKLF,QAKWRLQTL
3621,VSGLRG,LYSAGEE,AVQGRGNTGFQKLV,MNHEY,SMNVEV,ASSVLGNHYTNGELF,SPRWYFYYL
3622,TISGNEY,GLKNN,IVRVGVSGAGGYQLT,SQVTM,ANQGSEA,SVGSGEGAEQY,RAKFKQLL
3623,DSSSTY,IFSNMDM,AESLGGYSTLT,MNHEY,SVGAGI,ASTDSDTQY,TTDPSFLGRY
3624,VSGNPY,YITGDNLV,AVRFPSANQAGTALI,MNHNS,SASEGT,ASSEGSPYQETQY,SPRWYFYYL
3625,VSGNPY,YITGDNLV,AVRDYGSGGYNKLI,SGHNT,YYREEE,ASSSRTSGINEQF,NLVPMVATV
3626,SSNFYA,MTLNGDE,AFPQGGSNYKLT,DFQATT,SNEGSKA,SARDIRTSGSYEQY,QYIKWPWYI
3627,DRGSQS,IYSNGD,AATGANNLF,DFQATT,SNEGSKA,SASGARGADTQY,LLWNGPMAV
3628,DSASNY,IRSNVGE,AASEGAPDKLI,SGHDY,FNNNVP,ASSLVAGASNQPQH,RAKFKQLL
3629,SSVSVY,YLSGSTLV,AVSDSGTGNQFY,MDHEN,SYDVKM,ASSQMTGLNTEAF,GILGFVFTL
3630,DRGSQS,IYSNGD,AVNPNSGNTPLV,SGHNS,FNNNVP,ASSPLAGQLAKNIQY,ALAGIGILTV
3631,DRGSQS,IYSNGD,AVRNAGKST,MNHEY,SMNVEV,ASNPFSGAVTEAF,ELAGIGILTV
3632,TSINN,IRSNERE,ATDALNSGYALN,SGDLS,YYNGEE,ASSVDDGAGNTIY,GILGFVFTL
3633,YGGTVN,YFSGDPLV,AVSGYSSASKII,SGHRS,YFSETQ,ASSSSQGQGYNYGYT,RPHERNGFTVL
3634,DSASNY,IRSNVGE,AATNQAGTALI,LNHDA,SQIVND,ASSDRSNQPQH,GILGFVFTL
3635,TSESDYY,QEAYKQQN,ACVNSGAGSYQLT,SNHLY,FYNNEI,ASSKDRNQPQH,KLSALGINAV
3636,TRDTTYY,RNSFDEQN,ALSGDDYKLS,SGDLS,YYNGEE,ASSVASGRAHEQY,NLVPMVATV
3637,SSVPPY,YTSAATLV,AVSDHSNNARLM,MGHRA,YSYEKL,ASSLGGTNEQF,RAKFKQLL
3638,TRDTTYY,RNSFDEQN,ALGPELAPLV,DFQATT,SNEGSKA,SARDTESRGSYNEQF,GILGFVFTL
3639,DRGSQS,IYSNGD,AVGDDKII,ENHRY,SYGVKD,AISESPSGALGQF,LLWNGPMAV
3640,SVFSS,VVTGGEV,AGAVGSSNTGKLI,MGHDK,SYGVNS,ASSDPGIQETQY,GILGFVFTL
3641,DRGSQS,IYSNGD,AVGDKII,MNHNS,SASEGT,ASTPAQITGELF,ALAGIGILTV
3642,DSASNY,IRSNVGE,AAGGYSGAGSYQLT,SGHNS,FNNNVP,ASSLVLGQVYEQY,GILGFVFTL
3643,TSESDYY,QEAYKQQN,AYRSRNNNDMR,SEHNR,FQNEAQ,AITIADVSTDTQY,ATDALMTGF
3644,KTLYG,LQKGGEE,GAAHNYGQNFV,LNHDA,SQIVND,ASSTGLYGYT,GILGFVFTL
3645,DSSSTY,IFSNMDM,ADMGAKGGKLI,WSHSY,SAAADI,ASRGQTPEAF,RFPLTFGWCF
3646,TSGFYG,NALDGL,AVRENTNAGKST,MNHEY,SVGAGI,ASSYSSAGGNEQY,LLAGIGTVPI
3647,DSASNY,IRSNVGE,AASETSYDKVI,LNHDA,SQIVND,ASSTRRRSNQPQH,RAKFKQLL
3648,VTNFRS,LTSSGIE,AVEVYSGGGADGLT,GTSNPN,SVGIG,AWSGFANTGELF,YLQPRTFLL
3649,DRGSQS,IYSNGD,AGNAGGTSYGKLT,MNHEY,SVGEGT,ASSWGQGSAYT,ELAGIGILTV
3650,NSASQS,VYSSG,VVNTLSYSGAGSYQLT,MNHNS,SASEGT,ASSEATGYEQY,NYNYLYRLF
3651,SVFSS,VVTGGEV,GAGGGSQGNL,LNHDA,SQIVND,SSIRSSDTQ,GILGFVFTL
3652,DRGSQS,IYSNGD,APGNYGQNFV,SGHVS,FQNEAQ,ASSLGGGWEQY,ELAGIGILTV
3653,NYSPAY,IRENEKE,ALLYNFNKFY,MNHEY,SVGAGI,ASSVGAGNYEQY,SPRWYFYYL
3654,DSSSTY,IFSNMDM,AEVLGGGSQGNLI,LNHDA,SQIVND,ASSSRSGYEQY,GILGFVFTL
3655,TISGNEY,GLKNN,IVPRGGADGLT,MNHEY,SMNVEV,ASSPGIPNYGYT,LTDEMIAQY
3656,NSMFDY,ISSIKDK,AASVGFGNEKLT,SGDLS,YYNGEE,ASSGGGGYGYT,TTDPSFLGRY
3657,TSENNYY,QEAYKQQN,AYRVIQGAQKLV,MNHEY,SMNVEV,ASSLFFYSNQPQH,GILGFVFTL
3658,NIATNDY,GYKTK,LVGAPMFSGGYNKLI,MNHNS,SASEGT,ASKPGQDYTGELF,LLWNGPMAV
3659,DRGSQS,IYSNGD,AGLEGGKLI,MNHEY,SMNVEV,ASSTSSYEQY,LLLDRLNQL
3660,KALYS,LLKGGEQ,GTADGGGSQGNLI,LNHDA,SQIVND,ASSIRAGVEQY,GILGFVFTL
3661,DRGSQS,IYSNGD,AAVV,MNHEY,SMNVEV,ASSALAGGPPEGKNIQY,SPRWYFYYL
3662,DRGSQS,IYSNGD,AVNPSQNFV,LGHDT,YNNKEL,ASSDRDRGLDEQF,LLAGIGTVPI
3663,TSGFNG,NVLDGL,AVRATDSSYKLI,SEHNR,FQNEAQ,ASSFPKDGSTYEQY,NLVPMVATV
3664,DRGSQS,IYSNGD,AVMVRGSTLGRLY,SGHTA,FQGNSA,ASSWTVGGNQPQH,SPRWYFYYL
3665,NSASQS,VYSSG,VVNAHDMR,LNHNV,YYDKDF,ATSSGTGAYEQY,LLWNGPMAV
3666,DSAIYN,IQSSQRE,AVHGYGQNFV,LGHNA,YSLEER,ASSQEWLAVSTDTQY,RAKFKQLL
3667,SSVPPY,YTSAATLV,AVSESNTGKLI,LNHDA,SQIVND,ASSIRAGYTEAF,GILGFVFTL
3668,NSASDY,IRSNMDK,AEGETSYDKVI,SEHNR,FQNEAQ,ASSFTGGTGELF,RAKFKQLL
3669,TSDPSYG,QGSYDQQN,AMRVVNRDDKII,LNHDA,SQIVND,ASSIRAGGRRDEQF,QYIKWPWYI
3670,SVFSS,VVTGGEV,AGGGQGGSQGNLI,SEHNR,FQNEAQ,ASSPDLGYEQY,GILGFVFTL
3671,TSINN,IRSNERE,ATARSSMDSNYQLI,LNHDA,SQIVND,ATAPHSGNQPQH,GILGFVFTL
3672,VGISA,LSSGK,AVGVDGTASKLT,MNHEY,SVGAGI,ASSYGMGTGELF,GILGFVFTL
3673,DRGSQS,IYSNGD,AVNTGNQFY,MGHRA,YSYEKL,ASSQDEPYEQY,GILGFVFTL
3674,NSASQS,VYSSG,VVNRDTGNQFY,GTSNPN,SVGIG,AWLRDMNTGELF,YLQPRTFLL
3675,SSVSVY,YLSGSTLV,AVSDPKGYSTLT,DFQATT,SNEGSKA,SATYPVGLGLSADTQY,YVLDHLIVV
3676,SVFSS,VVTGGEV,AGGPSRNNDMR,MNHEY,SMNVEV,ASSPALGREQY,SPRWYFYYL
3677,DRGSQS,IYSNGD,AVNILGGGADGLT,SGHNS,FNNNVP,ASSFSGNTGELF,RAKFKQLL
3678,NSAFQY,TYSSGN,AMSASNFGNEKLT,LGHDT,YNNKEL,ASASRERGFQETQY,LLAGIGTVPI
3679,TSGFYG,NALDGL,AVPVLWWCYKQAH,MNHEY,SVGEGT,ASSYSRTFTDTQY,EPLPQGQLTAY
3680,DSVNN,IPSGT,AVGSAKGSTGANNLF,SGHAT,FQNNGV,ASRTGQGATQY,YLQPRTFLL
3681,NSASQS,VYSSG,VVNAYDKLI,SEHNR,FQNEAQ,ASSSEIEAF,YLQPRTFLL
3682,NSAFQY,TYSSGN,AMSISNFGNEKLT,SGHNT,YENEEA,ASSVGVAGGPGLTDTQY,LLAGIGTVPI
3683,SSVPPY,YTSAATLV,AVSRISDGQKLL,MGHRA,YSYEKL,ASSRGGDLGTDTQY,MEVTPSGTWL
3684,DSSSTY,IFSNMDM,AESEGPTYTDKLI,SGHTA,FQGTGA,ASSLGTSGGTGELF,RAKFKQLL
3685,SSVSVY,YLSGSTLV,WNQGGKL,LNHDA,SQIVND,STRSGDEQ,GILGFVFTL
3686,SVFSS,VVTGGEV,AGASGGSQGNLI,SQVTM,ANQGSEA,SVGTGGAGQPQH,GILGFVFTL
3687,TSESDYY,QEAYKQQN,AYRSLYGGATNKLI,MGHRA,YSYEKL,ASSQEYNSNQPQH,ATDALMTGF
3688,TSINN,IRSNERE,ATDRSDGQKLL,LNHDA,SQIVND,ASSSRASYEQY,GILGFVFTL
3689,DSASNY,IRSNVGE,AAKEGGSEKLV,SQVTM,ANQGSEA,SAGGNTEAF,RAKFKQLL
3690,TSDPSYG,QGSYDQQN,AMRDGEGQGFSFI,SEHNR,FQNEAQ,ASSSAGGGPEQY,RAKFKQLL
3691,DRGSQS,IYSNGD,AVSGGKST,SQVTM,ANQGSEA,SVQRRADEQF,LLWNGPMAV
3692,NIATNDY,GYKTK,LVVLEEDTDKLI,SNHLY,FYNNEI,ASSDYNAEKLF,RTATKAYNV
3693,NSASDY,IRSNMDK,AAPRGGQNFV,LNHDA,SQIVND,ASSIRSSDEQF,GILGFVFTL
3694,VGISA,LSSGK,AVRIIYGNQFY,SGDLS,YYNGEE,ASSEGQGPTYEQY,VTEHDTLLY
3695,DSAIYN,IQSSQRE,AVLPIKAAGNKLT,LNHDA,SQIVND,ASSGVRATEAF,FEDLRLLSF
3696,YGATPY,YFSGDTLV,AVVGRTGRRALT,LNHDA,SQIVND,ASSIRSSYEQY,GILGFVFTL
3697,DSASNY,IRSNVGE,AASRKPDKII,SGHAT,FQNNGV,ASSVISLGYGYT,GLCTLVAML
3698,DRGSQS,IYSNGD,AGGGGADGLTFG,LNHDA,SQIVND,ASSQGLAGAGELFFG,ELAGIGILTV
3699,SSYSPS,YTSAATLV,VVIIRGATNKLI,MNHEY,SMNVEV,ASSLGAAVGELF,TPRVTGGGAM
3700,STGYPT,ETMEN,LLGRGDDYGGATNKLI,MGHRA,YSYEKL,ASSQEAYNYEQY,RPPIFIRRL
3701,DRGSQS,IYSNGD,AVGSDMR,SEHNR,FQNEAQ,ASSLAVGEGPQH,RAKFKQLL
3702,TISGNEY,GLKNN,IELRAR,LNHDA,SQIVND,ASSIRSSYEQY,GILGFVFTL
3703,TSENNYY,QEAYKQQN,AFMRDAGGTSYGKLT,LNHDA,SQIVND,ASSIGVHGYT,GILGFVFTL
3704,TSINN,IRSNERE,ATNHPNAGKST,SGHKS,YYEKEE,ASSGPGGVDEQY,RAKFKQLL
3705,TISGTDY,GLTSN,ILRDGETSGSRLT,KGHDR,SFDVKD,ATSGPPGPWGEQY,GILGFVFTL
3706,DRGSQS,IYSNGD,AVPAGGTSYGKLT,MNHEY,SVGEGT,ASSPGSGNTIY,ELAGIGILTV
3707,DSSSTY,IFSNMDM,AETQDSNYQLI,MNHEY,SMNVEV,ASGQGSQPQH,RAKFKQLL
3708,YGGTVN,YFSGDPLV,AVKAHLGGATNKLI,LNHDA,SQIVND,ASSIVGGMNTEAF,NLVPMVATV
3709,TRDTTYY,RNSFDEQN,ALIYYGGSQGNLI,MDHEN,SYDVKM,ATFPDGSYEQY,YLLEMLWRL
3710,SSVPPY,YTSAATLV,AVGGRAGGFKTI,LNHDA,SQIVND,ARRINGGRRDGYT,GILGFVFTL
3711,TRDTTYY,RNSFDEQN,ALSYSSASKII,SQVTM,ANQGSEA,SVEDPMGVGTEAF,QYIKWPWYI
3712,NTAFDY,IRPDVSE,AVWGEGDYKLS,SGDLS,YYNGEE,ASSTGTVSNTGELF,GLCTLVAML
3713,NSASDY,IRSNMDK,ADSGGGADGLT,LNHDA,SQIVND,ASSIRSGYEQF,GILGFVFTL
3714,DSASNY,IRSNVGE,AASETSYDKVI,SGHVS,FQNEAQ,ASSAHRGGYT,RAKFKQLL
3715,SSNFYA,MTLNGDE,DTGRRALT,MGHDK,SYGVNS,ASSAVTGGREKLF,RGPGRAFVTI
3716,TRDTTYY,RNSFDEQN,ALIANRDDKII,SGHNS,FNNNVP,ASSFLDRGPNTEAF,RAKFKQLL
3717,NSASQS,VYSSG,VVNEPLSGYSTLT,MDHEN,SYDVKM,ASSPTGGGNTGELF,YLQPRTFLL
3718,TSESDYY,QEAYKQQN,AYRSGSGNTPLV,SGDLS,YYNGEE,ASSPPPSPRELNTDTQY,QYIKWPWYI
3719,KALYS,LLKGGEQ,GAQRENAGGTSYGKLT,LNHDA,SQIVND,ASSTFAGDYEQY,GILGFVFTL
3720,ATGYPS,ATKADDK,ALSDSGFSDGQKLL,KGHDR,SFDVKD,ATSEGNEQF,NLVPMVATV
3721,TISGTDY,GLTSN,ILPLAGGTSYGKLT,MNHEY,SVGEGT,ASRGTSLTYEQY,FLRGRAYGL
3722,DSAIYN,IQSSQRE,ATYLCAAGDDKII,SGHVS,FQNEAQ,ASSLQNTGELF,YLQPRTFLL
3723,VSGNPY,YITGDNLV,AVRDYNNARLM,SGDLS,YYNGEE,ASSVSGGAYNEQF,SPRWYFYYL
3724,VTNFRS,LTSSGIE,NSGYSTLT,SEHNR,FQNEAQ,ASSLVGGNNSPLH,RAKFKQLL
3725,SSVPPY,YTSAATLV,AVSDPHRSSGDKLT,SGHVS,FNYEAQ,ASSLAGEGYEQY,RAKFKQLL
3726,TRDTTYY,RNSFDEQN,ALSEAQYNNDMR,SGHNT,YYREEE,ASRPAPGTVTYGYT,TTDPSFLGRY
3727,TSGFNG,NVLDGL,AVRPFSGGYNKLI,DFQATT,SNEGSKA,SARILDNSEIAIDNYGYT,NLVPMVATV
3728,TRDTTYY,RNSFDEQN,ALENSGGSNYKLT,MNHEY,SVGAGI,ASSQTSFYGEQY,GILGFVFTL
3729,TSDPSYG,QGSYDQQN,ANGEGSQGNLI,GTSNPN,SVGIG,AWSVGQGAREQY,LTDEMIAQY
3730,NSAFQY,TYSSGN,AAHQGGKLI,MNHEY,SMNVEV,ASSSQGASYNEQF,RAKFKQLL
3731,SIFNT,LYKAGEL,AGQVGDGRLM,LNHDA,SQIVND,ASSMAAGGELF,GILGFVFTL
3732,DRGSQS,IYSNGD,AADGNQFY,MNHEY,SMNVEV,ASSLGPLMAKNIQY,ELAGIGILTV
3733,TSESDYY,QEAYKQQN,AYRSLNTGNQFY,MGHDK,SYGVNS,ASSDFAPDLTSGDYNEQF,GILGFVFTL
3734,DRGSQS,IYSNGD,AVLGGYNKLI,SGHDN,FVKESK,ASSQVYYEQY,LLLDRLNQL
3735,SVFSS,VVTGGEV,AGAGSQGNLI,SQVTM,ANQGSEA,SLQGGRYNEQF,GILGFVFTL
3736,YGATPY,YFSGDTLV,KTSYDKVI,MNHNS,SASEGT,ASSRQGGHYGYT,FLYALALLL
3737,DSASNY,IRSNVGE,AAFDFNKFY,SGHNS,FNNNVP,ASSFSGNTGELF,RAKFKQLL
3738,SSYSPS,YTSAATLV,VVSDVNTDKLI,DFQATT,SNEGSKA,SARSRVGNTIY,GLCTLVAML
3739,TSDPSYG,QGSYDQQN,AMRDPHLWSGATNKLI,SNHLY,FYNNEI,ASADLDTGELF,YLQPRTFLL
3740,TSENNYY,QEAYKQQN,ARTHNNNDMR,MGHRA,YSYEKL,ASSQESGTATYEQY,RPPIFIRRL
3741,VTNFRS,LTSSGIE,AVGSPNYGGSQGNLI,SGHVS,FNYEAQ,ASSLGGRPSNGYT,CTELKLSDY
3742,TSDPSYG,QGSYDQQN,AMSPFSGSARQLT,DFQATT,SNEGSKA,SVLWSGREGEQF,QYIKWPWYI
3743,TSGFYG,NALDGL,AVRHNTDKLI,SGHNS,FNNNVP,ASSLDENYEQY,GILGFVFTL
3744,NIATNDY,GYKTK,LVGEGPAGGYQKVT,SGHDN,FVKESK,ASSPRDREHNGYT,CINGVCWTV
3745,NSMFDY,ISSIKDK,AAAGRGEIGNMLT,SGDLS,YYNGEE,ASSPQAGGELY,CINGVCWTV
3746,SVFSS,VVTGGEV,AGGGSQGNLI,LGHNA,YNFKEQ,ASSQRPSEVGELF,GILGFVFTL
3747,DSAIYN,IQSSQRE,ALREGYQKVT,MDHEN,SYDVKM,ASSLLAGATDTQY,SPRWYFYYL
3748,SVFSS,VVTGGEV,AGGGSQGNLI,MRHNA,SNTAGT,ASSDSRTPFQRPLFEAF,GILGFVFTL
3749,SSNFYA,MTLNGDE,AFNFGNEKLTFGT,MNHEY,SMNVEV,ASSLFGGFTEAFFG,NLVPMVATV
3750,NSASQS,VYSSG,VVNDGQNFV,DFQATT,SNEGSKA,SARRTGSTYNEQF,NLVPMVATV
3751,TISGTDY,GLTSN,ILRGDSGGGADGLT,SGHTA,FQGTGA,ASSLGTSGGTGELF,RAKFKQLL
3752,DSAIYN,IQSSQRE,AVDTGRRALT,SGHDY,FNNNVP,ASSSDPSSDYEQY,TTDPSFLGRY
3753,DSASNY,IRSNVGE,AASRGYSTLT,SGHNT,YYREEE,ASSLGGGNNEQF,GLCTLVAML
3754,VSNAYN,GSKP,AVEEAGANNLF,LNHDA,SQIVND,ASSSQGANEKLF,RAKFKQLL
3755,TSINN,IRSNERE,ATEGLSGYSTLT,MNHEY,SVGAGI,ASSYQGGNYGYT,FLYALALLL
3756,NIATNDY,GYKTK,LVGPNDMR,LGHNA,YNFKEQ,ASSQEIGLGIGPQH,CINGVCWTV
3757,NSASDY,IRSNMDK,AENARYSGAGSYQLT,SGHRS,YFSETQ,ASSLALGLPYEQY,QAKWRLQTL
3758,DRGSQS,IYSNGD,AVNNNNDMR,MNHEY,SMNVEV,ASSFQGLGTEAF,ELAGIGILTV
3759,ATGYPS,ATKADDK,ALLSGGYNKLI,MNHEY,SMNVEV,ASSFGQGDEKLF,GILGFVFTL
3760,NTAFDY,IRPDVSE,AASITPGTYKYI,DFQATT,SNEGSKA,SATDRANVNQPQH,SPRWYFYYL
3761,DRGSQS,IYSNGD,AVTGTYKYI,MNHEY,SVGEGT,ASSGQGAYEQY,LLWNGPMAV
3762,DSAIYN,IQSSQRE,AVRGREETSGSRLT,LGHNA,YNFKEQ,ASSQENGLYGYT,ATDALMTGF
3763,YGGTVN,YFSGDPLV,SYNTDKLI,MNHNS,SASEGT,ASTPTPPSFQETQY,YVLDHLIVV
3764,NSAFQY,TYSSGN,AMSISNFGNEKLT,LNHDA,SQIVND,ASSSKTGADSYEQY,LLAGIGTVPI
3765,TTSDR,LLSNGAV,AVDILFSDGQKLL,SGHDT,YYEEEE,ASSFNSLDRSFFSGNTIY,SPRWYFYYL
3766,DSASNY,IRSNVGE,APWDFNKFY,SGHTA,FQGTGA,ASSLQGGTGELF,RAKFKQLL
3767,DRGSQS,IYSNGD,AVLNQAGTALI,LNHDA,SQIVND,ASSILLNTEAF,LLLDRLNQL
3768,TSDPSYG,QGSYDQQN,AMSSGYSTLT,SQVTM,ANQGSEA,SVSGGRESTEAF,HPVTKYIM
3769,TSESDYY,QEAYKQQN,AVYNTNAGKST,ENHRY,SYGVKD,ATSTGDSNQPQH,EPLPQGQLTAY
3770,DSSSTY,IFSNMDM,ALNTRGKLI,DFQATT,SNEGSKA,SATWEGASGGETQY,RAKFKQLL
3771,TSGFYG,NALDGL,AHWGSSNTGKLI,LGHNA,YNFKEQ,ASSQTESTDTQY,YLQPRTFLL
3772,TTLSN,LVKSGEV,AGTSGTYKYI,GTSNPN,SVGIG,AWGTRDSPSYEQY,MEVTPSGTWL
3773,TSGFNG,NVLDGL,AVNNSRLI,DFQATT,SNEGSKA,SARMVSYEQY,CTELKLSDY
3774,TSDPSYG,QGSYDQQN,AMREGQWRSGGGADGLT,MNHEY,SVGAGI,ASRQTSGSYNEQF,GILGFVFTL
3775,YGGTVN,YFSGDPLV,AVNARGDKII,SEHNR,FQNEAQ,ASSLTVAGVYPGYEQY,GILGFVFTL
3776,DSAIYN,IQSSQRE,AGTHNDYKLS,SGDLS,YYNGEE,ASSDHRSGASTDTQY,YLQPRTFLL
3777,NSMFDY,ISSIKDK,AASEGSGTYKYI,KGHDR,SFDVKD,AAGVNTGELF,NQKLIANQF
3778,DSAIYN,IQSSQRE,AVRSGGYQKVT,SGDLS,YYNGEE,ASSAGQGVTYEQY,VTEHDTLLY
3779,NSMFDY,ISSIKDK,AAIPVRNGRMNYGGSQGNLI,LNHDA,SQIVND,ASSSRSGIEQY,GILGFVFTL
3780,STGYPT,ETMEN,LLGRGDDYGGATNKLI,MGHRA,YSYEKL,ASSQDGFSGTYT,RPPIFIRRL
3781,KALYS,LLKGGEQ,GTEGGGADGLT,SGHDT,YYEEEE,ASSLYPGPSYEQY,GILGFVFTL
3782,DSAIYN,IQSSQRE,AVSNSGYSTLT,SEHNR,FQNEAQ,ASSPDIEAF,YLQPRTFLL
3783,VSGNPY,YITGDNLV,AAGDSNYQLI,LNHDA,SQIVND,ASSMRSSSEQY,GILGFVFTL
3784,TRDTTYY,RNSFDEQN,ALSGIYDKII,MNHEY,SMNVEV,ASSLRTGNTEAF,HSNLNDATY
3785,NIATNDY,GYKTK,LVEKEEGGKLI,SEHNR,FQNEAQ,ASSPLDYYNEQF,RTATKAYNV
3786,NSAFQY,TYSSGN,ALRSNYQLI,GTSNPN,SVGIG,AWGLAGGPIEQF,LTDEMIAQY
3787,TSENNYY,QEAYKQQN,AYRSPYSGGGADGLT,KGHDR,SFDVKD,ATSDLGLAGDTQY,DATYQRTRALVR
3788,TSENNYY,QEAYKQQN,AFMKGAGGTSYGKLT,DFQATT,SNEGSKA,SARGRDGLVNPFEQETQY,GILGFVFTL
3789,TSDPSYG,QGSYDQQN,AMIKNNDMR,MDHEN,SYDVKM,ASSWTGGSGNTIY,QYIKWPWYI
3790,SVFSS,VVTGGEV,AGRGDKPI,LGHDT,YNNKEL,ASSSGGTGLYEQY,LLAGIGTVPI
3791,KALYS,LLKGGEQ,GTGGSDSWGKLQ,LNHDA,SQIVND,ASSFSLRGREPQH,TTDPSFLGRY
3792,DSVNN,IPSGT,AVDGNFNKFY,LGHNA,YSLEER,ASSQDLSGGLLSYEQY,TTDPSFLGRY
3793,ATGYPS,ATKADDK,ALSSTLGTYKYI,MNHEY,SMNVEV,ASSPLTGTGSDKETQY,LPRWYFYYL
3794,NSMFDY,ISSIKDK,YSGGGADGLT,SQVTM,ANQGSEA,SVGTGGTNEKLF,GLCTLVAML
3795,DRGSQS,IYSNGD,ALSASKII,MNHEY,SVGEGT,ASTPGTESYEQY,LLWNGPMAV
3796,TRDTTYY,RNSFDEQN,ALRAGNQFY,MGHRA,YSYEKL,ASSQTRGAGNTIY,RAKFKQLL
3797,VGISA,LSSGK,AVRSPNTGNQFY,MNHEY,SVGAGI,ASNQGNEQF,GILGFVFTL
3798,DSAIYN,IQSSQRE,AVRGDSGYALN,MNHNY,SVGAGI,ASSPWAGLQETQY,RPPIFIRRL
3799,YSGSPE,HISR,ALRVMNRDDKII,LNHDA,SHIVND,NTGELF,GILGFVFTL
3800,DRGSQS,IYSNGD,AVKGVTGGGNKLT,SGDLS,YYNGEE,ASSVAGTTDTQY,GLCTLVAML
3801,NIATNDY,GYKTK,LVEGDDKII,LGHNA,YNFKEQ,ASSQEIGRWGELF,CINGVCWTV
3802,ATGYPS,ATKADDK,ALYNQGGKLI,MDHEN,SYDVKM,ASSFFARGQGTYEQY,GILGFVFTL
3803,DRGSQS,IYSNGD,AGDNAGNMLT,SGDLS,YYNGEE,ASSDYNEQF,LLWNGPMAV
3804,DRGSQS,IYSNGD,AVKGDTNAGKST,MRHNA,SNTAGT,ASSDSVGFNSPLH,FLRGRAYGL
3805,NSMFDY,ISSIKDK,AASPTSGTYKYI,LNHNV,YYDKDF,ATSFDRGPYGYT,VSDGGPNLY
3806,NSASQS,VYSSG,VVKRGYSTLT,SQVTM,ANQGSEA,SVESMDRNYEQY,VLFGLGFAI
3807,DSASNY,IRSNVGE,AASETSYDKVI,SGHNT,YYREEE,ASRLRDSYT,RAKFKQLL
3808,VSGNPY,YITGDNLV,AVGYGNQFY,MNHEY,SMNVEV,ASIKTGGAPETQY,NLVPMVATV
3809,TTLSN,LVKSGEV,AGPVLGGTSYGKLT,SGHDT,YYEEEE,ASSLWGAGAYEQY,RTATKQYNV
3810,VSGNPY,YITGDNLV,AVRDGTGANNLF,LNHDA,SQIVND,ASSGTSVHEQY,GILGFVFTL
3811,NIATNDY,GYKTK,LVKDSNYQLI,LGHNA,YNFKEQ,ASSQEAQGVYGANVLT,CINGVCWTV
3812,DRGSQS,IYSNGD,AVCSSNTGKLI,PRHDT,FYEKMQ,ASSFGHPGTQY,GILGFVFTL
3813,SIFNT,LYKAGEL,AGLNYGGSQGNLI,LNHDA,SQIVND,ASSANSINEQF,GILGFVFTL
3814,NSMFDY,ISSIKDK,AASPPKLI,SGHTA,FQGTGA,ASSSLVDNEQF,RAKFKQLL
3815,SSVSVY,YLSGSTLV,AVSDLYNFNKFY,SGHAT,FQNNGV,ASSWPMRGEAF,SPRWYFYYL
3816,DRGSQS,IYSNGD,ALTPDYKLS,MNHEY,SVGAGI,ASSRQGGYGYT,LLWNGPMAV
3817,TSINN,IRSNERE,ATDAARQLT,SGHAT,FQNNGV,ASSLDLPGPEGETQY,DATYQRTRALVR
3818,NSASQS,VYSSG,VVNQENSGYALN,SNHLY,FYNNEI,ASSAGGIYNEQF,QAKWRLQTL
3819,DRGSQS,IYSNGD,ARST,SEHNR,FQNEAQ,ASSLIGISSYNEQF,TPRVTGGGAM
3820,YGGTVN,YFSGDPLV,AVSNAGKST,SGHTA,FQGTGA,ASSLTLGSAGELF,YVLDHLIVV
3821,TSINN,IRSNERE,ATDAAAYKLS,SGHNS,FNNNVP,ASLQEGEYTQY,RGPGRAFVTI
3822,NSAFQY,TYSSGN,AMSRSNFGNEKLT,SQVTM,ANQGSEA,SVPGESSPETDYGYT,LLAGIGTVPI
3823,TSESDYY,QEAYKQQN,AYIPPLRVNNNDMR,MNHNY,SVGAGI,ASSSGQGGEL,RPPIFIRRL
3824,NSASQS,VYSSG,VVNMFSGAGSYQLT,SEHNR,FQNEAQ,ASSPRTGNTGELF,RAKFKQLL
3825,NIATNDY,GYKTK,LVGINDYKLS,LNHDA,SQIVND,ASSIGTSAPYEQY,CINGVCWTV
3826,DSASNY,IRSNVGE,AATLGSGYSTLT,LNHDA,SQIVND,ASSMGTYSNQPQH,FEDLRVSSF
3827,NSAFQY,TYSSGN,AMSLSNFGNEKLT,SGHRS,YFSETQ,ASSSGVSGAQGFDEQF,LLAGIGTVPI
3828,DRGSQS,IYSNGD,AVHAGRDSGGSNYKLT,LNHDA,SQIVND,ASSITSGSYNEQF,LLLDRLNQL
3829,VSGNPY,YITGDNLV,AVRDLVTDKLI,LNHDA,SQIVND,ASSLPGAINSPLH,GILGFVFTL
3830,TSINN,IRSNERE,ATDAGGGSQGNLI,LNHDA,SQIVND,ASSMYAGYNEQF,GILGFVFTL
3831,NSAFQY,TYSSGN,AMSGFHQTGANNLF,MNHNS,SASEGT,GGKPGRGGYGQY,QAKWRLQTL
3832,SSVSVY,YLSGSTLV,AVSEGNYQLI,ENHRY,SYGVKD,AISDSTIGNTEAF,ATDALMTGF
3833,SVFSS,VVTGGEV,AGAHGSSNTGKLI,LNHDA,SQIVND,ASSIRSGTEAF,GILGFVFTL
3834,NSASQS,VYSSG,VVNAPSGGYNKLI,SGHDN,FVKESK,ASSQEDAGFSYNEQF,TTDPSFLGRY
3835,VSPFSN,MTFSENT,VVSARMDSSYKLI,SEHNR,FQNEAQ,ASSLAQPTGGYYEQY,GILGFVFTL
3836,DSSSTY,IFSNMDM,AESIGYGGSQGNLI,SNHLY,FYNNEI,ASSDYNAEKLF,RTATKAYNV
3837,VGISA,LSSGK,AVSAEETSGSRLT,LNHDA,SQIVND,ASSPFHTGELF,GILGFVFTL
3838,DRGSQS,IYSNGD,AVRTSGTYKYI,SGHDN,FVKESK,ASSQDWERTITGELF,LLLDRLNQL
3839,VSGLRG,LYSAGEE,AVPPKANNLF,SGHNS,FNNNVP,ASTPGRSDTGELF,RAKFKQLL
3840,TISGTDY,GLTSN,ILITSGTYKYI,LNHDA,SQIVND,ASGWVGQPQH,GILGFVFTL
3841,NSAFQY,TYSSGN,AMSSSFQKLV,MNHEY,SVGEGT,ASSYPPRTGYGTDTQY,RAKFKQLL
3842,NSAFQY,TYSSGN,AMRSNYQLI,MNHEY,SMNVEV,ASSLSQGSQY,LTDEMIAQY
3843,TSENNYY,QEAYKQQN,AFLDGGSNYKLT,DFQATT,SNEGSKA,SARDYGSSTDTQY,GLCTLVAML
3844,NSAFQY,TYSSGN,AMSAGYAGKST,MNHEY,SVGAGI,ASSRDVSNQPQH,VSDGGPNLY
3845,NSASQS,VYSSG,ASGSARQLT,LNHDA,SQIVND,ASSPGPDLYAQY,LLAGIGTVPI
3846,SSVSVY,YLSGSTLV,AFGGSQGNLI,LNHDA,SQIVND,ASSIRRAYERY,GILGFVFTL
3847,KALYS,LLKGGEQ,GPATDNIARSMRTC,SGHDN,FVKESK,ASGFGDRGYNEQF,GILGFVFTL
3848,ATGYPS,ATKADDK,ALLISDGQKLL,LNHDA,SQIVND,ASSSVRGKGYT,LLAGIGTVPI
3849,YGGTVN,YFSGDPLV,AVNSGNDMR,GTSNPN,SVGIG,AWVELGFSYNEQF,EAAGIGILTV
3850,DSASNY,IRSNVGE,AAAETSYDKVI,SGHNS,FNNNVP,ASSNSGANVLT,RAKFKQLL
3851,NSASQS,VYSSG,VVNSDNAGNMLT,MNHEY,SVGAGI,ASRYRGLQPYGYT,LLAGIGTVPI
3852,TSESDYY,QEAYKQQN,ASQHAGNMLT,GTSNPN,SVGIG,AWGEAASNQPQH,TPRVTGGGAM
3853,TSINN,IRSNERE,APAGPSGYSTLT,MNHNS,SASEGT,ASSLRGGSFYGYT,FLYALALLL
3854,NSASQS,VYSSG,VVTETSYDKVI,PRHDT,FYEKMQ,ASSSPGLAVDTQY,RAKFKQLL
3855,DSAIYN,IQSSQRE,AVLHGAGSYQLT,MNHEY,SMNVEV,ASSQTGRELF,FEDLRVLSF
3856,DRGSQS,IYSNGD,AVNKGGGSQGNLI,SGDLS,YYNGEE,ASSVGGAGVSNEQF,GILGFVFTL
3857,DSSSTY,IFSNMDM,AELKEKLI,SGHDN,FVKESK,ASSQSPGGTQY,GLCTLVAML
3858,TSDPSYG,QGSYDQQN,AMREVSGRRALT,SGHTA,FQGTGA,ASSFNSLQEIAYEQY,RAKFKQLL
3859,NIATNDY,GYKTK,LLYRDDKII,SGHAT,FQNNGV,ASSLFRGGEKLF,SPRWYFYYL
3860,TSGFNG,NVLDGL,AVRSSGGSYIPT,LNHDA,SQIVND,ASSTRDSNQPQH,YLQPRTFLL
3861,DSAIYN,IQSSQRE,AVPNFGNEKLT,KGHDR,SFDVKD,ATSGLESSYNEQF,ATDALMTGF
3862,NSASQS,VYSSG,VVNRGNDMR,SNHLY,FYNNEI,ASGQLNTGELF,YLQPRTFLL
3863,YGATPY,YFSGDTLV,AVTRDDKII,SGHNS,FNNNVP,ASSGGVSGGAGETQY,RAKFKQLL
3864,DSSSTY,IFSNMDM,AEDQNARLM,DFQATT,SNEGSKA,SARWGVGNTIY,GLCTLVAML
3865,YGGTVN,YFSGDPLV,AMKNTDKLI,MNHEY,SVGAGI,ASSSQGGTYGYT,YVLDHLIVV
3866,NSASQS,VYSSG,VVGDDKII,SGDLS,YYNGEE,ASSGGTADTQY,LLWNGPMAV
3867,TISGTDY,GLTSN,ILRDVSTGNQFY,SGHAT,FQNNGV,ASSFTTRTGAHNGYT,VSDGGPNLY
3868,NSASQS,VYSSG,VVNGADKLI,SEHNR,FQNEAQ,ARGLANTGELF,YLQPRTFLL
3869,SVFSS,VVTGGEV,AGAVNDYKLS,SQVTM,ANQGSEA,SAGQGPYEQY,RAKFKQLL
3870,YGATPY,YFSGDTLV,AVDDGDNAGNMLT,SGHRS,YFSETQ,ASSGYNEQF,GLCTLVAML
3871,DRGSQS,IYSNGD,AVNGYQGGKLI,PRHDT,FYEKMQ,ASSPQATGPYNEQF,LLAGIGTVPI
3872,DRGSQS,IYSNGD,AVPLTGGGNKLT,LNHDA,SQIVND,ASSIRSSYEQY,GILGFVFTL
3873,NIATNDY,GYKTK,LVGAPLV,DFQATT,SNEGSKA,SATRSSGEPEQF,CINGVCWTV
3874,TSENNYY,QEAYKQQN,AYAPGAGGTSYGKLT,SGHNS,FNNNVP,ASSRGVYEQY,GILGFVFTL
3875,DSSSTY,IFSNMDM,AESEGPTYTDKLI,LGHNA,YNFKEQ,ASSQRPSEVGELF,RAKFKQLL
3876,TISGNEY,GLKNN,YSGGGADGLT,SGHAT,FQDESV,ASRQLGAAQEGTEAF,RAKFKQLL
3877,NIATNDY,GYKTK,LVGEAGGGSYIPT,MDHEN,SYDVKM,ASSPLAGRAEQF,SPRWYFYYL
3878,NSMFDY,ISSIKDK,AASLLQGAQKLV,LGHDT,YNNKEL,ASSQDRWDVMSKNIQY,VLFGLGFAI
3879,NSAFQY,TYSSGN,AMIRDDKII,SGDLS,YYNGEE,ASSATSGGASGTDTQY,ALAGIGILTV
3880,SSYSPS,YTSAATLV,AVPNFGNEKLT,SGHKS,YYEKEE,ASSSKQGPGELF,SPRWYFYYL
3881,NSASDY,IRSNMDK,AEMETSYDKVI,SNHLY,FYNNEI,ASSGDISYNEQF,RAKFKQLL
3882,DRGSQS,IYSNGD,AVSAAGNKLTFG,LNHDA,SQIVND,ASSSRSSYEQYFG,EAAGIGILTV
3883,TSGFNG,NVLDGL,AVKFGQKLL,DFQATT,SNEGSKA,TAEAGNTEAF,DATYQRTRALVR
3884,YSGSPE,HISR,ALRNYNQGGKLI,SEHNR,FQNEAQ,ASSLLVFSLNEQF,RAKFKQLL
3885,TSESDYY,QEAYKQQN,AYRSPNTGNQFY,SEHNR,FQNEAQ,ASSSHDRTGVRTEAF,TPRVTGGGAM
3886,SVFSS,VVTGGEV,AGASDDYGGSQGNLI,LNHDA,SQIVND,ASSIRSSYEQY,GILGFVFTL
3887,TISGNEY,GLKNN,IVSPSPPTGQHFV,LNHDA,SQIVND,ASRALQGWNSPLH,YVLDHLIVV
3888,TSINN,IRSNERE,APAGSSGYSTLT,MNHEY,SVGAGI,ASSYQGSGSYGYT,FLYALALLL
3889,NSASQS,VYSSG,VVNRADKLV,SEHNR,FQNEAQ,ASSDANTGELF,YLQPRTFLL
3890,NSASQS,VYSSG,VVNKENNLF,GTSNPN,SVGIG,AWGSMNTGELF,YLQPRTFLL
3891,YGGTVN,YFSGDPLV,AVKNTDKLI,SGHDN,FVKESK,ASSQDETGFLAGELF,YVLDHLIVV
3892,TSENNYY,QEAYKQQN,AFLPGGAQKLV,MGHDK,SYGVNS,ASSVRADTQY,CTELKLSDY
3893,ATGYPS,ATKADDK,ALYNTDKLI,LGHDT,YNNKEL,ASSPVSESTYEQY,GILGFVFTL
3894,NSASQS,VYSSG,VVADYKLS,ENHRY,SYGVKD,AISEVEETGLNEQY,LLAGIGTVPI
3895,NSASDY,IRSNMDK,AVIKGGGADGLT,LNHDA,SQIVND,ASSIGRGYNEQY,TTDPSFLGRY
3896,SIFNT,LYKAGEL,AGQPAGNMLT,SGHDT,YYEEEE,ASSIAGGSGETQY,QYIKWPWYI
3897,TSDPSYG,QGSYDQQN,AMRDSTGGSNYKLT,LNHDA,SQIVND,ASSSVPDMNTEAF,RPIIRPATL
3898,VSGNPY,YITGDNLV,AVAKDLQNSGGGADGLT,SEHNR,FQNEAQ,ASSQDPSRTYEQY,GILGFVFTL
3899,NTAFDY,IRPDVSE,AAKGNNRLA,MNHEY,SVGAGI,ASSKQGGSGYGYT,FLYALALLL
3900,DRGSQS,IYSNGD,AVNDNYGQNFV,LNHNV,YYDKDF,ATSSKTGGWVETQY,RAKFKQLL
3901,NIATNDY,GYKTK,LVGDYSSASKII,SGHRS,YFSETQ,ASSLARETYEQY,RPPIFIRRL
3902,YGATPY,YFSGDTLV,AVVLYNQGGKLI,MNHEY,SVGAGI,ATRPPSTDTQY,GILGFVFTL
3903,DRGSQS,IYSNGD,AVIAGKST,SQVTM,ANQGSEA,SVATSGGSNEQF,LLWNGPMAV
3904,DRGSQS,IYSNGD,AVVEFGGSNYKLT,MGHRA,YSYEKL,ASSQGLGENTEAF,RAKFKQLL
3905,VGISA,LSSGK,AVRSNFGNEKLT,SGHVS,FQNEAQ,ASSLILAGLNQPQH,TTDPSFLGRY
3906,DRGSQS,IYSNGD,AVNEGEGADGLT,MNHEY,SVGAGI,ASSSTAFAGNTIY,ALAGIGILTV
3907,SSNFYA,MTLNGDE,AFNAGGTSYGTLT,SGDLS,YYNGEE,ASSVEGLAGSPSGGELF,EPLPQGQLTAY
3908,DRGSQS,IYSNGD,AVPNRDDKII,LNHDA,SQIVND,ASSIRHLYEQY,GILGFVFTL
3909,NSAFQY,TYSSGN,AMSISNFGNEKLT,SGHTA,FQGNSA,ASSLVVPGDYGYT,LLAGIGTVPI
3910,DSAIYN,IQSSQRE,AVSGWGARLM,MNHEY,SVGAGI,ASTDANTGELF,YLQPRTFLL
3911,YSGSPE,HISR,ALSSNQAGTALI,SGDLS,YYNGEE,ASSVDSGLTGELF,GLCTLVAML
3912,DRGSQS,IYSNGD,AVKGSQGNLI,MGHRA,YSYEKL,ASSARGGGNNEQF,NLVPMVATV
3913,NSAFQY,TYSSGN,AIARSNFGNEKLT,MRHNA,SNTAGT,ASSEGGSEQF,LLAGIGTVPI
3914,VSGLRG,LYSAGEE,AVLVSNTGNQFY,KGHDR,SFDVKD,ATSPGGTEAF,TTDPSFLGRY
3915,NYSPAY,IRENEKE,ALEGYSGGGADGLT,MDHEN,SYDVKM,ASSPSGGATGELF,GILGFVFTL
3916,YGGTVN,YFSGDPLV,AVKDGNKLV,MDHEN,SYDVKM,ASSFFLIWEYGYT,YVLDHLIVV
3917,DRGSQS,IYSNGD,AVITGTASKLT,LNHDA,SQIVND,ASSISPTGVEQY,LLAGIGTVPI
3918,TSDPSYG,QGSYDQQN,AMREPSNYGGSQGNLI,DFQATT,SNEGSKA,SARDLAGSSGANVLT,YVLDHLIVV
3919,YGGTVN,YFSGDPLV,AVNLTNNAGNMLT,LNHDA,SQIVND,ASSGRSTDTQY,GILGFVFTL
3920,DSVNN,IPSGT,AVYGGATNKLI,SNHLY,FYNNEI,ASSVGEAF,RAKFKQLL
3921,NSAFQY,TYSSGN,AMTISNFGNEKLT,SGHDT,YYEEEE,ASRLGTGESNQPQH,LLAGIGTVPI
3922,YGGTVN,YFSGDPLV,AVGDTDKLI,LNHDA,SQIVND,ASRANLGSNQPQH,YVLDHLIVV
3923,DRGSQS,IYSNGD,AVSAGQFY,SGDLS,YYNGEE,ASSAGTGSYEQY,LLWNGPMAV
3924,NSAFQY,TYSSGN,AMTLSNFGNEKLT,MDHEN,SYDVKM,ASSFAQGKSLSDEQY,LLAGIGTVPI
3925,TSDPSYG,QGSYDQQN,AMREGRLGTNFGNEKLT,SGHKS,YYEKEE,ASSRGGYRNYEQY,SPRWYFYYL
3926,NSASQS,VYSSG,VVNPSRGSNTGKLI,DFQATT,SNEGSKA,SARDRELAGIEQF,QYIKWPWYI
3927,TRDTTYY,RNSFDEQN,ALTSLPLIQGAQKLV,KGHSH,LQKENI,ASRGGLGTEAF,VTEHDTLLY
3928,TISGTDY,GLTSN,ILRDLNAGGTSYGKLT,LGHNT,FRNRAP,ASAPDGFFYGYT,GILGFVFTL
3929,VSGNPY,YITGDNLV,AVRALSGTYKYI,MDHEN,SYDVKM,ASSALAGGPDNEQF,LPRWYFYYL
3930,NIATNDY,GYKTK,LVGDLSGATNKLI,LGHNA,YNFKEQ,ASSQRPSEVGELF,RAKFKQLL
3931,YGGTVN,YFSGDPLV,AVKDTDKLI,MNHEY,SMNVEV,ATRSTDTQY,YVLDHLIVV
3932,VSGLRG,LYSAGEE,AVEGNFNYQLI,MGHRA,YSYEKL,ASSQVQGVDLTGELF,ALSKGVHFV
3933,YGATPY,YFSGDTLV,AVGGTQARLM,SGHDY,FNNNVP,ASSPGTYEAF,NLVPMVATV
3934,VSGLRG,LYSAGEE,AVHGYKYI,SQVTM,ANQGSEA,SAWGEGLAGEVDSYNEQF,RPHERNGFTVL
3935,DRGSQS,IYSNGD,AVGVQGAQKLV,SGDLS,YYNGEE,ASSVDSGAGTEAF,ELAGIGILTV
3936,VSGNPY,YITGDNLV,AVRDMRVNGGNQFY,LNHDA,SQIVND,ASLGGGYP,GILGFVFTL
3937,DSSSTY,IFSNMDM,AEQGNDMR,SGHDN,FVKESK,ASSQSPGGIPF,GLCTLVAML
3938,DSASNY,IRSNVGE,AASIWEQQTR,SQVTM,ANQGSEA,SAGGNTEAF,RAKFKQLL
3939,TSENNYY,QEAYKQQN,AFMTNAGGTSYGKLT,LNHDA,SQIVND,ASSTGYYGYT,GILGFVFTL
3940,DSAIYN,IQSSQRE,AVAGGTSYGKLT,LGHNA,YNFKEQ,ASSQEYGGAYEQY,ATDALMTGF
3941,DRGSQS,IYSNGD,APCFQKLV,LNHDA,SQIVND,ASSMVGTSGFTYEQY,LLLDRLNQL
3942,TISGTDY,GLTSN,ILRTTGSSNTGKLI,LNHDA,SQIVND,ASSGFDGSNQPQH,GILGFVFTL
3944,DSASNY,IRSNVGE,AAPNDMR,MNHEY,SVGEGT,ASSQAGAYEQY,LLWNGPMAV
3945,DSAIYN,IQSSQRE,AVKGNQAGTALI,LGHNA,YSLEER,ASSQDRSGGATDTQY,VYFLQSINF
3946,TSDPSYG,QGSYDQQN,AMRTRNAGNMLT,MNHNY,SVGAGI,ASRGSFSDTQY,TTDPSFLGRY
3947,YGGTVN,YFSGDPLV,AVKEGGKLI,MNHEY,SVGEGT,ASSQMSDSQH,YVLDHLIVV
3948,TSGFNG,NVLDGL,AVRSLLDDKII,DFQATT,SNEGSKA,SARGDRSYEQY,GILGFVFTL
3949,TSENNYY,QEAYKQQN,AFMDSNYQLI,KGHDR,SFDVKD,ATRTSGSGAGTDTQY,GILGFVFTL
3950,DSASNY,IRSNVGE,AASLADSGPNYGQNFV,LNHDA,SQIVND,ASSLTGAGTEAF,GILGFVFTL
3951,DSVNN,IPSGT,AVEETSGSRLT,MDHEN,SYDVKM,ASSLPRVDGNTIY,CINGVCWTV
3952,VSGLRG,LYSAGEE,AVLSGYGGATNKLI,DFQATT,SNEGSKA,SASAGEGAEAF,ALSKGVHFV
3953,NSMFDY,ISSIKDK,AASGGSNYKLT,DFQATT,SNEGSKA,SAVGGNGNEQF,YVLDHLIVV
3954,SSVPPY,YTSAATLV,AVSVFPETSYDKVI,DFQATT,SNEGSKA,SARESPGQGIFSPLH,LLFGYPVYV
3955,NSASQS,VYSSG,VVTLSNFGNEKLT,SGHDT,YYEEEE,ASSLQIRGTGELF,LLAGIGTVPI
3956,NSAFQY,TYSSGN,AMSRSNFGNEKLT,SGHVS,FQNEAQ,ASSPTGEGQPQH,LLAGIGTVPI
3957,VGISA,LSSGK,AVPGAGSYQLT,MNHEY,SMNVEV,ASSLAQRSEQY,GILGFVFTL
3958,SVFSS,VVTGGEV,AGAKETSYDKVI,SEHNR,FQNEAQ,ASSSAAAYEQY,RAKFKQLL
3959,DSASNY,IRSNVGE,AANNQGGKLI,LNHDA,SQIVND,ASSGRSGETQY,GILGFVFTL
3960,VGISA,LSSGK,AAPANTGNQFY,SGHNS,FNNNVP,ASSLLWRNNEQF,FEDLRLLSF
3961,YGGTVN,YFSGDPLV,AVPDNNARLM,SGHRS,YFSETQ,ASSLAGGQGEQY,YVLDHLIVV
3962,DSAIYN,IQSSQRE,AVSGGSNFGNEKLT,LNHDA,SQIVND,ASSIYGNTGELF,GILGFVFTL
3963,YSGSPE,HISR,ALDYKAAGNKLT,SGHTA,FQGTGA,ASSQGPTGGYVSEAF,GILGFVFTL
3964,DSVNN,IPSGT,AVERGGADGLT,MNHEY,SVGAGI,ASSWREGTDTQY,VYFLQSINF
3965,DSASNY,IRSNVGE,AAGETSYDKVI,SEHNR,FQNEAQ,ASSLLGSQNTEAF,RAKFKQLL
3966,VSGNPY,YITGDNLV,AVRADNNNDMR,SGHVS,FQNEAQ,ASSSTTGLTREQY,RVAGDSGFAAY
3967,TSDPSYG,QGSYDQQN,AMREDTGGGNKLT,LGHNA,YNFKEQ,ASSQVFRDRGNTEAF,GILGFVFTL
3968,DRGSQS,IYSNGD,AALNTGTASKLT,SGHDN,FVKESK,ASSDQGLGTEAF,EAAGIGILTV
3969,NSMFDY,ISSIKDK,AATGEGAQKLV,SGHRS,YFSETQ,ASSPWTGQGYGYT,FTSDYYQLY
3970,DSSSTY,IFSNMDM,SSGSARQLT,LGHNA,YSLEER,ASSPDSTSGYSREQF,KSKRTPMGF
3971,TSGFNG,NVLDGL,AVRGSNYQLI,SEHNR,FQNEAQ,ASSTGLAGTNEQF,FLASKIGRLV
3972,DRGSQS,IYSNGD,AVGQSGNMLT,MDHEN,SYDVKM,ASSLSGSREQF,LLLDRLNQL
3973,TSDPSYG,QGSYDQQN,AMREGMDSSYKLI,SEHNR,FQNEAQ,ASSTHDLGGVGSPLH,TPRVTGGGAM
3974,YSGSPE,HISR,ALPNTDKLI,LNHDA,SQIVND,ASSISVHWRESYNEQF,SPRWYFYYL
3975,TSGFNG,NVLDGL,AVMDSSYKLI,MNHNS,SASEGT,ASSDGDHSYEQY,DATYQRTRALVR
3976,KALYS,LLKGGEQ,GTENTGNQFY,SGHAT,FQNNGV,ASSLGPGKSSKTQY,FEDLRVSSF
3977,NIATNDY,GYKTK,FVADKLI,MNHEY,SVGEGT,ASSQAGVPDTQY,CINGVCWTV
3978,YGGTVN,YFSGDPLV,AVKDTDRLI,LNHDA,SQIVND,ASSPHLGAAAEQY,YVLDHLIVV
3979,DSSSTY,IFSNMDM,AESEGPTYTDKLI,SGHKS,YYEKEE,ASSGPGGVDEQY,RAKFKQLL
3980,NSASDY,IRSNMDK,AASTGGQKLL,SGHNT,YYREEE,ASSDLAQYLNTGELF,SPRWYFYYL
3981,DRGSQS,IYSNGD,AVRSLGGYALFF,LGHNT,FRNRAP,ASGPDISYSYEQY,RAKFKQLL
3982,NTAFDY,IRPDVSE,AASNSQETSGSRLT,LNHDA,SQIVND,ASTNWGLRQPQH,YLQPRTFLL
3983,NSAFQY,TYSSGN,AMTKERGGYQKVT,KGHDR,SFDVKD,ATSDLVTSGDEQF,SPRWYFYYL
3984,VSGNPY,YITGDNLV,AVDNARLM,MGHDK,SYGVNS,ASSDGSFNEQF,DATYQRTRALVR
3985,YGGTVN,YFSGDPLV,AVKDTDKLI,MGHDK,SYGVNS,ASSEWELNYGYT,YVLDHLIVV
3986,DRGSQS,IYSNGD,AVSGGFKTI,SGHDN,FVKESK,ASSQAGALNTEAF,LLLDRLNQL
3987,NSASDY,IRSNMDK,AENIRNTDKLI,LNHDA,SQIVND,ASSSHGGGEQY,GILGFVFTL
3988,YGATPY,YFSGDTLV,AVNFNKFY,SQVTM,ANQGSEA,SVGTGGTNEKLF,YVLDHLIVV
3989,NSASQS,VYSSG,VVIHDKII,SGDLS,YYNGEE,ASSPGTAYEQY,LLWNGPMAV
3990,TISGNEY,GLKNN,IALNQFY,LGHNA,YNFKEQ,ASSQGGERVQF,RTATKQYNV
3991,NYSPAY,IRENEKE,ALENTNAGKST,LNHDA,SQIVND,ASSIFGSSGNTIY,GILGFVFTL
3992,DSVNN,IPSGT,APWFSDGQKLL,SGHTA,FQGTGA,ASSEGGGAYDTQY,RAKFKQLL
3993,DRGSQS,IYSNGD,AVELL,DFQATT,SNEGSKA,SAREAQGQPQH,ELAGIGILTV
3994,YGATPY,YFSGDTLV,AVGAAEYGNKLV,SEHNR,FQNEAQ,ASSLVGGPSVQF,NLVPMVATV
3995,NSASDY,IRSNMDK,ADSGGGADGLT,SGDLS,YYNGEE,ASSAGTSGVYNEQF,RAKFKQLL
3996,ATGYPS,ATKADDK,ALSGTGNQFY,MNHEY,SMNVEV,ASSLSGPLETQY,TTDPSFLGRY
3997,YSGSPE,HISR,ALTDKLI,SNHLY,FYNNEI,SVETDRNTVEAF,YLQPRTFLL
3998,SIFNT,LYKAGEL,AGPIPPGNEKLT,SGHNS,FNNNVP,ASSSANYGYT,NLVPMVATV
3999,NYSPAY,IRENEKE,ALEDTNAGKST,LNHDA,SQIVND,ASSPFGSSYNEQF,GILGFVFTL
4000,ATGYPS,ATKADDK,ALHDYKLS,MNHEY,SMNVEV,ASSLSAGLDEQF,TTDPSFLGRY
4001,SVFSS,VVTGGEV,AGPGDGGSQGNLI,MNHEY,SVGEGT,ASSYSLQGGLDEQY,GILGFVFTL
4002,DRGSQS,IYSNGD,AKGGSGYSTLT,LGHNA,YSLEER,ASSQEPGGAGGYT,ELAGIGILTV
4003,TRDTTYY,RNSFDEQN,ALSEVGANNLF,SGDLS,YYNGEE,SYNEQF,SPRWYFYYL
4004,DSAIYN,IQSSQRE,AVFNTGGFKTI,SGHAT,FQNNGV,ASSITGQLDTQY,ATDALMTGF
4005,SSNFYA,MTLNGDE,AYSTDSWGKLQ,LGHDT,YNNKEL,ASSQGQLNQPQH,LLWNGPMAV
4006,TSINN,IRSNERE,ATELYGANSKLT,SQVTM,ANQGSEA,SAGGNTEAF,RAKFKQLL
4007,NSASDY,IRSNMDK,AEKKDSNYQLI,LNHDA,SQIVND,ASSIFGGQPQH,GILGFVFTL
4008,DSASNY,IRSNVGE,AATETSYDKVI,SGHNS,FNNNVP,ASSFTGTGSLGYT,RAKFKQLL
4009,TRDTTYY,RNSFDEQN,ALSIYGGSQGNLI,PRHDT,FYEKMQ,ASSLGQGASIEQY,LLWNGPMAV
4010,TSGFNG,NVLDGL,AVRDRNNARLM,SGDLS,YYNGEE,ASSVAGGDEQF,GILGFVFTL
4011,VGISA,LSSGK,AVRWSMDSNYQLI,LNHDA,SQIVND,ASSILITGELF,GILGFVFTL
4012,YGGTVN,YFSGDPLV,AVTRNSGYSTLT,LGHNA,YSLEER,ASSQDRAGKQETQY,RAKFKQLL
4013,TSGFNG,NVLDGL,AVRVNSGAGSYQLT,MNHEY,SVGAGI,ASSQRGLAGAPSYNEQF,SPRWYFYYL
4014,NSASQS,VYSSG,VVNIPSGTYKYI,SGHNT,YYREEE,ASSGAGMGDTQY,EPLPQGQLTAY
4015,DRGSQS,IYSNGD,AVGTYKYI,DFQATT,SNEGSKA,SATEAGGPGNEQF,LLWNGPMAV
4016,NSASQS,VYSSG,VVDPHARLM,MNHEY,SVGEGT,ASSYGVSGQFYGYT,LLWNGPMAV
4017,TRDTTYY,RNSFDEQN,ALSENTGTASKLT,SGHRS,YFSETQ,ASSFLDRVFGGELF,GILGFVFTL
4018,DRGSQS,IYSNGD,AVTRISSGSARQLT,DFQATT,SNEGSKA,SASEAGGSYEQY,LLWNGPMAV
4019,DRGSQS,IYSNGD,YTGANSKLT,MNHEY,SMNVEV,ASSLSIITEDGYT,LLAGIGTVPI
4020,VSGNPY,YITGDNLV,AVSPPRRYGNKLV,SGHTS,YDEGEE,ASSGNRDRNTGELF,YLQPRTFLL
4021,DRGSQS,IYSNGD,AVGDDKII,MNHNS,SASEGT,ASSSSSGASYEQY,ALGIGILTV
4022,TSGFNG,NVLDGL,AVREGTGANNLF,SGHNT,YYREEE,ASSDRDRGGNQPQH,RPIIRPATL
4023,DRGSQS,IYSNGD,AVGVYGNKLV,SGDLS,YYNGEE,ASSPELNSYEQY,LLLDRLNQL
4024,DRGSQS,IYSNGD,AVRGGQKLL,SGHDN,FVKESK,ASSLDWNYGYT,LTDEMIAQY
4025,TTSDR,LLSNGAV,AGADDKII,SGHDY,FNNNVP,ASRASATQY,SLFNTVATLY
4026,SVFSS,VVTGGEV,AGPRGGGADGLT,MGHRA,YSYEKL,ASSQVSGGPYEQY,TTDPSFLGRY
4027,VSGNPY,YITGDNLV,AVAKDLQNSGGGADGLT,LNHNV,YYDKDF,ATSYEDNSGANVLT,GILGFVFTL
4028,NSMFDY,ISSIKDK,AARGTASKLT,SEHNR,FQNEAQ,ASSLEGSRNPYEQY,VTEHDTLLY
4029,NSMFDY,ISSIKDK,AASEGGGSTLGRLY,SNHLY,FYNNEI,ASSESTGYGYT,YLQPRTFLL
4030,YGGTVN,YFSGDPLV,AVNGNDKII,MNHNS,SASEGT,ASRGLTGGASEQY,YVLDHLIVV
4031,NSASQS,VYSSG,VVRNSGNTGKLI,DFQATT,SNEGSKA,SAIQAPYNEQF,YVLDHLIVV
4032,SIFNT,LYKAGEL,AGQGESGFGNVLHCFGNVLH,SEHNR,FQNEAQ,ASSVVGTEAF,RVAGDSGFAAY
4033,DRGSQS,IYSNGD,LCREHFGNEKLT,SEHNR,FQNEAQ,ASSSYSGTASYEQY,KSKRTPMGF
4034,NSASQS,VYSSG,VVNSGDKLI,KGHDR,SFDVKD,ATSGAHGGINQPQH,TDLGQNLLY
4035,TRDTTYY,RNSFDEQN,ALRGGTGGGNKLT,MNHEY,SVGEGT,ASSFLQTGESSYNSPLH,VTEHDTLLY
4036,DRGSQS,IYSNGD,AVPYRDDKII,MNHEY,SVGAGI,ASSYGTGMGHTIY,ALAGIGILTV
4037,TSDPSYG,QGSYDQQN,AMREGLGNFNKFY,PRHDT,FYEKMQ,ASAVPGQGEGKNIQY,YVLDHLIVV
4038,NSASDY,IRSNMDK,ADLPGHGQESTY,ENHRY,SYGVKD,ATSTGDSNQPQH,EPLPQGQLTAY
4039,DRGSQS,IYSNGD,AVNLNTDKLI,MDHEN,SYDVKM,ASSSQGLGNTIY,ELAGIGILTV
4040,VSGNPY,YITGDNLV,AVRDMAFNDYKLS,LNHDA,SQIVND,ASSDWSGNTIY,GILGFVFTL
4041,ATGYPS,ATKADDK,ALTPLQRGNEKLT,LGHDT,YNNKEL,ASSQGAYAIDEQF,SLFNTVATLY
4042,DRGSQS,IYSNGD,AFSGYALN,MNHEY,SVGEGT,ASSYTGTGSQPQH,LLWNGPMAV
4043,NSASQS,VYSSG,AGGSNYKLT,LNHDA,SQIVND,ASSIFGTGGTEAF,GILGFVFTL
4044,NSAFQY,TYSSGN,AMTISNFGNEKLT,SNHLY,FYNNEI,ASSPTRDPQREGSEQY,LLAGIGTVPI
4045,SSVPPY,YTSAATLV,AVTPGGFKTI,MNHNS,SASEGT,ASSEFDEETQY,YLQPRTFLL
4046,NSMFDY,ISSIKDK,AASVIWGSSASKII,MNHEY,SVGAGI,ASSYSSRRVYTGELF,TTDPSFLGRY
4047,TRDTTYY,RNSFDEQN,ALRVGDYKLS,MNHEY,SMNVEV,ASSLHLLRGLNTGELF,GILGFVFTL
4048,SIFNT,LYKAGEL,AGQLPPWETSGSRLT,LNHDA,SQIVND,ASSRLQGANSPLH,FEDLRVLSF
4049,TSDPSYG,QGSYDQQN,AMREGPKLTGGGNKLT,DFQATT,SNEGSKA,SANPRDESYNEQF,HPNGYKSLSTL
4050,SVFSS,VVTGGEV,AGRRETDSWGKLQ,SGHDN,FVKESK,ASSLSVGETQY,FLASKIGRLV
4051,ATGYPS,ATKADDK,ALFSSGNQFY,MNHEY,SMNVEV,ASSLDSPYEQY,TTDPSFLGRY
4052,TRDTTYY,RNSFDEQN,ALGYSSASKII,SGHDT,YYEEEE,ASRQENSGNTIY,NLVPMVATV
4053,SSYSPS,YTSAATLV,VVSAHWWNTPLV,ENHRY,SYGVKD,AIKVTENTEAF,LLDFVRFMGV
4054,NSASQS,VYSSG,VVNRNNDMR,SGHRS,YFSETQ,ASMDENTGELF,YLQPRTFLL
4055,DRGSQS,IYSNGD,AVKKERGSTLGRLY,MNHEY,SMNVEV,ASSFTSGGARRKETQY,SPRWYFYYL
4056,YGATPY,YFSGDTLV,AVGAETSYDKVI,LGHNA,YNFKEQ,ASSQRPSEVGELF,RAKFKQLL
4057,VSGNPY,YITGDNLV,AVRDGENRDDKII,LNHDA,SQIVND,ASSARSSYEQY,GILGFVFTL
4058,TSDPSYG,QGSYDQQN,AMGGGSQGNLI,LNHDA,SQIVND,ASSMRASNEQF,GILGFVFTL
4059,ATGYPS,ATKADDK,ALSDRNQGGKLI,LGHNA,YNFKEQ,ASSQGKDTQY,NLVPMVATV
4060,SSVSVY,YLSGSTLV,AVSDVGQKLL,SGHDT,YYEEEE,ASSTSGGGEQY,QYIKWPWYI
4061,TISGNEY,GLKNN,IVRVPGANSKLT,PRHDT,FYEKMQ,ASSHAGGGDEQF,GILGFVFTL
4062,NIATNDY,GYKTK,LVGDLTNYQLI,LGHNA,YNFKEQ,ASSQEMSTGLGEQY,CINGVCWTV
4063,KALYS,LLKGGEQ,GTEDGNNRLA,SGHVS,FQNEAQ,ASSLVSLGIDNEQF,KSKRTPMGF
4064,DSAIYN,IQSSQRE,AAPERNQGGKLI,MNHEY,SMNVEV,ASSLITGGAKNIQY,SPRWYFYYL
4065,NSASQS,VYSSG,VVNINTDKLI,SEHNR,FQNEAQ,ASSSANSGEL,YLQPRTFLL
4066,TSGFNG,NVLDGL,AVRDRVDGTASKLT,MGHDK,SYGVNS,ASYTSDYGYT,GILGFVFTL
4067,TISGTDY,GLTSN,ILLETSYDKVI,SEHNR,FQNEAQ,ASSHTQRGNTEAF,RAKFKQLL
4068,NSAFQY,TYSSGN,AMSGDYKLS,MNHEY,SVGEGT,ASSYSVSVRGVDTEAF,LLAGIGTVPI
4069,DRGSQS,IYSNGD,AVKYPSGTYKYI,MNHEY,SVGAGI,ASNDRGNGYT,GILGFVFTL
4070,DRGSQS,IYSNGD,AVLYGNKLV,SNHLY,FYNNEI,VGTGINYEQY,LLLDRLNQL
4071,VGISA,LSSGK,AVKGSYSGGGADGLT,SGHTA,FQGNSA,ASSLRSGTGELF,FEDLRLLSF
4072,NSAFQY,TYSSGN,ARGGGFKTI,SEHNR,FQNEAQ,ASSLADVGGPQH,RAKFKQLL
4073,TRDTTYY,RNSFDEQN,ALKLGNAGNMLT,SGDLS,YYNGEE,ASSVNPNPIRDRDNEKLF,RAKFKQLL
4074,DRGSQS,IYSNGD,AAGGGADGLTFG,LGHNA,YNFKEQ,ASSQTLVADTQYFG,ELAGIGILTV
4075,SSNFYA,MTLNGDE,AFWDTGFQKLV,ENHRY,SYGVKD,AISDLVPNSPLH,VSDGGPNLY
4076,SSVPPY,YTSAATLV,AVSEREYGNKLV,SGHTA,FQGTGA,ASSLIVSSGGHNEQF,RAKFKQLL
4077,VSPFSN,MTFSENT,VVRMIKAAGNKLT,MNHEY,SMNVEV,ASSSLGGWTEAF,GILGFVFTL
4078,DSAIYN,IQSSQRE,AVTGYSTLT,MNHEY,SVGEGT,ASSPPTERRSEAF,HPVTKYIM
4079,TSINN,IRSNERE,ATVPGSQGNLI,SGHVS,FQNEAQ,ASSPRTGTTGELF,SPRWYFYYL
4080,TRDTTYY,RNSFDEQN,ALSEALGAAGNKLT,MDHEN,SYDVKM,ASSWTEGAYEQY,TTDPSFLGRY
4081,TSINN,IRSNERE,ATDAWNYGGSQGNLI,LNHDA,SQIVND,ASSTLPGGPDEQF,GILGFVFTL
4082,DSASNY,IRSNVGE,AAKEGYSTLT,SEHNR,FQNEAQ,ASSSAAAYEQY,RAKFKQLL
4083,TSESDYY,QEAYKQQN,AYRSPPSSEKLV,SNHLY,FYNNEI,ASSGGRVHPGTQY,GLCTLVAML
4084,ATGYPS,ATKADDK,ALRDYKLS,MDHEN,SYDVKM,ASQFILGGGETQY,YVLDHLIVV
4085,NSASQS,VYSSG,TTDSWGKFE,MDHEN,SYDVKM,ASSTGTGGPSGTGELF,DATYQRTRALVR
4086,DSAIYN,IQSSQRE,AVEWYGNKLV,LNHDA,SQIVND,ASSGPRPPRPYNEQ,YLQPRTFLL
4087,VSPFSN,MTFSENT,VVSRDDKII,MGHRA,YSYEKL,ASSQGQGQDYGYT,RAKFKQLL
4088,DRGSQS,IYSNGD,AADPGFQKLV,SNHLY,FYNNEI,ASGMSGGAENEQF,ELAGIGILTV
4089,SSYSPS,YTSAATLV,VVSLGGYNKLI,DFQATT,SNEGSKA,SARDRYNEQF,QMMVKAGL
4090,SSNFYA,MTLNGDE,AFHTSSAAGNKLT,LNHDA,SQIVND,ASSIFGGYEQY,GILGFVFTL
4091,VSGLRG,LYSAGEE,AVLESGGSNYKLT,SNHLY,FYNNEI,ASSEYRPPYEQY,NYNYLYRLF
4092,DRGSQS,IYSNGD,AVNADGQKLL,LNHDA,SQIVND,ASSIGQVGTEAF,LLLDRLNQL
4093,NSASDY,IRSNMDK,AENIGGGSQGNLI,LNHDA,SQIVND,ASSSRATDTQY,GILGFVFTL
4094,YGGTVN,YFSGDPLV,AVISYNTDKLI,LNHDA,SQIVND,ASRSSDPYEQY,VLFGLGFAI
4095,ATGYPS,ATKADDK,ALGGSQGNLI,MNHEY,SMNVEV,ASSYRDGGDEQY,TTDPSFLGRY
4096,VSGNPY,YITGDNLV,AVRGYGNKLV,LGHNA,YSLEER,ASSQVPPGQGTDTQY,GPRLGVRAT
4097,NSMFDY,ISSIKDK,AARQFNAGNMLT,SGHRS,YFSETQ,ASSLDVAGGLDTQY,VSDGGPNLY
4098,NIATNDY,GYKTK,LVGLYQEAGNNRKLI,SGHTA,FQGNSA,ASSLEVAAGGGDTQY,CINGVCWTV
4099,TSENNYY,QEAYKQQN,AFMPPYNTDKLI,SGHNS,FNNNVP,ASSFSGNTGELF,RAKFKQLL
4100,YGGTVN,YFSGDPLV,AVKDTDKLI,GTSNPN,SVGIG,AWSRTPSYNEQF,YVLDHLIVV
4101,ATGYPS,ATKADDK,ARRDSGGSYIPT,SGHVS,FQNEAQ,ASSLSGSSGTNEQF,GILGFVFTL
4102,DSSSTY,IFSNMDM,AEDNNARLM,DFQATT,SNEGSKA,SARIYGGGEVGNTIY,GLCTLVAML
4103,NSMFDY,ISSIKDK,AASGGSNYKLT,GTSNPN,SVGIG,AWGVLFIGRGVGDYGYT,VLFGLGFAI
4104,DSAIYN,IQSSQRE,AALITQGGSEKLV,SGDLS,YYNGEE,ASSPLRGVYYNEQF,NLVPMVATV
4105,TISGTDY,GLTSN,ILSESNFGNEKLT,SEHNR,FQNEAQ,ASSGDSSGNTIY,GILGFVFTL
4106,YGGTVN,YFSGDPLV,AVKGPRDDMR,MNHNY,SVGAGI,ASRYTGGTETQY,YVLDHLIVV
4107,VSPFSN,MTFSENT,VVSVYNNDMR,SGDLS,YYNGEE,ASNAGGPAYNEQF,NQKLIANQF
4108,YGGTVN,YFSGDPLV,AVSLLNSGGSNYKLT,SQVTM,ANQGSEA,SVGQGWPYEQY,LTDEMIAQY
4109,SSYSPS,YTSAATLV,VVSDTAGNQFY,LNHDA,SQIVND,ASSIFAGSNQPQH,GILGFVFTL
4110,NSAFQY,TYSSGN,TQGGSEKLV,LGHDT,YNNKEL,ASSGRDRGLPEAF,LLAGIGTVPI
4111,DRGSQS,IYSNGD,AVTWGGKLIFG,MDHEN,SYDVKM,ASSFQGLGTEAFFG,ELAGIGILTV
4112,DSASNY,IRSNVGE,AATETSYDKVI,SEHNR,FQNEAQ,ASSPLGKQETQY,RAKFKQLL
4113,DSASNY,IRSNVGE,AYGGSQGNLI,SGHNS,FNNNVP,ASSFSGNTGELF,RAKFKQLL
4114,TSDPSYG,QGSYDQQN,AMRDEDYKLS,WNHNN,SYGVQD,ASSDSGRGQSETQY,RGPGRAFVTI
4115,NSAFQY,TYSSGN,AMSLSNFGNEKLT,SGHRS,YFSETQ,ASSYETDRGGSEQY,LLAGIGTVPI
4116,DRGSQS,IYSNGD,AVGRDTGGFKTI,LNHDA,SQIVND,ASSIFGAGELF,GILGFVFTL
4117,NSAFQY,TYSSGN,AMSISNFGNEKLT,SGDLS,YYNGEE,ASSDTGTSGFEAKNIQY,LLAGIGTVPI
4118,VGISA,LSSGK,ALPIFGNQFY,LNHDA,SQIVND,ASSTGVYGYT,GILGFVFTL
4119,NSASQS,VYSSG,VVNKEDRLM,GTSNPN,SVGIG,AFGQQNTGELF,YLQPRTFLL
4120,TRDTTYY,RNSFDEQN,ALSESNSGNTPLV,SGDLS,YYNGEE,ASSVDPAQETQY,GILGFVFTL
4121,NSAFQY,TYSSGN,AMSARMDSSYKLI,SEHNR,FQNEAQ,ASSLRGEGTPWGDEQF,TPRVTGGGAM
4122,DRGSQS,IYSNGD,AVSSTDKLI,DFQATT,SNEGSKA,SAPLAGGPNEQF,LLWNGPMAV
4123,DSASNY,IRSNVGE,AASETSYDKVI,MNHNS,SASEGT,ASRPLGGEQY,RAKFKQLL
4124,VSGNPY,YITGDNLV,AVRDGDSGGYQKVT,SGHDY,FNNNVP,ASSLLAGPNTGELF,PTDNYITTY
4125,SSNFYA,MTLNGDE,ACPPGDYKLS,SGHVS,FQNEAQ,ASSLDIPSYNEQF,NLVPMVATV
4126,TISGTDY,GLTSN,SSGSARQLT,SGDLS,YYNGEE,ASSEEDGPQH,CTELKLSDY
4127,NSASQS,VYSSG,VVTASNFGNEKLT,SNHLY,FYNNEI,ASSDVSTEAF,LLAGIGTVPI
4128,DSASNY,IRSNVGE,AASETSYDKVI,SGHNS,FNNNVP,ASQPHGTGDHEQY,RAKFKQLL
4129,VSNAYN,GSKP,AVDRRMDSSYKLI,SEHNR,FQNEAQ,ASSFRQGAHTGELF,TPRVTGGGAM
4130,NSASDY,IRSNMDK,AENTGGFKTI,GTSNPN,SVGIG,AWRGDRDHSTDTQY,YLQPRTFLL
4131,VSGNPY,YITGDNLV,AVRDHNKLS,MDHEN,SYDVKM,ASSGPGTGDGWAEAF,FTSDYYQLY
4132,YSGSPE,HISR,ALSGAAGNKLT,DFQATT,SNEGSKA,SARDRTGNGYT,GLCTLVAML
4133,TSINN,IRSNERE,ATDTSRDDKII,DFQATT,SNEGSKA,SARPWDRGRVTNEKLF,GILGFVFTL
4134,TSENNYY,QEAYKQQN,AFMKGAGGTSYGKLT,LNHDA,SQIVND,ASSPTSNTEAF,GILGFVFTL
4135,NSAFQY,TYSSGN,AMTPGAGNMLT,SNHLY,FYNNEI,ASPPLQEGGAGANVLT,LLAGIGTVPI
4136,TISGTDY,GLTSN,ILRDRGFKTI,LNHDA,SQIVND,ASSIMALGRSEAF,RAKFKQLL
4137,TSGFYG,NALDGL,ALAGGGNKLT,MNHNY,SVGAGI,ASSGQGNYEQY,SPRWYFYYL
4138,ATGYPS,ATKADDK,ALMRYSTLT,LNHDA,SQIVND,ARRPLLAPQGYAQY,GILGFVFTL
4139,DRGSQS,IYSNGD,AVADDKII,MGHRA,YSYEKL,ASSQGTGGEQY,GILGFVFTL
4140,TISGTDY,GLTSN,ILRETSYDKVI,LNHDA,SQIVND,ASSYHSNQPQH,GILGFVFTL
4141,KALYS,LLKGGEQ,GTERSGGYQKVT,LNHDA,SQIVND,ASSMSAMGTEAF,FEDLRLLSF
4142,TSENNYY,QEAYKQQN,AYRSQGGSEKLV,MGHRA,YSYEKL,ASSQDGIGLFTEAF,GILGFVFTL
4143,VSGNPY,YITGDNLV,AVRAPPWAAPII,SGHVS,FNYEAQ,ASSLGGGEGASEQF,FLRGRAYGL
4144,SSNFYA,MTLNGDE,AFIIVERDDKII,MGHRA,YSYEKL,ASSQDGQGLTGELF,CTELKLSDY
4145,TSESDYY,QEAYKQQN,AYRSANNYQLI,MNHEY,SMNVEV,ASSLYGSSYNEQF,HPNGYKSLSTL
4146,NSAFQY,TYSSGN,AMSLSNFGNEKLT,SGHTA,FQGNSA,ASSLAGGEDTGELF,LLAGIGTVPI
4147,TSDPSYG,QGSYDQQN,AMTGNYGQNFV,MNHNY,SVGAGI,ASSPGAGGDTQY,GILGFVFTL
4148,TSINN,IRSNERE,ATEARMDSSYKLI,SEHNR,FQNEAQ,ASSFRTGGRYEQY,TPRVTGGGAM
4149,VSGLRG,LYSAGEE,AVHTGGFKTI,SGHNT,YYREEE,ASSKEAETEY,YVLDHLIVV
4150,TSINN,IRSNERE,ATEGNSGYSTLT,MNHEY,SVGAGI,ASSYQGGGSYGYT,FLYALALLL
4151,VSPFSN,MTFSENT,VVSRYGYSGGGADGLT,SGHNS,FNNNVP,ASSFLDRGPNTEAF,RAKFKQLL
4152,NTAFDY,IRPDVSE,AAHSGNTPLV,MNHEY,SMNVEV,ASSQTETSYEQY,KSKRTPMGF
4153,TRDTTYY,RNSFDEQN,ALSNAKTSYDKVI,DFQATT,SNEGSKA,SARPGQFYSNQPQH,FEDLRVLSF
4154,KALYS,LLKGGEQ,GPEEPNDYKLS,SQVTM,ANQGSEA,SVEGGGYNEQF,GLCTLVAML
4155,TISGNEY,GLKNN,IVRVFNDYKLS,SEHNR,FQNEAQ,ASSLVTGNQPQH,GPRLGVRAT
4156,DRGSQS,IYSNGD,AVNKGRETARQLT,LNHDA,SQIVND,ASSMTSGSYNEQF,LLLDRLNQL
4157,DRGSQS,IYSNGD,AVKNTDKLI,SNHLY,FYNNEI,ASSDSPLSGSPLH,ELAGIGILTV
4158,TSINN,IRSNERE,ATEGASGGSYIPT,LNHDA,SQIVND,ASSGRAAYEQY,GILGFVFTL
4159,TTSDR,LLSNGAV,AVDSNAGKST,SGHNT,YYREEE,ASSLSFGGEKAF,ALWEIQQVV
4160,DRGSQS,IYSNGD,AVNRSSYGKLT,MNHEY,SVGAGI,ASNPGLAGGPHEQY,LLFGYPVYV
4161,ATGYPS,ATKADDK,APAIGAGSYQLT,LNHNV,YYDKDF,ATSSRQGVYGYT,TPRVTGGGAM
4162,TSENNYY,QEAYKQQN,AFMKGAGGTSYGKLT,MNHEY,SVGAGI,ASQGVSYNSPLH,GILGFVFTL
4163,NSASQS,VYSSG,VVNDAAAGNKLT,LNHNV,YYDKDF,ASQGLNTGELF,YLQPRTFLL
4164,DRGSQS,IYSNGD,ALTSYGQNFV,LGHDT,YNNKEL,NYGYT,RPIIRPATL
4165,VGISA,LSSGK,AVESYNTDKLI,MNHEY,SMNVEV,ASTPWGAEAF,QYIKWPWYI
4166,TRDTTYY,RNSFDEQN,ALSEAGNTGFQKLV,MDHEN,SYDVKM,ASSPIETAKNIQY,SPRWYFYYL
4167,SSVSVY,YLSGSTLV,AVTNGGATNKLI,LGHDT,YNNKEL,ASSQWGRPQETQY,QMMVKAGL
4168,DSSSTY,IFSNMDM,AEIGDDKII,LNHNV,YYDKDF,ATTVPGLAYNEQF,YLQPRTFLL
4169,DRGSQS,IYSNGD,AVNADDKII,SEHNR,FQNEAQ,ASSPDILHT,YLQPRTFLL
4170,TISGNEY,GLKNN,IVRGNGSGGSNYKLT,SGDLS,YYNGEE,ASSTGGGELF,LTDEMIAQY
4171,DRGSQS,IYSNGD,AVEADKLI,SGDLS,YYNGEE,ASNGAGGYEQY,LLWNGPMAV
4172,SSVPPY,YTSAATLV,AVKWSSNYKLT,SQVTM,ANQGSEA,SVGSGDHGEQF,RAKFKQLL
4173,DSSSTY,IFSNMDM,AETQDSNYQLI,SGHNS,FNNNVP,ASSSSSTGELF,RAKFKQLL
4174,DSSSTY,IFSNMDM,AENHKEGKLI,LNHDA,SQIVND,ASSIRSSYEQY,GILGFVFTL
4175,TSDPSYG,QGSYDQQN,AMRDLVDTGNQFY,MNHEY,SVGAGI,ASSFKGAEGYT,LLAGIGTVPI
4176,NSMFDY,ISSIKDK,AAGAGTASKLT,PRHDT,FYEKMQ,ASSSDLGGGTDTQY,TTDPSFLGRY
4177,TSESDYY,QEAYKQQN,AYVQGAQKLV,MGHRA,YSYEKL,ASSQELKESYEQY,RPPIFIRRL
4178,NSAFQY,TYSSGN,AMSEHNTDKLI,LGHDT,YNNKEL,ASSPLGGQEDTQY,RAKFKQLL
4179,YGGTVN,YFSGDPLV,AVKDTDKLI,SGHVT,SQSDAQ,ASRFVCDKVGAF,YVLDHLIVV
4180,KTLYG,LQKGGEE,GADGNFNKFY,MNHEY,SVGAGI,ASSQWGQGRETQY,LLDFVRFMGV
4181,DRGSQS,IYSNGD,AFSNTGNQFYFG,LNHDA,SQIVND,ASSRRSSGELFFG,ELAGIGILTV
4182,YGGTVN,YFSGDPLV,AVNGFDMR,SGHDN,FVKESK,ASSQDMGWGTDTQY,FLASKIGRLV
4183,NSASQS,VYSSG,VVAISNFGNEKLT,SGDLS,YYNGEE,ASSVRASNQPQH,LLAGIGTVPI
4184,TSENNYY,QEAYKQQN,AFMKTNRDDKII,MNHEY,SVGEGT,ASSYSMVAGGYTGELF,LLFGYPVYV
4185,NSAFQY,TYSSGN,AMSLSNFGNEKLT,MNHEY,SVGAGI,ASSYAGTPGLNEQF,LLAGIGTVPI
4186,NSASQS,VYSSG,VGGGADGLT,SGHDY,FNNNVP,ASSLGAGGSGEQY,TTDPSFLGRY
4187,NTAFDY,IRPDVSE,AASARSMDSNYQLI,LNHDA,SQIVND,ASSIHGANQPQH,GILGFVFTL
4188,SVFSS,VVTGGEV,AGGGSQGNLI,MNHEY,SVGEGT,ASGMTGLTSEQY,GILGFVFTL
4189,ATGYPS,ATKADDK,ALSPDAGGTSYGKLT,LNHDA,SQIVND,ASSIGWHGYT,GILGFVFTL
4190,DRGSQS,IYSNGD,APNSGGGADGLT,LGHNT,FRNRAP,ASGKLAGVLSEQF,ELAGIGILTV
4191,DRGSQS,IYSNGD,AVNNGQNFV,MNHNY,SVGAGI,ASSYSTTAPSTDTQY,ELAGIGILTV
4192,TISGTDY,GLTSN,NYGGSQGNLI,LGHDT,YNNKEL,ASSPVSGSTYEQY,GLCTLVAML
4193,TISGNEY,GLKNN,IVRFHPIQGAQKLV,LNHDA,SQIVND,ASSMGSYGYT,GILGFVFTL
4194,DRGSQS,IYSNGD,AVTDSSASKII,SNHLY,FYNNEI,ASSSGNIYEQY,ALAGIGILTV
4195,DSASNY,IRSNVGE,AASLPDSWGKFQ,SQVTM,ANQGSEA,SVGKQGSYNEQF,TDLGQNLLY
4196,DRGSQS,IYSNGD,AVNLPNDMR,LNHDA,SQIVND,ASSIGGRDIQY,GILGFVFTL
4197,TRDTTYY,RNSFDEQN,ALSEAYGNQGGKLI,SGDLS,YYNGEE,ASSASGGPFNEQF,QAKWRLQTL
4198,VSGNPY,YITGDNLV,AVREGSGGYQKVT,SGHRS,YFSETQ,ASSFAGPYNEQF,RTATKQYNV
4199,TSENNYY,QEAYKQQN,AFSEGAGGTSYGKLT,LNHDA,SQIVND,ASSTGIIGYT,GILGFVFTL
4200,DSAIYN,IQSSQRE,AVKDGGSQGNLI,SEHNR,FQNEAQ,ASSFDSQLYEQY,ATDALMTGF
4201,SVFSS,VVTGGEV,AGGHGGSQGNLI,LNHDA,SQIVND,ASSTRSTGELF,NLVPMVATV
4202,NSAFQY,TYSSGN,AMTLSNFGNEKLT,SGHRS,YFSETQ,ASSLAGEAFVTQY,LLAGIGTVPI
4203,NSAFQY,TYSSGN,AMSASNFGNEKLT,SGHDN,FVKESK,ASSQGVPGTEAF,LLAGIGTVPI
4204,NSASQS,VYSSG,VVTHDKII,LGHNA,YSLEER,ASSPSGGTAYEQY,LLWNGPMAV
4205,DSASNY,IRSNVGE,APPS,MNHEY,SVGEGT,ASSWGQGSPLH,ELAGIGILTV
4206,TSINN,IRSNERE,ATDADNFNKFY,PRHDT,FYEKMQ,ASSLQNQETQY,RTATKAYNV
4207,DRGSQS,IYSNGD,AVMNARLM,LNHNV,YYDKDF,ATSYERNTEAF,LLWNGPMAV
4208,SSNFYA,MTLNGDE,ARSTDSWGKLQ,SGHVS,FNYEAQ,ASTPEGSYNEQ,LLWNGPMAV
4209,NSAFQY,TYSSGN,SNFGNEKLT,MDHEN,SYDVKM,ASSFPRAVRTSYNEQF,LLAGIGTVPI
4210,NSAFQY,TYSSGN,AMSGSNFGNEKLT,PRHDT,FYEKMQ,ASSSKTAEKLF,LLAGIGTVPI
4211,DRGSQS,IYSNGD,AVAIFGNVLH,DFQATT,SNEGSKA,SARQGAEAF,ELAGIGILTV
4212,NSASDY,IRSNMDK,ADLLNFGNEKLT,SNHLY,FYNNEI,ASGPGRGLSLGNQPQH,RPHERNGFTVL
4213,NTAFDY,IRPDVSE,AAGGGAWLARIS,LNHDA,SQIVND,ASSIHGANQPQH,GILGFVFTL
4214,DRGSQS,IYSNGD,AVMDDKII,LGHDT,YNNKEL,ASSQEVAYEQY,LLWNGPMAV
4215,NTAFDY,IRPDVSE,AASQISDGQKLL,MNHEY,SVGAGI,ASSYQPGVATNEKLF,ALWEIQQVV
4216,VSGNPY,YITGDNLV,AVRDSRDSSYKLI,SEHNR,FQNEAQ,ASSPSDSLVNEQF,TPRVTGGGAM
4217,NSMFDY,ISSIKDK,AASEGQKLL,SGHDY,FNNNVP,ASTLDILGYT,TTDPSFLGRY
4218,DSAIYN,IQSSQRE,AVRTSGTYKYI,SGHTA,FQGNSA,ASSEGITSNQPQH,LTDEMIAQY
4219,NSAFQY,TYSSGN,AMSISNFGNEKLT,MDHEN,SYDVKM,ASSLKAYREMRSSGANVLT,LLAGIGTVPI
4220,DRGSQS,IYSNGD,AVMDDMR,SEHNR,FQNEAQ,SYNSPLH,LLAGIGTVPI
4221,DRGSQS,IYSNGD,AVNTDSWGKLQ,SGHKS,YYEKEE,ASSGPGGVDEQY,RAKFKQLL
4222,YGGTVN,YFSGDPLV,AVKDTDKLI,LNHDA,SQIVND,ASSLPGLNYGYT,YVLDHLIVV
4223,VSGLRG,LYSAGEE,AVHPNQAGTALI,SGHKS,YYEKEE,ASSPGTDYGYT,DATYQRTRALVR
4224,NSASQS,VYSSG,VVTILSLNAGGTSYGKLT,MGHRA,YSYEKL,ASSETGGYEQY,NYNYLYRLF
4225,TRDTTYY,RNSFDEQN,ALSNSGYALN,SEHNR,FQNEAQ,ASSLRDTATNEKLF,ALWEIQQVV
4226,NSMFDY,ISSIKDK,AASAGGGKLI,SNHLY,FYNNEI,ASMGTGPQLSGNTIY,TPRVTGGGAM
4227,TSENNYY,QEAYKQQN,AFMPGAGGTSYGKLT,LNHDA,SQIVND,ASSFGSYGYT,GILGFVFTL
4228,TSDPSYG,QGSYDQQN,AMSAGLEYGNKLV,KGHDR,SFDVKD,ATSERGQGAHQETQY,QYIKWPWYI
4229,TSINN,IRSNERE,ATEIRMDSSYKLI,SEHNR,FQNEAQ,ASSSRDLGNNEQF,TPRVTGGGAM
4230,DRGSQS,IYSNGD,AVSTGGGADGLT,MNHEY,SVGAGI,ASTPGQGGSPLH,ELAGIGILTV
4231,TRDTTYY,RNSFDEQN,ALSEERGSQGNLI,SGHDT,YYEEEE,ASSLRDGSEAF,RAKFKQLL
4232,TSINN,IRSNERE,VLASGGSYIPT,SGHNS,FNNNVP,ASLAGVRTDTQY,NLVPMVATV
4233,DRGSQS,IYSNGD,AVKNAGNKLT,SGHTA,FQGNSA,ASSLNDFYEQY,ELAGIGILTV
4234,NYSPAY,IRENEKE,ALDSNAGGTSYGKLT,LNHDA,SQIVND,ASSTGAWGYT,GILGFVFTL
4235,SVFSS,VVTGGEV,AGGGSQGNLI,SGDLS,YYNGEE,ASSYTGTEAF,GILGFVFTL
4236,NIATNDY,GYKTK,LVGASNTGNQFY,LGHDT,YNNKEL,ASSQEAGAWGEQY,CINGVCWTV
4237,TSENNYY,QEAYKQQN,AFMKGAGGTSYGKLT,MNHNS,SASEGT,ASSEEAGEYNEQF,GILGFVFTL
4238,SSNFYA,MTLNGDE,ALWGGSNYKLT,LNHDA,SQIVND,ASCSLSSQPQH,GILGFVFTL
4239,TSENNYY,QEAYKQQN,AFLDQGGSEKLV,SEHNR,FQNEAQ,ASRQEGRPMNTEAF,RPIIRPATL
4240,KALYS,LLKGGEQ,GTDPLGYGGSQGNLI,LNHDA,SQIVND,ASSARSSDTQY,GILGFVFTL
4241,TSINN,IRSNERE,ATVSFSGSARQLT,MDHEN,SYDVKM,ASSTLNKGGWDEQF,SPRWYFYYL
4242,DSSSTY,IFSNMDM,AEDYGGSQGNLI,LNHDA,SQIVND,ASSARSADTQY,GILGFVFTL
4243,SVFSS,VVTGGEV,SGTPGLPRDDKII,MGHRA,YSYEKL,ASSYDRGPREGYT,NLVPMVATV
4244,TSINN,IRSNERE,AGQVAGNNRKLI,SGHNS,FNNNVP,ASSFSGSDSYEQY,RAKFKQLL
4245,VSGNPY,YITGDNLV,AVRDTTWADKII,SGHVS,FNYEAQ,ASSLGGGEGASEQF,FLRGRAYGL
4246,TRDTTYY,RNSFDEQN,ALSESAGGTSYGKLT,SGHDN,FVKESK,ASSQEGGSAGFTDTQY,CINGVCWTV
4247,TSINN,IRSNERE,ALWGSGYSTLT,MNHEY,SVGEGT,ASSYPGMDEQY,NLVPMVATV
4248,YGATPY,YFSGDTLV,AVGPMEYGNKLV,SGHNS,FNNNVP,ASSFSGNTGELF,RAKFKQLL
4249,VSPFSN,MTFSENT,VVSRGGGYQKVT,MDHEN,SYDVKM,ASSRPPGPSGSIFYNEQF,FTSDYYQLY
4250,TSENNYY,QEAYKQQN,AFHSWGKLQ,DFQATT,SNEGSKA,SARATGQDSNTEAF,RPHERNGFTVL
4251,TSDPSYG,QGSYDQQN,AMRGYTGTASKLT,LNHDA,SQIVND,ASGQGAF,GILGFVFTL
4252,TISGTDY,GLTSN,ILREGFGNVLHCFGNVLH,LNHDA,SQIVND,ASSMRSGSEQF,GILGFVFTL
4253,DSAIYN,IQSSQRE,AARPS,LNHDA,SQIVND,ASSIRSSYEQY,GILGFVFTL
4254,TSDPSYG,QGSYDQQN,AMRDMNRDDKII,LGHNA,YSLEER,ASSQVRKGGALGNIQY,VYFLQSINF
4255,DSSSTY,IFSNMDM,ACNTGNQFY,MNHEY,SMNVEV,ASSLASNQPQH,LTDEMIAQY
4256,SVFSS,VVTGGEV,AGVQNAGGTSYGKLT,MGHRA,YSYEKL,ASSQDPVARYEQY,SPRWYFYYL
4257,NSMFDY,ISSIKDK,AASTRDSGYALN,MGHRA,YSYEKL,ASSQDSIWTLVQETQY,RTATKQYNV
4258,DSSSTY,IFSNMDM,AESPLDSSYKLI,SEHNR,FQNEAQ,ASSLAGEFRDKAF,KSKRTPMGF
4259,NYSPAY,IRENEKE,ALDMGGGSQGNLI,LNHDA,SHIVND,ASSIRAADTQY,GILGFVFTL
4260,ATGYPS,ATKADDK,ALSPSADYGNNRLA,LNHDA,SQIVND,ASSITQDTEAF,GILGFVFTL
4261,NSMFDY,ISSIKDK,AAWGGDTPLV,KGHDR,SFDVKD,ATSDLANTEAF,YLQPRTFLL
4262,DSASNY,IRSNVGE,AASETSYDKVI,ENHRY,SYGVKD,AISGGTSRDTEAF,RAKFKQLL
4263,YSGSPE,HISR,GRGGNNRKLI,MGHDK,SYGVNS,ASSPLTSAAYEQY,SPRWYFYYL
4264,TSINN,IRSNERE,ATASYNTDKLI,SGDLS,YYNGEE,ASSVAPTGDTDTQY,GPRLGVRAT
4265,VSPFSN,MTFSENT,VGYTNAGKST,SEHNR,FQNEAQ,ASTTGLAGTDTQY,RAKFKQLL
4266,SVFSS,VVTGGEV,AGAPVWNNDMR,SGDLS,YYNGEE,ASSVGGQGYNEQF,LLWNGPMAV
4267,DSASNY,IRSNVGE,AASETSYDKVI,SGHNS,FNNNVP,ASRSNREGDQPQH,RAKFKQLL
4268,TTLSN,LVKSGEV,AGLVGTSYGKLT,LNHDA,SQIVND,AGSPFGGAYEQY,GILGFVFTL
4269,NSAFQY,TYSSGN,AMSARRLQNY,SGDLS,YYNGEE,ASSVEGLAGSPSGGELF,EPLPQGQLTAY
4270,NSASQS,VYSSG,VVNRADGLT,SEHNR,FQNEAQ,VRGEANTGELF,YLQPRTFLL
4271,TSDPSYG,QGSYDQQN,AMRDGGGSQGNLI,LNHDA,SQIVND,ASSIRSGAEQY,GILGFVFTL
4272,TISGTDY,GLTSN,ILSESNNNDMR,MGHRA,YSYEKL,ASSQVTSGAQF,RAKFKQLL
4273,SIFNT,LYKAGEL,AGKNYGGSQGNLI,SNHLY,FYNNEI,ASSPFPSTDTQY,FLASKIGRLV
4274,TSESDYY,QEAYKQQN,AYRTPYGGSQGNLI,DFQATT,SNEGSKA,SARPRESSNQPQH,ATDALMTGF
4275,TSESDYY,QEAYKQQN,AYQWGGDMR,LGHDT,YNNKEL,ASSQVFGTPTPQH,VLEETSVML
4276,TSINN,IRSNERE,ASTGTASKLT,SGDLS,YYNGEE,ASSVGTSDTDTQY,GPRLGVRAT
4277,TSGFYG,NALDGL,AVRDASGAAGNKLT,LNHDA,SQIVND,ASSAPDRGNTEAF,YLQPRTFLL
4278,DSASNY,IRSNVGE,AASETSYDKVI,SGHNS,FNNNVP,ASIPKQENTIY,RAKFKQLL
4279,SVFSS,VVTGGEV,AGPGDGGSQGNLI,SGHNS,FNNNVP,ASSLWGDYEQY,GILGFVFTL
4280,TRDTTYY,RNSFDEQN,ALALIQGAQKLV,LNHDA,SQIVND,ASSPGGMNTEAF,GILGFVFTL
4281,NSASQS,VYSSG,VVNEDNDMR,MNHNS,SASEGT,AEQDLNTGELF,YLQPRTFLL
4282,TSDPSYG,QGSYDQQN,AMRDSQGGSEKLV,MNHEY,SVGEGT,ASSYGLEQF,GILGFVFTL
4283,DRGSQS,IYSNGD,AVRAAGNKLT,MNHNY,SVGAGI,ASRSATYTYEQY,YVLDHLIVV
4284,TISGNEY,GLKNN,IVRDMEYGNKLV,SGHTA,FQGTGA,ASSLVVSGGGYNEQF,RAKFKQLL
4285,DRGSQS,IYSNGD,AVNTGFQKLV,MNHEY,SMNVEV,ASSLSGNEQF,ELAGIGILTV
4286,DSAIYN,IQSSQRE,AVSGDYKLS,SGDLS,YYNGEE,ASSSRWGYEQY,GILGFVFTL
4287,VSGNPY,YITGDNLV,AVRRHQAGTALI,SQVTM,ANQGSEA,SARAPNTGELF,CTELKLSDY
4288,DSAIYN,IQSSQRE,AVMTTDSWGKLQ,SGHRS,YFSETQ,ASSLEGFTEGEQY,TDLGQNLLY
4289,KALYS,LLKGGEQ,GTTNRDDKII,SGHRS,YFSETQ,ASSPSSGAVDEQF,RTLNAWVKV
4290,SVFSS,VVTGGEV,SYGGSQGNLI,DFQATT,SNEGSKA,SAKEGPTGGYGYT,GILGFVFTL
4291,TSINN,IRSNERE,ATVSRMDSSYKLI,SEHNR,FQNEAQ,ASSLIGVSGSNEQF,TPRVTGGGAM
4292,SIFNT,LYKAGEL,AGSDFQGAQKLV,SGHRS,YFSETQ,ASSLAGGGEQY,YVLDHLIVV
4293,DRGSQS,IYSNGD,AVSGGYQKVT,SGHVS,FQNEAQ,ASSPLGGNTIY,ELAGIGILTV
4294,TSESDYY,QEAYKQQN,AYRGFYGGATNKLI,SGHDN,FVKESK,ASSRSDREMFNYGYT,CINGVCWTV
4295,TSGFNG,NVLDGL,AVPSGPPPLV,SGHDN,FVKESK,ASSQVNNPGDGYT,QAKWRLQTL
4296,TSDPSYG,QGSYDQQN,AMREGRSDYKLS,SGDLS,YYNGEE,ASSAAGRINQPQH,HPVTKYIM
4297,TSENNYY,QEAYKQQN,AFGHGSSNTGKLI,LNHDA,SQIVND,ASSMVGGSYNEQF,GILGFVFTL
4298,TSINN,IRSNERE,ATDESNARLM,SGHAT,FQNNGV,ASSLIRTWDEQY,QMMVKAGL
4299,TSGFNG,NVLDGL,AVNSGNTPLV,SGHDN,FVKESK,ASSPVNNPGDGYT,QAKWRLQTL
4300,SSVSVY,YLSGSTLV,AVSDGEGAPKLV,SGHTA,FQGTGA,ASSLTVLAGPNTEAF,RAKFKQLL
4301,DSAIYN,IQSSQRE,AVVSHCGDALN,SGHTA,FQGTGA,ASSSGGNVDTQY,GLCTLVAML
4302,TSINN,IRSNERE,ATVDSSYKLI,LNHDA,SQIVND,ASSIVSGSYNEQF,GILGFVFTL
4303,NIATNDY,GYKTK,LVGLYSDGQKLL,MNHNS,SASEGT,ASSELTGGGYEQY,DATYQRTRALVR
4304,DRGSQS,IYSNGD,AVGTAWRSGGGADGLTFG,LNHDA,SQIVND,ASSRRSSGELFFG,ELAGIGILTV
4305,SSVPPY,YTSAATLV,AVRFEAGTALI,MNHEY,SMNVEV,ASSYSSLDEKL,GLCTLVAML
4306,TSGFNG,NVLDGL,AVRDWASDKLI,MNHEY,SMNVEV,ASTEEGRGANVLT,IPSINVHHY
4307,DRGSQS,IYSNGD,AVIEGAQKLV,SGDLS,YYNGEE,ASSPQSRVYEQY,LLLDRLNQL
4308,TSESDYY,QEAYKQQN,AYRSGTGGGADGLT,SGDLS,YYNGEE,ASSFTDGPYEQY,GILGFVFTL
4309,NSMFDY,ISSIKDK,PGGSQGNLI,LNHDA,SHIVND,ASSIGVYGYT,GILGFVFTL
4310,TSINN,IRSNERE,ATDLQGAQKLV,SGDLS,YYNGEE,ASSVGGVGYNEQF,LLWNGPMAV
4311,TRDTTYY,RNSFDEQN,ALSGALYNFNKFY,DFQATT,SNEGSKA,SARSARGTDTQY,LPRWYFYYL
4312,SSNFYA,MTLNGDE,ASNTGNQFY,MNHEY,SVGAGI,ASSPITGTGIYGYT,NLVPMVATV
4313,DSASNY,IRSNVGE,AYGGDTGFQKLV,SGHRS,YFSETQ,ASSFSAGGPGTGELF,RAKFKQLL
4314,NTAFDY,IRPDVSE,AAKYSAEDNDYKLS,LNHDA,SQIVND,ASSGRSTDTQY,GILGFVFTL
4315,TSINN,IRSNERE,ATVGNSGYSTLT,MNHNS,SASEGT,ARRPLGGADGYT,FLYALALLL
4316,SVFSS,VVTGGEV,AGAHGRSQGNLI,LNHDA,SQIVND,ASRSSSASEAF,GILGFVFTL
4317,VSGNPY,YITGDNLV,NNNARLM,MNHEY,SMNVEV,ASSLSVSEFYNEQF,YVLDHLIVV
4318,VSNAYN,GSKP,AVPGRGYQKVT,SNHLY,FYNNEI,ASSEWGATEAF,TTDPSFLGRY
4319,YGGTVN,YFSGDPLV,AVRGSQGNLI,LGHDT,YNNKEL,ASSQVITINEQF,YVLDHLIVV
4320,DRGSQS,IYSNGD,AVSDYKLS,SQVTM,ANQGSEA,SVGGGGAGVETQY,LLWNGPMAV
4321,NSAFQY,TYSSGN,AILQGAQKLV,LNHDA,SQIVND,ASSLVSGELF,ALWEIQQVV
4322,VSPFSN,MTFSENT,VVSPMDDYKLS,SGDLS,YYNGEE,ASSVGGNSNEKLF,GILGFVFTL
4323,DRGSQS,IYSNGD,AVLWGAQKLV,SGHDN,FVKESK,ASSQVAYEQY,LLLDRLNQL
4324,DSAIYN,IQSSQRE,AVHGYGQNFV,SGHNS,FNNNVP,ASSFSGNTGELF,RAKFKQLL
4325,DSSSTY,IFSNMDM,AEEGSQGNLI,LNHDA,SQIVND,ASSPRSNIEQF,GILGFVFTL
4326,TTLSN,LVKSGEV,AGLGDSGGSNYKLT,LGHDT,YNNKEL,ASSQDHRVMRLDAGELF,VLFGLGFAI
4327,NSASDY,IRSNMDK,AENGGGGADGLT,SGHNS,FNNNVP,ASSFSGNTGELF,RAKFKQLL
4328,ATGYPS,ATKADDK,APSWNYGGSQGNLI,SGHVS,FQNEAQ,ASSDGQGTRDIQY,TTDPSFLGRY
4329,NYSPAY,IRENEKE,ALDRGGFKTI,MNHEY,SMNVEV,ASSFDLRGGVDGYT,RAKFKQLL
4331,SVFSS,VVTGGEV,AGGGSQGNLI,LNHDA,SQIVND,ASSIMALGRSEAF,GILGFVFTL
4332,TISGTDY,GLTSN,ILPHAIYGSSNTGKLI,LNHDA,SQIVND,ASSVRSTDTQY,GILGFVFTL
4333,NSMFDY,ISSIKDK,AARGKNAGNMLT,SGHNS,FNNNVP,ASSYPGQQETQY,KSKRTPMGF
4334,VSGNPY,YITGDNLV,AVCDSRWVVKI,SGHVS,FNYEAQ,ASSLGGGEGASEQF,FLRGRAYGL
4335,DSSSTY,IFSNMDM,AEAANQAGTALI,SGHDN,FVKESK,ASSQSPGGTQY,GLCTLVAML
4336,NSASQS,VYSSG,VVNSLNQAGTALI,MNHEY,SVGAGI,ASSPSGGEVFGEKLF,ELAGIGILTV
4337,TISGTDY,GLTSN,ILRDSAGGTSYGKLT,LGHNA,YSLEER,ASNHGRGFQETQY,FLRGRAYGL
4338,DRGSQS,IYSNGD,AAPIYNQGGKLI,SGDLS,YYNGEE,ASSVGLAGVGGETQY,LLLDRLNQL
4339,TSDPSYG,QGSYDQQN,AMREHTSGTYKYI,MNHNY,SVGAGI,ASSDSLVRGYQETQY,CINGVCWTV
4340,NSAFQY,TYSSGN,AMSLSNFGNEKLT,SGDLS,YYNGEE,ASSVGGTGDHGYT,LLAGIGTVPI
4341,TSESDYY,QEAYKQQN,AYRSLYNNNDMR,SNHLY,FYNNEI,ASRTGISNTGELF,ATDALMTGF
4342,DSASNY,IRSNVGE,AASESSNDYKLS,MGHRA,YSYEKL,ASSPGTDYGYT,RAKFKQLL
4343,TSINN,IRSNERE,ATDAGDRDDKII,MNHEY,SMNVEV,ASSLYPTEWY,GLCTLVAML
4344,NSASQS,VYSSG,VVNRVENSGYSTLT,MDHEN,SYDVKM,ASSSLIQANTEAF,DATYQRTRALVR
4345,YGGTVN,YFSGDPLV,AVGGVNKFY,SGHDT,YYEEEE,ASSLFSSVEQF,YVLDHLIVV
4346,TRDTTYY,RNSFDEQN,ALLDLTGAGSYQLT,DFQATT,SNEGSKA,SARRAGSNTGELF,QYIKWPWYI
4347,NSAFQY,TYSSGN,AMSERDGNQFY,ENHRY,SYGVKD,AISDLAGEPKTQETQY,LLWNGPMAV
4348,YGGTVN,YFSGDPLV,AVKGTDKLI,MNHEY,SMNVEV,ASSLSVSEFYNEQF,YVLDHLIVV
4349,TSGFYG,NALDGL,AVSLISDGQKLL,LGHNT,FRNRAP,ASGSQGRGDTEAF,RPHERNGFTVL
4350,DRGSQS,IYSNGD,AVSGGYQKVT,SNHLY,FYNNEI,ASSESIRVQETQY,LLAGIGTVPI
4351,DRGSQS,IYSNGD,AVNPLRVGNLI,SGHAT,FQNNGV,ASSLVGESGGEGYT,LLAGIGTVPI
4352,DSVNN,IPSGT,AVEPASGSRLT,MNHEY,SVGEGT,ASSSETSGLSYEQY,CINGVCWTV
4353,TSINN,IRSNERE,ATDVMTGGGADGLT,LNHDA,SQIVND,ASSIYHRGGFYEQY,GILGFVFTL
4354,NSASQS,VYSSG,VVNRDDKII,LGHNA,YSLEER,ASSHRNTLEAF,YLQPRTFLL
4355,SVFSS,VVTGGEV,GSGGSQGNL,LNHDA,SQIVND,SVRSTGEL,GILGFVFTL
4356,DSASNY,IRSNVGE,AASIGQGGKLI,LNHDA,SQIVND,ASSQGEGNEQF,GILGFVFTL
4357,DSASNY,IRSNVGE,NTGNQFY,SEHNR,FQNEAQ,ASSPRGDRENSPLH,HSNLNDATY
4358,DRGSQS,IYSNGD,AVNLHGNHFY,MNHEY,SVGAGI,ASSYAGQGDGYT,LLAGIGTVPI
4359,NIATNDY,GYKTK,LVGEGSSASKII,DFQATT,SNEGSKA,SASASGRIAF,YLQPRTFLL
4360,TSESDYY,QEAYKQQN,AYTLTQGGSEKLV,PRHDT,FYEKMQ,ASSLGGASTDTQY,ALGIGILTV
4361,NSAFQY,TYSSGN,AMSRSNFGNEKLT,DFQATT,SNEGSKA,SAYIQGKNSDTQY,LLAGIGTVPI
4362,SSVPPY,YTSAATLV,AVSSISSGSARQLT,SGHDY,FNNNVP,ASSPNQGPDTGELF,VYFLQSINF
4363,TSINN,IRSNERE,AMEGASGYSTLT,MNHNS,SASEGT,ASSRLGGKGGYT,FLYALALLL
4364,NSAFQY,TYSSGN,AMSVAAGNKLT,SGHTA,FQGTGA,ASSQTILGLAGGSSSYNEQF,YVLDHLIVV
4365,DSAIYN,IQSSQRE,AGRNNNARLM,SGHRS,YFSETQ,ASSLVGSGGEQY,NLVPMVATV
4366,DSASNY,IRSNVGE,AVTETSYDKVI,SEHNR,FQNEAQ,ASSLVGDSTNYGYT,RAKFKQLL
4367,DRGSQS,IYSNGD,AVGVDGQKLL,SGDLS,YYNGEE,ASSVELNSYEQY,LLLDRLNQL
4368,DRGSQS,IYSNGD,SVGDGQKLL,MGHDK,SYGVNS,ASSVGTGNGYT,ALAGIGILTV
4369,NSASDY,IRSNMDK,AEEHDRMYSGGGADGLT,LNHDA,SHIVND,ASSVRSSYEQY,GILGFVFTL
4370,NSASQS,VYSSG,VGYQGGKLI,MNHEY,SVGAGI,ASSSDDGVRTQY,LLAGIGTVPI
4371,TSDQSYG,QGSYDEQN,AMRELTSGTYKYI,LGHDT,YNNKEL,ASSQPLGLAEKETQY,CINGVCWTV
4372,NSASQS,VYSSG,VVNEGDKII,SEHNR,FQNEAQ,ASSADIEQY,YLQPRTFLL
4373,DRGSQS,IYSNGD,AVSDDKII,MNHNS,SASEGT,ASSEEGLAGTGELF,LLWNGPMAV
4374,DSAIYN,IQSSQRE,AVSPGTRLM,SGHNS,FNNNVP,QQFSGQGNLRAV,IPSINVHHY
4375,DSASNY,IRSNVGE,AASIYGTSYGKLT,LNHDA,SQIVND,ASSIFGSEGNEQF,GILGFVFTL
4376,DRGSQS,IYSNGD,AANGGNDMR,ENHRY,SYGVKD,AISESATVSYGYT,ELAGIGILTV
4377,ATGYPS,ATKADDK,ALNDYKLS,WSHSY,SAAADI,ASSVGLQGDYNEQF,GILGFVFTL
4378,DRGSQS,IYSNGD,AVNSGGFKTI,SGHDY,FNNNVP,ASGRDPLLSGNTIY,ELAGIGILTV
4379,NYSPAY,IRENEKE,ALDMGGGSYIPT,MNHEY,SVGEGT,ASSYGGTVGDEQF,GILGFVFTL
4380,DSASNY,IRSNVGE,AAAETSYDKVI,LGHDT,YNNKEL,ASSYSGGAGELF,RAKFKQLL
4381,TTLSN,LVKSGEV,AAAGGTSYGKLT,MNHEY,SVGAGI,ASSFYMNTEAF,GLCTLVAML
4382,DRGSQS,IYSNGD,AVGGGADGLT,MNHEY,SVGAGI,ASSYLAGGNEQF,ALAGIGILTV
4383,DSAIYN,IQSSQRE,AVKAANYGQNFV,MNHEY,SMNVEV,ASSGWEGELF,RPHERNGFTVL
4384,TSGFNG,NVLDGL,AVNNNARLM,MNHEY,SMNVEV,ASSLSHPLTDTQY,TTDPSFLGRY
4385,TSGFNG,NVLDGL,AILSQGGSYIPT,LGHNA,YNFKEQ,ASSQVSQGDTGELF,GILGFVFTL
4386,TSDPSYG,QGSYDQQN,AMREIGASYDKVI,GTSNPN,SVGIG,AGGWYGSYEQY,TTDPSFLGRY
4387,NSASDY,IRSNMDK,AETHSGGSNYKLT,PRHDT,FYEKMQ,ASSLPSGMLYEQY,RAKFKQLL
4388,NSMFDY,ISSIKDK,AAENQGGKLI,SGHNT,YYREEE,ASSLRGQGFYEQF,NLVPMVATV
4389,DSSSTY,IFSNMDM,AESGGYQKVT,LGHNA,YNFKEQ,ASSQETSTEAF,CINGVCWTV
4390,VSNAYN,GSKP,AVPPGFQKLV,SGHDN,FVKESK,ASSQDGGGNTEAF,YLQPRTFLL
4391,NSASDY,IRSNMDK,AENKREAGNTPLV,LNHDA,SQIVND,ASSIRSSYEQY,GILGFVFTL
4392,VSGNPY,YITGDNLV,AVRETGANNLF,SGHTA,FQGTGA,ASRRLAGEGQETQY,GILGFVFTL
4393,NSASQS,VYSSG,VVNRPDDYKLS,LGHNA,YNFKEQ,ASSQDGSGGLGEQF,GLCTLVAML
4394,NYSPAY,IRENEKE,ARTGGSYIPT,MNHEY,SVGAGI,ASSYAETQY,GILGFVFTL
4395,TISGTDY,GLTSN,ILRVSGTASKLT,LNHDA,SQIVND,ASSTRSTGELF,GILGFVFTL
4396,NSAFQY,TYSSGN,AMSLANFGNEKLT,DFQATT,SNEGSKA,SAQKGTGGPGTRELF,LLAGIGTVPI
4397,DRGSQS,IYSNGD,AVNRGYGGSQGNLI,LNHDA,SQIVND,ASSMRASVEQY,GILGFVFTL
4398,NSASDY,IRSNMDK,AEKPSYNTDKLI,SGDLS,YYNGEE,ASQGFGNTEAF,RPIIRPATL
4399,TSESDYY,QEAYKQQN,AYRS,MNHEY,SMNVEV,ASSFPGQGNTQY,RAQAPPPSW
4400,DSAIYN,IQSSQRE,AVRQTAAGNKLT,SGHAT,FQNNGV,ASSLGTGENEQY,RAKFKQLL
4401,ATGYPS,ATKADDK,ALSEDKLS,MNHEY,SVGAGI,ASSYPGHYGYT,GILGFVFTL
4402,TSENNYY,QEAYKQQN,AYSTNAGGTSYGKLT,LNHDA,SQIVND,ASSSGIYGYT,NLVPMVATV
4403,TSGFNG,NVLDGL,AVESDYKLS,LGHNA,YNFKEQ,ASSQESGLAVNTGELF,KSKRTPMGF
4404,DSASNY,IRSNVGE,AASRDTDKLI,MGHRA,YSYEKL,ASSQQQGADGELF,RAKFKQLL
4405,TSDPSYG,QGSYDQQN,ALSGYSTLT,SGHAT,FQNNGV,ASSSIDETGSNEKLF,GILGFVFTL
4406,TSINN,IRSNERE,ATEGNSGYSTLT,LGHNA,YSLEER,ASSQGTGQETQY,FLYALALLL
4407,NIATNDY,GYKTK,LVAPIGNQGGKLI,MNHNS,SASEGT,ASSEAAASGSPDLYEQY,CINGVCWTV
4408,DRGSQS,IYSNGD,APGGSGNTPLV,SGDLS,YYNGEE,ASSEGGGALSTDTQY,ELAGIGILTV
4409,DSAIYN,IQSSQRE,AVEGSNYQLI,SEHNR,FQNEAQ,ASSQGYNEQF,HSNLNDATY
4410,DSVNN,IPSGT,AVSPDNYGQNFV,SGHAT,FQNNGV,ASSQTGSHEQY,LLWNGPMAV
4411,DSSSTY,IFSNMDM,ADPQAGTALI,MGHRA,YSYEKL,ASSQFSGGNEQF,GLCTLVAML
4412,VSGLRG,LYSAGEE,AVQAVDSGYALN,LNHDA,SQIVND,ASSIMAGAYNEQF,GILGFVFTL
4413,YGATPY,YFSGDTLV,AYTGGGNKLT,SNHLY,FYNNEI,ASSELIEFYEQY,LTDEMIAQY
4414,SSVPPY,YTSAATLV,AVSDHGRNGGSQGNLI,LNHDA,SQIVND,ASSILSTDTQY,GILGFVFTL
4415,DRGSQS,IYSNGD,ADSSYKLI,MNHNY,SVGAGI,ASSYSTEAYEQY,LLWNGPMAV
4416,DRGSQS,IYSNGD,AVGGGADGLT,LNHDA,SQIVND,ASSQGLAGAGELF,ELAGIGILTV
4417,SVFSS,VVTGGEV,AGTTGGSQGNLI,LNHDA,SQIVND,ASSILSQQPQH,GILGFVFTL
4418,TTLSN,LVKSGEV,AGNPENTGNQFY,GTSNPN,SVGIG,AWSPSGLGQPQH,LLAGIGTVPI
4419,DRGSQS,IYSNGD,AVTGDKII,WSHSY,SAAADI,ASSGGTSGAYEQY,LLWNGPMAV
4420,TSDPSYG,QGSYDQQN,ALGAGGAGGFKTI,DFQATT,SNEGSKA,SARRSGQGIKNTIY,RAKFKQLL
4421,TSENNYY,QEAYKQQN,AYGSGAGGTSYGKLT,LNHDA,SQIVND,ASSIGFWGYT,GILGFVFTL
4422,VTNFRS,LTSSGIE,APKAAGNKLT,PRHDT,FYEKMQ,ASSPIAGGNTGELF,YLQPRTFLL
4423,SSVPPY,YTSAATLV,AANRLGGTSYGKLT,SNHLY,FYNNEI,ASSEGLVYEQY,TTDPSFLGRY
4424,TTLSN,LVKSGEV,AGTTEDSNYQLI,DFQATT,SNEGSKA,SARDLRAGRAYEQY,CLGGLLTMV
4425,TTLSN,LVKSGEV,AGQSGGTSYGKLT,SNHLY,FYNNEI,ASSSGLVAPGELF,GLCTLVAML
4426,VSNAYN,GSKP,AAEDQGRSYNTDKLI,SGHVS,FNYEAQ,ASSLNVGEGAGNTIY,RAKFKQLL
4427,TRDTTYY,RNSFDEQN,ALSGASGSARQLT,LNHDA,SQIVND,ASSTLAGAWNEQF,GILGFVFTL
4428,VTNFRS,LTSSGIE,AAPGAGSYQLT,MDHEN,SYDVKM,ASTLWSATNEKLF,NLVPMVATV
4429,ATGYPS,ATKADDK,ALSGSQGNLI,MNHEY,SMNVEV,ATGDRGGTDTQY,TTDPSFLGRY
4430,SVFSS,VVTGGEV,AGAHQGGKLI,LNHDA,SQIVND,ASSSRSAYEQY,GILGFVFTL
4431,TRDTTYY,RNSFDEQN,ALSEARGGADGLTFG,MNHEY,SVGAGI,ASSYSGTSGIYEQYFG,ELAGIGILTV
4432,YSGSPE,HISR,ALGTGTYKYI,ENHRY,SYGVKD,AITDPGSGDEQF,QYIKWPWYI
4433,NSASDY,IRSNMDK,AENKGGGSQGNLI,WNHNN,SYGVQD,ASSDRDHRRF,GILGFVFTL
4434,DSASNY,IRSNVGE,AATETSYDKVI,SGHNS,FNNNVP,ASSFSGNTGELF,RAKFKQLL
4435,DRGSQS,IYSNGD,AVPIKAAGNKLTFG,MDHEN,SYDVKM,ASSFQGLGQPQHFG,ELAGIGILTV
4436,STGYPT,ETMEN,LPSNSNSGYALN,LNHDA,SQIVND,ASSIRSQDTQY,GILGFVFTL
4437,TSDPSYG,QGSYDQQN,AMREGGNTGKLI,DFQATT,SNEGSKA,SATPWTLTEAF,YVLDHLIVV
4438,DRGSQS,IYSNGD,AVRTPLV,DFQATT,SNEGSKA,SASYGSGNEQF,LLAGIGTVPI
4439,TSDPSYG,QGSYDQQN,AMREGISGNTPLV,LGHNA,YNFKEQ,ASSQDLAGVSTDTQY,GILGFVFTL
4440,DRGSQS,IYSNGD,AVTGYSTLT,MNHNS,SASEGT,ASSGQGAYEQY,LLWNGPMAV
4441,TSGFYG,NALDGL,AVSLWDGGYQKVT,PRHDT,FYEKMQ,ASSLGTGPYNEQF,GILGFVFTL
4442,TRDTTYY,RNSFDEQN,ALSASFRGGYQKVT,LGHNA,YSLEER,ASSQDPSPSTDTQY,GILGFVFTL
4443,DRGSQS,IYSNGD,AVRYWFSDGQKLL,LNHDA,SQIVND,ASSIEWKGGIYEQY,LLLDRLNQL
4444,YGATPY,YFSGDTLV,AVGLYGSSNTGKLI,MNHEY,SMNVEV,ASSLLVTDTQY,GILGFVFTL
4445,DRGSQS,IYSNGD,AVYDGQKLL,SGHDN,FVKESK,ASSSGTSPYEQY,LLLDRLNQL
4446,DSAIYN,IQSSQRE,AVKRSNDYKLS,GTSNPN,SVGIG,AWSVRGIGGNTIY,KLSALGINAV
4447,SSVSVY,YLSGSTLV,ALSGVGGFGNEKLT,LNHDA,SQIVND,ASSIRASGVEQF,GILGFVFTL
4448,DSASNY,IRSNVGE,AAKEGYSTLT,SQVTM,ANQGSEA,SVGSGEDSPQY,RAKFKQLL
4449,ATGYPS,ATKADDK,AHLTGGYQKVT,MNHEY,SMNVEV,ASSFGQGSETQY,GILGFVFTL
4450,TRDTTYY,RNSFDEQN,AQPTGTASKLT,SNHLY,FYNNEI,ASSGGSENTEAF,QYIKWPWYI
4451,TTSDR,LLSNGAV,AVGQNNARLM,DFQATT,SNEGSKA,SARDIERTGELF,GILGFVFTL
4452,DSVNN,IPSGT,AVEPPSGSRLT,MNHEY,SVGEGT,ASSLPTGGVSYEQY,CINGVCWTV
4453,NSAFQY,TYSSGN,AMRGSNFGNEKLT,SNHLY,FYNNEI,ASNGPTRPQDLEETQY,LLAGIGTVPI
4454,VSGNPY,YITGDNLV,APPRGSSNTGKLI,SGHDT,YYEEEE,ASSLGRAVIWGYT,SPRWYFYYL
4455,TSENNYY,QEAYKQQN,AFMRGRGKLT,SQVTM,ANQGSEA,SVGSGEDSPQY,RAKFKQLL
4456,TISGNEY,GLKNN,IVRV,SEHNR,FQNEAQ,ASSLAVGEGPQH,RAKFKQLL
4457,DRGSQS,IYSNGD,AAPSGNTPLV,SEHNR,FQNEAQ,ASSLGRGVETQY,LLAGIGTVPI
4458,TSENNYY,QEAYKQQN,AFMKDAGGTSYGKLT,MGHRA,YSYEKL,ASSTSTGTGYGYT,GILGFVFTL
4459,YGGTVN,YFSGDPLV,AVGGQLT,MNHEY,SVGEGT,ASSSGTGGAETQY,YVLDHLIVV
4460,DSASNY,IRSNVGE,APPDGSGNTGKLI,LNHDA,SQIVND,ASSIRSGAYTEAF,GILGFVFTL
4461,TTLSN,LVKSGEV,AGPIAGGSQGNLI,LNHDA,SQIVND,ASSGLSNQPQH,GILGFVFTL
4462,TSGFNG,NVLDGL,AVRGPRNSGYALN,SGHAT,FQNNGV,ASSLGDRGYQPQH,RVAGDSGFAAY
4463,DRGSQS,IYSNGD,AVNAGGFKTI,LGHNA,YNFKEQ,ASSQEGNTGELF,ELAGIGILTV
4464,TISGTDY,GLTSN,IPYSFDSGGGADGLT,SEHNR,FQNEAQ,ASSSTGTRGSYEQY,LLWNGPMAV
4465,DSAIYN,IQSSQRE,AVREYNNNDMR,LNHDA,SQIVND,ASGQGAGEQY,GILGFVFTL
4466,TISGTDY,GLTSN,ILRDGGAQKLV,MNHEY,SVGAGI,ASRIITDENAYEQY,TTDPSFLGRY
4467,DSSSTY,IFSNMDM,AERVTGGGNKLT,MGHRA,YSYEKL,ASSQDPGDEQF,GILGFVFTL
4468,VGISA,LSSGK,AVDDLYSNYQLI,LNHDA,SHIVND,ASSLSGGINEQF,GLCTLVAML
4469,NYSPAY,IRENEKE,ALGGNNRLA,GTSNPN,SVGIG,AIDRVGTGELF,NLVPMVATV
4470,TISGNEY,GLKNN,IGKEGGAADGLT,SEHNR,FQNEAQ,ASSLAVGEGPQH,RAKFKQLL
4471,KALYS,LLKGGEQ,GTEKANDYKLS,SGDLS,YYNGEE,ASSPGQLSNTGELF,GLCTLVAML
4472,NSASDY,IRSNMDK,AEAAPTGTASKLT,MDHEN,SYDVKM,ASSFTSGSYEQY,TTDPSFLGRY
4473,TSGFNG,NVLDGL,AASDSNYQLI,MNHNS,SASEGT,ASSEESGRAAEQY,NLVPMVATV
4474,SIFNT,LYKAGEL,AGTGFQKLV,SGHDY,FNNNVP,ASSLGDRPSTDTQY,GILGFVFTL
4475,NSASQS,VYSSG,VVPHMGFQKLV,SGDLS,YYNGEE,ASSPGGAGLVNEQY,NQKLIANQF
4477,NSASDY,IRSNMDK,AENKGNNARLM,LNHDA,SQIVND,ASSPTSGSYEQY,VYFLQSINF
4478,VTNFRS,LTSSGIE,ASSPLGAGEKLF,SEHNR,FQNEAQ,ASSPLGEGEKLF,RAKFKQLL
4479,VSGNPY,YITGDNLV,AVRDISFQKLV,LNHDA,SQIVND,ASSSTIGATEAF,GILGFVFTL
4480,NSMFDY,ISSIKDK,AARSGNTPLV,SEHNR,FQNEAQ,SARDQDRAYEQY,QYIKWPWYI
4481,NSAFQY,TYSSGN,AMNSNTGKLI,LGHNA,YNFKEQ,ASSQRPSEVGELF,RAKFKQLL
4482,DSASNY,IRSNVGE,AASETSYDKVI,SEHNR,FQNEAQ,ASSLVDRPYEQY,RAKFKQLL
4483,NSASQS,VYSSG,VVNRNNDMR,SNHLY,FYNNEI,ASSEIDTGELF,YLQPRTFLL
4484,ATGYPS,ATKADDK,ALSDYGNQFY,MNHEY,SMNVEV,ASSSLAGVREQY,QAKWRLQTL
4485,TSGFNG,NVLDGL,AVRDSNYQLI,MNHEY,SMNVEV,ASSPGAPGQGSYEQY,YLQPRTFLL
4486,NSAFQY,TYSSGN,APKASNFGNEKLT,SGHDN,FVKESK,ASSKGVAGELF,ELAGIGILTV
4487,TRDTTYY,RNSFDEQN,ALSEAGTGGSYIPT,LNHDA,SQIVND,ASSFFGGREAF,GILGFVFTL
4488,DSSSTY,IFSNMDM,AEPKGGTYKYI,DFQATT,SNEGSKA,SAWTGTEAF,GLCTLVAML
4489,TISGNEY,GLKNN,IVREWDNDMR,SGHVS,FQNEAQ,ASSPRTGNSGANVLT,RAKFKQLL
4490,DSSSTY,IFSNMDM,AEMEGGSYIPT,MNHEY,SVGAGI,TSVPAVTVNFYGYT,RAKFKQLL
4491,SSYSPS,YTSAATLV,VVSDVNTDKLI,SGHDT,YYEEEE,ASSLRDGSEAF,RAKFKQLL
4492,TSDPSYG,QGSYDQQN,GQYGGATNKLI,MNHEY,SVGAGI,ASSYQGGKDGYT,FLYALALLL
4493,SIFNT,LYKAGEL,AAVHLNEYNYQLI,MNHEY,SMNVEV,ASSFPGQGNTQY,RAQAPPPSW
4494,TSENNYY,QEAYKQQN,AFMEYGNKLV,PRHDT,FYEKMQ,ASSFLGVTYGYT,CINGVCWTV
4495,DSAIYN,IQSSQRE,AVKGTGTASKLT,DFQATT,SNEGSKA,SARYRGGSGNTIY,LLAGIGTVPI
4496,SSVSVY,YLSGSTLV,AVSDSTATSGSRLT,LGHNA,YSLEER,ASSQDWARGTGSYEQY,ALSKGVHFV
4497,TSENNYY,QEAYKQQN,AFIDTGANSKLT,MNHEY,SMNVEV,ATSPAWDTYYEQY,TTDPSFLGRY
4498,TSDPSYG,QGSYDQQN,AMREGEAGGFKTI,SEHNR,FQNEAQ,ASSPLGGVNSPLH,RAKFKQLL
4499,NSAFQY,TYSSGN,AMSASNFGNEKLT,SGHDT,YYEEEE,ASSLARQTLSYNEQF,LLAGIGTVPI
4500,DSSSTY,IFSNMDM,AERRGSQGNLI,MDHEN,SYDVKM,ASSYVGYEQY,CLGGLLTMV
4501,DRGSQS,IYSNGD,TTDSWGKFE,WSHSY,SAAADI,ASSAEANTEAF,ALSKGVHFV
4502,DSVNN,IPSGT,AVSKAHMDSNYQLI,LNHDA,SQIVND,ASTPTGGNTEAF,GILGFVFTL
4503,DSSSTY,IFSNMDM,AESMNARLM,DFQATT,SNEGSKA,SARNPSGTNNEQF,GILGFVFTL
4504,TISGNEY,GLKNN,IVTSGTYKYI,LNHDA,SQIVND,ASSGTGGSPLH,GILGFVFTL
4505,DSSSTY,IFSNMDM,AERGGGFKTI,SGHRS,YFSETQ,ASSSRTAPSDTQY,SPRWYFYYL
4506,DSASNY,IRSNVGE,AASIRTGGSYIPT,MDHEN,SYDVKM,ASSKFRDSSYEQY,GPRLGVRAT
4507,VSGLRG,LYSAGEE,AVQAFVEETSGSRLT,LNHDA,SQIVND,ASSIRSSYEQY,GILGFVFTL
4508,SIFNT,LYKAGEL,AGHTSNTGKLI,LNHDA,SQIVND,ASSIVSINEQF,GILGFVFTL
4509,ATGYPS,ATKADDK,ALSEGGKLT,SGDLS,YYNGEE,ASSMLPRSGPSTDTQY,RAKFKQLL
4510,VSGNPY,YITGDNLV,AVAKDLQNSGGGADGLT,LNHDA,SQIVND,ASSARSSSEQY,GILGFVFTL
4511,DRGSQS,IYSNGD,ALGGYSSASKII,MDHEN,SYDVKM,ASTTTGTSSYEQY,ELAGIGILTV
4512,DSSSTY,IFSNMDM,AEIIYGNNRLA,SGHKS,YYEKEE,ASSSRQSEADTQY,GLCTLVAML
4513,DSASNY,IRSNVGE,AASETSYDKVI,SEHNR,FQNEAQ,ASSSRDGGTDTQY,RAKFKQLL
4514,TSESDYY,QEAYKQQN,AYRNLNSGGYQKVT,SNHLY,FYNNEI,ASSESGRNWDEQF,CINGVCWTV
4515,VSPFSN,MTFSENT,VVSARMDSSYKLI,SEHNR,FQNEAQ,ASSIMDRGPGELF,TPRVTGGGAM
4516,NSMFDY,ISSIKDK,AANPYSGGGADGLT,SGHRS,YFSETQ,ASSPDLGKSYGYT,VSDGGPNLY
4517,NIATNDY,GYKTK,LVGVRDDKII,ENHRY,SYGVKD,ATKPPGTDEQF,CTELKLSDY
4518,TRDTTYY,RNSFDEQN,ALGDSGAGSYQLT,MGHRA,YSYEKL,ASSTSTGTGYGYT,RAKFKQLL
4519,DSAIYN,IQSSQRE,AVLSTAYGQNFV,MNHEY,SVGEGT,ASSYPPVYLAGWQFRKF,LLDFVRFMGV
4520,DRGSQS,IYSNGD,AVGNSGGYQKVT,LGHNA,YSLEER,ASSQDHNRGQGYT,ELAGIGILTV
4521,DSAIYN,IQSSQRE,AGPYEYKII,MNHEY,SVGAGI,ASSYSGSSGANVLT,FLASKIGRLV
4522,SSYSPS,YTSAATLV,VVSDRNFNKFY,ENHRY,SYGVKD,AISEAQDRGNDEQY,CTELKLSDY
4523,DRGSQS,IYSNGD,AVNRNGGSQGNLI,LNHDA,SQIVND,ASSIYSNQPQH,GILGFVFTL
4524,DSASNY,IRSNVGE,AASETSYDKVI,SEHNR,FQNEAQ,ASSFGPPKPDTQY,RAKFKQLL
4525,DRGSQS,IYSNGD,AVRVGTTDSLL,LNHDA,SQIVND,ASSPLSTDTQY,GILGFVFTL
4526,TSGFNG,NVLDGL,AVRDRTPNSGYALN,SGHTA,FQGNSA,ASSFGTGEAF,HPNGYKSLSTL
4527,TSDPSYG,QGSYDQQN,AIGETSGSRLT,LGHNA,YNFKEQ,ASSHRTSGRNEQF,HPVTKYIM
4528,DSAIYN,IQSSQRE,AVSPVNQAGTALI,LNHDA,SQIVND,ASSLGRGVQF,FEDLRLLSF
4529,TSINN,IRSNERE,ATDVGSGNTPLV,LNHNV,YYDKDF,ATSSRTGPSYNEQF,GLCTLVAML
4530,VSGNPY,YITGDNLV,AVRAFSGGYNKLI,MNHNS,SASEGT,ASRAEAYLNTGELF,GLCTLVAML
4531,TSINN,IRSNERE,ARVFYILTGGGNKLT,LNHDA,SQIVND,ASSYPSLGTESYNEQF,TTDPSFLGRY
4532,NSMFDY,ISSIKDK,AASAGGSQGNLI,LGHDT,YNNKEL,ASSQDLGEETQY,KSKRTPMGF
4533,TSDPSYG,QGSYDQQN,AMRDGGGSQGNLI,LNHDA,SQIVND,ASSTRASQPQH,GILGFVFTL
4534,TRDTTYY,RNSFDEQN,ALSYLGLQAGTALI,MGHRA,YSYEKL,ASSQDPWAGSAF,DATYQRTRALVR
4535,SVFSS,VVTGGEV,AGARAGGTSYGKLT,DFQATT,SNEGSKA,SARVRGDVYGYT,GILGFVFTL
4536,DSASNY,IRSNVGE,ASQKGGDGSDGQKLL,LNHDA,SQIVND,ASSIYSRAYGYT,GILGFVFTL
4537,NSMFDY,ISSIKDK,AASDGAGNMLT,MDHEN,SYDVKM,ASRGLIIQRSSYEQY,VLFGLGFAI
4538,TSENNYY,QEAYKQQN,AFMSVDRGSTLGRLY,MDHEN,SYDVKM,ASSYITDQETQY,SLFNTVATLY
4539,DRGSQS,IYSNGD,AVTSDDMR,SGDLS,YYNGEE,ASSVGLEAYEQY,LLWNGPMAV
4540,NSMFDY,ISSIKDK,AARYSGMR,MDHEN,SYDVKM,ASSLSGSYEQY,GILGFVFTL
4541,TSESDYY,QEAYKQQN,ALGGGAQKLV,LNHDA,SQIVND,ASSGFSGPQDKPQH,RPPIFIRRL
4542,TSGFYG,NALDGL,AVRDEDDKII,SEHNR,FQNEAQ,ASSLPGRGETQY,LTDEMIAQY
4543,DRGSQS,IYSNGD,AGASDKVI,SGDLS,YYNGEE,ASSAAGEAYEQY,LLWNGPMAV
4544,NIATNDY,GYKTK,LVGFRPNGGYQKVT,LGHNA,YSLEER,ASSQEPAGTSGGGDTQY,CINGVCWTV
4545,TSINN,IRSNERE,ATVLRMDSSYKLI,SEHNR,FQNEAQ,ASSQIGEGHGDEQF,TPRVTGGGAM
4546,DSAIYN,IQSSQRE,AVLSSGTYKYI,SGHTA,FQGNSA,ASSFEDTNYGYT,NQKLIANQF
4547,TISGNEY,GLKNN,IVRPFSNSGYALN,MGHRA,YSYEKL,ASSQDQGVTGNTIY,MEVTPSGTWL
4548,TSINN,IRSNERE,ATDANDYKLS,SGHNS,FNNNVP,ASSFSGNTGELF,RAKFKQLL
4549,TSESDYY,QEAYKQQN,VHSGGGADGLT,MDHEN,SYDVKM,ASSFARAYEQY,GILGFVFTL
4550,TTLSN,LVKSGEV,AGHRDDKII,LNHDA,SQIVND,ASSIFNGQEAF,GILGFVFTL
4551,YGGTVN,YFSGDPLV,VLKDTHQLI,MNHEY,SMNVEV,ASSDLANTGELF,YVLDHLIVV
4552,ATGYPS,ATKADDK,ARAPLSGSSASKII,SGHTA,FQGNSA,ASSLGTSGGETQY,GILGFVFTL
4553,TISGTDY,GLTSN,NNNDMR,GTSNPN,SVGIG,AWSISDLAKNIQY,NLVPMVATV
4554,DSASNY,IRSNVGE,AAVETSYDKVI,LGHNT,FRNRAP,ASGSSESGDQPQH,RAKFKQLL
4555,DSASNY,IRSNVGE,AAIILTGGGNKLT,LNHDA,SQIVND,ASSIHSGGNNEQF,GILGFVFTL
4556,VSGLRG,LYSAGEE,AVGAYNQGGKLI,SGHDT,YYEEEE,ASSLPGARSGANVLT,LTDEMIAQY
4557,TSDPSYG,QGSYDQQN,AMREGLDGGGYNKLI,SGHNS,FNNNVP,ASSPSGSGGNNEQF,RAKFKQLL
4558,DRGSQS,IYSNGD,AVIGDSSYKLI,MNHEY,SVGAGI,ASSGQGAYEQY,LLWNGPMAV
4559,TSENNYY,QEAYKQQN,AFLLTDSNYQLI,SGHNS,FNNNVP,ASSFSGNTGELF,RAKFKQLL
4560,DSASNY,IRSNVGE,AASETSYDKVI,KGHSH,LQKENI,ASSPPRGGNTGALF,RAKFKQLL
4561,SVFSS,VVTGGEV,WSGYSTLT,MNHEY,SVGAGI,ASSYQGGNEQF,FLYALALLL
4562,DRGSQS,IYSNGD,AVLYGGNMLT,SGDLS,YYNGEE,ASSVGAGAYNEQF,LLLDRLNQL
4563,DRGSQS,IYSNGD,AVMLVGRGSNYKLT,SNHLY,FYNNEI,ASSENMGDTEAF,LLLDRLNQL
4564,DSASNY,IRSNVGE,AASKVTGGGNKLT,SGHVS,FNYEAQ,ASSLVDREGEQY,HPVTKYIM
4565,VSGNPY,YITGDNLV,AVRDPETKTSYDKVI,SGHNS,FNNNVP,ASSLRFGQPQH,HSNLNDATY
4566,NSASQS,VYSSG,VARGGATNKLI,DFQATT,SNEGSKA,SASDRTGVEQY,IPSINVHHY
4567,DSASNY,IRSNVGE,AAYSPAGGGADGLT,MNHEY,SVGEGT,ASSYSGTNQPQH,NLVPMVATV
4568,SSVSVY,YLSGSTLV,AVIPSNDMR,GTSNPN,SVGIG,ACSSGRNSGYT,CTELKLSDY
4569,TSENNYY,QEAYKQQN,PCMIPVYPGTLI,SNHLY,FYNNEI,ASSGSRTYEQY,CLGGLLTMV
4570,DSVNN,IPSGT,AVYSRGATNKLI,MNHNS,SASEGT,ASSVGRDSSGNQPQH,CTELKLSDY
4571,DRGSQS,IYSNGD,AVNAGGTSYGKLT,MDHEN,SYDVKM,ARGLAPAGTAAF,LLAGIGTVPI
4572,DSASNY,IRSNVGE,AASETSYDKVI,SGHDY,FNNNVP,ASSFTGAEGTGELF,RAKFKQLL
4573,NSASQS,VYSSG,VVLMDSSYKLI,DFQATT,SNEGSKA,SAPGLAGSTDTQY,RTATKAYNV
4574,NSMFDY,ISSIKDK,AASEGTGNNDMR,SGHTA,FQGTGA,ASSLGYGDTEAF,RAKFKQLL
4575,TSESDYY,QEAYKQQN,AYRSLYNNNYMR,SNHLY,FYNNEI,ASRDRGSNTGELF,ATDALMTGF
4576,SVFSS,VVTGGEV,AGGGSYIPT,SGHVS,FQNEAQ,ASSLGATWTSNTEAF,KSKRTPMGF
4577,SSVPPY,YTSAATLV,AVSDGEGAQKLV,SGHTA,FQGTGA,ASSLTLLAGGVYNEQF,RAKFKQLL
4578,NSASDY,IRSNMDK,AETHSGGSNYNLT,SQVTM,ANQGSEA,SVGSGDHGEQF,RAKFKQLL
4579,TSGFNG,NVLDGL,AVRSNYQLI,KGHDR,SFDVKD,ATSGILGGSNEQF,SPRWYFYYL
4580,VSPFSN,MTFSENT,VGYTNAGKST,SGHDY,FNNNVP,ASGRLSYNEQF,RAKFKQLL
4581,SSYSPS,YTSAATLV,VVSEEGIIRIGSQGNLI,SGHTA,FQGTGA,ASSPTSGSVYEQF,RPIIRPATL
4582,VGISA,LSSGK,AAGPSSGSRLT,SGHRS,YFSETQ,ASSLAGVGYT,SPRWYFYYL
4583,DSSSTY,IFSNMDM,AEDNNARLM,DFQATT,SNEGSKA,SARSGQGNDYT,GLCTLVAML
4584,SSNFYA,MTLNGDE,ALPAYTDKLI,SGHNS,FNNNVP,ASRIRGGPGTDTQY,TTDPSFLGRY
4585,DRGSQS,IYSNGD,AVNDYGQNFV,SGHRS,YFSETQ,ASSLEASSIFSYEQY,ELAGIGILTV
4586,NSASQS,VYSSG,VVNSDFGNEKLT,SGHTA,FQGTGA,ASSSKTSRWDEQF,CINGVCWTV
4587,DRGSQS,IYSNGD,AVTKGGYNKLI,MDHEN,SYDVKM,ASSTTLTSTGELF,ELAGIGILTV
4588,TRDTTYY,RNSFDEQN,ALSEVQLMDSNYQLI,LNHDA,SQIVND,ASSIYSGQPQH,GILGFVFTL
4589,SSVPPY,YTSAATLV,AVREGAAGRYQLT,SGHVS,FQNEAQ,ASSSPSERNSPLH,CLGGLLTMV
4590,DSASNY,IRSNVGE,AASQRMNSGYALN,LNHDA,SQIVND,ASSLGTLQPQH,RPIIRPATL
4591,DRGSQS,IYSNGD,AVNGGNKLV,MNHEY,SMNVEV,ASSFGAFNEQF,ALAGIGILTV
4592,VSNAYN,GSKP,AVEDMNSGGYQKVT,MDHEN,SYDVKM,ASKRTATYEQY,EPLPQGQLTAY
4593,ATGYPS,ATKADDK,ALSPWVGSQGNLI,MDHEN,SYDVKM,ASSLYISVGSNTEAF,TTDPSFLGRY
4594,DSASNY,IRSNVGE,AASVATGANSKLT,SGHAT,FQNNGV,ASSLGGTQY,SLFNTVATLY
4595,NSASQS,VYSSG,VVIKAAGNKLT,MNHNS,SASEGT,ASNNKDRGYGYT,GILGFVFTL
4596,TSINN,IRSNERE,ATDAGSSASKII,LGHNA,YSLEER,ASSRQAVGSHEQY,SPRWYFYYL
4597,DSASNY,IRSNVGE,AASEHNQFY,SGHNS,FNNNVP,ASSFPSLHTQY,RAKFKQLL
4598,NSASDY,IRSNMDK,AESPAGTALI,LGHDT,YNNKEL,ASSHGAAAGETEAF,NLVPMVATV
4599,VGISA,LSSGK,AVSGSNTDKLI,MNHEY,SMNVEV,ASAYGLNTGELF,GILGFVFTL
4600,TRDTTYY,RNSFDEQN,ALRVYNQGGKLI,LNHDA,SQIVND,ASSPHSAFYEQY,GILGFVFTL
4601,NIATNDY,GYKTK,LVDEAGTALI,DFQATT,SNEGSKA,SASQGLMNTEAF,ELAGIGILTV
4602,TSDPSYG,QGSYDQQN,AMREFPTSGYALN,MNHEY,SVGEGT,ASSYSGNTEAF,TPRVTGGGAM
4603,DSVNN,IPSGT,AVEPTSGSRLT,MNHEY,SVGEGT,ASSYPTGQLNYGYT,CINGVCWTV
4604,TSDPSYG,QGSYDQQN,AMRVWGNNNDMR,SGHVS,FQNEAQ,ASSSRGRTSSYEQY,TTDPSFLGRY
4605,DSAIYN,IQSSQRE,AVDNTDKLI,LNHDA,SQIVND,ASSSRSSYEQY,GILGFVFTL
4606,DRGSQS,IYSNGD,AVNPWGNDYKLS,MNHEY,SMNVEV,ASSTAGGSYEQY,GILGFVFTL
4607,TTSDR,LLSNGAV,AVDIRAGNMLT,SGHRS,YFSETQ,ASSLAGYEQY,LTDEMIAQY
4608,TSENNYY,QEAYKQQN,AFMKGAGGTSYGKLT,LNHDA,SQIVND,ASSIGSHGYT,GILGFVFTL
4609,TSDPSYG,QGSYDQQN,AMRAGGFKTI,SGHNS,FNNNVP,ASSFTGGHGYT,GIIYIIYKL
4610,NSMFDY,ISSIKDK,AARGFSGGYNKLI,KGHSY,FQNENV,ASSQDISTDTQY,VSDGGPNLY
4611,DSSSTY,IFSNMDM,AEILDFGNEKLT,DFQATT,SNEGSKA,SARDPSGVKLF,YLQPRTFLL
4612,NSASQS,VYSSG,VVNAPSGNTPLV,DFQATT,SNEGSKA,SARGEVEMNTGELF,YLQPRTFLL
4613,SSYSPS,YTSAATLV,VVSDRNFNKFY,ENHRY,SYGVKD,AISESTGLRDEQF,CTELKLSDY
4614,TSGFYG,NALDGL,AVNSNYQLI,SEHNR,FQNEAQ,ASSLLGDTRYEQY,GILGFVFTL
4615,TRDTTYY,RNSFDEQN,ALSGDAGGTSYGKLT,SGDLS,YYNGEE,ASSGVSGSGGYQETQY,CINGVCWTV
4616,SSVSVY,YLSGSTLV,AVSEPSGAGSYQLT,WSHSY,SAAADI,AISRGNEQY,GILGFVFTL
4617,DRGSQS,IYSNGD,AAGLGGNQFY,SGDLS,YYNGEE,ASSAELNSYEQY,LLLDRLNQL
4618,DSAIYN,IQSSQRE,AGGTSGTYKYI,SGHTA,FQGNSA,ASSWDPTGDYGYT,GILGFVFTL
4619,DSVNN,IPSGT,AVVNPQAAGNKLT,SGHVS,FNYEAQ,ASSLAEFQGGEKLF,CINGVCWTV
4620,VSGNPY,YITGDNLV,AVRDGTGANNLF,LNHDA,SQIVND,ASSIVSTGELF,GILGFVFTL
4621,DRGSQS,IYSNGD,AVIGGSNYKLT,LNHDA,SQIVND,ASSIALAGGEQF,LLAGIGTVPI
4622,ATGYPS,ATKADDK,ALRFDGNQFY,SGHAT,FQNNGV,ASRSSLGAYEEQY,RVAGDSGFAAY
4623,TSDPSYG,QGSYDQQN,AMREEYYGNNRLA,MDHEN,SYDVKM,ASSLYGQSDSPLH,TTDPSFLGRY
4624,TRDTTYY,RNSFDEQN,ALFLSSGSARQLT,DFQATT,SNEGSKA,SARGIGSYEQY,QYIKWPWYI
4625,TISGTDY,GLTSN,ILRDSIPGGDQTGANNLF,LGHDT,YNNKEL,ASSWGGRRQPQH,RAKFKQLL
4626,TTLSN,LVKSGEV,GMDSSYKLI,MNHEY,SMNVEV,ASSPTRSYNEQF,RPPIFIRRL
4627,TSDPSYG,QGSYDQQN,AMREGLGSGGSNYKLT,PRHDT,FYEKMQ,ASSLTAPTDTQY,TTDPSFLGRY
4628,TRDTTYY,RNSFDEQN,ALPLGEDKII,MNHEY,SMNVEV,ASSLSSPFWEQF,TTDPSFLGRY
4629,VTNFRS,LTSSGIE,AVGEAAGNKLT,SEHNR,FQNEAQ,ASSSSGTATYEQY,NQKLIANQF
4630,NSASDY,IRSNMDK,AERWGGGSQGNLI,LNHDA,SQIVND,ASSTRAGETQY,GILGFVFTL
4631,NSMFDY,ISSIKDK,AASPSGGSYIPT,SGHVS,FQNEAQ,ASRPGQGLSGANVLT,VSDGGPNLY
4632,TRDTTYY,RNSFDEQN,ALSDSGGSNYKLT,LNHDA,SHIVND,ASSIFSGGQNIQY,GILGFVFTL
4633,DSASNY,IRSNVGE,AAGGAGNQFY,MNHEY,SMNVEV,ASSYSQGPVDTQY,TTDPSFLGRY
4634,NSASQS,VYSSG,VVNKEDDMR,SGHRS,YFSETQ,ASTETNTGELF,YLQPRTFLL
4635,DRGSQS,IYSNGD,AALDDKII,SGHDN,FVKESK,ASSQEGTPISYEQY,LLWNGPMAV
4636,DRGSQS,IYSNGD,AVEVAGKST,LGHNA,YNFKEQ,ASSQEAGPSSYEQY,ELAGIGILTV
4637,NSASQS,VYSSG,VVNENNDMR,SNHLY,FYNNEI,ASSDLDTGEL,YLQPRTFLL
4638,NSAFQY,TYSSGN,AMSASNFGNEKLT,LGHDT,YNNKEL,ASSQDLAGGETQY,LLAGIGTVPI
4639,DSSSTY,IFSNMDM,AEMEGGSYIPT,LGHNA,YNFKEQ,ASSQEGQINQPQH,RAKFKQLL
4640,VSGLRG,LYSAGEE,AVRENSGYSTLT,SGHVS,FQNEAQ,ASSHDERTGSYEQY,RPHERNGFTVL
4641,SVFSS,VVTGGEV,AGNNARLM,SGHDN,FVKESK,ASSQSPGGVAF,GLCTLVAML
4642,ATGYPS,ATKADDK,ALMNTGFQKLV,SGDLS,YYNGEE,ASSPFPLPTGELF,SPRWYFYYL
4643,DSASNY,IRSNVGE,AAREEGDARLM,LNHDA,SQIVND,ASSIRSGETQY,GILGFVFTL
4644,NSASQS,VYSSG,VVTPSNFGNEKLT,SNHLY,FYNNEI,ASSPTGSSYNEQF,LLAGIGTVPI
4645,TTSDR,LLSNGAV,AVDTGGADGLT,SGHRS,YFSETQ,ASSKLAAQETQY,YVLDHLIVV
4646,DSSSTY,IFSNMDM,APLRDNFNKFY,MNHEY,SMNVEV,ASSLYPGSYEQY,GILGFVFTL
4647,VSGNPY,YITGDNLV,AVTPGDKII,SGHSS,YANELR,ASSFSVRDMGTEAF,CTELKLSDY
4648,TISGTDY,GLTSN,ISRETSYDKVI,SGHNS,FNNNVP,ASSFTGDMLPEAF,RAKFKQLL
4649,DRGSQS,IYSNGD,AVDGQKLL,MGHRA,YSYEKL,ASSSAGTSYEQY,LLWNGPMAV
4650,DSASNY,IRSNVGE,AGYQGTALI,SNHLY,FYNNEI,ASKGLSYEQY,GILGFVFTL
4651,DSASNY,IRSNVGE,AAFDFNKFY,SGHTA,FQGTGA,ASSSRGGQETQY,RAKFKQLL
4652,YGGTVN,YFSGDPLV,AVGGGPNDYKLS,LGHDT,YNNKEL,ASSSGQENEKLF,RAKFKQLL
4653,ATGYPS,ATKADDK,ALPSGGYNKLI,MNHEY,SMNVEV,ASSFGQGGEKLF,GILGFVFTL
4654,TTLSN,LVKSGEV,ARIKDAGNKLT,SGHNS,FNNNVP,ASSYPGQQETQY,KSKRTPMGF
4655,TSENNYY,QEAYKQQN,AFMKRGGDRDDKII,DFQATT,SNEGSKA,SARGRLYNEKLF,RAKFKQLL
4656,DSAIYN,IQSSQRE,AVTSDSGAGSYQLT,LNHDA,SQIVND,ASSISLAAEQF,LLDFVRFMGV
4657,SVFSS,VVTGGEV,AGPLSGGSQGNLI,LNHDA,SQIVND,ASSIYSNQPQH,GILGFVFTL
4658,NIATNDY,GYKTK,LVGDSYSSASKII,SGHRS,YFSETQ,ASSQGLAGEVYTGELF,NLVPMVATV
4659,YGGTVN,YFSGDPLV,AVNAGGQNFV,SGHAT,FQNNGV,ASSLDLLGGATSQY,YVLDHLIVV
4660,DSASNY,IRSNVGE,AASETSYDKVI,SGHNS,FNNNVP,ASTQQGSYGYT,RAKFKQLL
4661,VSGNPY,YITGDNLV,AVREWDSGYSTLT,MNHEY,SMNVEV,ASKREGSSYEQY,QYIKWPWYI
4662,TISGNEY,GLKNN,IVRVIVSGGGADGLT,SGHDT,YYEEEE,ASSPGTDLYEQY,SLFNTVATLY
4663,YGGTVN,YFSGDPLV,AVTGGFKTI,SGHAT,FQNNGV,ASSLYNEQF,GPRLGVRAT
4664,YSGSPE,HISR,ALKIPLV,LNHDA,SQIVND,ASSIRSAYEQY,GILGFVFTL
4665,SSYSPS,YTSAATLV,AVPNFGNEKLT,MNHNS,SASEGT,ASSRRDSAVKLF,SPRWYFYYL
4666,TSENNYY,QEAYKQQN,AFMKLLNNDMR,LGHDT,YNNKEL,ASSQNRNRALNTEAF,SPRWYFYYL
4667,SSNFYA,MTLNGDE,AFASSNTGKLI,MGHRA,YSYEKL,ASSQDIWTSGYT,RPPIFIRRL
4668,DSASNY,IRSNVGE,APPDSGAGSYQLT,LNHDA,SQIVND,ASSINGGTNTEAF,GILGFVFTL
4669,NSASQS,VYSSG,VVNMMDDMR,SGHKS,YYEKEE,ASSSDDMRNTGELF,YLQPRTFLL
4670,TSENNYY,QEAYKQQN,AFRTSGSRLT,SEHNR,FQNEAQ,ASSPTLVTSGNTIY,NLVPMVATV
4671,TSESDYY,QEAYKQQN,ALMSARLM,SGHNS,FNNNVP,ASSFARAQADTQY,YLQPRTFLL
4672,NSASDY,IRSNMDK,ADSGGGADGLT,SGHRS,YFSETQ,ASSYKGLAITTYEQY,RAKFKQLL
4673,TRDTTYY,RNSFDEQN,APINTGGFKTI,SGHNS,FNNNVP,ASSLAQGYEQY,NYNYLYRLF
4674,NSASQS,VYSSG,VVNRNNDMR,SGHNS,FNNNVP,ALGDLNTGELF,YLQPRTFLL
4675,TSDPSYG,QGSYDQQN,AMRESGETSGSRLT,KGHDR,SFDVKD,ATSATGLRNQPQH,NLVPMVATV
4676,NSASQS,VYSSG,VVQETSYDKVI,MNHEY,SMNVEV,ASRPVPYNEQF,GILGFVFTL
4677,YGATPY,YFSGDTLV,AVVLSGGYQKVT,SGDLS,YYNGEE,ASSPSGSEQY,CLGGLLTMV
4678,NSAFQY,TYSSGN,AMSESNFGNEKLT,SGHDT,YYEEEE,ASSLASAASNQPQH,LLAGIGTVPI
4679,DSSSTY,IFSNMDM,AESLDMLT,SGDLS,YYNGEE,ASSVVGGNEQF,GLCTLVAML
4680,NSASDY,IRSNMDK,ALLMDSNYQLI,LNHDA,SQIVND,ASGVRSGEVEQF,GILGFVFTL
4681,NSMFDY,ISSIKDK,AASDPNSGYALN,MGHRA,YSYEKL,ASSQVGPNEKLF,DATYQRTRALVR
4682,VGISA,LSSGK,AVREREYGNKLV,MNHEY,SVGEGT,ASSVEGAGVTDTQY,TTDPSFLGRY
4683,TISGNEY,GLKNN,IVRETNNDMR,SEHNR,FQNEAQ,ASSSLSGGAGNEQF,RAKFKQLL
4684,VGISA,LSSGK,AVEDNNARLM,SGDLS,YYNGEE,ASSLAPGSYEQY,LLWNGPMAV
4685,DRGSQS,IYSNGD,AGFGGAGNNRKLI,LNHDA,SQIVND,ASSIRSSVEAF,GILGFVFTL
4686,DSAIYN,IQSSQRE,AVAFSGGYNKLI,MNHEY,SMNVEV,ASSLLQYNEQF,PTDNYITTY
4687,NSASQS,VYSSG,VVSSYKLI,LGHNA,YSLEER,ASSQTEGGAYGYT,LLWNGPMAV
4688,NSASDY,IRSNMDK,ADSGGGADGLT,MNHEY,SVGAGI,ASSSQGGSYGYT,RAKFKQLL
4689,DSAIYN,IQSSQRE,VPMEYGNKL,GTSNPN,SVGIG,SVAGGPGDTQ,GILGFVFTL
4690,TTSDR,LLSNGAV,AVELNYGGSQGNLI,MGHRA,YSYEKL,ASSQDGVPGGNEQY,CTELKLSDY
4691,NSAFQY,TYSSGN,AMSTGNNARLM,MNHEY,SVGAGI,ASTDGGFGYT,TTDPSFLGRY
4692,KTLYG,LQKGGEE,GADPTGAGGTSYGKLT,LNHDA,SQIVND,ASSIGTYGYT,GILGFVFTL
4693,DRGSQS,IYSNGD,AAGPPGFKTI,SGHDT,YYEEEE,ASSTGQGVWEQF,QYIKWPWYI
4694,TSENNYY,QEAYKQQN,AFMEINYQLI,MNHNS,SASEGT,ASGTSGRTRDTQY,RGPGRAFVTI
4695,SVFSS,VVTGGEV,AGGHGGSQGNLI,LNHDA,SQIVND,ASSTSGANQPQH,GILGFVFTL
4696,TSINN,IRSNERE,ATDKPPGRRALT,MGHRA,YSYEKL,ASSQDDGTAATNYGYT,SPRWYFYYL
4697,TSESDYY,QEAYKQQN,AYTSGGSNYKLT,SGHVS,FNYEAQ,ASSSRQGPKEYGYT,LTDEMIAQY
4698,NIATNDY,GYKTK,LVGSPFPTSGTYKYI,SGHDY,FNNNVP,ASSVAPGRDGYT,LLWNGPMAV
4699,NIATNDY,GYKTK,LVGVPSGAGSYQLT,SNHLY,FYNNEI,ASSEVRGRQGHEQY,CINGVCWTV
4700,NSASDY,IRSNMDK,ADSGGGADGLT,PRHDT,FYEKMQ,ASSLMRGGTYNSPLH,RAKFKQLL
4701,SVFSS,VVTGGEV,AGGSGTASKLT,MNHEY,SMNVEV,ASSVAGSYGDTQY,RLPGVLPRA
4702,NSAFQY,TYSSGN,AMSYGTRGSFAPT,MDHEN,SYDVKM,ASSPGGGKDTGELF,ALAGIGILTV
4703,NSAFQY,TYSSGN,AMSISNFGNEKLT,MGHRA,YSYEKL,ASSQEGGTDTGELF,LLAGIGTVPI
4704,VSGNPY,YITGDNLV,AVRLSLYSGAGSYQLT,MDHEN,SYDVKM,ASSLPLRQAEQPQH,QAKWRLQTL
4705,NSASQS,VYSSG,VVNDPNSGNTPLV,DFQATT,SNEGSKA,SARDQASQNTGELF,YLQPRTFLL
4706,TTLSN,LVKSGEV,AGPEDGGSQGNLI,LNHDA,SQIVND,ASSIRSSGPQF,GILGFVFTL
4707,TSGFNG,NVLDGL,AVRDDSNYQLI,MDHEN,SYDVKM,ASTAQGFSNQPQH,RPIIRPATL
4708,DSASNY,IRSNVGE,AASETSYDKVI,SEHNR,FQNEAQ,ASSSTSAGDNEQF,RAKFKQLL
4709,DRGSQS,IYSNGD,AVPSGTYKYI,MDHEN,SYDVKM,ASSLQGAGQETQY,LLLDRLNQL
4710,TSGFNG,NVLDGL,AGLNDYKLS,MNHNY,SVGAGI,ASTGADTQY,YLQPRTFLL
4711,DSSSTY,IFSNMDM,AETLYYNTDKLI,MGHDK,SYGVNS,ASRPQDSYEQY,GILGFVFTL
4712,TSENNYY,QEAYKQQN,AYIGDSNYQLI,SGHNT,YYREEE,ASSLDGLAGDNEQF,RGPGRAFVTI
4713,TRDTTYY,RNSFDEQN,ALSVKDGGSQGNLI,LNHDA,SQIVND,ASSALSGIYNEQF,GILGFVFTL
4714,TSDPSYG,QGSYDQQN,AMRGYGGSQGNLI,MGHRA,YSYEKL,ASSQEWREFLREQF,TTDPSFLGRY
4715,TSGFYG,NALDGL,AVNSNYQLI,LNHDA,SQIVND,ASSKPGTGLSGGGYT,TPRVTGGGAM
4716,TSINN,IRSNERE,ATHPSGTYKYI,ENHRY,SYGVKD,AISESAEAYEQY,ATDALMTGF
4717,DSASNY,IRSNVGE,AAPYSSNTGKLI,LNHDA,SQIVND,ASSPRAGWETQY,GILGFVFTL
4718,NSASDY,IRSNMDK,ADHTGGFKTI,SGHNT,YYREEE,ASSPGTGGYTEAF,LLWNGPMAV
4719,TSGFNG,NVLDGL,AVRRGSTLGRLY,SNHLY,FYNNEI,ASSGPGGAGNTEAF,YVLDHLIVV
4720,TTLSN,LVKSGEV,AGLHLYSGGGADGLT,MNHNS,SASEGT,ASSEYTGTSGPYEQY,ATDALMTGF
4721,KALYS,LLKGGEQ,GTADGGSQGNLI,LNHDA,SQIVND,ASSIRSDDIQY,GILGFVFTL
4722,DRGSQS,IYSNGD,AVKWSGQNFV,DFQATT,SNEGSKA,SAETGNTEQF,DATYQRTRALVR
4723,NSASQS,VYSSG,VVNGGAAGNKLT,SGDLS,YYNGEE,ASSVGVDSTDTQY,RAKFKQLL
4724,TSDPSYG,QGSYDQQN,TTSGTYKYI,SNHLY,FYNNEI,ASSAGVGTEAF,LLAGIGTVPI
4725,YGATPY,YFSGDTLV,AVVRFSDGQKLL,SGDLS,YYNGEE,ASSVYPAPSDNSPLH,SPRWYFYYL
4726,DRGSQS,IYSNGD,AVNGGGADGLT,MDHEN,SYDVKM,ASSLPGLAGEETQY,ELAGIGILTV
4727,TISGNEY,GLKNN,IVRVAVKTSYDKVI,SEHNR,FQNEAQ,ASISLISTKGRKDTQY,GPRLGVRAT
4728,VSGLRG,LYSAGEE,AVQAVKLGGTSYGKLT,SGHTA,FQGNSA,ASSAGQGGVETQY,VLEETSVML
4729,VSPFSN,MTFSENT,VGYTNAGKST,SEHNR,FQNEAQ,ASSSRSEGSYEQY,RAKFKQLL
4730,DSSSTY,IFSNMDM,AETDGPNFV,SGHTA,FQGNSA,ASSYGVGYGYT,RAKFKQLL
4731,TRDTTYY,RNSFDEQN,ALSEWNTGFQKLV,MNHEY,SMNVEV,ASSLTSGTYEQY,ATDALMTGF
4732,SSVPPY,YTSAATLV,AVPNFGNEKLT,KGHDR,SFDVKD,ATSDPKLAGGRNEQF,SPRWYFYYL
4733,DSAIYN,IQSSQRE,AVTDSNYQLI,SEHNR,FQNEAQ,ASRPPGADTEAF,TTDPSFLGRY
4734,DRGSQS,IYSNGD,AVNAPGSSGDKLT,LGHDT,YNNKEL,ASSHFGLGQPQH,ELAGIGILTV
4735,SSVSVY,YLSGSTLV,AVTNDYKLS,MDHEN,SYDVKM,ASSPLQGLVGYT,GILGFVFTL
4736,YGATPY,YFSGDTLV,AVGAPGASGTYKYI,MGHRA,YSYEKL,ASSPTSGSYEQY,RFPLTFGWCF
4737,DSAIYN,IQSSQRE,ACSGGYNKLI,MNHEY,SVGAGI,ASSLDSSYEQY,TTDPSFLGRY
4738,DSASNY,IRSNVGE,AATYSGAGSYQLT,MNHEY,SMNVEV,ASSNQETQY,ELAGIGILTV
4739,DSSSTY,IFSNMDM,ADGSGTTDSWGKLQ,MGHRA,YSYEKL,ASSQNQDMGTEAF,GLCTLVAML
4740,VGISA,LSSGK,AVRATGTASKLT,SQVTM,ANQGSEA,SVAGQGDDHTDTQY,NLVPMVATV
4741,NSASDY,IRSNMDK,AALGGNTGFQKLV,MNHEY,SMNVEV,ASSLSYRGNTEAF,SPRWYFYYL
4742,NSASDY,IRSNMDK,AENKREAGNTPLV,SGHTA,FQGTGA,ASSLGTSGGTGELF,RAKFKQLL
4743,YSGSPE,HISR,ALVTFTGGGNKLT,SGHNT,YYREEE,ASSSTGGGEKDQPQH,GILGFVFTL
4744,NSAFQY,TYSSGN,AMSGSNFGHEKLT,SGHNS,FNNNVP,ASGGEGDDVSSGNTIY,LLAGIGTVPI
4746,NSAFQY,TYSSGN,AMSISNFGNEKLT,MNHNS,SASEGT,ASRMDRAYEQY,LLAGIGTVPI
4747,TTSDR,LLSNGAV,AVPGNNDMR,MNHEY,SVGAGI,ASSNPGPWGSPLH,LTDEMIAQY
4748,VSPFSN,MTFSENT,VVSSSYGNNRLA,SGHDT,YYEEEE,ASSLRDGSEAF,RAKFKQLL
4749,NSASQS,VYSSG,VVNIDTDKLI,SNHLY,FYNNEI,ASPDANTGELF,YLQPRTFLL
4750,TSESDYY,QEAYKQQN,AYSENNNDMR,MNHEY,SMNVEV,ASSLSGVGDGYT,KLWAQCVQL
4751,DSAIYN,IQSSQRE,AVSFFGNEKLT,MNHEY,SVGAGI,ASSYGSLAGEDTQY,GILGFVFTL
4752,NSASQS,VYSSG,VVNEAGGYNKLI,LNHNV,YYDKDF,ATSSPRTSSDEQF,YSEHPTFTSQY
4753,SSNFYA,MTLNGDE,AALESNTGKLI,LNHDA,SQIVND,ASSTRSGQPQH,GILGFVFTL
4754,DRGSQS,IYSNGD,ALESGGYNKLI,LNHDA,SQIVND,ASTRGLAGPNEQF,LLLDRLNQL
4755,TRDTTYY,RNSFDEQN,ALSETGRDTDKLI,SGHVS,FNYEAQ,ASSLAGEGYEQY,RAKFKQLL
4756,DRGSQS,IYSNGD,AVNKDSSYKLI,GTSNPN,SVGIG,AWMSGELF,LLLDRLNQL
4757,DRGSQS,IYSNGD,AVNNARLM,LGHNA,YSLEER,ASSPSPGEAYGYT,LLWNGPMAV
4758,DSSSTY,IFSNMDM,AESTGKYI,SQVTM,ANQGSEA,SVGSQGTNEKL,GLCTLVAML
4759,TTSDR,LLSNGAV,AVGG,SNHLY,FYNNEI,ASRANSLYEQY,HSNLNDATY
4760,NSAFQY,TYSSGN,AMKISNFGNEKLT,SGHDN,FVKESK,ASSLPSWEDGYQETQY,LLAGIGTVPI
4761,DSASNY,IRSNVGE,KTSYDKVI,SEHNR,FQNEAQ,ASSLVQGYEQY,RAKFKQLL
4762,NSASQS,VYSSG,VVNRDDKII,LGHNA,YSLEER,ASSQVISVLSYNEQF,YSEHPTFTSQY
4763,VGISA,LSSGK,AGAGGTSYGKLT,MDHEN,SYDVKM,ASSTHSDRETEAF,GILGFVFTL
4764,TRDTTYY,RNSFDEQN,ALPNSGGSNYKLT,SEHNR,FQNEAQ,ASSSTRQLAKNIQY,RAKFKQLL
4765,ATGYPS,ATKADDK,ALSAGNQFY,MNHEY,SMNVEV,ASSDRTSQETQY,TTDPSFLGRY
4767,TSDPSYG,QGSYDQQN,AMRPLIYNQGGKLI,LGHNA,YSLEER,ASSQDEYGLIHYGYT,GILGFVFTL
4768,NYSPAY,IRENEKE,ALNAGNMLT,MNHEY,SVGEGT,ASTTGTGYAEAF,TTDPSFLGRY
4769,SSNFYA,MTLNGDE,AFISFNKFY,MNHEY,SVGAGI,ASSAQTGAAYGYT,NLVPMVATV
4770,VSPFSN,MTFSENT,VPRNFGNEKLT,MNHEY,SMNVEV,ASSPHFQVDTGELF,RAKFKQLL
4771,YGATPY,YFSGDTLV,AVGAPGASGTYKYI,MGHRA,YSYEKL,ASSQVAGGLYEQY,RFPLTFGWCF
4772,NSMFDY,ISSIKDK,AATLYDKII,SQVTM,ANQGSEA,SAGRDGTNEKLF,GLCTLVAML
4773,TSINN,IRSNERE,ATDEDTNAGKST,MGHRA,YSYEKL,ASSPDPWGVDTEAF,RTATKAYNV
4774,SVFSS,VVTGGEV,AGDDQGGKLI,LNHDA,SQIVND,ASSIRSSYEQY,GILGFVFTL
4775,TSENNYY,QEAYKQQN,AFMKHVSSGGSNYKLT,MNHEY,SMNVEV,ASSPHFQVDTGELF,RAKFKQLL
4776,YSGSPE,HISR,ALKGYSTLT,MNHEY,SVGEGT,ASGLLGDTEAF,YVLDHLIVV
4777,SSNFYA,MTLNGDE,ALNNAGNMLT,MNHNY,SVGAGI,ASEEGYSNQPQH,TTDPSFLGRY
4778,NSASQS,VYSSG,VVIQYGNKLV,MDHEN,SYDVKM,ASKGLPSTDTQY,CLGGLLTMV
4779,NSMFDY,ISSIKDK,AARLINYQLI,LGHNA,YSLEER,ASSQDPAWGGANTGELF,VLEETSVML
4780,SVFSS,VVTGGEV,AASFMEYGNKLV,KGHSH,LQKENI,ASSQTGLNTEAF,GILGFVFTL
4781,SVFSS,VVTGGEV,NNNARLM,SGHDN,FVKESK,ASSQSPGGTQY,GLCTLVAML
4782,SSNFYA,MTLNGDE,ALANYGGSQGNLI,SGDLS,YYNGEE,ASSEEDGPQH,CTELKLSDY
4783,DSASNY,IRSNVGE,APSLNSGGYQKVT,SNHLY,FYNNEI,ASSVVGGDYGYT,FLRGRAYGL
4784,TSINN,IRSNERE,ATAPDGSSNTGKLI,LNHDA,SQIVND,ASSQYNQPQH,GILGFVFTL
4785,DSASNY,IRSNVGE,AGNAGNMLT,MNHEY,SMNVEV,ASTGPGGLAAGEQY,LTDEMIAQY
4786,SSVSVY,YLSGSTLV,AVSDAEGAQKLV,SGHTA,FQGTGA,ASSLIVTGATNEQF,RAKFKQLL
4787,DRGSQS,IYSNGD,AVSRGSTLGRLY,LGHNA,YSLEER,ASSQDYGLEAF,GILGFVFTL
4788,NSAFQY,TYSSGN,AMSASNFGNEKLT,SGHDT,YYEEEE,ASSNWGPRVVNQPQH,LLAGIGTVPI
4789,VSGNPY,YITGDNLV,AVSGSIIGFGNVLH,SEHNR,FQNEAQ,ASSLGGVEQF,RPPIFIRRL
4790,SVFSS,VVTGGEV,AGEGSTGNQFY,SQVTM,ANQGSEA,SVGSGEDSPQY,RAKFKQLL
4791,NSMFDY,ISSIKDK,AANRDDKII,SEHNR,FQNEAQ,ASSLQSSYNEQF,GILGFVFTL
4792,NSASDY,IRSNMDK,AENAPLGRRALT,LNHDA,SQIVND,ASRINPGGADEAF,GILGFVFTL
4793,YGGTVN,YFSGDPLV,AVNAGQAGTALI,SGHAT,FQNNGV,ASSLTLRGGAGELF,NQKLIANQF
4794,NIATNDY,GYKTK,LVGPFMR,LGHNA,YNFKEQ,ASSQDPDTQY,DATYQRTRALVR
4795,SSVPPY,YTSAATLV,GNTGGFKTI,LNHDA,SQIVND,ASSINGGRRDGYT,GILGFVFTL
4796,NSASDY,IRSNMDK,ADSGGGADGLT,PRHDT,FYEKMQ,ASSPRGGVEKTQY,RAKFKQLL
4797,SSNFYA,MTLNGDE,AFTSNTGKLI,SGHRS,YFSETQ,ASRGDTFYEQY,ATDALMTGF
4798,TSENNYY,QEAYKQQN,AYRSFSGYALN,LNHDA,SQIVND,ASSIGGREAF,GILGFVFTL
4799,DRGSQS,IYSNGD,AVNPETSYDKVI,DFQATT,SNEGSKA,SASEAGGSYEQY,LLWNGPMAV
4800,ATGYPS,ATKADDK,ALDNTGKLI,SGHAT,FQNNGV,ASSWNRASSYEQY,GLCTLVAML
4801,STGYPT,ETMEN,LLGFTNTNAGKST,LNHDA,SQIVND,ASSIGSYGYT,GILGFVFTL
4802,TTLSN,LVKSGEV,AGGRNYQLI,MNHEY,SMNVEV,ASSFRDHTDTQY,TTDPSFLGRY
4803,VSGNPY,YITGDNLV,AVSSARQLT,SNHLY,FYNNEI,ASSGTVTSSSTDTQY,LTDEMIAQY
4804,TSGFNG,NVLDGL,AGMDSNYQLI,SQVTM,ANQGSEA,SAGQGPYEQY,RAKFKQLL
4805,SVFSS,VVTGGEV,AGAQGGGSQGNLI,SGHDT,YYEEEE,ASSLRDGSEAF,GILGFVFTL
4806,TSESDYY,QEAYKQQN,ARAGNMLT,GTSNPN,SVGIG,AWVAVTSTDTQY,SPRWYFYYL
4807,YSGSPE,HISR,ALWKYGNKLV,LNHDA,SQIVND,ASREQWGQNTGELF,VTEHDTLLY
4808,DRGSQS,IYSNGD,AVPRNNNARLM,LNHDA,SQIVND,ASSVYSNQPQH,GILGFVFTL
4809,DSASNY,IRSNVGE,AAAETSYDKVI,SEHNR,FQNEAQ,ASSALGQTHTEAF,RAKFKQLL
4811,DSASNY,IRSNVGE,AANSNTGKLI,SGHNT,YYREEE,ASRLGGLGEQY,RFPLTFGWCF
4812,TTSDR,LLSNGAV,AVDNNNDMR,MNHEY,SVGAGI,ASSYSSYGGHNEQF,RTLNAWVKV
4813,DSSSTY,IFSNMDM,AEKEYADGLT,SGHVS,FQNEAQ,ASSSPEGQPLNTGELF,GLCTLVAML
4814,DSVNN,IPSGT,AVGGDMR,MNHEY,SVGAGI,ASLGTSGNEQF,TPRVTGGGAM
4815,TSINN,IRSNERE,ATDARNAGNNRKLI,SGHVS,FNYEAQ,ASSLAPGATNEKLF,NLVPMVATV
4816,DRGSQS,IYSNGD,AVTPLYGGSQGNLI,SGHRS,YFSETQ,ASSLVGTSGRPAGDEQF,YLQPRTFLL
4817,SSNFYA,MTLNGDE,AFLPDDDMR,MDHEN,SYDVKM,ASSPETGAIDGYT,NQKLIANQF
4818,KALYS,LLKGGEQ,GTETDNNAGNMLT,LNHDA,SQIVND,ASSIYSINEQF,GILGFVFTL
4819,DSASNY,IRSNVGE,AAFVSGSARQLT,SGHAT,FQNNGV,ASSLLTDTQY,TPRVTGGGAM
4820,DSAIYN,IQSSQRE,AVRRESDGQKLL,MNHNY,SVGAGI,ASSSVLVGNAAEAF,RPPIFIRRL
4821,VSGNPY,YITGDNLV,AVRDGTGANNLF,SGHVS,FNYEAQ,ASSEALVLEQF,GILGFVFTL
4822,NSMFDY,ISSIKDK,AARRWAIGAGKST,MNHEY,SMNVEV,ASSDRAGTDTQY,TTDPSFLGRY
4823,TSDPSYG,QGSYDQQN,ATRAIEGANNLF,MGHRA,YSYEKL,ASSLSSGGRGEQY,RAKFKQLL
4824,NIATNDY,GYKTK,LVGSSGNTGKLI,SGDLS,YYNGEE,ASSASGLAGAKNIQY,RTATKQYNV
4825,NSASQS,VYSSG,IKAAGNKLT,LNHDA,SQIVND,ASSTRSAYEQY,GILGFVFTL
4826,TISGNEY,GLKNN,IVRAGGGGWSGGGADGLT,LNHDA,SQIVND,ASSIFDSRNQPQH,GILGFVFTL
4827,NIATNDY,GYKTK,LVGSGFQKLV,SGDLS,YYNGEE,ASSPEGQSSNTGELF,GILGFVFTL
4828,TTLSN,LVKSGEV,AGKSLFGTNAGKST,MGHRA,YSYEKL,ASSRGQGPGQETQY,NLVPMVATV
4829,NSASQS,VYSSG,VVNKEDRLM,SEHNR,FQNEAQ,ASSLDIELF,YLQPRTFLL
4830,YGGTVN,YFSGDPLV,AVMGAGGTSYGKLT,LNHDA,SQIVND,ASSIGSGEAF,LLFGYPVYV
4831,NSAFQY,TYSSGN,AMSASNFGNEKLT,SGHKS,YYEKEE,ASSSDRASNSGANVLT,LLAGIGTVPI
4832,VSGNPY,YITGDNLV,AVRVILTGGGNKLT,SEHNR,FQNEAQ,ASSPTTGFSTNEKLF,QYIKWPWYI
4833,DSSSTY,IFSNMDM,AESEGPTYTDKLI,SGHDY,FNNNVP,ASSERTGEFAETQY,RAKFKQLL
4834,NSAFQY,TYSSGN,AMTLSNFGNEKLT,MDHEN,SYDVKM,ASSTPSGEDQETQY,LLAGIGTVPI
4835,TSINN,IRSNERE,ATDHNQAGTALI,MNHNY,SVGAGI,ASSYVTGANTEAF,ALWEIQQVV
4836,VSGLRG,LYSAGEE,AVPNFGNEKLT,MNHEY,SMNVEV,ASSLSGLGETQY,TTDPSFLGRY
4837,TSGFNG,NVLDGL,AVRARGANVAGNMLT,LNHDA,SQIVND,ASSMYGAANYGYT,RAKFKQLL
4838,SSVPPY,YTSAATLV,AVITSNNAGNMLT,LGHDT,YNNKEL,ASQPLAGGPNEQF,SPRWYFYYL
4839,DRGSQS,IYSNGD,ATRMNRDDKII,SGHDT,YYEEEE,ASSLRDGSEAF,RAKFKQLL
4840,NSMFDY,ISSIKDK,GGRTGNTGKLI,LNHDA,SQIVND,ASSISSGQPQH,GILGFVFTL
4841,YGGTVN,YFSGDPLV,AVGDGGFKTI,MDHEN,SYDVKM,ASRALAGSAYEQY,YVLDHLIVV
4842,NSMFDY,ISSIKDK,AASASGGGADGLT,MNHEY,SMNVEV,ASSLGWGFGEQY,GILGFVFTL
4843,YGGTVN,YFSGDPLV,AVLKPGTYKYI,MNHEY,SMNVEV,ASSLWGWGSYGYT,TTDPSFLGRY
4844,SSVSVY,YLSGSTLV,AVIPVYNFNKFY,DFQATT,SNEGSKA,SARDLGAAYEQY,QYIKWPWYI
4845,TSGFNG,NVLDGL,AVRDSNYQLI,MNHNS,SASEGT,ASSDAENTEAF,NLVPMVATV
4846,NSMFDY,ISSIKDK,FPSIDYGGSQGNLI,DFQATT,SNEGSKA,SATRDRGYTEAF,NQKLIANQF
4847,VSGLRG,LYSAGEE,AVQAGEGDKLI,LNHDA,SQIVND,ASSMGAYGYT,GILGFVFTL
4848,NSAFQY,TYSSGN,AMGPQAGTALI,SGHVS,FNYEAQ,ASSLEYREYEQY,LLAGIGTVPI
4849,TRDTTYY,RNSFDEQN,ALSGTSYDKVI,SGDLS,YYNGEE,ASSVGYRNTEAF,YLQPRTFLL
4850,SIFNT,LYKAGEL,AGPPYAGGTSYGKLT,LNHDA,SQIVND,ASSIYGTGTKGTEAF,GILGFVFTL
4851,TSGFNG,NVLDGL,VVNRDAGKST,SEHNR,FQNEAQ,ASSSPRLSGEADGYT,FLRGRAYGL
4852,DRGSQS,IYSNGD,AVTFWGDDMR,MNHEY,SVGAGI,ASRAGGGTEAF,ELAGIGILTV
4853,TSESDYY,QEAYKQQN,AYYQMYSGGGADGLT,KGHDR,SFDVKD,ATSTRDRVTANTGELF,ATDALMTGF
4854,KTLYG,LQKGGEE,GADRYAGGTSYGKLT,LNHDA,SQIVND,ASSIGMYGYT,GILGFVFTL
4855,NSASQS,VYSSG,VVGLDNYGQNFV,LNHNV,YYDKDF,ATSRIGGTDTSTDTQY,VSDGGPNLY
4856,DSSSTY,IFSNMDM,AEDNNARLM,DFQATT,SNEGSKA,SARDRGIGNTIY,GLCTLVAML
4857,DRGSQS,IYSNGD,AVLMEYGNKLV,MNHEY,SMNVEV,ASSWTGGITEAF,RAKFKQLL
4858,DRGSQS,IYSNGD,AVNNARLMFG,MNHEY,SMNVEV,ASSPSGLAGGHTQYFG,ELAGIGILTV
4859,VSGLRG,LYSAGEE,AVINQAGTALI,MDHEN,SYDVKM,ASSLERNTYEQY,GILGFVFTL
4860,TSDPSYG,QGSYDQQN,AMREGQTNFGNEKLT,MDHEN,SYDVKM,ASSLGAGFLQETQY,GILGFVFTL
4861,NSASDY,IRSNMDK,ADSGGGADGLT,SGHDT,YYEEEE,ASSLIQTGQALEQY,RAKFKQLL
4862,DSSSTY,IFSNMDM,AESMMEAAGNKLT,SGHTA,FQGNSA,ASSLASGYEQY,NYNYLYRLF
4863,DSAIYN,IQSSQRE,APSGYSTLT,SGHNT,YYREEE,ASSFSTGANTEAF,GILGFVFTL
4864,DRGSQS,IYSNGD,NYGGSQGNLI,MDHEN,SYDVKM,ASSRSGTTYEQY,ALGIGILTV
4865,YGGTVN,YFSGDPLV,AVNAGQAGTALI,SGHAT,FQNNGV,ASTYSGRVGPGELF,NQKLIANQF
4866,VSGNPY,YITGDNLV,AVRDFRNNDMR,SNHLY,FYNNEI,ASIRGDYEQY,SPRWYFYYL
4867,YSGSPE,HISR,ALSGNNNARLM,LNHDA,SQIVND,ASRAPGLALDTQY,RAKFKQLL
4868,VSPFSN,MTFSENT,VVSAVSGGYNKLI,MNHEY,SMNVEV,ASSLGAAVSTEAF,TPRVTGGGAM
4869,DRGSQS,IYSNGD,AVEGGADGLT,KGHDR,SFDVKD,ATSDPSGTGVETQY,ELAGIGILTV
4870,TRDTTYY,RNSFDEQN,ALSDLNQGGKLI,LGHDT,YNNKEL,ASSQELRERYNEQF,QYIKWPWYI
4871,VSGNPY,YITGDNLV,AVRGPMNTGFQKLV,MNHEY,SMNVEV,ASSPPQFTEAF,GPRLGVRAT
4872,TSGFNG,NVLDGL,AVRDRRPRLM,SQVTM,ANQGSEA,SVLSSDSYNEQF,SPRWYFYYL
4873,DSASNY,IRSNVGE,AAGEKLV,SQVTM,ANQGSEA,SVFLGGESATNEKLF,CINGVCWTV
4874,NSAFQY,TYSSGN,AMSAGNYGQNFV,MNHEY,SMNVEV,ASSSETGRGETQY,ELAGIGILTV
4875,YGATPY,YFSGDTLV,AVGPRGNTGKLI,LNHDA,SQIVND,ASSIPMGTDSLERSYNEQF,TPRVTGGGAM
4876,TSGFNG,NVLDGL,AVNDYKLS,SGHNT,YENEEA,ASSPGSDNEQF,ALWEIQQVV
4877,TRDTTYY,RNSFDEQN,ASGTGANSKLT,LNHDA,SQIVND,ASSPETREFAF,TDLGQNLLY
4878,TSINN,IRSNERE,ATDAGPEKLV,MNHNY,SVGAGI,ASRQLAGFYEQY,SPRWYFYYL
4879,NSMFDY,ISSIKDK,AASGGSNYKLT,ENHRY,SYGVKD,AISEMLIRGLANYGYP,VLFGLGFAI
4880,DSASNY,IRSNVGE,AAQPPTGNQFY,SGHAT,FQNNGV,ASSFLTGQGETQY,RAKFKQLL
4881,DRGSQS,IYSNGD,AARNYQLI,MNHEY,SVGEGT,ASSTGTGGDGYT,ELAGIGILTV
4882,DSAIYN,IQSSQRE,TTDSWGKFE,MDHEN,SYDVKM,ASRRPGRFTDTQY,QYIKWPWYI
4883,TISGNEY,GLKNN,IVREGGGADGLT,SEHNR,FQNEAQ,SNQPQH,RAKFKQLL
4884,NIATNDY,GYKTK,PGNNAGNMLT,SGHDY,FNNNVP,ASSLGPPGQRAKNIQY,LLDFVRFMGV
4885,TSGFYG,NALDGL,AVRAITGGGNKLT,SGHKS,YYEKEE,ASSLSLDSGANVLT,RPHERNGFTVL
4886,DRGSQS,IYSNGD,AVGAGSARQLT,SGHRS,YFSETQ,ASSLSQGGNEQF,ELAGIGILTV
4887,SVFSS,VVTGGEV,AGDGGGGSQGNLI,LNHDA,SQIVND,ASSIRSLDTQY,GILGFVFTL
4888,DSSSTY,IFSNMDM,ADGLRTGFQKLV,MGHRA,YSYEKL,ASSLAEKANTGELF,NLVPMVATV
4889,ATGYPS,ATKADDK,ALSPPGSRLT,SNHLY,FYNNEI,ASVDRDWTWGTEAF,LTDEMIAQY
4890,DSAIYN,IQSSQRE,AVRYLSNFGNEKLT,SGHNS,FNNNVP,ASSFSGNTGELF,RAKFKQLL
4891,VTNFRS,LTSSGIE,AVPTYKYI,SQVTM,ANQGSEA,SVEVSDYEQY,NQKLIANQF
4892,VSPFSN,MTFSENT,VVSGTSGTYKYI,LNHDA,SQIVND,ASRARVLDEQF,HPNGYKSLSTL
4893,TSINN,IRSNERE,ATDAGVYNQGGKLI,LNHNV,YYDKDF,ATSRAQDNEQF,LPRWYFYYL
4894,NSASDY,IRSNMDK,ADSGGGADGLT,SGHDN,FVKESK,ASSQEGYTEAF,RAKFKQLL
4895,VSGLRG,LYSAGEE,AVAFSSGSARQLT,SNHLY,FYNNEI,ARGGRAKNTEAF,RPHERNGFTVL
4896,VSPFSN,MTFSENT,VVSAPGGGADGLT,LNHDA,SQIVND,ASSILPSGATSSYNEQF,SPRWYFYYL
4897,DRGSQS,IYSNGD,AVAQGGSEKLV,MDHEN,SYDVKM,ASRGQGLGQPQH,ELAGIGILTV
4898,TSESDYY,QEAYKQQN,AYRSALGNQFY,SGHDN,FVKESK,ASSQEVFRLAETSGEYEQY,GILGFVFTL
4899,TSINN,IRSNERE,ATDAAHNLF,SGHNT,YENEEA,ASSFLEGLGQQY,ALGIGILTV
4900,YGGTVN,YFSGDPLV,NQAGTALI,KGHDR,SFDVKD,ATSDLTDTQY,YVLDHLIVV
4901,YGGTVN,YFSGDPLV,AVRGTGTLI,MNHEY,SVGAGI,ASSYSAGFTGELF,YVLDHLIVV
4902,YGGTVN,YFSGDPLV,AVNGNQFY,LNHDA,SQIVND,ASRALLGSNQPQH,YVLDHLIVV
4903,TRDTTYY,RNSFDEQN,AFLYNQGGKLI,SGHDY,FNNNVP,ASSPGSRGNIQY,RAKFKQLL
4904,DRGSQS,IYSNGD,AVSESNFGNEKLT,SGHTA,FQGNSA,ASSLASLVETQY,LLAGIGTVPI
4905,NSMFDY,ISSIKDK,AARQGAQKLV,SEHNR,FQNEAQ,ASSLEYSSMPYEQY,VTEHDTLLY
4906,DRGSQS,IYSNGD,AVSASKII,LNHNV,YYDKDF,ATSGSGNYEQY,LLWNGPMAV
4907,TSGFYG,NALDGL,AVSSRMLT,SNHLY,FYNNEI,ASTGTSDSTDTQY,CTELKLSDY
4908,NSAFQY,TYSSGN,ATGISNFGNEKLT,SGHDN,FVKESK,ASSQERASGGDEQY,LLAGIGTVPI
4909,SSNFYA,MTLNGDE,ASPQGDSSYKLI,DFQATT,SNEGSKA,SARDVAGGAHYEQY,QYIKWPWYI
4910,TSGFYG,NALDGL,AFSGYSTLT,LGHNA,YNFKEQ,ASSQEQDRGWGIQY,CINGVCWTV
4911,TTSDR,LLSNGAV,AVTPIFGNEKLT,SGHTA,FQGTGA,ASSLTGFDYGYT,LLFGYPVYV
4912,NTAFDY,IRPDVSE,AASDRLPGGSYIPT,DFQATT,SNEGSKA,SATNQYDGPDTEAF,RAKFKQLL
4913,NSASDY,IRSNMDK,AEWGNNNARLM,LNHDA,SQIVND,ASSMRSTGELF,GILGFVFTL
4914,ATGYPS,ATKADDK,ALGGSQGNLI,MNHEY,SMNVEV,ASSPRTGWDPQH,TTDPSFLGRY
4915,DSASNY,IRSNVGE,AAKETSYDKVI,SEHNR,FQNEAQ,ASSLLGGTDTGELF,RAKFKQLL
4916,TSESDYY,QEAYKQQN,AYTNAGKST,SGDLS,YYNGEE,ASSPTYPPEAF,GILGFVFTL
4917,SIFNT,LYKAGEL,AGQTYSGAGSYQLT,SGHAT,FQNNGV,ASSFYKSEGYT,SPRWYFYYL
4918,NSAFQY,TYSSGN,AMGRGGSYIPT,SQVTM,ANQGSEA,SVDGQNNYGYT,RAKFKQLL
4919,NSASQS,VYSSG,VVNPRGFSGSARQLT,LGHNA,YSLEER,ASSQAVGSPLH,VYFLQSINF
4920,YGGTVN,YFSGDPLV,AVKDTDKLI,LGHDT,YNNKEL,ASSQALITGELF,YVLDHLIVV
4921,NSASQS,VYSSG,VVNVRDRLM,SEHNR,FQNEAQ,ASTDDIEAF,YLQPRTFLL
4922,TSESDYY,QEAYKQQN,AYRSHENSGGSNYKLT,MNHEY,SMNVEV,ASSLSPFSADYEQY,NQKLIANQF
4923,SSVPPY,YTSAATLV,AVTDNNNNDMR,MNHNS,SASEGT,ASSDRLENNEKLF,NLVPMVATV
4924,NIATNDY,GYKTK,LVGDNLDSSYKLI,LNHNV,YYDKDF,ATTGGSGYEQY,LLWNGPMAV
4925,DRGSQS,IYSNGD,AVRPDKLI,LGHNA,YNFKEQ,ASSPENSNQPQH,LLWNGPMAV
4926,DRGSQS,IYSNGD,AVNLGGSHIPT,MNHEY,SVGAGI,ASSYGQAYEQY,ALAGIGILTV
4927,DRGSQS,IYSNGD,AVRDDKII,MNHNS,SASEGT,ASSPRAAGGLETQY,LLAGIGTVPI
4928,SVFSS,VVTGGEV,AGGGSQGNLI,MNHEY,SMNVEV,ASSLPGTGGSPLH,GILGFVFTL
4929,SSVPPY,YTSAATLV,AVSEGSNYQLI,LGHDT,YNNKEL,ASSQDPGVLYEQY,ATDALMTGF
4930,NSASDY,IRSNMDK,AENSGGSNYKLT,SGHKS,YYEKEE,ASSLGELTDTQY,GILGFVFTL
4931,DRGSQS,IYSNGD,AVTHTGGFKTI,KGHSH,LQKENI,ASSPPGGGNTGELF,RAKFKQLL
4932,TISGTDY,GLTSN,ILPLAGGPGYGKLT,MDHEN,SYDVKM,ASTLPGSSGQPQH,FLRGRAYGL
4933,TSGFNG,NVLDGL,AAHTGGFKTI,MNHEY,SMNVEV,ASSPWEGETQY,RTATKQYNV
4934,SSYSPS,YTSAATLV,VVSDRNFNKFY,MNHEY,SVGAGI,ASSWTVGADTQY,CTELKLSDY
4935,NSAFQY,TYSSGN,AILGDYKLS,MNHEY,SVGAGI,ASSYTTGGRKNEQF,SPRWYFYYL
4936,DSVNN,IPSGT,AVERGVYGQNFV,LNHDA,SQIVND,ASSIQHNEQF,GILGFVFTL
4937,KALYS,LLKGGEQ,GTVFEGSQGNLI,LNHDA,SQIVND,ASSGRSTDTQY,GILGFVFTL
4938,DSAIYN,IQSSQRE,AVRGNSNYQLI,SGHRS,YFSETQ,ASNDYDNEQF,TDLGQNLLY
4939,NSASQS,VYSSG,VVNDASGTYKYI,MNHNS,SASEGT,ASSEDAGLSYNEQF,GLCTLVAML
4940,YGGTVN,YFSGDPLV,AVVIGGHDMR,MNHEY,SMNVEV,ASRALLGGGETQY,YVLDHLIVV
4941,NSASQS,VYSSG,VVNSPPEGAGSYQLT,MRHNA,SNTAGT,ASSPGQGYEQY,NYNYLYRLF
4942,TTSDR,LLSNGAV,AVDENPLNYGGSQGNLI,LNHDA,SQIVND,ASSRTSTDTQY,GILGFVFTL
4943,DSSSTY,IFSNMDM,AESETSYDKVI,SGHRS,YFSETQ,ASRAVEGKRGAEAF,RAKFKQLL
4944,NSASQS,VYSSG,VVNDMR,LNHDA,SQIVND,ASSIFQNEKLF,GILGFVFTL
4945,TTSDR,LLSNGAV,AVVDFGNEKLT,SEHNR,FQNEAQ,ASSSRDGGTDTQY,RAKFKQLL
4946,DSASNY,IRSNVGE,AASRGKGGGADGLT,MNHEY,SVGAGI,ASSYSTGTVDYEQY,GILGFVFTL
4947,VSPFSN,MTFSENT,VVSARDNFNKFY,MNHEY,SMNVEV,ASSFGGRGLGFSGNTIY,GILGFVFTL
4948,VSNAYN,GSKP,AVEDNYGQNFV,SQVTM,ANQGSEA,STWGTGLNGYT,RAKFKQLL
4949,TRDTTYY,RNSFDEQN,ALSEVSNAGGTSYGKLT,SGDLS,YYNGEE,ASSVDGGGLDEQF,GILGFVFTL
4950,DSASNY,IRSNVGE,AASETSYDKVI,SEHNR,FQNEAQ,ASSLLGAENTIY,RAKFKQLL
4951,DSASNY,IRSNVGE,AAVGGYQKVT,SGHKS,YYEKEE,ASSYRGSSLSSYEQY,TTDPSFLGRY
4952,SVFSS,VVTGGEV,AETFKLNRDDKII,SGHAT,FQNNGV,ASSFNVNTEAF,VYFLQSINF
4953,DSAIYN,IQSSQRE,AACNNAGNMLT,SQVTM,ANQGSEA,SAGGNTEAF,LLDFVRFMGV
4954,YGATPY,YFSGDTLV,AVGDNFNKFY,SGHNS,FNNNVP,ASSFSGNTGELF,RAKFKQLL
4955,TRDTTYY,RNSFDEQN,APRGKNQGGKLI,SGHTA,FQGTGA,ASSLGGSNTDTQY,FTSDYYQLY
4957,SVFSS,VVTGGEV,AGASMEYGNKLV,LGHNA,YSLEER,ASSQDGSGQGIYEQY,GILGFVFTL
4958,DSVNN,IPSGT,ALVPNRDDKII,LNHDA,SQIVND,ASTPLGAPYGYT,GILGFVFTL
4959,TSINN,IRSNERE,ATEGFSGYSTLT,MNHNS,SASEGT,ASTGQGGYSGYT,FLYALALLL
4960,SIFNT,LYKAGEL,AGRGAGSARQLT,MGHRA,YSYEKL,ASSQGGDDTEAF,LTDEMIAQY
4961,SVFSS,VVTGGEV,AGGGSQGNLI,SGHNS,FNNNVP,ASSLGDRAGGYT,GILGFVFTL
4962,TTSDR,LLSNGAV,AVNQGAQKLV,LNHDA,SQIVND,ASSGRSGETQY,GILGFVFTL
4964,TRDTTYY,RNSFDEQN,ALSGRLIQGAQKLV,SNHLY,FYNNEI,ASSETPGGQRGYT,SPRWYFYYL
4965,NSASQS,VYSSG,VVGASKII,MGHRA,YSYEKL,ASSQAENYGYT,LLWNGPMAV
4966,TTLSN,LVKSGEV,TTDSWGKFE,SNHLY,FYNNEI,ASRAGGGVETQY,RAQAPPPSW
4967,NIATNDY,GYKTK,LSSASKII,SGDLS,YYNGEE,ASSVVENTEAF,CINGVCWTV
4968,TSGFNG,NVLDGL,AVRDHNYGQNFV,LNHDA,SQIVND,ASSPPEAF,GILGFVFTL
4969,ATGYPS,ATKADDK,ALAPEEYGNKLV,KGHSH,LQKENI,ASSETGSVYEQY,GILGFVFTL
4970,SSVPPY,YTSAATLV,AVSPSNTGKLI,SGHAT,FQNNGV,ASSPPGTSGGRNEQF,NLVPMVATV
4971,TTSDR,LLSNGAV,APGNTGKLI,SEHNR,FQNEAQ,ASSLGRDLNQPQH,NLVPMVATV
4972,SSVSVY,YLSGSTLV,AVSDLRGTASKLT,ENHRY,SYGVKD,AISEDVGQPQH,PTDNYITTY
4973,DRGSQS,IYSNGD,ALNTGNQFY,MDHEN,SYDVKM,ASSILPTEAF,LLLDRLNQL
4974,NSASDY,IRSNMDK,AENMRNTDKLI,LNHDA,SQIVND,ASSSFGGRELF,GILGFVFTL
4975,YGATPY,YFSGDTLV,AVGSIYNQGGKLI,SGHDT,YYEEEE,ASSLRDGSEAF,RAKFKQLL
4976,DRGSQS,IYSNGD,AVPNFGNEKLT,MNHEY,SMNVEV,ASSLGPGQPQH,ALAGIGILTV
4977,VSPFSN,MTFSENT,VVSAAYTGTASKLT,KGHDR,SFDVKD,ATQTANTGELF,YLQPRTFLL
4978,DRGSQS,IYSNGD,AVAVGVSGGGADGLT,SQVTM,ANQGSEA,SVGTGDWGEQY,GILGFVFTL
4979,NSASDY,IRSNMDK,AEVSGSARQLT,DFQATT,SNEGSKA,SARDIRGWYEQY,YLQPRTFLL
4980,SIFNT,LYKAGEL,AGRHGGTSYGKLT,SGHDY,FNNNVP,ASSLAYILGLGDEQF,NLVPMVATV
4981,SSVSVY,YLSGSTLV,AVSDGSDMR,KGHSH,LQKENI,ASSHPGDEQY,GILGFVFTL
4982,VSGNPY,YITGDNLV,AVRDLNTGGFKTI,SGHRS,YFSETQ,ASSSEESSSIDTQY,QYIKWPWYI
4983,DSAIYN,IQSSQRE,AVRPSGGFKTI,SGHTA,FQGNSA,ASSPSGQLDSQH,ATDALMTGF
4984,SVFSS,VVTGGEV,AGAGLGNDMR,SGDLS,YYNGEE,ASSVGGAVYNEQF,LLWNGPMAV
4985,DSSSTY,IFSNMDM,AESPDGGATNKLI,KGHSH,LQKENI,ASSPPGSRSSYEQY,KSKRTPMGF
4986,NSAFQY,TYSSGN,AMSERNNARLM,LNHDA,SQIVND,ASGAGGPLNEQF,GILGFVFTL
4987,SVFSS,VVTGGEV,AGRLWTDKLI,DFQATT,SNEGSKA,SARDTSGSYNEQF,GILGFVFTL
4988,TRDTTYY,RNSFDEQN,ALRAGNQFY,SGHNS,FNNNVP,ASSFSGNTGELF,RAKFKQLL
4989,TSENNYY,QEAYKQQN,AFMIGAGGTSYGKLT,LNHDA,SQIVND,ASSFGVHGYT,GILGFVFTL
4990,NSASQS,VYSSG,VGTPDYQLI,MDHEN,SYDVKM,ASRLQGAGTEAF,TTDPSFLGRY
4991,NSASDY,IRSNMDK,ADSGGGADGLT,SGHVS,FQNEAQ,ASSLFTDTQY,RAKFKQLL
4992,DRGSQS,IYSNGD,AVGGFGNVLHCFGNVLH,MGHRA,YSYEKL,ASSQTRGAGNTIY,ELAGIGILTV
4993,DSSSTY,IFSNMDM,AEMEGGSYIPT,LGHNA,YNFKEQ,ASSSTGGGEKDQPQH,RAKFKQLL
4994,ATGYPS,ATKADDK,ALGHYTNAGKST,SEHNR,FQNEAQ,ASSLEIEAF,YLQPRTFLL
4995,TRDTTYY,RNSFDEQN,ALTEYSGGYQKVT,LGHDT,YNNKEL,ASSQDRDRGPDEKLF,HPNGYKSLSTL
4996,NSAFQY,TYSSGN,AMSGDTDKLI,DFQATT,SNEGSKA,SARREFGTSGGSSYNEQF,NLVPMVATV
4997,SSVSVY,YLSGSTLV,AVTPRSYIPT,MDHEN,SYDVKM,ASSLGQGFTGELF,GPRLGVRAT
4998,TSENNYY,QEAYKQQN,AYIIIQGAQKLV,MNHEY,SMNVEV,ASSLSAVHGYT,NLVPMVATV
4999,DSSSTY,IFSNMDM,AESEGPTYTDKLI,SGHNS,FNNNVP,ASSFSGNTGELF,RAKFKQLL
5000,DRGSQS,IYSNGD,AVNDGHSGGGADGLT,MNHNY,SVGAGI,ASSYSNGYEQY,TDLGQNLLY
5001,TSESDYY,QEAYKQQN,AYREDDMR,MNHEY,SVGEGT,ASSRTSGEPYNEQF,KLWAQCVQL
5002,SSYSPS,YTSAATLV,VVILSGGYNKLI,SNHLY,FYNNEI,ASSELPGPPGEQY,LPRWYFYYL
5003,NSASDY,IRSNMDK,ADPSGAGSYQLT,SGDLS,YYNGEE,ASSEFPVSSYNSPLH,SPRWYFYYL
5004,VSPFSN,MTFSENT,VVSEGFGNVLHCFGNVLH,SGDLS,YYNGEE,ASSAGTGAYGYT,QYIKWPWYI
5005,DRGSQS,IYSNGD,AVRDDKII,LGHNA,YNFKEQ,ASSQEGSAGLETQY,LLWNGPMAV
5006,SSVPPY,YTSAATLV,AARRETGGSYIPT,SGDLS,YYNGEE,ASSVARDRASTDTQY,GPRLGVRAT
5007,TSENNYY,QEAYKQQN,ASKGNEKLT,SGDLS,YYNGEE,ASSVGDSNSPLH,GIIYIIYKL
5008,YGATPY,YFSGDTLV,AVFLYGNNRLA,MNHNY,SVGAGI,ASSYGFPTSGGNTGELF,RAKFKQLL
5009,TSDPSYG,QGSYDQQN,AMFDFRDDKII,LGHNA,YNFKEQ,ASSQSGGGIGNSPLH,DATYQRTRALVR
5010,YGGTVN,YFSGDPLV,AATSYTGTASKLT,SGHNS,FNNNVP,ASSLYYNEQF,YLLEMLWRL
5011,DSVNN,IPSGT,AVDRAIEYGNKLV,MGHDK,SYGVNS,ASSVGTGELF,RTLNAWVKV
5012,TISGTDY,GLTSN,ILPLAGGTSYGKLT,SGHVS,FQNEAQ,ARSLGPAYEQY,FLRGRAYGL
5013,TRDTTYY,RNSFDEQN,ALSEAGGFGNVLHCFGNVLH,LNHDA,SQIVND,ASSITSGSYNEQF,GILGFVFTL
5015,ATGYPS,ATKADDK,ALAGSQGNLI,MNHEY,SMNVEV,ASTHRAANEKLF,TTDPSFLGRY
5016,SVFSS,VVTGGEV,AGESNAGKST,LNHDA,SQIVND,ASSPRGGYEQY,GILGFVFTL
5017,SVFSS,VVTGGEV,AGAHGGSQGNLI,LNHDA,SQIVND,ASSGRSADTQY,GILGFVFTL
5018,VSGNPY,YITGDNLV,NFCECFMDYKLS,SEHNR,FQNEAQ,ASSPDRESNTGELF,KSKRTPMGF
5019,TSESDYY,QEAYKQQN,AQEDSSYKLI,DFQATT,SNEGSKA,SAPNLDYGGSSYGYT,RTATKQYNV
5020,YSGSPE,HISR,ATVVRMDSSYKLI,SEHNR,FQNEAQ,ASSLVGQGLSDEQF,TPRVTGGGAM
5021,DSASNY,IRSNVGE,AASWSGGGADGLT,SGHVS,FNYEAQ,ASSPTPTDHYNEQF,KSKRTPMGF
5022,NSAFQY,TYSSGN,AMSASNFGNEKLT,SGHDT,YYEEEE,ASSPKRNEQF,LLAGIGTVPI
5023,DRGSQS,IYSNGD,ALPSGNTPLV,LNHDA,SQIVND,ASSILGLNTGELF,LLAGIGTVPI
5024,NSASQS,VYSSG,VVHYNTDKLI,SNHLY,FYNNEI,ASSEAWGNGIY,CTELKLSDY
5025,DSASNY,IRSNVGE,AASEGGADGLT,SGDLS,YYNGEE,ASSHRRGGVYQETQY,RAKFKQLL
5026,NYSPAY,IRENEKE,ALVGPGGSYIPT,KGHDR,SFDVKD,ATAAGTGSETEAF,RPPIFIRRL
5027,KALYS,LLKGGEQ,GTESGTGNQFY,MNHEY,SMNVEV,ASSFQGLGNGYT,QYIKWPWYI
5028,NSAFQY,TYSSGN,AMIKAAGNKLT,MNHEY,SMNVEV,ASSINRASEAF,CTELKLSDY
5029,YGATPY,YFSGDTLV,AVALSSKST,WSHSY,SAAADI,ASGGAGVNTEAF,CLGGLLTMV
5030,SVFSS,VVTGGEV,AGGGSQGNLI,SGHNT,YYREEE,ASSSTGGGEKDQPQH,GILGFVFTL
5031,TRDTTYY,RNSFDEQN,ALSEATTGNQFY,DFQATT,SNEGSKA,SAEWDRAYNEQF,LLFGYPVYV
5032,TSGFNG,NVLDGL,AVRDRGSQGNLI,KGHSH,LQKENI,ASSPDRGGGYT,YLQPRTFLL
5033,NYSPAY,IRENEKE,ALVYGGSQGNLI,LNHDA,SQIVND,ASSIASNSPLH,GILGFVFTL
5034,DSAIYN,IQSSQRE,AVGGTSYGKLT,DFQATT,SNEGSKA,SVRTATYNEQF,LLWNGPMAV
5035,DSAIYN,IQSSQRE,AVRGGQKLL,PRHDT,FYEKMQ,ASSLSDRATERSYEQY,GILGFVFTL
5036,YGGTVN,YFSGDPLV,AVKVDGQKLL,GTSNPN,SVGIG,AWSDQLGAARELF,YVLDHLIVV
5037,DRGSQS,IYSNGD,AVGGGADGLTFG,MNHEY,SMNVEV,ASSPAALSGAYEQYFG,ELAGIGILTV
5038,TSDPSYG,QGSYDQQN,AMREGIIQGAQKLV,SGDLS,YYNGEE,ASSPLGGAGLKDTQY,NLVPMVATV
5039,DRGSQS,IYSNGD,AVGNSGYSTLT,MNHEY,SVGAGI,ASSYGQGAGYT,ELAGIGILTV
5040,YGGTVN,YFSGDPLV,AVGDTGKLI,SEHNR,FQNEAQ,ASSRGQGTADTQY,YVLDHLIVV
5041,DRGSQS,IYSNGD,AVKYGNKLV,DFQATT,SNEGSKA,SAEDGNSPLH,DATYQRTRALVR
5042,DRGSQS,IYSNGD,AVHGGSNYKLT,MNHEY,SVGEGT,ASSLTGTGNEQY,LLAGIGTVPI
5043,NSASQS,VYSSG,VVNIDNARLM,SQVTM,ANQGSEA,SVGQGPYEQY,RAKFKQLL
5044,SSVPPY,YTSAATLV,AVSLSGGYNKLI,LGHDT,YNNKEL,ASSQDTKRRAENTEAF,NQKLIANQF
5045,ATGYPS,ATKADDK,ALGDSNDYKLS,SGHTA,FQGNSA,ASSLSSQNNEKLF,NQKLIANQF
5046,TSINN,IRSNERE,ATDAQTGANNLF,ENHRY,SYGVKD,AISETKDTNGETQY,TDLGQNLLY
5047,SSNFYA,MTLNGDE,AFGSSNTGKLI,MGHRA,YSYEKL,ASSQDRLTGVYT,RPPIFIRRL
5048,DSSSTY,IFSNMDM,NNNARLM,DFQATT,SNEGSKA,SARDRVGNTIY,GLCTLVAML
5049,ATGYPS,ATKADDK,ALSEAGPDKLI,SEHNR,FQNEAQ,ASSSRDGGTDTQY,RAKFKQLL
5050,DRGSQS,IYSNGD,AVNKGFGNVLHCFGNVLH,MNHEY,SMNVEV,ASSFMGATEAF,YLQPRTFLL
5051,SVFSS,VVTGGEV,AGGGSQGNLI,MNHEY,SMNVEV,ASSPHFQVDTGELF,GILGFVFTL
5052,SSVSVY,YLSGSTLV,AVSDPNTGNQFY,SGHDT,YYEEEE,ASSSGTGLYGYT,GILGFVFTL
5053,TRDTTYY,RNSFDEQN,ALRGNTGGFKTI,MNHEY,SMNVEV,ASSLSGATYNEQF,RTLNAWVKV
5054,VGISA,LSSGK,AVEHMDSNYQLI,LGHNA,YNFKEQ,ASSQVLGGGLNEQY,RAKFKQLL
5055,SSYSPS,YTSAATLV,VVSPAGYALN,LNHDA,SQIVND,ASSIGDTSYEQY,GILGFVFTL
5056,TSESDYY,QEAYKQQN,AYRFNNNDMR,DFQATT,SNEGSKA,SATKDRGYTEAF,NQKLIANQF
5057,DSASNY,IRSNVGE,AASETSYDKVI,SGHNS,FNNNVP,ASRPTGDYGYT,RAKFKQLL
5058,DSSSTY,IFSNMDM,AEDNNARLM,DFQATT,SNEGSKA,SASRPYSNQPQH,GLCTLVAML
5059,DSASNY,IRSNVGE,ASLETSYDKVI,SGHNT,YYREEE,ASSPTDRGNTGELF,NLVPMVATV
5060,NSASQS,VYSSG,VVIAPSGTYKYI,LNHDA,SQIVND,ASSARSSYEQY,GILGFVFTL
5061,NSASQS,VYSSG,VVNSNTDKLI,SGHNS,FNNNVP,AILGYGSTEAF,GILGFVFTL
5062,TSDPSYG,QGSYDQQN,AMSPEGGGSYIPT,SGHKS,YYEKEE,ASSPRRTGYTGELF,LLWNGPMAV
5063,NSAFQY,TYSSGN,AMSLSNFGNEKLT,MDHEN,SYDVKM,ASSPTRTEENTGKLF,LLAGIGTVPI
5064,TSGFNG,NVLDGL,AVKGNTGKLI,SGHTA,FQGNSA,ASSLFSGGAAMNTEAF,SPRWYFYYL
5065,YGATPY,YFSGDTLV,AVGRGGGSYIPT,MNHEY,SVGEGT,ASSQGEIYGYT,SLFNTVATLY
5066,TSGFYG,NALDGL,AVPTDSWGKLQ,MDHEN,SYDVKM,ASSEIISGNYGYT,TTDPSFLGRY
5067,TSGFYG,NALDGL,ADHGSSNTGKLI,MDHEN,SYDVKM,ASSALAGGPDNEQF,LPRWYFYYL
5068,TISGTDY,GLTSN,ILPLAGGTSYGKLT,SGHVS,FQNEAQ,ASCSGLAYEQY,FLRGRAYGL
5069,TSDPSYG,QGSYDQQN,AMREGLGSGGYNKLI,MNHNS,SASEGT,ASRDRDSYEQY,YLQPRTFLL
5070,TSGFNG,NVLDGL,AVRSFSGGYNKLI,SGHTA,FQGNSA,ASSLAGDSYEQY,GILGFVFTL
5071,KALYS,LLKGGEQ,GTEIPHDYKLS,SGDLS,YYNGEE,ASSSGQLSSGNTIY,GLCTLVAML
5072,TTLSN,LVKSGEV,AGSHGGSQGNLI,LNHDA,SQIVND,ASSQRSTGELF,GILGFVFTL
5073,NSMFDY,ISSIKDK,AVSGSGKLI,DFQATT,SNEGSKA,SATKTDNYGYT,YVLDHLIVV
5074,SVFSS,VVTGGEV,AGAGSQGNLI,SGDLS,YYNGEE,ASSALSGRAIDEQY,GILGFVFTL
5075,TRDTTYY,RNSFDEQN,ALSAPSGGSYIPT,LGHDT,YNNKEL,ASSQDPYSNQPQH,TTDPSFLGRY
5076,NSASQS,VYSSG,VVNGGGGFKTI,MDHEN,SYDVKM,ASSLIQAGGAEDTQY,VSDGGPNLY
5077,DRGSQS,IYSNGD,AASIFGNVLH,MNHEY,SMNVEV,ASSLGTDTQY,ELAGIGILTV
5078,VSNAYN,GSKP,AVETTDSWGKLQ,SQVTM,ANQGSEA,SVVVFGTGELF,RPHERNGFTVL
5079,NSASQS,VYSSG,NNNARLM,SGHVS,FQNEAQ,ASSLGQAYEQY,FLRGRAYGL
5080,NIATNDY,GYKTK,LVGDPLNNAGNMLT,MNHEY,SVGAGI,ASRGQRNTIY,SPRWYFYYL
5081,NSMFDY,ISSIKDK,AARVNNNARLM,SNHLY,FYNNEI,ATSDTQKANTGELF,YLQPRTFLL
5082,DSSSTY,IFSNMDM,AESNADNNDMR,SQVTM,ANQGSEA,SVEAVGDGIYNEQF,GLCTLVAML
5083,NSAFQY,TYSSGN,AMGRSNFGNEKLT,SGHNS,FNNNVP,ASVGGQGYT,LLAGIGTVPI
5084,NSASDY,IRSNMDK,AETPGPSYDKVI,GTSNPN,SVGIG,AWSISDLAKNIQY,NLVPMVATV
5085,VSPFSN,MTFSENT,VVNGRDARLM,MNHEY,SMNVEV,ASNPLAGEFTAKNIQY,SPRWYFYYL
5086,NTAFDY,IRPDVSE,AASRSNSGYALN,LGHNA,YSLEER,ASSQDISRGQTLFGNSPLH,NLVPMVATV
5087,TRDTTYY,RNSFDEQN,ALSEATESTGNQFY,SGHTA,FQGNSA,ASSPGLAGYSYNEQF,CINGVCWTV
5088,DRGSQS,IYSNGD,AVNMDDKII,SEHNR,FQNEAQ,ASSPDIEAF,YLQPRTFLL
5089,NSASQS,VYSSG,VVNIGGGSQGNLI,SGHNS,FNNNVP,ASSFLDRGPNTEAF,RAKFKQLL
5090,TSESDYY,QEAYKQQN,AVVGYNNNDMR,SGHVS,FQNEAQ,ASSLEGLAGYEQY,KSKRTPMGF
5091,SSYSPS,YTSAATLV,VVSDRNFNKFY,ENHRY,SYGVKD,AISESRSSGADTQY,CTELKLSDY
5092,YGATPY,YFSGDTLV,AGPLVNYGGSQGNLI,LNHDA,SQIVND,ASSIRSAYEQY,GILGFVFTL
5093,NSAFQY,TYSSGN,AMGVSNFESEKLT,SGHDT,YYEEEE,ASSRVQVAGEETQY,LLAGIGTVPI
5094,NSMFDY,ISSIKDK,AASYSLNMR,PRHDT,FYEKMQ,ASSQRTGGSGELF,YLQPRTFLL
5095,DRGSQS,IYSNGD,AVNPASGGSYIPT,MDHEN,SYDVKM,ASSPTGLGTEAF,ELAGIGILTV
5096,TSINN,IRSNERE,ATGNTGKLI,MDHEN,SYDVKM,ASSPRVMTYEQY,CINGVCWTV
5097,NIATNDY,GYKTK,LVGEANGGSQGNLI,SGDLS,YYNGEE,AILGGGAVRDQPQH,KSKRTPMGF
5098,VSGNPY,YITGDNLV,AVRDGTGANNLF,LNHDA,SQIVND,ASNPSSTDTQY,GILGFVFTL
5099,DSAIYN,IQSSQRE,ALNAGKST,MNHNY,SVGAGI,ASSYRGQPQH,LTDEMIAQY
5100,NSASQS,VYSSG,VVNGEDSSYKLI,LNHDA,SQIVND,ASSSRSSYEQY,GILGFVFTL
5101,NSAFQY,TYSSGN,AMSISNFGNEKLT,SGDLS,YYNGEE,ASSVEFGGSSYNEQF,LLAGIGTVPI
5102,NSASQS,VYSSG,VEHGEARTSHLI,SNHLY,FYNNEI,ASSEGRVSPGEAF,GLCTLVAML
5103,TSGFNG,NVLDGL,AELTGGGNKLT,MNHEY,SVGEGT,ASSSGPLYEQY,FLASKIGRLV
5104,NSMFDY,ISSIKDK,AASPTSGTYKYI,LNHDA,SQIVND,ASSIPNTPNYGYT,VSDGGPNLY
5105,VSGLRG,LYSAGEE,AVQAEGFGNVLHCFGNVLH,SNHLY,FYNNEI,ASTDLNTGELF,FTSDYYQLY
5106,TSGFNG,NVLDGL,AAMDSNYQLI,DFQATT,SNEGSKA,SARGLAGYNEQF,SLFNTVATLY
5107,NIATNDY,GYKTK,LVAAPGNKLT,MNHNS,SASEGT,ASSDRTGRRNEQY,SPRWYFYYL
5108,DRGSQS,IYSNGD,AVKGDMR,MNHEY,SVGEGT,ASSYGEISGNTIY,ELAGIGILTV
5109,DRGSQS,IYSNGD,AVDNYGQNFV,MNHEY,SVGAGI,ASSYGVLSTDTQY,ELAGIGILTV
5110,NSMFDY,ISSIKDK,AASAISGNTPLV,LGHNA,YNFKEQ,ASSQVGTTLETQY,DATYQRTRALVR
5111,DRGSQS,IYSNGD,AVNWWEYGNKLV,DFQATT,SNEGSKA,SARDGTSAEY,ELAGIGILTV
5112,SSNFYA,MTLNGDE,AFNRDDKII,MDHEN,SYDVKM,ASRRQGTVYEQY,NLVPMVATV
5113,DSSSTY,IFSNMDM,AENRNTGKLI,DFQATT,SNEGSKA,SAKSDGYT,TPRVTGGGAM
5114,NSASQS,VYSSG,VVFSTGGYQKVT,SQVTM,ANQGSEA,SVSTGHNEQF,HSNLNDATY
5115,DSASNY,IRSNVGE,AASETSYDKVI,SEHNR,FQNEAQ,ASSTTRAGTWPLH,RAKFKQLL
5116,NSAFQY,TYSSGN,ALSLSTFGNEKLT,GTSNPN,SVGIG,AWSTRLAGVPYEQY,LLAGIGTVPI
5117,NSAFQY,TYSSGN,AMSLSNFGNEKLT,SGHAT,FQDESV,ASSRRQAQETQY,LLAGIGTVPI
5118,DRGSQS,IYSNGD,AVNLAWNNNARLMFG,MNHEY,SMNVEV,ASRLGTGPEAFFG,EAAGIGILTV
5119,NTAFDY,IRPDVSE,AASMGGSYIPT,DFQATT,SNEGSKA,SASWPQGTEAF,IPSINVHHY
5120,DRGSQS,IYSNGD,AVNVGGSYIPT,MNHEY,SVGAGI,ASTQGLGAEQY,ELAGIGILTV
5121,TSINN,IRSNERE,ATTPETSGSRLT,WSHSY,SAAADI,ASSEDGMNTEAF,CLGGLLTMV
5122,SIFNT,LYKAGEL,AGQLGGGSQGNLI,LNHDA,SQIVND,ASSQRSSYEQY,GILGFVFTL
5123,NSAFQY,TYSSGN,AMSGGNFGNEKLT,MNHEY,SVGAGI,ASSYSLAEVSIDTQY,LLAGIGTVPI
5124,YGATPY,YFSGDTLV,AVPKGSQGNLI,LNHDA,SHIVND,ASSIRSSYEQY,GILGFVFTL
5125,DSAIYN,IQSSQRE,AVSNGGSQGNLI,SEHNR,FQNEAQ,ASNLIGQLNEQY,ATDALMTGF
5126,VSGNPY,YITGDNLV,AVSSNSGGYQKVT,SGHVS,FQNEAQ,ASNMGGLLSTDTQY,ELAGIGILTV
5127,VSGNPY,YITGDNLV,AVRPWMDSSYKLI,SEHNR,FQNEAQ,ASSLHDQGGMSAEQF,TPRVTGGGAM
5128,NSASQS,VYSSG,NNNARLM,SNHLY,FYNNEI,ASSEMWGAPLH,CTELKLSDY
5129,YSGSPE,HISR,ALRDMEYGNKLV,SGHTA,FQGTGA,ARRLLASGGPNEQY,RAKFKQLL
5130,TSINN,IRSNERE,ATDARGNEKLT,SGDLS,YYNGEE,ASSLGGIPVNEQF,LLWNGPMAV
5131,VSGNPY,YITGDNLV,AVRDDYGQNFV,MGHRA,YSYEKL,ASSQDSHSAYEQY,RAKFKQLL
5132,NSMFDY,ISSIKDK,AANRNNNARLM,SGHAT,FQNNGV,ASSFAAGSYNEQF,TTDPSFLGRY
5133,DRGSQS,IYSNGD,AVSGNKLV,SGHRS,YFSETQ,ASSPAAGGAYEQY,LLWNGPMAV
5134,VSGNPY,YITGDNLV,AVRQDYQLI,MNHEY,SVGAGI,ASGPGTSATDTQY,NLVPMVATV
5135,YGGTVN,YFSGDPLV,AVKDTDKLI,LNHNV,YYDKDF,ATSRDPGLQSGYT,YVLDHLIVV
5136,TSDPSYG,QGSYDQQN,AMREGQGSNYQLI,SGDLS,YYNGEE,ASSVGGTSTDTQY,GILGFVFTL
5137,SVFSS,VVTGGEV,AGGGTNAGKST,LNHDA,SQIVND,ASSIVGGSYNEQF,GILGFVFTL
5138,DSAIYN,IQSSQRE,AGGADKLI,SGHDY,FNNNVP,ASSLRQGADTQY,TTDPSFLGRY
5139,TTLSN,LVKSGEV,NYGGSQGNLI,SNHLY,FYNNEI,ASRAARVHPATQY,GLCTLVAML
5140,TRDTTYY,RNSFDEQN,ALSVIPQITNFGNEKLT,SGDLS,YYNGEE,ASSGGRWEEKLF,SPRWYFYYL
5141,TSGFNG,NVLDGL,AVDILTGGGNKLT,MNHEY,SMNVEV,ASGPYEGNQPQH,GLCTLVAML
5142,DSASNY,IRSNVGE,AATGGGSQGNLI,LNHDA,SQIVND,ASSYRSQETQY,GILGFVFTL
5143,DSAIYN,IQSSQRE,AVRSTFNFNKFY,LGHDT,YNNKEL,ASSQTRTSGRVDPDTQY,NLVPMVATV
5144,DSASNY,IRSNVGE,AASRGYSTLT,DFQATT,SNEGSKA,SARDRVGNTIY,GLCTLVAML
5145,SSVSVY,YLSGSTLV,AVSENNNARLM,LNHDA,SQIVND,ASSWGGSNEQF,GILGFVFTL
5146,SSVSVY,YLSGSTLV,AVRLGNYGGATNKLI,LNHDA,SQIVND,ASSPLAGRGYNEQF,GILGFVFTL
5147,NSASQS,VYSSG,VVNPPGNTPLV,SGHNS,FNNNVP,ASSFSGNTGELF,RAKFKQLL
5148,NSAFQY,TYSSGN,AMSGARYGGSNYKLT,SGHNS,FNNNVP,ASSHRRLAGGLTSIQY,VYFLQSINF
5149,YGGTVN,YFSGDPLV,AVKDTDKLI,KGHDR,SFDVKD,ATSDFLGARDTQY,YVLDHLIVV
5150,DSSSTY,IFSNMDM,AESEGPTYTDKLI,SQVTM,ANQGSEA,SGLYQETQY,RAKFKQLL
5151,DRGSQS,IYSNGD,AVRVGDMR,MNHEY,SMNVEV,ASSRAGSGEDTQY,ELAGIGILTV
5152,NSAFQY,TYSSGN,AMSWGGGKLI,MGHRA,YSYEKL,ASSQVMGGAISGNTIY,LLAGIGTVPI
5153,TSENNYY,QEAYKQQN,TTSGTYKYI,SEHNR,FQNEAQ,ASSGYTEAF,RGPGRAFVTI
5154,DSASNY,IRSNVGE,AAPRGNNNNDMR,LNHDA,SQIVND,ASSAYGGNTEAF,GILGFVFTL
5155,DRGSQS,IYSNGD,AVSIKAAGNKLT,MNHEY,SVGAGI,ASSPGMGSGYT,ELAGIGILTV
5156,YGGTVN,YFSGDPLV,AVNVDTGNQFY,SQVTM,ANQGSEA,SGLAGAGEQF,RAKFKQLL
5157,DSVNN,IPSGT,AVEPASGSRLT,MNHNS,SASEGT,ASSEDPRELSYEQY,CINGVCWTV
5158,NSAFQY,TYSSGN,AMSISNFGNEKLT,SGHNS,FNNNVP,ASSLRDASSGNTIY,LLAGIGTVPI
5159,TSGFNG,NVLDGL,AVRDNNARLM,ENHRY,SYGVKD,AIDPTGSLNQPQH,RLPGVLPRA
5160,ATGYPS,ATKADDK,AREHMDSNYQLI,SGHNS,FNNNVP,ASSFSGNTGELF,RAKFKQLL
5161,NSASQS,VYSSG,VVNLNARLM,SGHVS,FNYEAQ,ASSSESLAVYSNEQF,ELAGIGILTV
5162,YGATPY,YFSGDTLV,AAGAAQGAQKLV,SEHNR,FQNEAQ,ASSLVTGNQPQH,GPRLGVRAT
5163,SSNFYA,MTLNGDE,ILRDIPFDRGSTLGRLY,MNHEY,SVGAGI,ASSAQTGAAYGYT,NLVPMVATV
5164,SSVSVY,YLSGSTLV,ASSNDYKLS,LGHNA,YNFKEQ,ASSQEEGADTEAF,GILGFVFTL
5165,DRGSQS,IYSNGD,APIGGGNKLT,LNHDA,SQIVND,ASSARSSYEQY,GILGFVFTL
5166,NSMFDY,ISSIKDK,AVSNTGNQFY,MNHEY,SMNVEV,ASSFYMGYEQY,QYIKWPWYI
5167,NIATNDY,GYKTK,LVGDMPSGGYQKVT,DFQATT,SNEGSKA,SARDRGDEKLF,DATYQRTRALVR
5168,NSAFQY,TYSSGN,YSGGGADGLT,SNHLY,FYNNEI,ASSWGPGELF,LLAGIGTVPI
5169,DSAIYN,IQSSQRE,AVMMVYGDDKII,LGHNA,YSLEER,ASSQDVHRGIPGELF,GILGFVFTL
5170,TISGTDY,GLTSN,ILSESNNNDMR,SGHNT,YYREEE,ASSSTGGGEKDQPQH,RAKFKQLL
5171,YSGSPE,HISR,ALGTGNFNKFY,SGHRS,YFSETQ,ASRELEGATDTQY,GILGFVFTL
5172,DSVNN,IPSGT,AGSPSNTGKLI,SGHNS,FNNNVP,ASSFSGNTGELF,GILGFVFTL
5173,DRGSQS,IYSNGD,AVNLGSYIPT,LNHDA,SQIVND,ATSWGGSGELF,ELAGIGILTV
5174,VSNAYN,GSKP,AVWDNQGGKLI,SQVTM,ANQGSEA,SVEDRNSYEQY,TTDPSFLGRY
5175,NSASQS,VYSSG,VVNIYDFGNEKLT,DFQATT,SNEGSKA,SARVMVGGTEAF,NLVPMVATV
5176,NSMFDY,ISSIKDK,AASDRGGSNYKLT,SGDLS,YYNGEE,ASSVQGGNEQY,CINGVCWTV
5177,SSVPPY,YTSAATLV,AVSHILTGGGNKLT,SGHTA,FQGNSA,ASSFHRAPGTDTQY,SPRWYFYYL
5178,SSVSVY,YLSGSTLV,AVSDYIIQGAQKLV,DFQATT,SNEGSKA,SARIGVGNTIY,GLCTLVAML
5179,DRGSQS,IYSNGD,AAFFKTQGGSEKLV,MNHNY,SVGAGI,ASSPHPSDTQY,YLQPRTFLL
5180,NSASQS,VYSSG,VVRADSWGKLQ,MDHEN,SYDVKM,ASSFSSNSYEQY,PTDNYITTY
5181,NSAFQY,TYSSGN,AMGRSNFGNEKLT,MDHEN,SYDVKM,ASSLVGGGDNSPLH,LLAGIGTVPI
5182,NSMFDY,ISSIKDK,AASALIDSWGKLQ,ENHRY,SYGVKD,AISESRGRWATEAF,TTDPSFLGRY
5183,DSASNY,IRSNVGE,AAKEGYSTLT,MGHRA,YSYEKL,ASSDLAGYQETQY,RAKFKQLL
5184,DRGSQS,IYSNGD,AVKMDSNYQLI,GTSNPN,SVGIG,AWSSGREHEQF,LLLDRLNQL
5185,NSAFQY,TYSSGN,AMSISNFGNEKLT,SGHNS,FNNNVP,ASSPSLRDSLNYGYT,LLAGIGTVPI
5186,DSAIYN,IQSSQRE,AVSKTGNKLV,LNHDA,SQIVND,ASSIRSSYEQY,GILGFVFTL
5187,TSGFNG,NVLDGL,AVNSGNTPLV,SGHDN,FVKESK,ASSPVSSPGGGYT,QAKWRLQTL
5188,DSAIYN,IQSSQRE,DNYGQNFV,SGHRS,YFSETQ,ASLPTPHSDSGNSNTEAF,RAKFKQLL
5189,TSENNYY,QEAYKQQN,AFMVGAGGTSYGKLT,SEHNR,FQNEAQ,ASSLAGRNYGYT,GILGFVFTL
5190,TRDTTYY,RNSFDEQN,APLSDGQKLL,LGHDT,YNNKEL,ASSQPLGLAEKETQY,CINGVCWTV
5191,VSGLRG,LYSAGEE,AVSNTGNQFY,LNHDA,SQIVND,ASSTGQPQH,GILGFVFTL
5192,DRGSQS,IYSNGD,AKSASKII,MNHNS,SASEGT,ASSEALGSTSYEQY,LLWNGPMAV
5193,YGATPY,YFSGDTLV,AVDPMDTGRRALT,LNHDA,SQIVND,ASSIYSNQPQH,GILGFVFTL
5194,NSASQS,VYSSG,VALMNRDDKII,GTSNPN,SVGIG,AWSNIPRGEKLF,HPVTKYIM
5195,DSSSTY,IFSNMDM,AERETSYDKVI,SEHNR,FQNEAQ,ASSLGQGKEATNEKLF,RAKFKQLL
5196,TISGNEY,GLKNN,IVRPRWDSNYQLI,MGHRA,YSYEKL,ASSQAPSMEPNEQF,NLVPMVATV
5197,DSSSTY,IFSNMDM,AETETSYDKVI,SEHNR,FQNEAQ,ASRPRGTTDTQY,RAKFKQLL
5198,VSGLRG,LYSAGEE,AGQETSYDKVI,LGHNA,YNFKEQ,ASSQVPPGHYGYT,RAKFKQLL
5199,DRGSQS,IYSNGD,AVPDYKLS,SQVTM,ANQGSEA,SVDPLAGEVQNTQY,LLAGIGTVPI
5200,SSVPPY,YTSAATLV,AVSEGSNYQLI,LGHDT,YNNKEL,ASSQDSGILQPQH,ATDALMTGF
5201,DRGSQS,IYSNGD,AASSGYSTLT,MNHEY,SMNVEV,ASGSLAGAQETQY,LLAGIGTVPI
5202,DRGSQS,IYSNGD,AASGTYKYI,SNHLY,FYNNEI,ASSEDQFSGVAAGELF,LLLDRLNQL
5203,NSASQS,VYSSG,VVNGNSGGYQKVT,LGHNA,YNFKEQ,ASSDLAGDPTDTQY,GILGFVFTL
5204,NSASDY,IRSNMDK,AEIALQNYGGSQGNLI,MGHRA,YSYEKL,ASSQEGGLDYGYT,GILGFVFTL
5205,DRGSQS,IYSNGD,AQGSDGQKLL,LNHDA,SQIVND,ASSLGQGFRSPLH,LLLDRLNQL
5206,YGATPY,YFSGDTLV,AVPEAGSYQLT,SGHNS,FNNNVP,ASSFSGNTGELF,RAKFKQLL
5207,TSINN,IRSNERE,ATEDSGGSNYKLT,SQVTM,ANQGSEA,SISSGEHYEQY,RAKFKQLL
5208,TISGTDY,GLTSN,ILMETSYDKVI,SGHNS,FNNNVP,ASSFSGANYGYT,RAKFKQLL
5209,DSSSTY,IFSNMDM,AESLWDDKII,SEHNR,FQNEAQ,ASSFQGDGRDTQY,RAKFKQLL
5210,TRDTTYY,RNSFDEQN,ALSEPIGTLT,MGHRA,YSYEKL,ASSQGGGRGTDTQY,QYIKWPWYI
5211,YGGTVN,YFSGDPLV,ALNTGGFKTI,MNHEY,SMNVEV,ASSLFPDNYGYT,LLWNGPMAV
5212,NSASDY,IRSNMDK,ADSGGGADGLT,SQVTM,ANQGSEA,SVGTRTTGELF,RAKFKQLL
5213,NSASDY,IRSNMDK,AENSGGGSQGNLI,SQVTM,ANQGSEA,SVGSRGTNEKLF,GLCTLVAML
5214,DRGSQS,IYSNGD,AVPYGGATNKLI,MNHEY,SVGEGT,ASRQGWLLMADTQY,ELAGIGILTV
5215,SVFSS,VVTGGEV,AGVPNNNNDMR,SGDLS,YYNGEE,ASSGGVSYNEQF,LLWNGPMAV
5216,VSGNPY,YITGDNLV,AVRDKNTDKLI,MNHEY,SVGAGI,ASSYPTGEGQETQY,YLQPRTFLL
5217,TSGFYG,NALDGL,ADYSSASKII,MGHRA,YSYEKL,ASSQDGLAATSTETQY,CTELKLSDY
5218,VSGLRG,LYSAGEE,AVQGTGGYNKLI,GTSNPN,SVGIG,AWSVGQSTEA,YLQPRTFLL
5219,DRGSQS,IYSNGD,AVTPTRNHMR,MGHRA,YSYEKL,ASSQATTAGELF,LLAGIGTVPI
5220,NSMFDY,ISSIKDK,AYHGAGGTSYGKLT,SGHTA,FQGNSA,ASSLGAFTTDTQY,YVLDHLIVV
5221,KALYS,LLKGGEQ,GTEYPNDYKLS,LGHNA,YSLEER,ASSLPGTVQETQY,GLCTLVAML
5222,DRGSQS,IYSNGD,AGQNTGGFKTI,MNHEY,SVGAGI,ASSYSYRANTEAF,SPRWYFYYL
5223,DRGSQS,IYSNGD,AVNPTGGFKTI,MNHEY,SVGEGT,ASCAGMGNEQY,ELAGIGILTV
5224,NSAFQY,TYSSGN,AMSPSFMANDMR,SGDLS,YYNGEE,ASSEGTGGLNAF,FEDLRVLSF
5225,YGATPY,YFSGDTLV,AVGDNFNKFY,MDHEN,SYDVKM,ASSRTSAKLGEQY,YLQPRTFLL
5226,VSNAYN,GSKP,AGVNRDDKII,DFQATT,SNEGSKA,SARGQTFYEQY,YVLDHLIVV
5227,TTQYPS,AMKANDK,ALTHYNQGGKLI,MNHEY,SVGEGT,ASRDGQNQETQY,QYIKWPWYI
5228,SSYSPS,YTSAATLV,VVSAGSIVSGGYNKLI,ENHRY,SYGVKD,AIRDKMNTEAF,NLVPMVATV
5229,KALYS,LLKGGEQ,GTESLRGSTLGRLY,MNHEY,SMNVEV,ASSLSGRPYEQY,RAKFKQLL
5230,DSAIYN,IQSSQRE,AVRNNARLM,MNHEY,SMNVEV,ASSPLTGGPEEKGTQY,SPRWYFYYL
5231,DRGSQS,IYSNGD,AVQDDKII,DFQATT,SNEGSKA,SAGEGEGQPQH,LLWNGPMAV
5232,TISGTDY,GLTSN,ILRDVGTGTASKLT,LNHDA,SQIVND,ASSSRSGYEQY,GILGFVFTL
5233,YGGTVN,YFSGDPLV,AVKDTDKLI,KGHDR,SFDVKD,ATSALLTDTQY,YVLDHLIVV
5234,NSASDY,IRSNMDK,AETHSGGSNYKLT,SGHDY,FNNNVP,ASSPSSSYEQY,RAKFKQLL
5235,NSASQS,VYSSG,VVNEKDDMR,SGHNS,FNNNVP,ASGKQNTGELF,YLQPRTFLL
5236,TRDTTYY,RNSFDEQN,ALSEDYDYKLS,LGHDT,YNNKEL,ASRHFREVNTEAF,YLQPRTFLL
5237,NSASQS,VYSSG,VVNILDSGAGSYQLT,MGHRA,YSYEKL,ASSHSMGYEQY,NYNYLYRLF
5238,NIATNDY,GYKTK,LVGGYSSASKII,LGHNA,YNFKEQ,ASSQESSGAPYEQY,CINGVCWTV
5239,NSASQS,VYSSG,VVNIGSTLT,SGHTA,FQGTGA,ASSTGGRGEQF,LTDEMIAQY
5240,DRGSQS,IYSNGD,AGQGGKLI,DFQATT,SNEGSKA,SAALGLGEKLF,ELAGIGILTV
5241,TSGFNG,NVLDGL,AVRPRGEWRSGTYKYI,SGHVS,FNYEAQ,ASSAGEAGELF,LTDEMIAQY
5242,TSENNYY,QEAYKQQN,TTDSWGKFE,LGHDT,YNNKEL,ASSLTRAGELF,PTDNYITTY
5243,TISGTDY,GLTSN,ILPLAGGTSYGKLT,SGHVS,FQNEAQ,ASRLGRAYEQY,CLGGLLTMV
5244,TSDPSYG,QGSYDQQN,AMREGGNFNKFY,DFQATT,SNEGSKA,SAPAPPGQPQH,YVLDHLIVV
5245,TTSDR,LLSNGAV,AVDGGGGSQGNLI,LNHDA,SQIVND,ASSIRSAGEAF,GILGFVFTL
5246,DRGSQS,IYSNGD,AVFSGSARQLT,MGHRA,YSYEKL,ASSFDHSNEQF,GILGFVFTL
5247,TSENNYY,QEAYKQQN,AFAEYGNKLV,MNHEY,SMNVEV,ASMDRGPYNEQF,TTDPSFLGRY
5248,VSGNPY,YITGDNLV,AVRDQAGTALI,MNHEY,SVGEGT,ASVLQGVGGANVLT,YVLDHLIVV
5249,DRGSQS,IYSNGD,AVPSGGYQKVT,PRHDT,FYEKMQ,ASTLSGGAVFEQY,LLWNGPMAV
5250,NIATNDY,GYKTK,LVGGTILTGGGNKLT,SGHDY,FNNNVP,ASSLIFAGRGAEAF,EPLPQGQLTAY
5251,SVFSS,VVTGGEV,AGGGQGGSQGNLI,SGHNS,FNNNVP,ASSFSGNTGELF,RAKFKQLL
5252,TSESDYY,QEAYKQQN,AYGDNDMR,LNHNV,YYDKDF,ATSRDPTGLNTEAF,KLWAQCVQL
5253,DSSSTY,IFSNMDM,AENNARLM,LNHDA,SQIVND,ASSIAGNTEAF,GILGFVFTL
5254,TSESDYY,QEAYKQQN,AYRSLNAGKST,LNHDA,SQIVND,ASSIYGMGNQPQH,GILGFVFTL
5255,DRGSQS,IYSNGD,AVSDDKII,SGDLS,YYNGEE,ASSVSGGAYEQY,LLWNGPMAV
5256,DSASNY,IRSNVGE,AALETSYDKVI,SGHNT,YENEEA,ASQVHNGGRKRSTGELF,RAKFKQLL
5257,YGGTVN,YFSGDPLV,AVKNGGSQGNLI,PRHDT,FYEKMQ,ASSRGHPLQF,NLVPMVATV
5258,NSAFQY,TYSSGN,AMSQSNFGNEKLT,LGHDT,YNNKEL,ASSQDATERQETQY,LLAGIGTVPI
5259,DSAIYN,IQSSQRE,AVHPFGNVLHCFGNVLH,MNHEY,SVGAGI,ASSYNPGNNEQF,FTSDYYQLY
5260,SIFNT,LYKAGEL,AGQTIYNQGGKLI,SQVTM,ANQGSEA,SVEGLAGGPHSYEQY,KSKRTPMGF
5261,TSGFNG,NVLDGL,AVREGLDTGRRALT,SGHTA,FQGNSA,ASSLLDRGFQPQH,RVAGDSGFAAY
5262,NIATNDY,GYKTK,LVGEPLGGGGNKLT,SGHDT,YYEEEE,ASSLARGTEAF,CINGVCWTV
5263,NSAFQY,TYSSGN,AVLMDSNHQLI,SQVTM,ANQGSEA,SVGTGGTNEKLF,GLCTLVAML
5264,NIATNDY,GYKTK,LVGEGDNYQLI,LGHNA,YSLEER,ASSQEPSGGTNTGELF,CINGVCWTV
5265,KALYS,LLKGGEQ,GTEIRAGGTSYGKLT,PRHDT,FYEKMQ,ASSFGQGAVGNTIY,GILGFVFTL
5266,VSGLRG,LYSAGEE,AVQADQAGTALI,MNHNS,SASEGT,ASSEAEWGSAQPQH,GILGFVFTL
5267,TSDQSYG,QGSYDEQN,AMREVHMDSNYQLIR,MNHEY,SMNVEV,ASTSRGVSKVF,GILGFVFTL
5268,DRGSQS,IYSNGD,AVSGNKLV,SGHRS,YFSETQ,ASSTSSTGAYGYT,LLWNGPMAV
5269,VSNAYN,GSKP,AVDTDKLI,SEHNR,FQNEAQ,ASSQDIYAF,YLQPRTFLL
5270,TISGTDY,GLTSN,ILRVPSGGGADGLT,SQVTM,ANQGSEA,SVVGRFTDTQY,GILGFVFTL
5271,YGGTVN,YFSGDPLV,AANDTDKLI,MNHNS,SASEGT,ASSEGFNTYEQY,YVLDHLIVV
5272,VTNFRS,LTSSGIE,NSGYSTLT,SEHNR,FQNEAQ,ASSSLTRNSPLH,RAKFKQLL
5273,NSAFQY,TYSSGN,AMSPSNFGNEKLT,MNHNS,SASEGT,ASSEEGLSLGQY,LLAGIGTVPI
5274,TSINN,IRSNERE,ATEGRMDSSYKLI,SEHNR,FQNEAQ,ASSLRDYGAYEQY,TPRVTGGGAM
5275,NIATNDY,GYKTK,LDSNDMR,MGHRA,YSYEKL,ASSQAQSGTAPYEQY,CINGVCWTV
5276,VSGNPY,YITGDNLV,AVCGSAWGGEVIC,SGHVS,FNYEAQ,ASSLGGGEGASEQF,FLRGRAYGL
5277,DSSSTY,IFSNMDM,AERGWDNDMRFG,SGHAT,FQNNGV,ASSADSNGELFFG,IPSINVHHY
5278,NSASQS,VYSSG,NSNSGYALN,SQVTM,ANQGSEA,SVDLGQGTGELF,LLAGIGTVPI
5279,TRDTTYY,RNSFDEQN,ALSEGPGGGNKLT,DFQATT,SNEGSKA,SAREREGGYGYT,YLQPRTFLL
5280,TSINN,IRSNERE,ATDASKSGGSNYKLT,KGHSH,LQKENI,ASSPGEGMLVSEAF,RPIIRPATL
5281,DSASNY,IRSNVGE,AAKEGYSTLT,SQVTM,ANQGSEA,SAGGNTEAF,RAKFKQLL
5282,TRDTTYY,RNSFDEQN,ALSEARGPALI,SGHRS,YFSETQ,ASSLAGGSEQF,SPRWYFYYL
5283,TSENNYY,QEAYKQQN,AFMKTGVGTSYDKVI,SGHDN,FVKESK,ASSHPEGDVLT,DATYQRTRALVR
5284,NIATNDY,GYKTK,LVVLANQAGTALI,SNHLY,FYNNEI,ASSIDTSSGANVLT,GILGFVFTL
5285,DSSSTY,IFSNMDM,AEWMDSSYKLI,DFQATT,SNEGSKA,SATVNRDYNEQF,YLQPRTFLL
5286,NSASQS,VYSSG,VVNKDDKII,SGHVS,FQNEAQ,ALSDQNTGELF,YLQPRTFLL
5287,DSASNY,IRSNVGE,AATPYYGGSQGNLI,SGHNS,FNNNVP,ASSFSGNTGELF,RAKFKQLL
5288,DRGSQS,IYSNGD,AGAQGGSEKLV,KGHSY,FQNENV,ASSQSGSEQY,LLAGIGTVPI
5289,DRGSQS,IYSNGD,AVNDQFY,SGHNT,YYREEE,ASSPGQLLMNTEAF,ELAGIGILTV
5290,NSASDY,IRSNMDK,ADSGGGADGLT,MGHRA,YSYEKL,ASSQDRGGPGELF,RAKFKQLL
5291,NSAFQY,TYSSGN,AMSGPNFGNEKLT,SGHNT,YENEEA,ASSSGLAGEPSNTGELF,LLAGIGTVPI
5292,SIFNT,LYKAGEL,AGLEGGFGNVLHCFGNVLH,LGHNA,YSLEER,ASSQGILSGGPLH,ELAGIGILTV
5293,TSENNYY,QEAYKQQN,AFMQNAGGTSYGKLT,LNHDA,SQIVND,ASSMGAYGYT,GILGFVFTL
5294,DSASNY,IRSNVGE,AASETSYDKVI,SEHNR,FQNEAQ,ASSFQGAPDEKLF,RAKFKQLL
5295,DSSSTY,IFSNMDM,AEGEGSGAGSYQLT,SGDLS,YYNGEE,ASSVGKTSTDTQY,GILGFVFTL
5296,VSGNPY,YITGDNLV,AVNPSNTGKLI,LNHDA,SQIVND,ASSIRAAVEQF,GILGFVFTL
5297,DSASNY,IRSNVGE,AYGGSQGNLI,SEHNR,FQNEAQ,ASSLDTQY,RAKFKQLL
5298,NIATNDY,GYKTK,LVGSPVPFSGGYNKLI,SGHRS,YFSETQ,ASSLDRPSGMAAETQY,NLVPMVATV
5299,NIATNDY,GYKTK,LVGVRRSNDYKLS,LGHDT,YNNKEL,ASSQEAGFWGEQY,CINGVCWTV
5300,SVFSS,VVTGGEV,AGGSMDSSYKLI,SGHNT,YYREEE,ASSLDPGLAAYEQY,MEVTPSGTWL
5301,DSASNY,IRSNVGE,SGGTSYGKLT,SGDLS,YYNGEE,ASRVDPGYGCT,CTELKLSDY
5302,TTLSN,LVKSGEV,AGRRNNDMR,DFQATT,SNEGSKA,SARATGQDSNTEAF,RPHERNGFTVL
5303,VGISA,LSSGK,AVRSPMNRDDKII,SGHVS,FQNEAQ,ASSTDGSNQPQH,GILGFVFTL
5304,NSAFQY,TYSSGN,AMNPSNFGNEKLT,SGHDT,YYEEEE,ASSLDREVVTYEQY,ELAGIGILTV
5305,TSESDYY,QEAYKQQN,AVYNTNAGKST,SGHTA,FQGTGA,ASSLDGRNTEAF,EPLPQGQLTAY
5306,TSGFYG,NALDGL,AVEPVGGNTPLV,MRHNA,SNTAGT,ASTPGQALNEQY,LLWNGPMAV
5307,TSENNYY,QEAYKQQN,AFMGVDSNYQLI,SQVTM,ANQGSEA,SVVPANSYEQY,CLGGLLTMV
5308,YGGTVN,YFSGDPLV,AVNRNAGNMLT,LNHDA,SQIVND,ASSIRSSYEQY,GILGFVFTL
5309,NSASQS,VYSSG,VVNEENDMR,SNHLY,FYNNEI,ASRGPGQMNTGELF,YLQPRTFLL
5310,SSYSPS,YTSAATLV,AVEHNTDKLI,SGHDN,FVKESK,ASSQSPGGTQY,GLCTLVAML
5311,TRDTTYY,RNSFDEQN,ALSEAGFYNQGGKLI,LNHDA,SQIVND,ASSIYGGAGDGYT,GILGFVFTL
5312,TSENNYY,QEAYKQQN,AFMVDAGGTSYGKLT,LNHDA,SQIVND,ASSTGAYGYT,GILGFVFTL
5313,TSDPSYG,QGSYDQQN,AMRFQQLV,LGHDT,YNNKEL,ASSQGPFTRQPQH,YVLDHLIVV
5314,DRGSQS,IYSNGD,AVTSARLM,LGHNA,YSLEER,ASSAQGDSYEQY,LLWNGPMAV
5315,DSSSTY,IFSNMDM,AESEGPTYTDKLI,SGHDT,YYEEEE,ASSLRDGSEAF,RAKFKQLL
5316,NSASQS,VYSSG,VVNSPTGTASKLT,WSHSY,SAAADI,ASSDMTSASDTQY,YSEHPTFTSQY
5317,NSMFDY,ISSIKDK,NTGTASKLT,MNHEY,SMNVEV,ASSPGQANVLT,ALAGIGILTV
5318,TTSDR,LLSNGAV,AVDMDTGNQFY,MDHEN,SYDVKM,ASSLETAGEQY,YLQPRTFLL
5319,TSINN,IRSNERE,ATEGNSGYSTLT,MNHEY,SVGAGI,ASSPLGGYYGYT,FLYALALLL
5320,TSESDYY,QEAYKQQN,ALPLHGGATNKLI,LNHDA,SQIVND,AGRQAGANVLT,VLEETSVML
5321,TSGFNG,NVLDGL,AVMDSNYQLI,MNHEY,SVGEGT,ASSYSSSTGELF,NLVPMVATV
5322,ATGYPS,ATKADDK,ALSGASGTALI,SGHVS,FQNEAQ,ASSLGGGGLTDTQY,RAKFKQLL
5323,SVFSS,VVTGGEV,AGEGGGSQGNLI,SGHNT,YYREEE,ASSLGTANYGYT,GILGFVFTL
5324,NSASDY,IRSNMDK,AESYMGGSSNTGKLI,MNHEY,SMNVEV,ASSSLMGGTDEQF,FEDLRLLSF
5325,TSESDYY,QEAYKQQN,AYSSQGGSEKLV,SGHDY,FNNNVP,ASSSTTGGGFSGANVLT,YLQPRTFLL
5326,KALYS,LLKGGEQ,GTEYPNDYKLS,MDHEN,SYDVKM,ASSFLAGTDTQY,GLCTLVAML
5327,TISGTDY,GLTSN,ILRDVGTGTASKLT,MNHEY,SMNVEV,ASSLAGAGGYT,GILGFVFTL
5328,DRGSQS,IYSNGD,AASEQGGKLI,KGHDR,SFDVKD,ATSDRTGTGIQANYGYT,ELAGIGILTV
5329,VSPFSN,MTFSENT,VGYTNAGKST,LNHNV,YYDKDF,ATSRSGQGEKLF,RAKFKQLL
5330,NSASQS,VYSSG,VVLGGTDKLI,MNHEY,SMNVEV,ASSFGQNTGELF,GILGFVFTL
5331,DSVNN,IPSGT,AVVGGTSYGKLT,LGHNT,FRNRAP,ASGFRVDTQY,GILGFVFTL
5332,TTLSN,LVKSGEV,AGPGSQGNLI,LNHDA,SQIVND,ASSGRSSQPQH,GILGFVFTL
5333,NSASQS,VYSSG,VVEPYNFNKFY,SEHNR,FQNEAQ,ASSLEGSYGYT,CTELKLSDY
5334,VGISA,LSSGK,AISPFNTGNQFY,SGHNS,FNNNVP,ASSSGTSQETQY,GILGFVFTL
5335,NSAFQY,TYSSGN,AMSLGSFGNVLHCFGNVLH,MNHEY,SVGAGI,ASNPGGVETQY,TTDPSFLGRY
5336,TSESDYY,QEAYKQQN,AYRSLALIQGAQKLV,MNHEY,SMNVEV,ASSLFSQGWTEAF,CINGVCWTV
5337,KALYS,LLKGGEQ,GTDHMDSNYQLI,SEHNR,FQNEAQ,ASSLELGNYGYT,QYIKWPWYI
5338,KALYS,LLKGGEQ,GTALAGGSQGNLI,SGHNS,FNNNVP,ASSFSGNTGELF,GILGFVFTL
5339,TSINN,IRSNERE,ATDGVTDSWGKLQ,MNHEY,SMNVEV,ASWTGAAEAF,SPRWYFYYL
5340,TSDPSYG,QGSYDQQN,AMKGNTGGFKTI,MNHEY,SMNVEV,ASSSAALLSYEQY,YLQPRTFLL
5341,NIATNDY,GYKTK,LVVGFNKFY,SGHTA,FQGNSA,ASSPSSREQY,SPRWYFYYL
5342,TSINN,IRSNERE,ATDDGDSSYKLI,SEHNR,FQNEAQ,ASSQGGNEQF,KSKRTPMGF
5343,NIATNDY,GYKTK,LVGAQHSGGYNKLI,SGHAT,FQNNGV,ASSFPVTAITGNTEAF,GPRLGVRAT
5344,SSYSPS,YTSAATLV,AVSATGTASKLT,MNHEY,SMNVEV,ASSPIAGGPISKNIQY,SPRWYFYYL
5345,DSASNY,IRSNVGE,AAWSPEYSTLT,LNHDA,SQIVND,ASSMIGETQY,GILGFVFTL
5346,YGGTVN,YFSGDPLV,AVRSGYSTLT,MDHEN,SYDVKM,ASSSLSGSGRPQH,YVLDHLIVV
5347,DRGSQS,IYSNGD,AVIDKLI,MNHEY,SVGEGT,ASSTGFGSPLH,ELAGIGILTV
5348,ATGYPS,ATKADDK,ALSRAGGTSYGKLT,PRHDT,FYEKMQ,ASSSRQGAANEKLF,GILGFVFTL
5349,SSVPPY,YTSAATLV,AGLSGGSYIPT,SGHDN,FVKESK,ASSQDWGAGTQY,GILGFVFTL
5350,DSSSTY,IFSNMDM,AESKPDKLI,SGHDN,FVKESK,ASSQSPGGIQY,GLCTLVAML
5351,NSAFQY,TYSSGN,AMGKSNFGNEKLT,SGHDN,FVKESK,ASSQDGLAGNNEQF,LLAGIGTVPI
5352,TSGFNG,NVLDGL,AVRDSPGGYQKVT,DFQATT,SNEGSKA,SDGTGTNYGYT,NQKLIANQF
5353,ATGYPS,ATKADDK,TTDSWGKFE,MNHEY,SMNVEV,ASSLGWGGDTQY,TTDPSFLGRY
5354,NSMFDY,ISSIKDK,AASGDDKII,SEHNR,FQNEAQ,ASSLTGGSYGYT,YLQPRTFLL
5355,TISGTDY,GLTSN,ILDRDGGGATNKLI,KGHDR,SFDVKD,ATSPGLAGAYQETQY,NLVPMVATV
5356,DSAIYN,IQSSQRE,AVRMDSSYKLI,SQVTM,ANQGSEA,SVGAGEGEQF,RAKFKQLL
5357,ATGYPS,ATKADDK,ALTRNNAGNMLT,MNHEY,SMNVEV,ASSSLTSGAHNEQF,SPRWYFYYL
5358,NSMFDY,ISSIKDK,AASGGSNYKLT,MNHEY,SVGEGT,ASGTLLIRGKGYERY,VLFGLGFAI
5359,NSAFQY,TYSSGN,ARGGGFKTI,SGHNS,FNNNVP,ASSFSGNTGELF,RAKFKQLL
5360,NSAFQY,TYSSGN,AMGISNFGNEKLT,LNHDA,SQIVND,ASSMENNEQF,LLAGIGTVPI
5361,TSGFNG,NVLDGL,AVGDLWGDYKLS,MNHEY,SVGAGI,ASSSRQGAYYEQY,RTLNAWVKV
5362,SIFNT,LYKAGEL,AGQQGGTSYGKLT,LNHDA,SQIVND,ASSIVSGSEQY,GILGFVFTL
5363,NIATNDY,GYKTK,LVGDVDTDKLI,SGHAT,FQNNGV,ASSLGPGLASDTQY,RTATKAYNV
5364,DRGSQS,IYSNGD,AWKSNQFY,LGHNA,YNFKEQ,ASSQELLSSGELF,ELAGIGILTV
5365,TSGFNG,NVLDGL,VALDSNYQLI,LNHNV,YYDKDF,ATSREGANTGELF,GILGFVFTL
5366,SSVPPY,YTSAATLV,AVTPITGGGNKLT,SGHRS,YFSETQ,ASNLVGGEEEQY,RAKFKQLL
5367,TRDTTYY,RNSFDEQN,ALSEAGTGGSYIPT,SGHTA,FQGNSA,ASSGLEGAGDTQY,GILGFVFTL
5368,DSAIYN,IQSSQRE,AAYMR,SGHAT,FQNNGV,ASSLAPGVSQTQY,TTDPSFLGRY
5369,DRGSQS,IYSNGD,SNDYKLS,MGHRA,YSYEKL,ARRHGQGENTEAF,RAKFKQLL
5370,NSASQS,VYSSG,VVNRMDDMR,SGHRS,YFSETQ,ASIDTNTGEL,YLQPRTFLL
5371,TRDTTYY,RNSFDEQN,ALSEAYNTDKLI,ENHRY,SYGVKD,AIANRGTEAF,RPIIRPATL
5372,TISGNEY,GLKNN,IVRPSSDNLF,MNHEY,SVGAGI,ASSIVLSEKLF,QYIKWPWYI
5373,VSGNPY,YITGDNLV,AVRLRMDSSYKLI,SEHNR,FQNEAQ,ASSYHDLGGAGSPLH,TPRVTGGGAM
5374,SSVSVY,YLSGSTLV,AVSTSGGSNYKLT,MNHNY,SVGAGI,ASSYEGAGNQPQH,ATDALMTGF
5375,TSENNYY,QEAYKQQN,AFMKHEDSGAGSYQLT,LGHDT,YNNKEL,ASSQAISDREVWDQETQY,RLPGVLPRA
5376,TSENNYY,QEAYKQQN,AFMKLYNFNKFY,PRHDT,FYEKMQ,ASSGPLAGRRTDTQY,LTDEMIAQY
5377,NSASQS,VYSSG,YVIHGRDSKYKSI,SNHLY,FYNNEI,ASSSGLVAPGELF,GLCTLVAML
5378,SVFSS,VVTGGEV,AVTYSGAGSYQLT,LNHDA,SQIVND,ASSIRSTDTQY,GILGFVFTL
5379,DSASNY,IRSNVGE,AAKDSGGGADGLT,SEHNR,FQNEAQ,ASSRHRGHFNEQF,RVAGDSGFAAY
5380,TSENNYY,QEAYKQQN,VRITHMDAGYLLT,MNHEY,SMNVEV,ASSFPGQGNTQY,RAQAPPPSW
5381,NSASDY,IRSNMDK,AENRGSGTYKYI,MGHRA,YSYEKL,ASRHSGSDNEQF,YLQPRTFLL
5382,TSESDYY,QEAYKQQN,AYKESDKVI,MNHNY,SVGAGI,ASTGTSGPDTQY,KLWAQCVQL
5383,TSGFYG,NALDGL,AVIRRALT,SNHLY,FYNNEI,ASGGQGDSYEQY,CTELKLSDY
5384,TSINN,IRSNERE,ATDALYGQNFV,SGHTA,FQGTGA,ASSPLKTGAEGEQF,KSKRTPMGF
5385,TSDPSYG,QGSYDQQN,AMREGGNFNKFY,DFQATT,SNEGSKA,SAGEVLNQPQH,YVLDHLIVV
5386,NSAFQY,TYSSGN,AMSISNFGNEKLT,SGHNS,FNNNVP,ASSTGQGIPYEQY,LLAGIGTVPI
5387,DRGSQS,IYSNGD,AVNGGNQFY,LGHNA,YNFKEQ,ASSLEMGAGTEAF,ELAGIGILTV
5388,TTLSN,LVKSGEV,NYGGSQGNLI,LNHDA,SQIVND,ARRTRRPDAQY,GILGFVFTL
5389,YGATPY,YFSGDTLV,PGTGGFKTI,SGHVS,FNYEAQ,ASSLGGGDYEQY,FLRGRAYGL
5390,TSESDYY,QEAYKQQN,AYRALGVNNNDMR,MDHEN,SYDVKM,ASRSGLQAYEQY,CINGVCWTV
5391,DRGSQS,IYSNGD,AVRPDKLI,SNHLY,FYNNEI,ASREREGLAVYNEQF,ELAGIGILTV
5392,DRGSQS,IYSNGD,AVLLV,MNHEY,SMNVEV,ASSPSGANVLT,LLLDRLNQL
5393,DSAIYN,IQSSQRE,AVDPANNDMR,MNHEY,SVGAGI,ASSAALSEAF,GILGFVFTL
5394,NIATNDY,GYKTK,LVGDGAGGSYIPT,SGHNS,FNNNVP,ASSTGTGVFEDTEAF,DATYQRTRALVR
5395,SSVSVY,YLSGSTLV,AVSGGSNYKLT,PRHDT,FYEKMQ,ASSSRAEAF,GILGFVFTL
5396,DSVNN,IPSGT,AVEIRDDKII,SEHNR,FQNEAQ,ASTSNPNTGELF,TPRVTGGGAM
5397,VGISA,LSSGK,AVRLNFGNEKLT,GTSNPN,SVGIG,AWSVWQMSSGANVLT,NLVPMVATV
5398,VSNAYN,GSKP,AVWVTGKLI,MNHEY,SMNVEV,ASSSILGGEAYNEQF,SPRWYFYYL
5399,DRGSQS,IYSNGD,AVLTLYSGAGSYQLT,SNHLY,FYNNEI,ASSEVTAGDGYT,ATDALMTGF
5400,SVFSS,VVTGGEV,ASSMEYGNKLV,SGHDT,YYEEEE,ASSLRDGSEAF,RAKFKQLL
5401,KTLYG,LQKGGEE,GAETSGSRLT,SGHVS,FNYEAQ,ASSLAEGPRYGYT,YLQPRTFLL
5402,VGISA,LSSGK,AAAAYNTDKLI,SGHDT,YYEEEE,ASALGTGELF,GIIYIIYKL
5403,DRGSQS,IYSNGD,AVIAINSGYALN,SGDLS,YYNGEE,ASSENTANTGELF,ATDALMTGF
5404,DRGSQS,IYSNGD,AVKGGAGKST,LNHDA,SQIVND,ASSGEGQTSTDTQY,LLLDRLNQL
5405,VGISA,LSSGK,AVRRGVDSNYQLI,SGHNT,YYREEE,ASSFKQGALSSYNEQF,SPRWYFYYL
5406,DSAIYN,IQSSQRE,AARNHMNYGGSQGNLI,MNHEY,SVGEGT,ASSYSRPTGHTEAF,LTDEMIAQY
5407,TISGNEY,GLKNN,IVRHPMNRDDKII,LNHDA,SQIVND,ASSIGLYGYT,GILGFVFTL
5408,TSGFNG,NVLDGL,AVRDNRDDYKLS,GTSNPN,SVGIG,AWGGSTGDNSPLH,TTDPSFLGRY
5409,SSVPPY,YTSAATLV,AVSDRDGGFKTI,LNHDA,SQIVND,ASSINGGRRDGYT,GILGFVFTL
5410,DRGSQS,IYSNGD,AAPQGAGTALI,LGHNA,YSLEER,ASSRALLMGNTIY,ELAGIGILTV
5411,ATGYPS,ATKADDK,ALSDVDMR,MNHEY,SMNVEV,ASSETHSNQPQH,TTDPSFLGRY
5412,YSGSPE,HISR,ALWEYGNKLV,LNHDA,SQIVND,ASRATIGGTGELF,VTEHDTLLY
5413,TRDTTYY,RNSFDEQN,ALSEIQGAQKLV,SGDLS,YYNGEE,ASSARD,SPRWYFYYL
5414,NSASQS,VYSSG,ARGGNTPLV,MNHEY,SVGEGT,ASSTGWGVDEQF,LLAGIGTVPI
5415,VSGNPY,YITGDNLV,ARDGTGFQKLV,SNHLY,FYNNEI,ASKEDGGAYEQY,QYIKWPWYI
5416,TSDPSYG,QGSYDQQN,AMREVMDSNYQLI,SGDLS,YYNGEE,ASSAGQLAGGGETQY,GLCTLVAML
5417,DRGSQS,IYSNGD,AAPGVGNAGGTSYGKLT,SGHNT,YYREEE,ASSLGLLAGGEQY,ELAGIGILTV
5418,VSGNPY,YITGDNLV,AVRDISVSGGYQKVT,MNHNY,SVGAGI,ASSYLAGEITDTQY,GILGFVFTL
5419,VSGLRG,LYSAGEE,AVAPTGNVLHCFGNVLH,LNHDA,SQIVND,ASSIRSTGELF,GILGFVFTL
5420,VSGNPY,YITGDNLV,ADLNSGYSTLT,SNHLY,FYNNEI,ASIDDSLENYGYT,TTDPSFLGRY
5422,DSSSTY,IFSNMDM,AEEGNNARLM,LGHNA,YNFKEQ,ASSQADRGGPNTGELF,NQKLIANQF
5423,NSAFQY,TYSSGN,AGSASNFGNEKLT,MDHEN,SYDVKM,ASSLVAVAVTGELF,LLAGIGTVPI
5424,KALYS,LLKGGEQ,SNDYKLS,SGDLS,YYNGEE,ASSTGQLSNTGELF,GLCTLVAML
5425,VSGLRG,LYSAGEE,AVQARDSNYQLI,SEHNR,FQNEAQ,ASSNRDLGSYEQY,TPRVTGGGAM
5426,NSASQS,VYSSG,VVNSASGNTGKLI,ENHRY,SYGVKD,AISEPGTSTDTQY,YSEHPTFTSQY
5427,DSSSTY,IFSNMDM,AEIPNYGGSQGNLI,SGHDY,FNNNVP,ASSLVGGRHGYT,NLVPMVATV
5428,SVFSS,VVTGGEV,AGVWNTGNQFY,SGDLS,YYNGEE,ASSAGTPYNEQF,LLWNGPMAV
5429,DSAIYN,IQSSQRE,AVSRIKAAGNKLT,LNHDA,SQIVND,ASSIYSNQPQH,GILGFVFTL
5430,TRDTTYY,RNSFDEQN,APDSRGGGSNYKLT,MNHEY,SMNVEV,ASSFRTPRQSSYEQY,TPRVTGGGAM
5431,VSGNPY,YITGDNLV,NRDDKII,SGHVS,FNYEAQ,ASSLGGGEGASEQF,FLRGRAYGL
5432,DRGSQS,IYSNGD,AVNPSFQKLV,MGHRA,YSYEKL,ASSQEGQGAGELF,CTELKLSDY
5433,DSAIYN,IQSSQRE,AVPEMRRDDKII,MNHEY,SMNVEV,ASSSLTSGGARYTQY,SPRWYFYYL
5434,VSGNPY,YITGDNLV,AVRDMNTGFQKLV,MDHEN,SYDVKM,ASSGLAAPSYNEQF,GILGFVFTL
5435,DSASNY,IRSNVGE,AAENNNDMR,SGHVS,FNYEAQ,ASSLGTSYEQY,GILGFVFTL
5436,DSAIYN,IQSSQRE,AARNSGNTPLV,SEHNR,FQNEAQ,ASSSHDLEGILAWQF,TPRVTGGGAM
5437,DRGSQS,IYSNGD,AVNSGAGKLI,LNHDA,SQIVND,ASSIRSEYEQY,GILGFVFTL
5438,TSGFNG,NVLDGL,AVRSLNSGNTPLV,SQVTM,ANQGSEA,SGGQDYNEQF,NLVPMVATV
5439,DSSSTY,IFSNMDM,AESEGPTYTDKLI,SGHRS,YFSETQ,ASSFRGVNTEAF,RAKFKQLL
5440,NSASDY,IRSNMDK,AEIWDYGQNFV,SGHDT,YYEEEE,ASSWEGINYGYT,GILGFVFTL
5441,DRGSQS,IYSNGD,AVPDTGGFKTI,SNHLY,FYNNEI,ASNAGPMNTEAF,LLLDRLNQL
5442,DSSSTY,IFSNMDM,AEDDNARLM,DFQATT,SNEGSKA,SARDRVGNGHT,GLCTLVAML
5443,TSESDYY,QEAYKQQN,AYETGNQFY,SGHAT,FQNNGV,ASSFPVTAITGNTEAF,GPRLGVRAT
5444,TSESDYY,QEAYKQQN,AYNQGAQKLV,SGDLS,YYNGEE,ASSYPTGGTSGNTIY,RPPIFIRRL
5445,TRDTTYY,RNSFDEQN,ALRPASGLRQLT,MNHEY,SMNVEV,ASSFGGTEAF,GILGFVFTL
5446,TRDTTYY,RNSFDEQN,ALSEISSGSARQLT,SGDLS,YYNGEE,ASGDNEQY,SPRWYFYYL
5447,DSAIYN,IQSSQRE,AVHFQGAQKLV,SGHRS,YFSETQ,ASSLAGVSSGANVLT,SPRWYFYYL
5448,TSINN,IRSNERE,ATVIRMDSSYKLI,SEHNR,FQNEAQ,ASSLIGVGVSNEQF,TPRVTGGGAM
5449,TSGFNG,NVLDGL,AVRDGGGFKTI,WSHSY,SAAADI,ASSEETGNQPQH,RPIIRPATL
5450,NIATNDY,GYKTK,LLPLARGPRYGNLT,LNHDA,SQIVND,ASGKYNEQF,YVLDHLIVV
5451,DSASNY,IRSNVGE,SAKETSYDKVI,SGHAT,FQDESV,ASSRLGQETATDTQY,RAKFKQLL
5452,VSGNPY,YITGDNLV,AVRDIGDYGQNFV,LGHNA,YSLEER,ASSQRTKTVELF,CLGGLLTMV
5453,YGATPY,YFSGDTLV,AAIKGAQKLV,MNHEY,SVGAGI,ASSLNTEAF,GILGFVFTL
5454,YSGSPE,HISR,ALRDMEYGNKLV,SGHTA,FQGTGA,ASSLIVSGGANEQF,RAKFKQLL
5455,SSVSVY,YLSGSTLV,AVSDQNGGFKTI,MGHRA,YSYEKL,ASSLTGEDEQY,RAKFKQLL
5456,TSENNYY,QEAYKQQN,AFMKVWGGSEKLV,MNHEY,SVGAGI,ASSYAGGPVNTEAF,YLLEMLWRL
5457,NSASDY,IRSNMDK,AENLGGGSQGNLI,SGHAT,FQNNGV,ASSLGVAGTNTGELF,GILGFVFTL
5458,YSGSPE,HISR,ALKHTGNQFY,MDHEN,SYDVKM,ASRPYLANTGELF,YVLDHLIVV
5459,SSVPPY,YTSAATLV,AVSPGSFGNEKLT,SGHDY,FNNNVP,ASGRLSYNEQF,RAKFKQLL
5460,TISGNEY,GLKNN,IVSEYNNDMR,SGHTA,FQGTGA,ASSEGGGAYDTQY,RAKFKQLL
5461,KTLYG,LQKGGEE,GADRGGANNLF,SGHDT,YYEEEE,ASSLRDGSEAF,RAKFKQLL
5462,NSASQS,VYSSG,VVNIGTLNAGGTSYGKLT,ENHRY,SYGVKD,AISEGVWTYEQY,YLLEMLWRL
5463,NSMFDY,ISSIKDK,AASNQAGTALI,SGHRS,YFSETQ,ASIGMYRNEQF,LTDEMIAQY
5464,TTLSN,LVKSGEV,APRNAGGTSYGKLT,SGHVS,FQNEAQ,ASSLGPNTGELF,YLQPRTFLL
5465,DSASNY,IRSNVGE,AYGGSQGNLI,DFQATT,SNEGSKA,SARGGFLSPLH,GILGFVFTL
5466,TTSDR,LLSNGAV,AVGSTDKLI,LNHDA,SQIVND,ASSIVTATEAF,GILGFVFTL
5467,TRDTTYY,RNSFDEQN,ALSVNYGQNFV,SNHLY,FYNNEI,ARRQGNEKLF,SPRWYFYYL
5468,DSSSTY,IFSNMDM,AESGGATNKLI,SGHVS,FNYEAQ,ASSLAGTSPPF,RFPLTFGWCF
5469,TISGTDY,GLTSN,ILPLAGGPGYGKLT,SGHVS,FQNEAQ,ASSLGQAYEQY,FLRGRAYGL
5470,NSASDY,IRSNMDK,AETPSGGSYIPT,SGHDT,YYEEEE,ASSLGHGRSSYEQY,HPNGYKSLSTL
5471,SVFSS,VVTGGEV,VYGGSQGNL,LNHDA,SQIVND,SLFSQQPQ,GILGFVFTL
5472,SSYSPS,YTSAATLV,VVALAGSGYSTLT,LGHDT,YNNKEL,ASSQGPGLAGDFDLYNEQF,GILGFVFTL
5473,NSASQS,VYSSG,VVNRYDGLT,DFQATT,SNEGSKA,SAGERNTGELF,YLQPRTFLL
5474,TSGFNG,NVLDGL,AVRDSNYQLI,MNHEY,SVGEGT,ASSSGEFTEAF,SLFNTVATLY
5475,DSASNY,IRSNVGE,ARGETSYDKVI,SGHDY,FNNNVP,ASSSSGVGFYEQY,RAKFKQLL
5476,TSGFNG,NVLDGL,AVYNNNDMR,SEHNR,FQNEAQ,ASSFPGYPSGANVLT,RVAGDSGFAAY
5477,DRGSQS,IYSNGD,AVALFSGGYNKLI,SGHVS,FNYEAQ,ASSLYAPGTGVYNEQF,RAKFKQLL
5478,TSGFNG,NVLDGL,ARMDSNYQLI,MRHNA,SNTAGT,ASSVKPDSPAEAF,YLQPRTFLL
5479,SIFNT,LYKAGEL,AGPDSTDYGSGNTGKLI,LNHDA,SQIVND,ASSIVSNQPQH,GILGFVFTL
5480,SIFNT,LYKAGEL,AGPDGSSNTGKLI,LNHDA,SQIVND,ASSVFSVGELF,GILGFVFTL
5481,SVFSS,VVTGGEV,AGAGSQGNLI,SGHAT,FQNNGV,ASSLGVAGTNTGELF,GILGFVFTL
5482,DSAIYN,IQSSQRE,AVESGNTGKLI,LNHDA,SQIVND,ASSISSTGEL,RLPGVLPRA
5483,TSDPSYG,QGSYDQQN,AMSPRNI,SGHAT,FQNNGV,ASSLSGNSNQPQH,SPRWYFYYL
5484,TISGNEY,GLKNN,AGTQGNLI,MDHEN,SYDVKM,ASSLRLSYNSPLH,NLVPMVATV
5485,SSNFYA,MTLNGDE,ASAGSGNTGKLI,LNHDA,SQIVND,ASSIRSAWEQF,GILGFVFTL
5486,YGATPY,YFSGDTLV,AVGDRTYKYI,MNHEY,SVGEGT,ASSWTASYEQY,YVLDHLIVV
5487,DRGSQS,IYSNGD,AVYSSASKII,DFQATT,SNEGSKA,SAREAPLLKDSNDQF,CTELKLSDY
5488,SSNFYA,MTLNGDE,ASWIYGGATNKLI,SGHAT,FQDESV,ASSHPATQGARREQY,VLEETSVML
5489,NSASQS,VYSSG,VVNGGDSSYKLI,SNHLY,FYNNEI,ASSEGQVSPGELF,GLCTLVAML
5490,VSPFSN,MTFSENT,VVSLDTGRRALT,SGHDY,FNNNVP,ASSFGTSSDTQY,GILGFVFTL
5491,DSVNN,IPSGT,AVDNQGGKLI,LGHNA,YNFKEQ,ASSQRPSEVGELF,RAKFKQLL
5492,TSINN,IRSNERE,ASHILTGGGNKLT,SGHDY,FNNNVP,ASSFNRANTEAF,VYFLQSINF
5493,KTLYG,LQKGGEE,GADMGRGTYKYI,SGHTA,FQGTGA,ASSSGTGEGCEQF,RAKFKQLL
5494,TSGFNG,NVLDGL,AVTTGNAGNMLT,SGHDN,FVKESK,ASSHGTGYNQPQH,NLVPMVATV
5495,DSSSTY,IFSNMDM,AESMGTGGFKTI,SGHTA,FQGNSA,ASSSPGGMETQY,GILGFVFTL
5496,NSMFDY,ISSIKDK,AAEDNTDKLI,MNHEY,SMNVEV,ASSPSWGEVNTEAF,NLVPMVATV
5497,DRGSQS,IYSNGD,AVNQPS,MNHEY,SVGEGT,ASSPGGEAYGYT,LLWNGPMAV
5498,NSAFQY,TYSSGN,AMSDNTDKLI,SGHNT,YYREEE,ASSWGTSAPYEQY,RPHERNGFTVL
5499,TTLSN,LVKSGEV,AGPWAGYGGSQGNLI,LNHDA,SQIVND,ASSIRSLEPQH,GILGFVFTL
5500,TTSDR,LLSNGAV,AGNQGGKLI,DFQATT,SNEGSKA,SARDRSSYEQY,YLQPRTFLL
5501,DRGSQS,IYSNGD,AVTSDKLI,SGDLS,YYNGEE,ASSAGTGAYEQY,LLWNGPMAV
5502,SSNFYA,MTLNGDE,AFYWSNDYKLS,SGHTA,FQGNSA,ASSLYSSNEQF,GILGFVFTL
5503,ATGYPS,ATKADDK,ALRETSYDKVI,SGHNS,FNNNVP,ASSFPSGDGTQY,RAKFKQLL
5504,SVFSS,VVTGGEV,AGARCGRSHYKLT,SGHVS,FNYEAQ,ASSFQTGEITEAF,RAKFKQLL
5505,TISGNEY,GLKNN,IVRANAGGTSYGKLT,ENHRY,SYGVKD,AISVWGAADNEQF,NQKLIANQF
5506,NSAFQY,TYSSGN,AMEISNFGNEKLT,MNHNS,SASEGT,ASRDFGNYGYT,LLAGIGTVPI
5507,DRGSQS,IYSNGD,AGANARLM,SGHVS,FNYEAQ,ASSEGLAGGPAGELF,LLWNGPMAV
5508,TSENNYY,QEAYKQQN,AFPQGAQKLV,SGHNS,FNNNVP,ASSLGTAITDTQY,KLSALGINAV
5509,NIATNDY,GYKTK,LVGDSKGGGADGLT,LGHNA,YNFKEQ,ASSPEASGAPYEQY,CINGVCWTV
5510,DSASNY,IRSNVGE,AASKGPGGYNKLI,MDHEN,SYDVKM,ASSSITTTGAKDGYT,SPRWYFYYL
5511,NSASQS,VYSSG,VVEGDKVI,MGHRA,YSYEKL,ASSHSGYEQF,LLWNGPMAV
5512,KALYS,LLKGGEQ,GTEYPNDYKLS,MGHRA,YSYEKL,ASSQGQGISYEQY,GLCTLVAML
5513,YGGTVN,YFSGDPLV,AVKNTDKLI,LGHDT,YNNKEL,ASSQATGYGYT,YVLDHLIVV
5514,YGGTVN,YFSGDPLV,AVNAGGEYGNKLV,LNHDA,SQIVND,ASISRWAANYGYT,GILGFVFTL
5515,NSMFDY,ISSIKDK,AATPDGNQFY,MNHEY,SMNVEV,ASSPLKRGPSYEQY,TPRVTGGGAM
5516,DRGSQS,IYSNGD,AVNIDTMDSNYQLI,SGDLS,YYNGEE,ASSVGGEAYEQY,GLCTLVAML
5517,NSASDY,IRSNMDK,ADSGGGADGLT,DFQATT,SNEGSKA,SARDRTGNGYT,RAKFKQLL
5518,TTLSN,LVKSGEV,AGNYGGSQGNLI,SGHDT,YYEEEE,ASSLRDGSEAF,RAKFKQLL
5519,NIATNDY,GYKTK,LVANNARLM,SGHNT,YYREEE,ASSQDRDNLNTEAF,LLLDRLNQL
5520,NIATNDY,GYKTK,LVGEINNDMR,SGHAT,FQNNGV,STDTQY,RAKFKQLL
5521,DSAIYN,IQSSQRE,AVALYGGSQGNLI,MGHRA,YSYEKL,ASSLLWAEYNEQF,RAKFKQLL
5522,NIATNDY,GYKTK,LVGDGAGGGAVGLT,SEHNR,FQNEAQ,ASSPILEGPDTQY,RAKFKQLL
5523,DRGSQS,IYSNGD,AASNSGYALN,MNHEY,SMNVEV,ASSSPSGSGTGELF,ELAGIGILTV
5524,SSVPPY,YTSAATLV,VGRDTGRRALT,MDHEN,SYDVKM,ASSSLTGQSQETQY,SPRWYFYYL
5525,VGISA,LSSGK,AVKENEKLT,SGHNS,FNNNVP,ASSFSGNTGELF,GILGFVFTL
5526,DRGSQS,IYSNGD,AVNRGQKVT,GTSNPN,SVGIG,AWSKVGVGQPQH,ELAGIGILTV
5527,NSASQS,VYSSG,VINSSNTSYNLI,SNHLY,FYNNEI,ASSSGLVAPGELF,GLCTLVAML
5528,TTLSN,LVKSGEV,AGLGDGGSQGNLI,LGHNA,YNFKEQ,ATQDANTGELF,YLQPRTFLL
5529,TRDTTYY,RNSFDEQN,ALSEANTGNQFY,SGHVS,FQNEAQ,ASTPHRGPSYEQY,GILGFVFTL
5530,SVFSS,VVTGGEV,AGLQRGSQGNLI,MNHEY,SMNVEV,ASSLSPSTSNYGYT,TPRVTGGGAM
5531,TISGTDY,GLTSN,ILTTGAGSYQLT,SNHLY,FYNNEI,ASSEATGELYEQY,KSKRTPMGF
5532,DSASNY,IRSNVGE,AASGSQGNLI,SQVTM,ANQGSEA,SVGSGEDSPQY,RAKFKQLL
5533,TRDTTYY,RNSFDEQN,ALSESYGGSQGNLI,MDHEN,SYDVKM,ASSSMTGIGRYEQY,SPRWYFYYL
5534,TISGNEY,GLKNN,RQSRVRRGWELPTH,SGHVS,FNYEAQ,ASSLAPGATNEKLF,NLVPMVATV
5535,TISGTDY,GLTSN,ILDTWDSNYQLI,SGDLS,YYNGEE,ASSGGLAGSTDTQY,GILGFVFTL
5536,SVFSS,VVTGGEV,AGAPYGGSQGNLI,SGHRS,YFSETQ,ASSHGNYGYT,ALAGIGILTV
5537,DSSSTY,IFSNMDM,AEPNTGNQFY,LNHDA,SQIVND,ASSMRSSDTQY,GILGFVFTL
5538,YGGTVN,YFSGDPLV,AVNAAGGGADGLT,SNHLY,FYNNEI,ASSESSGGFFNEQF,YLQPRTFLL
5539,VSGNPY,YITGDNLV,AVRLLDGQKLL,SGHVS,FNYEAQ,ASSRGTYNEQF,CTELKLSDY
5540,VSGNPY,YITGDNLV,AVRGVRSYNTDKLI,LNHDA,SQIVND,ATQGTSGYTDTQY,FEDLRVLSF
5541,DSSSTY,IFSNMDM,AVSGSYNTDKLI,DFQATT,SNEGSKA,SARDGLAGHYEQY,NLVPMVATV
5542,TRDTTYY,RNSFDEQN,ALSEAGMDSNYQLI,LNHDA,SQIVND,ASSIHAGNQPQH,GILGFVFTL
5543,NSASDY,IRSNMDK,AEMEGTALI,MGHRA,YSYEKL,ASSQGAAEAF,RLPGVLPRA
5544,NSASQS,VYSSG,VVKNLYGGSQGNLI,MGHRA,YSYEKL,ASSQDVYPYEQY,ATDALMTGF
5545,DSAIYN,IQSSQRE,AVVIATLGNTPLV,SGHRS,YFSETQ,ASSLYGNTEAF,RPHERNGFTVL
5546,VSGLRG,LYSAGEE,AVPSFGNEKLT,MNHEY,SMNVEV,ASSAFFESGELF,TTDPSFLGRY
5547,ATGYPS,ATKADDK,ALSDRENYGGSQGNLI,SGDLS,YYNGEE,ASSVGWGGTYEQY,HPVTKYIM
5548,TSGFNG,NVLDGL,AVMGYQKVT,SGDLS,YYNGEE,ASSPWGGKLYGYT,RAKFKQLL
5549,NSASDY,IRSNMDK,AENGGGGADGLT,SQVTM,ANQGSEA,SVGSGDHGEQF,GLCTLVAML
5550,SVFSS,VVTGGEV,AGALDSGYALN,SGHDT,YYEEEE,ASSLETANTEAF,SLFNTVATLY
5551,SSVSVY,YLSGSTLV,AVSEGVVWDLYGGSQGNLI,MNHNS,SASEGT,ASREDGTEAF,NLVPMVATV
5552,TRDTTYY,RNSFDEQN,ALQRGTYKYI,SGHTA,FQGTGA,ASSLGTSGGTGELF,RAKFKQLL
5553,NSASQS,VYSSG,VVTNTNAGKST,SNHLY,FYNNEI,ASSEFTNYEQY,NYNYLYRLF
5554,TSENNYY,QEAYKQQN,NAGGTSYGKLT,LNHDA,SQIVND,ASSAGSSGYT,GILGFVFTL
5555,TSDPSYG,QGSYDQQN,AMSFSGYALN,SGHNS,FNNNVP,ASTETGPYGYT,GILGFVFTL
5556,NSASDY,IRSNMDK,AENIGGGSQGNLI,MNHEY,SVGEGT,ASGMTGLTSEQY,GILGFVFTL
5557,TSDPSYG,QGSYDQQN,AMRGVSGFGNEKLT,DFQATT,SNEGSKA,SARSAASTDTQY,YLQPRTFLL
5558,TSINN,IRSNERE,ATVPDAGGTRYGKLT,SGDLS,YYNGEE,ASSVSGAPYEQY,FLRGRAYGL
5559,NYSPAY,IRENEKE,SGNAGNMLT,MNHEY,SVGAGI,ASSYASLEKEAF,TTDPSFLGRY
5560,TISGNEY,GLKNN,IVYNKLI,SNHLY,FYNNEI,ASSEGQGYEQF,NYNYLYRLF
5561,TISGTDY,GLTSN,ILMETSYDKVI,SGHNS,FNNNVP,ASSSSSTGELF,RAKFKQLL
5562,NSASDY,IRSNMDK,AENIESGGGADGLT,MNHEY,SMNVEV,ATGTAYNQPQH,TPRVTGGGAM
5563,DSAIYN,IQSSQRE,AVWRAGNMLT,MNHEY,SMNVEV,ASSLNGRADTQY,NLVPMVATV
5564,VTNFRS,LTSSGIE,AASNFGNEKLT,KGHSH,LQKENI,ASSPPEEFEQY,QYIKWPWYI
5565,DRGSQS,IYSNGD,AVEGGADGLT,SGHAT,FQNNGV,ASSVTGGLNGEETQY,ELAGIGILTV
5566,TRDTTYY,RNSFDEQN,ALKGNTGTASKLT,SGDLS,YYNGEE,ASSVELSTDTQY,DATYQRTRALVR
5567,TSINN,IRSNERE,ATDEGSYGGSQGNLI,MNHEY,SMNVEV,ASSLVRGEQY,GILGFVFTL
5568,SVFSS,VVTGGEV,AGATGGSQGNLI,LNHDA,SQIVND,ASSIRSAGELF,GILGFVFTL
5569,TSINN,IRSNERE,ATDGSTGFQKLV,SGHDY,FNNNVP,ASSPSSSYEQY,RAKFKQLL
5570,NSASQS,VYSSG,VVLNDYKLS,LNHDA,SQIVND,ASTAGLNTGELF,GILGFVFTL
5571,TSINN,IRSNERE,ATDAATGRRALT,DFQATT,SNEGSKA,SAWTGTEAF,GLCTLVAML
5572,YGGTVN,YFSGDPLV,AVRVNNAGNMLT,SGHTA,FQGNSA,ASSPGLPEY,HPNGYKSLSTL
5573,DSVNN,IPSGT,AVEPNSGYALN,MDHEN,SYDVKM,ASSSGQGNIQY,CINGVCWTV
5574,TSESDYY,QEAYKQQN,AYRSPLMNYGGSQGNLI,MNHEY,SMNVEV,ASSLGTLETQY,MEVTPSGTWL
5575,TSDPSYG,QGSYDQQN,AMREDTGNQFY,SGHAT,FQNNGV,ASSFTWTSGGATDTQY,FLRGRAYGL
5576,TSDPSYG,QGSYDQQN,AMRRPGANNLF,LGHNA,YSLEER,ASSAQEGRIEMNTEAF,ALWEIQQVV
5577,TRDTTYY,RNSFDEQN,ARKGGSTDKLI,MNHEY,SMNVEV,ASSLGGGLNYGYT,TTDPSFLGRY
5578,DSASNY,IRSNVGE,AAILGSGGYNKLI,LGHDT,YNNKEL,ASSQDGGFSNQPQH,TTDPSFLGRY
5579,TSGFNG,NVLDGL,AVKDSNYQLI,MNHEY,SVGEGT,ASSYQEGTGGETQY,SLFNTVATLY
5580,DSASNY,IRSNVGE,AASETSYDKVI,MNHNS,SASEGT,ASSEVVSTTYEQY,RAKFKQLL
5581,SSNFYA,MTLNGDE,ASPEIKTGPARKLT,LNHDA,SQIVND,ASPPLGGGYNEQF,GILGFVFTL
5582,DSASNY,IRSNVGE,AASETSYDKVI,SGHNS,FNNNVP,ASSPGTNYGYT,RAKFKQLL
5583,DRGSQS,IYSNGD,AVNGAESSGGSNYKLT,SGDLS,YYNGEE,ASSVGGVSPLH,YLLEMLWRL
5584,TRDTTYY,RNSFDEQN,ALSEVDRLM,MDHEN,SYDVKM,ASSLTGTDTQY,RLPGVLPRA
5585,DRGSQS,IYSNGD,AVIQGNLI,SGDLS,YYNGEE,ASSVTGANYGYT,LLLDRLNQL
5586,SSNFYA,MTLNGDE,TTDSWGKFE,LGHDT,YNNKEL,ASSQGQLNQPQH,LLWNGPMAV
5587,NSASDY,IRSNMDK,ADSGGGADGLT,MNHEY,SMNVEV,ASSSIPGTGTGNTEAF,RAKFKQLL
5588,SSVSVY,YLSGSTLV,KAPLV,MNHEY,SMNVEV,ASREGSYPKNIQY,VLFGLGFAI
5589,TSINN,IRSNERE,ATVGNSGYSTLT,MNHEY,SVGAGI,ASSKQGGNIQY,FLYALALLL
5590,DRGSQS,IYSNGD,GAPEGYGTKLV,MDHEN,SYDVKM,ASSGLAGGLYEQY,LLAGIGTVPI
5591,NSASQS,VYSSG,VVGAAGNKLT,SQVTM,ANQGSEA,SASGPTGGRDSGELF,ATDALMTGF
5592,VSPFSN,MTFSENT,VVNENAGNMLT,SGHNS,FNNNVP,ASSFLDRGPNTEAF,RAKFKQLL
5593,SIFNT,LYKAGEL,AGQYRDDKII,LNHDA,SQIVND,ASSIGLGEQY,GILGFVFTL
5594,TTLSN,LVKSGEV,ADPFSSNTGKLI,LNHDA,SQIVND,ASSTFSSGRTEAF,GILGFVFTL
5595,TSDPSYG,QGSYDQQN,AMRESNTGNQFY,MDHEN,SYDVKM,ASSFWQLTSLGTGHSGANVLT,TTDPSFLGRY
5596,DSASNY,IRSNVGE,AALETSYDKVI,SGHNS,FNNNVP,ASSPPGQGNIQY,RAKFKQLL
5597,NSAFQY,TYSSGN,AMGNYGQNFV,DFQATT,SNEGSKA,SAHLAETYEQY,SLFNTVATLY
5598,VSPFSN,MTFSENT,VVEGGQNFV,SGHRS,YFSETQ,ASSFLGSPNTGELF,YSEHPTFTSQY
5599,DSASNY,IRSNVGE,AASETSYDKVI,SQVTM,ANQGSEA,SAGQGPYEQY,RAKFKQLL
5600,DRGSQS,IYSNGD,AVSWG,SGHNS,FNNNVP,ASSLSPGDTGELF,LLAGIGTVPI
5601,NSASQS,VYSSG,VAPTNFGNEKLT,SGHDY,FNNNVP,ASTHGTSGEDTQY,NLVPMVATV
5602,DRGSQS,IYSNGD,AVKSKAAGNKLT,SNHLY,FYNNEI,AREGGNYGYT,LLLDRLNQL
5603,NSASQS,VYSSG,VVNEKEGNMLT,SQVTM,ANQGSEA,SVGEGLAYEQY,LLWNGPMAV
5604,DRGSQS,IYSNGD,AGGPDGQTPL,LNHDA,SQIVND,ASSIRAAYEQY,GILGFVFTL
5605,TSGFNG,NVLDGL,AVRYRRGSYIPT,ENHRY,SYGVKD,AISTGDGNQPQH,EPLPQGQLTAY
5606,DRGSQS,IYSNGD,AVDASKII,LNHDA,SQIVND,ASRDLSSYEQY,SLFNTVATLY
5607,SIFNT,LYKAGEL,AGTSGQQYGGSQGNLI,LNHDA,SQIVND,ASSIFGGAEAF,GILGFVFTL
5608,NSAFQY,TYSSGN,SNFGNEKLT,DFQATT,SNEGSKA,SAREGPGQGRWEQY,LLAGIGTVPI
5609,SVFSS,VVTGGEV,AGSLGTSGSRLT,MDHEN,SYDVKM,AFGPRDRTNTGELF,NQKLIANQF
5610,YSGSPE,HISR,APNKAAGNKLT,SEHNR,FQNEAQ,AAGGRRDTEAF,EPLPQGQLTAY
5611,SSVSVY,YLSGSTLV,AVGGDGGSQGNLI,LNHDA,SQIVND,ATSGRAGVEQF,GILGFVFTL
5612,TSINN,IRSNERE,ATEGDSGYSTLT,MNHNS,SASEGT,WARSVQGGNYGYT,FLYALALLL
5613,TSGFNG,NVLDGL,AVRDKPPGPGGGSYIPT,LNHDA,SQIVND,ASSIHGAGTEAF,GILGFVFTL
5614,NSMFDY,ISSIKDK,AASAGNQFY,MNHEY,SMNVEV,ASRPGQWYEQY,HSNLNDATY
5615,TSESDYY,QEAYKQQN,ANAQKLV,SGHVS,FQNEAQ,ASSLEGLAGYEQY,KSKRTPMGF
5616,TRDTTYY,RNSFDEQN,ALSEHGSSNTGKLI,SGHDT,YYEEEE,ASSWRGNQPQH,GILGFVFTL
5617,TSGFYG,NALDGL,AGGTKAAGNKLT,MGHDK,SYGVNS,ASSGLTSLADTQY,SPRWYFYYL
5618,YGGTVN,YFSGDPLV,AVKLDGQKLL,MDHEN,SYDVKM,ASSLEGVLEDEQY,YVLDHLIVV
5619,SVFSS,VVTGGEV,AGAPGSSNTGKLI,LNHDA,SHIVND,ASSTRSSYEQY,GILGFVFTL
5620,KALYS,LLKGGEQ,TTDSWGKFE,LNHDA,SQIVND,ASSVGAGEAQC,GILGFVFTL
5621,NSMFDY,ISSIKDK,AASAFISNTGKLI,SGDLS,YYNGEE,ASSDDGTGIETQY,TTDPSFLGRY
5622,TTLSN,LVKSGEV,AGGTDRGSTLGRLY,MNHEY,SVGAGI,ASSPSYRGNNSPLH,SPRWYFYYL
5623,VSGNPY,YITGDNLV,AVRDRYGYSTLT,SGHNS,FNNNVP,ASSFSGNTGELF,RAKFKQLL
5624,VSGNPY,YITGDNLV,AVRAYGQNFV,LGHNA,YSLEER,ASSQTPPGQGTDTQY,GPRLGVRAT
5625,VSGNPY,YITGDNLV,AVRDRSFQKLV,MNHEY,SMNVEV,ASSPITGAPEAKNIQY,SPRWYFYYL
5626,TISGTDY,GLTSN,ILPHAGGTSYGKLT,SGHVS,FQNEAQ,ASSLGQAYEQY,FLRGRAYGL
5627,DSASNY,IRSNVGE,AASIKLNSGYALN,LNHDA,SQIVND,ASTSHGGANNEQF,GILGFVFTL
5628,SVFSS,VVTGGEV,AGESNNNDMP,LGHNA,YSLEER,ASSQEHLGLVGEQF,RFPLTFGWCF
5629,NSMFDY,ISSIKDK,AASAASGTYKYI,LGHNA,YSLEER,ASSQDTGPLGGYT,VSDGGPNLY
5630,NSMFDY,ISSIKDK,AAVNYGGSQGNLI,SGHNT,YENEEA,ASSLVDRSITDTQY,GILGFVFTL
5631,TSINN,IRSNERE,ATDARNDYKLS,SGHAT,FQNNGV,ASSLDAGWFETQY,GILGFVFTL
5632,TRDTTYY,RNSFDEQN,ALSDVGMNRDDKII,MGHRA,YSYEKL,ASSQGLGREGASEQF,NLVPMVATV
5633,SSVPPY,YTSAATLV,AVIHSGAGSYQLT,MNHEY,SVGAGI,ASSYSSGGAETQY,GILGFVFTL
5634,DRGSQS,IYSNGD,ASNRWGSGGYQKVT,MDHEN,SYDVKM,ASSSQSQDGASYNSPLH,GILGFVFTL
5635,NSASQS,VYSSG,VVKGPGGFKTIFG,DFQATT,SNEGSKA,SARDGLNEQFFG,ELAGIGILTV
5636,TRDTTYY,RNSFDEQN,ALSEAGAGSYQLT,LNHDA,SQIVND,ASSITSGGLNEQF,GILGFVFTL
5637,VSGLRG,LYSAGEE,AVPDNYGQNFV,MNHNY,SVGAGI,ASTTGVNTIY,GILGFVFTL
5638,ATGYPS,ATKADDK,ALSETSYDKVI,SGHNS,FNNNVP,ASGPGQGEYNEQF,RAKFKQLL
5639,DSSSTY,IFSNMDM,AESEGPTYTDKLI,SGHTA,FQGNSA,ASSPRDRERGEQY,RAKFKQLL
5640,VSGNPY,YITGDNLV,AVSALWDYKLS,SEHNR,FQNEAQ,ASSPDRESNTGELF,KSKRTPMGF
5641,TSGFNG,NVLDGL,AVMDSSYKLI,MRHNA,SNTAGT,ASSAGTSPTDTQY,DATYQRTRALVR
5642,DRGSQS,IYSNGD,AVNTLMYSGGGADGLT,SEHNR,FQNEAQ,ASSPDIEAF,YLQPRTFLL
5643,SSNFYA,MTLNGDE,ASLNYGGATNKLI,SEHNR,FQNEAQ,ASSLPGQDHTGELF,VLEETSVML
5644,SSVSVY,YLSGSTLV,AVTSGDYKLS,ENHRY,SYGVKD,AISESSSGNNEQF,ATDALMTGF
5645,NSAFQY,TYSSGN,AMSLSNFGNEKLT,DFQATT,SNEGSKA,SARLAGGRQMMDTQY,LLAGIGTVPI
5646,DRGSQS,IYSNGD,AVNLYAGNNRKLI,LNHDA,SQIVND,ASSLAGDYNEQF,LLLDRLNQL
5647,STGYPT,ETMEN,LRWYSGGGADGLT,LNHDA,SQIVND,ASSMFMPGELF,GILGFVFTL
5648,DSAIYN,IQSSQRE,AVVFRTSGTYKYI,LNHDA,SQIVND,ASSIYGYGEQY,GILGFVFTL
5649,NIATNDY,GYKTK,LVGDRAAGNKLT,KGHDR,SFDVKD,ATSDLRVDEQF,SPRWYFYYL
5650,DSSSTY,IFSNMDM,AESISWDSNYQLI,LNHDA,SQIVND,ASSIRSSYEQY,GILGFVFTL
5651,TTSDR,LLSNGAV,AVGKIQGAQKLV,LNHDA,SQIVND,ASSMVGGAKNIQY,GILGFVFTL
5652,NSASQS,VYSSG,VVNDPAGSYQLT,LGHDT,YNNKEL,ASSPPSGGNTGELF,YLQPRTFLL
5653,DSASNY,IRSNVGE,AANFNKFY,SQVTM,ANQGSEA,SVSTRQETQY,LPRWYFYYL
5654,TRDTTYY,RNSFDEQN,ALSENNFNKFY,LNHDA,SQIVND,AVGRSGSYNEQF,GILGFVFTL
5655,YGATPY,YFSGDTLV,AVGAAGGFKTI,SGHDT,YYEEEE,ASSLRDGSEAF,RAKFKQLL
5656,YGATPY,YFSGDTLV,AVDLSQGGSEKLV,SGHAT,FQNNGV,ASSLGTGENEQY,RAKFKQLL
5657,NSASDY,IRSNMDK,AEMETSYDKVI,SGHNS,FNNNVP,ASSPTRGANEKLF,RAKFKQLL
5658,NSMFDY,ISSIKDK,AASASGNFNKFY,DFQATT,SNEGSKA,SAYYRTDYYGYT,PTDNYITTY
5659,TSGFNG,NVLDGL,AVREGTGANNLF,SGHKS,YYEKEE,ASSLREMGGKAEAF,RPIIRPATL
5660,SSNFYA,MTLNGDE,AFELILGAQKLV,MNHEY,SVGEGT,ASSYSWTGSNYGYT,NLVPMVATV
5661,NSASQS,VYSSG,GSASKII,ENHRY,SYGVKD,AISESRTPGTDTQY,CTELKLSDY
5662,TSGFNG,NVLDGL,AVRALTSARLM,MDHEN,SYDVKM,ASSPDTEDTQY,GILGFVFTL
5663,TSINN,IRSNERE,ATEGGEGYSTLT,SGHRS,YFSETQ,ASSATNEQF,FLYALALLL
5664,SIFNT,LYKAGEL,AGQNYGGSQGNLI,LNHDA,SQIVND,ASSRTGNQPQH,GILGFVFTL
5665,TSGFNG,NVLDGL,AVNDGSNYQLI,SGHNS,FNNNVP,ASSSPPSGGGYEQF,RPIIRPATL
5666,TISGTDY,GLTSN,ILRDREAAGNKLT,PRHDT,FYEKMQ,ASSPRYSSGELF,RFPLTFGWCF
5667,TSDPSYG,QGSYDQQN,GNTGGFKTI,LGHDT,YNNKEL,ASSPTTARTGNGYT,RAKFKQLL
5668,KALYS,LLKGGEQ,GTEGAGNNRKLI,LGHDT,YNNKEL,ASSQVFGTPTPQH,VLEETSVML
5669,SSYSPS,YTSAATLV,VVTPLNNNAGNMLT,DFQATT,SNEGSKA,SARQGGEAF,SPRWYFYYL
5670,DSASNY,IRSNVGE,AATETSYDKVI,SGHNS,FNNNVP,ASGPPGGEKLF,RAKFKQLL
5671,NSAFQY,TYSSGN,AMRLSIFGNEKLT,SGHNS,FNNNVP,ASSAGTGNEKLF,LLAGIGTVPI
5672,ATGYPS,ATKADDK,ALSGAYGQNFV,DFQATT,SNEGSKA,SLPAWASGENTGELF,YVLDHLIVV
5673,TSDPSYG,QGSYDQQN,AMRARSGTYKYI,SEHNR,FQNEAQ,ASSHQQGPEQF,TPRVTGGGAM
5674,DRGSQS,IYSNGD,AVNMDSTLT,LNHDA,SQIVND,ASSPLDRGTGELF,LLAGIGTVPI
5675,SIFNT,LYKAGEL,AGPNFGNEKLT,SEHNR,FQNEAQ,ASSLELGQYGYT,VSDGGPNLY
5676,DSASNY,IRSNVGE,AASMIIQGAQKLV,MNHEY,SMNVEV,ASSPLAGWDIQY,GILGFVFTL
5677,NSASDY,IRSNMDK,AESRTGNTPLV,SEHNR,FQNEAQ,ATDSSSYEQY,TTDPSFLGRY
5678,NSASQS,VYSSG,VVNPLYKSMR,LGHNA,YSLEER,ASSPSRNTEAF,RPHERNGFTVL
5679,DRGSQS,IYSNGD,AVNPGNDMR,SQVTM,ANQGSEA,SVSPGISGNTIY,LLAGIGTVPI
5680,DRGSQS,IYSNGD,AVSNARLM,LNHNV,YYDKDF,ATSRATSNQPQH,LLWNGPMAV
5681,DSSSTY,IFSNMDM,AEGGNTGKLI,SGHNS,FNNNVP,ASSFPSGDGTQY,RAKFKQLL
5682,SSVSVY,YLSGSTLV,AVSGARKETSGSRLT,SGHTA,FQGTGA,ASSLTFTDTQY,HPVTKYIM
5683,DSASNY,IRSNVGE,AAFPGGETSGSRLT,LNHDA,SQIVND,ASSTLATDTQY,GILGFVFTL
5684,TTLSN,LVKSGEV,ACSGAGSYQLT,SGHRS,YFSETQ,ASSSEGQASSYEQY,CLGGLLTMV
5685,VSGNPY,YITGDNLV,AVREGGFGNVLHCFGNVLH,SQVTM,ANQGSEA,SVGTGGTNEKLF,GLCTLVAML
5686,SVFSS,VVTGGEV,AGADGGSQGNLI,LNHDA,SHIVND,ASSSRSANEQF,GILGFVFTL
5687,TSDPSYG,QGSYDQQN,AMRGDAGGTSYGKLT,LNHDA,SQIVND,ASSVYSNQPQH,GILGFVFTL
5688,NSASQS,VYSSG,VVNGRDSSYKLI,SQVTM,ANQGSEA,SVGSRGTNEKLF,GLCTLVAML
5689,NSAFQY,TYSSGN,AMSASNFGNEKLT,SGHDN,FVKESK,ASSQDPDYSEGETQY,LLAGIGTVPI
5690,TRDTTYY,RNSFDEQN,ALNDYKLS,DFQATT,SNEGSKA,SASLGGITSSTDTQY,YLQPRTFLL
5691,TSDPSYG,QGSYDQQN,AMREAFFSGNTPLV,LGHNA,YNFKEQ,ASSLSGLNTGELF,ELAGIGILTV
5692,NSMFDY,ISSIKDK,AASPPENIQGAQKLV,LGHDT,YNNKEL,ASSQDDTYEQY,TTDPSFLGRY
5693,DRGSQS,IYSNGD,AVTLYGNKLV,LNHNV,YYDKDF,ATSRAMNTEAF,LLWNGPMAV
5694,DSAIYN,IQSSQRE,AVAYSGAGSYQLT,SEHNR,FQNEAQ,ASSLAVGEGPQH,RAKFKQLL
5695,DRGSQS,IYSNGD,AVDSGGGADGLT,MNHEY,SVGAGI,ASSSPANEGTDTQY,ELAGIGILTV
5696,TRDTTYY,RNSFDEQN,ALLKVSDGQKLL,DFQATT,SNEGSKA,SARPTGSYEQY,QYIKWPWYI
5697,TISGTDY,GLTSN,ILSIQGGSEKLV,LNHDA,SQIVND,ASSPRSSQPQH,GILGFVFTL
5698,NSASQS,VYSSG,VVNKVSVNTGFQKLV,SGDLS,YYNGEE,ASSEGQGPYEQY,NYNYLYRLF
5699,NSMFDY,ISSIKDK,AASAAGGSYIPT,LGHNA,YSLEER,ASSQPHAPLDGYT,VSDGGPNLY
5700,DSASNY,IRSNVGE,AAPTNNNDMR,MNHEY,SVGEGT,ASSYVTGASYEQY,ALWEIQQVV
5701,NSASDY,IRSNMDK,AGFIYNFNKFY,MNHNS,SASEGT,ASPPLQGTEAF,ALSKGVHFV
5702,YGATPY,YFSGDTLV,AVGGYGGSQGNLI,LNHDA,SQIVND,ASSGRSGYEQY,GILGFVFTL
5703,TSESDYY,QEAYKQQN,AYRRHNNARLM,SQVTM,ANQGSEA,SVITDTQY,GILGFVFTL
5704,TSENNYY,QEAYKQQN,AFMKLPSTAMDSNYQLI,SGHRS,YFSETQ,ASRGTVGETQY,VTEHDTLLY
5705,VGISA,LSSGK,AVANAGGTSYGKLT,MNHNS,SASEGT,ASRKDRNLLNTEAF,TTDPSFLGRY
5706,TTQYPS,AMKANDK,TTSGTYKYI,MNHEY,SVGEGT,ASSYMSGEAF,YVLDHLIVV
5707,DSAIYN,IQSSQRE,AVANQAGTALI,MNHEY,SMNVEV,ATCLGSSAGELF,YLQPRTFLL
5708,NTAFDY,IRPDVSE,NTNAGKST,SGHNS,FNNNVP,ASSLGDSPLH,LLAGIGTVPI
5709,DRGSQS,IYSNGD,TTDSWGKFE,MNHEY,SVGAGI,ASRPGLAGGRPEQY,LLFGYPVYV
5710,TISGTDY,GLTSN,IWTGTASKLT,SGHNS,FNNNVP,ASSSANYGYT,GILGFVFTL
5711,DRGSQS,IYSNGD,AVGGGGGNKLT,LNHDA,SQIVND,ASSPGQGGWALH,LLLDRLNQL
5712,YGATPY,YFSGDTLV,AVGRPDTSGTYKYI,DFQATT,SNEGSKA,SAYSTGQGIYEQY,RFPLTFGWCF
5713,TSENNYY,QEAYKQQN,AYSYGAGGTSYGKLT,LNHDA,SQIVND,ASSIGIEGYT,GILGFVFTL
5714,DRGSQS,IYSNGD,AVNYNDKII,SEHNR,FQNEAQ,ASSPDIEQY,YLQPRTFLL
5715,DRGSQS,IYSNGD,AVSGGADGLT,LGHNA,YNFKEQ,ASSQGGSPLH,ELAGIGILTV
5717,SIFNT,LYKAGEL,AAMNYGGSQGNLI,MNHEY,SVGEGT,ASSYRGTGLNEQF,YLQPRTFLL
5718,DSASNY,IRSNVGE,AARETSYDKVI,SGDLS,YYNGEE,NTGELF,RAKFKQLL
5719,DRGSQS,IYSNGD,AVDSYGKLT,MDHEN,SYDVKM,ASSHLDSTTNEKLF,GILGFVFTL
5720,TRDTTYY,RNSFDEQN,ALSEAGGMGGGADGLT,SGHNS,FNNNVP,ASSFSGNTGELF,RAKFKQLL
5721,SSVPPY,YTSAATLV,AVRPNARLM,SGHAT,FQNNGV,ASSLNRGDPEAF,GLCTLVAML
5722,DSASNY,IRSNVGE,AATAAGNKLT,SGHDT,YYEEEE,ASSLRDGSEAF,RAKFKQLL
5723,DRGSQS,IYSNGD,AVEKKNTDKLI,SGHVS,FQNEAQ,ASSQGQAYEQY,RAKFKQLL
5724,NIATNDY,GYKTK,LVGDSILTGGGNKLT,SNHLY,FYNNEI,ATSTGGRQPQH,SPRWYFYYL
5725,VTNFRS,LTSSGIE,AGDGRTGANNLF,WSHSY,SAAADI,ASSDDGMNTEAF,CLGGLLTMV
5726,TSDPSYG,QGSYDQQN,AMREDNAGNMLT,LNHDA,SQIVND,ASSIIDRTLGTDTQY,GILGFVFTL
5727,DRGSQS,IYSNGD,ADESGGSQGNLI,LNHDA,SQIVND,ASSIRSSYEQY,RAKFKQLL
5728,SSVPPY,YTSAATLV,AVTNYGGATNKLI,LNHDA,SQIVND,ASSIGVHGYT,GILGFVFTL
5729,NSASDY,IRSNMDK,ADSGGGADGLT,SGHRS,YFSETQ,ASSLMSQEFRYGYT,RAKFKQLL
5730,DSASNY,IRSNVGE,AASGGYQKVT,SGHVS,FQNEAQ,ASSPVWGGHDNEQF,ELAGIGILTV
5731,SSVPPY,YTSAATLV,AVSPSGAGSYQLT,WSHSY,SAAADI,ASNEGPYNEQF,GILGFVFTL
5732,SSYSPS,YTSAATLV,VVRVDGQLLL,SEHNR,FQNEAQ,ASSTTRAGTWPLH,RAKFKQLL
5733,NSAFQY,TYSSGN,AMSFSNFGNEKLT,DFQATT,SNEGSKA,SASDRARSNQPQH,LLAGIGTVPI
5734,YGGTVN,YFSGDPLV,AVNAFSGGYNKLI,SGHDN,FVKESK,ASSQEDSRWEQF,YLLEMLWRL
5735,NSASQS,VYSSG,VVNRDAGNMLT,LNHDA,SQIVND,AIQDLNTGELF,YLQPRTFLL
5736,NSASDY,IRSNMDK,AENTGGGSQGNLI,LNHDA,SQIVND,ASSWRSTDTQY,GILGFVFTL
5737,TSDPSYG,QGSYDQQN,AMRGLNTGGFKTI,KGHDR,SFDVKD,ATSDLQGGSGELF,TTDPSFLGRY
5738,DSVNN,IPSGT,AVGEYDYKLS,SGHDT,YYEEEE,ASSLRDGSEAF,RAKFKQLL
5739,NIATNDY,GYKTK,LVGDPRGGYNKLI,SEHNR,FQNEAQ,ASKGGQETQY,TTDPSFLGRY
5740,SVFSS,VVTGGEV,AGGGSQGNLI,MNHEY,SVGAGI,ASSYGTGSSEQY,GILGFVFTL
5741,NSAFQY,TYSSGN,AMSDLTGTASKLT,SGHTS,YDEGEE,ASSLSDSYEQY,TTDPSFLGRY
5742,TSENNYY,QEAYKQQN,NNNARLM,MNHEY,SMNVEV,ASSLSWQSYEQY,CINGVCWTV
5743,TISGTDY,GLTSN,IPGAGSYQLT,LNHDA,SQIVND,ASSGRSTDTQY,GILGFVFTL
5744,NIATNDY,GYKTK,LVGDLINSGGYNKLI,MNHNY,SVGAGI,ASSSPSGVYNEQF,DATYQRTRALVR
5745,NSASQS,VYSSG,VVIHYNQGGKLI,LGHDT,YNNKEL,ASSHALENTGELF,YVLDHLIVV
5746,VSGNPY,YITGDNLV,AVRNNNARLM,SGHDY,FNNNVP,ASSIVNEAF,NLVPMVATV
5747,DRGSQS,IYSNGD,AVATFSSGSARQLT,SGHRS,YFSETQ,ASSERGAFTDTQY,YAKWKLCSA
5748,TRDTTYY,RNSFDEQN,ALSEAGTGGSYIPT,LNHDA,SQIVND,ASSSFLGAEAF,GILGFVFTL
5749,NSASDY,IRSNMDK,AERETSYDKVI,SEHNR,FQNEAQ,ASSHSEGAENIQY,RAKFKQLL
5750,TSINN,IRSNERE,ATDYY,DFQATT,SNEGSKA,SAREEGGRDQPQH,GILGFVFTL
5751,NSASQS,VYSSG,VVNMDNARLM,MNHNS,SASEGT,ASSITEGEDSVSTDTQY,RAKFKQLL
5752,VSGLRG,LYSAGEE,AVQYDRGSTLGRLY,KGHSH,LQKENI,ASSPEGTGSYEQY,RPHERNGFTVL
5753,NSASDY,IRSNMDK,AENGGFQKLV,DFQATT,SNEGSKA,SARDTGVQSFYSPLH,SPRWYFYYL
5754,SIFNT,LYKAGEL,AGPSEPGDSNYQLI,LNHDA,SQIVND,ASSGLSNQPQH,GILGFVFTL
5755,DSSSTY,IFSNMDM,AESFTGGGNKLT,SGHTA,FQGNSA,ASSSPTVPTSGGAVGEQF,SPRWYFYYL
5756,SVFSS,VVTGGEV,AALNTGNQFY,SEHNR,FQNEAQ,ASSLAGNEQY,TTDPSFLGRY
5757,VSGNPY,YITGDNLV,AVRDIGEYGNKLV,LNHDA,SQIVND,ASGGLVHEQF,GILGFVFTL
5758,DSSSTY,IFSNMDM,AERETSYDKVI,SEHNR,FQNEAQ,ASSHRQSNQPQH,RAKFKQLL
5759,TSDPSYG,QGSYDQQN,AMSTLPAGNTPLV,SGHAT,FQNNGV,ASSTYAGGGEQF,TPRVTGGGAM
5760,YSGSPE,HISR,ALGWANNL,MNHEY,SMNVEV,ASSPGTGHTGEL,NLVPMVATV
5761,DRGSQS,IYSNGD,AGFTGGFKTI,LGHDT,YNNKEL,ASRLGDNTQY,ALAGIGILTV
5762,DRGSQS,IYSNGD,AGPYNYGQNFV,MNHEY,SVGAGI,ASSGQGAYGYT,LLWNGPMAV
5763,SSNFYA,MTLNGDE,AFDTNAGKST,LNHDA,SQIVND,ASSIFGQREQY,GILGFVFTL
5764,TSINN,IRSNERE,ATDGLSNFGNEKLT,SGHDY,FNNNVP,ASSYGQQETQY,GLCTLVAML
5765,YGGTVN,YFSGDPLV,AVIPINDYKLS,SGHAT,FQNNGV,ASSLNAGDNEQF,GLCTLVAML
5766,NYSPAY,IRENEKE,ALDILYNQGGKLI,SGHDN,FVKESK,ASSQSPGGTQY,GLCTLVAML
5767,DRGSQS,IYSNGD,AVSPARLM,DFQATT,SNEGSKA,SAAMGLAGELF,ELAGIGILTV
5768,TRDTTYY,RNSFDEQN,ALSEGRAYGGSQGNLI,SGDLS,YYNGEE,ASSASNGGGETQY,TTDPSFLGRY
5769,TSINN,IRSNERE,ATPGGQKLV,MDHEN,SYDVKM,ASTLRDRGNQPQH,YLQPRTFLL
5770,NSAFQY,TYSSGN,AMSGGNTPLV,MNHEY,SVGEGT,GSRRDGGKKAF,TTDPSFLGRY
5771,SIFNT,LYKAGEL,AGHTGNQFY,SGHNS,FNNNVP,ASSFLDRGPNTEAF,RAKFKQLL
5772,TSESDYY,QEAYKQQN,AYRRDDKII,SEHNR,FQNEAQ,ASRSSGDSSNYGYT,RPPIFIRRL
5773,NSMFDY,ISSIKDK,AATPSTYSGAGSYQLT,MNHEY,SMNVEV,ASSLSHPGEQF,TTDPSFLGRY
5774,NSASQS,VYSSG,VVNLGGYQKVT,MGHRA,YSYEKL,ASSHPGGGENGYT,TDLGQNLLY
5775,SVFSS,VVTGGEV,AGQFLNDYKLS,SGDLS,YYNGEE,ASSSGQQTNSPLH,GLCTLVAML
5776,DSASNY,IRSNVGE,AAKEGGSEKLV,LGHDT,YNNKEL,ASSLGLSNQPQH,RAKFKQLL
5777,SSVPPY,YTSAATLV,AVSDHSGGSNYKLT,LGHNA,YSLEER,ASSLTGAGYEQY,GILGFVFTL
5778,TSGFYG,NALDGL,AVSSNTGKLI,MNHNY,SVGAGI,ASSASRVGEDTQY,DATYQRTRALVR
5779,TRDTTYY,RNSFDEQN,ALSVGTGANNLF,SSHAT,FNYEAQ,ASSISGSGSDTQY,YLQPRTFLL
5780,DSSSTY,IFSNMDM,AEMEGGSYIPT,LGHNA,YNFKEQ,ASSQGSNQPQH,RAKFKQLL
5781,TISGTDY,GLTSN,ILRD,SGHVS,FQNEAQ,ASRLGPAYEQY,FLRGRAYGL
5782,NIATNDY,GYKTK,LVVPRLM,SGHDT,YYEEEE,ASSLWSNEQF,GILGFVFTL
5783,NSAFQY,TYSSGN,AIYMDTHYAFI,SGHTA,FQGNSA,ASSQLMFPDTQY,RAKFKQLL
5784,YGATPY,YFSGDTLV,AVSERESGGSNYKLT,SGHNT,YYREEE,ASSPFQGSYEQY,GILGFVFTL
5785,SSVPPY,YTSAATLV,AVPLYSSASKII,MDHEN,SYDVKM,ASSRAQSSYGYT,SPRWYFYYL
5786,TSESDYY,QEAYKQQN,AYRSALSNFGNEKLT,SGHTA,FQGNSA,ASSLTGGGHEQY,GILGFVFTL
5787,DRGSQS,IYSNGD,AVTGANNLF,MNHNY,SVGAGI,ASSPSGGAYGYT,LLWNGPMAV
5788,DRGSQS,IYSNGD,AVPLAGTGRRALT,LNHDA,SQIVND,ASSILGVSTDTQY,ELAGIGILTV
5789,DRGSQS,IYSNGD,AVNSGNQFY,SGHNS,FNNNVP,ASSLGDVDEY,EAAGIGILTV
5790,DSAIYN,IQSSQRE,AVLSGNTGKLI,MNHEY,SMNVEV,ASSLDGYTGELF,TTDPSFLGRY
5791,YGGTVN,YFSGDPLV,AVKDTDKLI,MDHEN,SYDVKM,SYEQY,YVLDHLIVV
5792,TISGTDY,GLTSN,ILRDDSGNTPLV,SNHLY,FYNNEI,ASSEGTGELYEQY,KSKRTPMGF
5793,DRGSQS,IYSNGD,AAAGGKLI,DFQATT,SNEGSKA,SAVLPGLAGYNEQF,LLWNGPMAV
5794,NIATNDY,GYKTK,LVGDPTGANNLF,SGHDY,FNNNVP,ASSLSGTGKAF,CINGVCWTV
5795,SVFSS,VVTGGEV,AGGGQGGSQGNLI,SGHNS,FNNNVP,ASSFLDRGPNTEAF,GILGFVFTL
5796,NSAFQY,TYSSGN,AMSARSGYSTLT,MDHEN,SYDVKM,ASSLLPEQETQY,TTDPSFLGRY
5797,DSAIYN,IQSSQRE,ARSNPGAGSYQLT,SGHNS,FNNNVP,ASTRDSYNSPLH,GILGFVFTL
5798,DSAIYN,IQSSQRE,AVITRDSNYQLI,MNHEY,SVGAGI,ASSYSGNQPQH,CTELKLSDY
5799,TSDPSYG,QGSYDQQN,AMGAGAGGGFKTI,SNHLY,FYNNEI,ASCVFGGAPYGYT,RAKFKQLL
5800,TSESDYY,QEAYKQQN,AYRSSYNNNDMR,MNHEY,SMNVEV,ASRIYAGSPYEQY,HPNGYKSLSTL
5801,VSGNPY,YITGDNLV,AVRDDSGGGADGLT,MNHNS,SASEGT,ASSEDPTEADTQY,GILGFVFTL
5802,NSAFQY,TYSSGN,AMSFSNFGNEKLT,SGHDT,YYEEEE,ASSPPNGDSGNTIY,ELAGIGILTV
5803,DSAIYN,IQSSQRE,TTDSWGKFE,SGHRS,YFSETQ,ASSQQNQPQH,TTDPSFLGRY
5804,TSENNYY,QEAYKQQN,AFFEYDNNARLM,LGHDT,YNNKEL,ASSYEDHEQY,RLPGVLPRA
5805,TISGTDY,GLTSN,ILRSYNRDDKII,SGHNS,FNNNVP,ASSFSGNTGELF,RAKFKQLL
5806,NSAFQY,TYSSGN,AMSANKGGYNKLI,KGHDR,SFDVKD,ATSDLVEDTQY,SPRWYFYYL
5807,NSASDY,IRSNMDK,ADMNRDDKII,LNHDA,SQIVND,ASSIRAAYEQY,GILGFVFTL
5808,TSESDYY,QEAYKQQN,AYRTPYGGSQGNLI,DFQATT,SNEGSKA,SARSVDSSNQPQH,ATDALMTGF
5809,NSAFQY,TYSSGN,AICISNFGNEKLT,MNHNS,SASEGT,ASASGVGSATEAF,LLAGIGTVPI
5810,TTLSN,LVKSGEV,AGMISGGSYIPT,LNHDA,SQIVND,ASSILAGSYNEQF,GILGFVFTL
5811,TSGFNG,NVLDGL,AVREYTDKLI,SGHTA,FQGNSA,ASRIGGSAYYEQY,SPRWYFYYL
5812,SVFSS,VVTGGEV,AAENAGNNRKLI,DFQATT,SNEGSKA,SAHRDRNTGELF,YLQPRTFLL
5813,DSASNY,IRSNVGE,AASGGGSQGNLI,LNHDA,SQIVND,ASSIFGTSLQF,GILGFVFTL
5814,NSAFQY,TYSSGN,AMSYSNFGNEKLT,LNHDA,SQIVND,ASSSGQGAVEIDNEQF,LLAGIGTVPI
5815,DRGSQS,IYSNGD,AVNTPPGDSNYQLI,LNHDA,SQIVND,ASAFYSNQPQH,GILGFVFTL
5816,YGGTVN,YFSGDPLV,AVSPIDMDSNYQLI,LNHDA,SQIVND,ASSTHSGNQPQH,GILGFVFTL
5817,NIATNDY,GYKTK,AEFTRQAGTALI,MNHEY,SMNVEV,ASSLSAGLDEQF,TTDPSFLGRY
5818,NIATNDY,GYKTK,LVGDLNEGNFNKFY,SGHRS,YFSETQ,ASSLSGGALDTQY,NQKLIANQF
5819,TSGFYG,NALDGL,AVIEDTGKLI,SEHNR,FQNEAQ,ASSLVLGRETEAF,RAKFKQLL
5820,TSDPSYG,QGSYDQQN,AMRDPRTGANNLF,MGHRA,YSYEKL,ASSQAPGQRTGELF,RAKFKQLL
5821,DSASNY,IRSNVGE,AAEHTGTASKLT,MNHEY,SMNVEV,ASSLGGRATDTQY,RPPIFIRRL
5822,SVFSS,VVTGGEV,AGAGGGSQGNLI,LNHDA,SQIVND,ASSFRSTGELF,GILGFVFTL
5823,TRDTTYY,RNSFDEQN,ALGPWGKLQ,LGHDT,YNNKEL,ASSQVGGSSREQY,VLEETSVML
5824,ATGYPS,ATKADDK,ALEGSQGNLI,DFQATT,SNEGSKA,SVPDGAEPYGYT,TTDPSFLGRY
5825,TSGFNG,NVLDGL,AVTNSNYQLI,MGHDK,SYGVNS,ASRLGTGEVGELF,YLQPRTFLL
5826,DRGSQS,IYSNGD,AAYSGGGADGLT,SGDLS,YYNGEE,ASSPQTEYGYT,ELAGIGILTV
5827,SSVPPY,YTSAATLV,AVSDSPREYGNKLV,SGHDY,FNNNVP,ASSLELAGGPHEQF,YSEHPTFTSQY
5828,SSYSPS,YTSAATLV,VVSEAGGYNKLI,MDHEN,SYDVKM,ASTPLGTSSFLNTEAF,SPRWYFYYL
5829,ATGYPS,ATKADDK,KTSYDKVI,LNHDA,SQIVND,ASIAGREEAF,RAKFKQLL
5830,TRDTTYY,RNSFDEQN,ALSEAGLTGGGNKLT,LNHDA,SQIVND,ASSAIGSSYNEQF,GILGFVFTL
5831,DSAIYN,IQSSQRE,AVDQTGANNLF,MGHDK,SYGVNS,ASSELREQF,GILGFVFTL
5832,DSAIYN,IQSSQRE,AVVNTGTASKLT,MNHNY,SVGAGI,ASSYSTDTQY,RPHERNGFTVL
5833,DSASNY,IRSNVGE,AALGAGNTGKLI,LNHDA,SQIVND,ASRQGNTEAF,GILGFVFTL
5834,DSVNN,IPSGT,AVERRGRGGSARQLT,LGHNA,YSLEER,ASSQENRLAGISEQF,NQKLIANQF
5835,DSASNY,IRSNVGE,AASETSYDKVI,SGHNS,FNNNVP,ASRPGTSDSYEQY,RAKFKQLL
5836,SSYSPS,YTSAATLV,VVSEWAAGNKLT,SGHDN,FVKESK,ASSQEQGDIQY,NLVPMVATV
5837,VGISA,LSSGK,AVSLNFGNEKLT,SGHTA,FQGNSA,ASSWGDYNEQF,YLLEMLWRL
5838,SSYSPS,YTSAATLV,VVSHNAGNMLT,MNHEY,SMNVEV,ASTLLGSGNEQF,TTDPSFLGRY
5839,DRGSQS,IYSNGD,AVNYGNKLV,DFQATT,SNEGSKA,SASAGLAEAF,ELAGIGILTV
5840,YSGSPE,HISR,ALGGRVDNDMR,SNHLY,FYNNEI,ASTRDLNTGELF,YLQPRTFLL
5841,VSGNPY,YITGDNLV,AVAKDLQNSGGGADGLT,LNHDA,SQIVND,ASSVRHGTEAF,GILGFVFTL
5842,SSYSPS,YTSAATLV,VVSDRNFNKFY,ENHRY,SYGVKD,AIANGQGPGADTQY,CTELKLSDY
5843,DSSSTY,IFSNMDM,AENQGGGSQGNLI,LNHDA,SQIVND,ASSTRSGTEAF,GILGFVFTL
5844,TISGTDY,GLTSN,ILPLAGGTSYGKLT,SQVTM,ANQGSEA,SAGRDGTNENLF,FLRGRAYGL
5845,NSASQS,VYSSG,VVNGGDSSYKLI,SQVTM,ANQGSEA,SAGQGPYEQY,RAKFKQLL
5846,SSNFYA,MTLNGDE,AYYIGNNARLM,LNHDA,SQIVND,ASSPSGTGGNEQF,GILGFVFTL
5847,YGATPY,YFSGDTLV,AVGESGGQNFV,MGHRA,YSYEKL,ASSHWTGNTEAF,RAKFKQLL
5848,DSASNY,IRSNVGE,AASETSYDKVI,LGHDT,YNNKEL,ASRVGREPTGELF,RAKFKQLL
5849,NIATNDY,GYKTK,LVPTGANNLF,DFQATT,SNEGSKA,SARDLTAGSYEQY,GILGFVFTL
5850,DRGSQS,IYSNGD,AVNGDGQKLL,MNHEY,SVGEGT,ASSYTGAYEQYV,LLWNGPMAV
5851,DRGSQS,IYSNGD,AVDSGNTPLV,SGHAT,FQNNGV,ASSLDTLAGGQF,ELAGIGILTV
5852,DRGSQS,IYSNGD,AVRGLY,SEHNR,FQNEAQ,ASSLAVGEGPQH,RAKFKQLL
5853,DRGSQS,IYSNGD,AVKGST,LNHNV,YYDKDF,ATSGSSGTEAF,ELAGIGILTV
5854,DSSSTY,IFSNMDM,AVPVEGGYNKLI,DFQATT,SNEGSKA,SARDSTGNGYT,GLCTLVAML
5855,TSINN,IRSNERE,ATDEDTNAGKST,MNHEY,SMNVEV,ASSLSPAGSDSEAF,RTATKAYNV
5856,SSYSPS,YTSAATLV,VVSDPFGNTPLV,SQVTM,ANQGSEA,SVWVGREQETQY,QMMVKAGL
5857,SSVPPY,YTSAATLV,AVSETRYSTLT,MGHRA,YSYEKL,ASSPRDRGYEQY,SPRWYFYYL
5858,NSMFDY,ISSIKDK,AAINNDMR,MNHEY,SMNVEV,ASSLGQGSYGYT,GILGFVFTL
5861,TTLSN,LVKSGEV,KTSYDKVI,MNHEY,SVGAGI,ASSWDGDNQPQH,RAKFKQLL
5862,VSGNPY,YITGDNLV,AVRDPGGYNKLI,LNHDA,SQIVND,ASSARSSTEQY,GILGFVFTL
5863,YGGTVN,YFSGDPLV,AVKDTDKLI,WNHNN,SYGVQD,ASSVGNEQF,YVLDHLIVV
5864,ATGYPS,ATKADDK,ALGSGNQFY,MNHEY,SMNVEV,ASGQRDYNEQF,TTDPSFLGRY
5865,DRGSQS,IYSNGD,AVTGDYKLS,DFQATT,SNEGSKA,SAPPTSGSFNEQF,LLAGIGTVPI
5866,DSASNY,IRSNVGE,AASETSYDKVI,MDHEN,SYDVKM,ASSLYSATGELF,RAKFKQLL
5867,DSASNY,IRSNVGE,AATETSYDKVI,SGHNS,FNNNVP,ASSIGDTLNGYT,RAKFKQLL
5868,NSASQS,VYSSG,AVSMYSGGGADGLT,LGHNA,YNFKEQ,ASSPQGDSASSGNTIY,KLSALGINAV
5869,NSASQS,VYSSG,VVNKFDGSGNTGKLI,LNHDA,SQIVND,ASSIYSVNEQF,GILGFVFTL
5870,TSENNYY,QEAYKQQN,AFMRDTGNQFY,LNHDA,SQIVND,ASRPGTNTEAF,LLWNGPMAV
5871,DSASNY,IRSNVGE,AASMGGGSQGNLI,SEHNR,FQNEAQ,ASSLDTQY,GILGFVFTL
5872,NSASQS,VYSSG,VVSITDKLI,LNHNV,YYDKDF,ATSGGPAYEQY,LLWNGPMAV
5873,NSAFQY,TYSSGN,AMSRSNFGNEKLT,DFQATT,SNEGSKA,SAQDPGQGMSAQH,LLAGIGTVPI
5874,NSASQS,VYSSG,VASGGGADGLT,MDHEN,SYDVKM,ASSPLNGIYEQY,LLAGIGTVPI
5875,TSENNYY,QEAYKQQN,AFPNRAGGTSYGKLT,MDHEN,SYDVKM,ASSLEWLGTTWDEQF,TTDPSFLGRY
5876,TSDPSYG,QGSYDQQN,AMIQYNNNDMR,LNHDA,SQIVND,ASSIESGQLWELF,TTDPSFLGRY
5877,VSGNPY,YITGDNLV,AVRDITGQAGTALI,LGHDT,YNNKEL,ASSQVFGTPTPQH,YVLDHLIVV
5878,DRGSQS,IYSNGD,ASDGSSNTGKLI,LNHDA,SQIVND,ASSSRSRETQY,GILGFVFTL
5879,DRGSQS,IYSNGD,AVLSGGSYIPT,GTSNPN,SVGIG,AWARQGNTGELF,LLLDRLNQL
5880,TSENNYY,QEAYKQQN,AFMKQEVPGAGSYQLT,LNHDA,SQIVND,ASSISGTSAYYEQY,GLCTLVAML
5881,DRGSQS,IYSNGD,AVNSGNQFYFG,MDHEN,SYDVKM,ASSFGGLGTEAFFG,EAAGIGILTV
5882,NSASQS,VYSSG,VVNNNNDMR,SGHRS,YFSETQ,ASNEENTGELF,YLQPRTFLL
5883,YGATPY,YFSGDTLV,AVGDGNNRLA,MNHEY,SMNVEV,ASSLGTASTDTQY,PTDNYITTY
5884,YGGTVN,YFSGDPLV,AVSDTDKLI,SGHAT,FQNNGV,ASSSSALISDEQF,YVLDHLIVV
5885,DSASNY,IRSNVGE,ANGETSYDKVI,SEHNR,FQNEAQ,ASSLTGPGDQPQH,RAKFKQLL
5886,NSASDY,IRSNMDK,AEEGDNYGQNFV,MGHRA,YSYEKL,ASSQGQGTLYEQY,SLFNTVATLY
5887,TSDPSYG,QGSYDQQN,AMRERPNTNAGKST,SEHNR,FQNEAQ,ASSFRQGSNTGELF,TPRVTGGGAM
5888,NIATNDY,GYKTK,LVGANTGNQFY,LNHDA,SQIVND,ASRSHPRGGSPLH,GPRLGVRAT
5889,TSINN,IRSNERE,ATDLIVSARQLT,MGHRA,YSYEKL,ASSQDGPRGQETQY,SPRWYFYYL
5890,TTSDR,LLSNGAV,AVDMAGGSQGNLI,LNHDA,SQIVND,ASSFRSGIEQY,GILGFVFTL
5891,SSVSVY,YLSGSTLV,AVSWDTGFQKLV,SEHNR,FQNEAQ,ASSLGAANYNEQF,NLVPMVATV
5892,NSASQS,VYSSG,VVNEADKLI,DFQATT,SNEGSKA,SARDGVAHNTGELF,YLQPRTFLL
5893,DSVNN,IPSGT,AVVRGSMDSNYQLI,LNHDA,SQIVND,ASSIFTIEPQH,GILGFVFTL
5894,TRDTTYY,RNSFDEQN,ALSEAARKNSGNTPLV,LNHDA,SQIVND,ASSIFGGGLNEQF,GILGFVFTL
5895,NSASQS,VYSSG,ASGGSYIPT,LGHDT,YNNKEL,ASSPGLATGELF,LLAGIGTVPI
5896,SSVSVY,YLSGSTLV,AVIFPGGGNKLT,SQVTM,ANQGSEA,SVEEGRGAGELF,LLAGIGTVPI
5897,NSAFQY,TYSSGN,AMSVPDFGLGRFT,SGHTA,FQGNSA,ASSHPDSYLEKLF,LLAGIGTVPI
5898,DSASNY,IRSNVGE,AATASRAGTALI,SGHRS,YFSETQ,ASSLEGQGGTDTQY,HPVTKYIM
5899,YSGSPE,HISR,ALDQTGANNLF,SGHNT,YYREEE,ASSLSTGGLREQY,HSNLNDATY
5900,NSAFQY,TYSSGN,AMSFSNFGNEKLT,SGHDN,FVKESK,ASSQGATSGVQETQY,LLAGIGTVPI
5901,SVFSS,VVTGGEV,AGGTSYGKLT,SNHLY,FYNNEI,ASSGGAGGAWYGYT,RGPGRAFVTI
5902,TISGNEY,GLKNN,IVSDIQGAQKLV,MGHRA,YSYEKL,ASSQVGTVYGYT,NLVPMVATV
5903,TSESDYY,QEAYKQQN,AYRSLYSGGGADGLT,KGHDR,SFDVKD,ATSGLESSYNEQF,ATDALMTGF
5904,TSINN,IRSNERE,ATASQGGSEKLV,LNHDA,SQIVND,ASSIYSYNEQF,GILGFVFTL
5905,SSNFYA,MTLNGDE,ARNTGNQFY,MNHEY,SVGAGI,ASSWKTGTGGTGYT,NLVPMVATV
5906,SSNFYA,MTLNGDE,APPYGNKLV,LGHDT,YNNKEL,ASSLTSAYEQY,PTDNYITTY
5907,NSAFQY,TYSSGN,AMSGDGGSQGNLI,LNHDA,SQIVND,ASSTRSDNEQF,GILGFVFTL
5908,YGGTVN,YFSGDPLV,AVKGRAAGNKLT,SNHLY,FYNNEI,ASSELDRGRGTEAF,VLEETSVML
5909,SSVSVY,YLSGSTLV,AYSGYSTLT,SGHNS,FNNNVP,ASTLAGTGEEKLF,YLQPRTFLL
5910,SSNFYA,MTLNGDE,AFVDGSQGNLI,LNHDA,SQIVND,ASSIGTDTQY,GILGFVFTL
5911,DSAIYN,IQSSQRE,ALGGYSTLT,MNHEY,SVGAGI,ASSNYRPFSTDTQY,GILGFVFTL
5912,NSASQS,VYSSG,SNFGNEKLT,DFQATT,SNEGSKA,SARDLASSSGNTIY,LLAGIGTVPI
5913,DRGSQS,IYSNGD,AVNNARLM,LGHNA,YNFKEQ,ASSPSAQGNEQY,ELAGIGILTV
5914,DRGSQS,IYSNGD,AVSPNDMR,DFQATT,SNEGSKA,SARDLRGGLQTQY,LLAGIGTVPI
5915,SVFSS,VVTGGEV,AGASGSSNTGKLI,SGHNS,FNNNVP,ASSFSGNTGELF,GILGFVFTL
5916,NSASQS,VYSSG,VVSLFSGGYNKLI,SGHDT,YYEEEE,ASSAPVISGTYEQY,SPRWYFYYL
5917,TSESDYY,QEAYKQQN,AYSYGGSQGNLI,MGHRA,YSYEKL,ASSPDPWGVDTEAF,RTATKAYNV
5918,DRGSQS,IYSNGD,AVNEQSSGSARQLT,MNHEY,SVGAGI,ASSYSEQGYGYT,LLWNGPMAV
5919,DRGSQS,IYSNGD,AVKRPGGSYIPT,SGHNT,YYREEE,ASSLDTTGELF,GILGFVFTL
5920,NSAFQY,TYSSGN,AMESQKLL,DFQATT,SNEGSKA,SARGSGGDPTDTQY,RAKFKQLL
5921,SSVSVY,YLSGSTLV,AVSGSGGSNYKLT,SQVTM,ANQGSEA,TTSSGEADTQY,RAKFKQLL
5922,NSAFQY,TYSSGN,AMSHSGAGSYQLT,SGHAT,FQNNGV,ASSLWGAHTEAF,TTDPSFLGRY
5923,DSASNY,IRSNVGE,AATETSYDKVI,SEHNR,FQNEAQ,ASSLLGQKSGNTIY,RAKFKQLL
5924,NSMFDY,ISSIKDK,AASGNNAGNMLT,SGHNS,FNNNVP,ASSLAGGDGGSTDTQY,KSKRTPMGF
5925,DRGSQS,IYSNGD,AAFITDLR,SQVTM,ANQGSEA,SVAGVDYEQY,ALAGIGILTV
5926,TISGNEY,GLKNN,ILWVAAGNKLT,SGDLS,YYNGEE,ASSVRSSMNTEAF,RAKFKQLL
5927,NSASQS,VYSSG,VVTRYHFGNEKLT,SGHNT,YYREEE,ASSFRPVANSPLH,LLAGIGTVPI
5928,DSSSTY,IFSNMDM,AETLAPGGSYIPT,DFQATT,SNEGSKA,SALGGTQY,GILGFVFTL
5929,DSSSTY,IFSNMDM,AESGGSQGNLI,LNHNV,YYDKDF,ATSRVTPNTEAF,CINGVCWTV
5930,NSASDY,IRSNMDK,ADSGGGADGLT,SQVTM,ANQGSEA,SVGSGEDNEQY,RAKFKQLL
5931,DRGSQS,IYSNGD,TTDSWGKFE,SGHNS,FNNNVP,ASSLPLSGFYEQF,LLAGIGTVPI
5932,DRGSQS,IYSNGD,AVFSGAGSYQLT,DFQATT,SNEGSKA,SAEDSYGYT,GILGFVFTL
5933,SVFSS,VVTGGEV,AGPPHKYGNKLV,MNHEY,SMNVEV,ASSPLTGRSEEKETQY,SPRWYFYYL
5934,DSASNY,IRSNVGE,AASETSYDKVI,SEHNR,FQNEAQ,ASSSLGGGNTEAF,RAKFKQLL
5935,TSGFNG,NVLDGL,AVRDAGQAGTALI,SGDLS,YYNGEE,ASSDPLSGSSYEQY,SPRWYFYYL
5936,ATGYPS,ATKADDK,ALNDDKII,SGHDY,FNNNVP,ASGTEIFYYEQY,LLWNGPMAV
5937,VSPFSN,MTFSENT,VGYTNAGKST,LNHDA,SQIVND,ASRAGREAF,GILGFVFTL
5938,TISGTDY,GLTSN,CVLLHPKYGNKLV,PRHDT,FYEKMQ,ASSPRYSSGELF,RFPLTFGWCF
5939,TRDTTYY,RNSFDEQN,ALSEVNSGNAPLV,SGDLS,YYNGEE,ASSVEGPSSSDTQY,CLGGLLTMV
5940,SIFNT,LYKAGEL,AGQRGGADGLT,PRHDT,FYEKMQ,ASSLAAAYEQY,YLQPRTFLL
5941,SSYSPS,YTSAATLV,AVPSYGNKLV,DFQATT,SNEGSKA,SARGGDSAYEQY,SPRWYFYYL
5942,NSASQS,VYSSG,ASGGGGKLI,LGHDT,YNNKEL,ASSQGSGGLPYNEQF,LLAGIGTVPI
5943,NSASDY,IRSNMDK,AEIPNMDSNYQLI,MNHEY,SMNVEV,ASSQGWDSPLH,GILGFVFTL
5944,TISGTDY,GLTSN,ILRDEVGNEKLT,SNHLY,FYNNEI,ASSEATGELYEQY,KSKRTPMGF
5945,TSGFNG,NVLDGL,AVRPSNNARLM,MNHEY,SMNVEV,ASSPLVGSALAKNIQY,SPRWYFYYL
5946,TSINN,IRSNERE,ATDISGGGADGLT,MGHDK,SYGVNS,ASSDLTVEY,GILGFVFTL
5947,DSAIYN,IQSSQRE,AVRPGTYKYI,MNHEY,SVGEGT,ASSYRLAGGVPHNEQF,LTDEMIAQY
5948,TSINN,IRSNERE,ATVLRMDSSYKLI,SEHNR,FQNEAQ,ASSLIGVSSYNEQF,RPPIFIRRL
5949,TSDPSYG,QGSYDQQN,AMREGVVEYGNKLV,LNHDA,SQIVND,ASSFGAGELF,GILGFVFTL
5950,DSASNY,IRSNVGE,AAPKGRGSTLGRLY,MNHEY,SVGAGI,ASSYSYRGTNEKLF,SPRWYFYYL
5951,TRDTTYY,RNSFDEQN,ALSDPNNAGNMLT,SGHDN,FVKESK,ASSQVNRGFYNEQF,RVAGDSGFAAY
5952,NSASQS,VYSSG,VGAGSYQLT,SGHRS,YFSETQ,ASSGTGVSPLH,LLWNGPMAV
5953,DSASNY,IRSNVGE,AGQGSQGNLI,LNHDA,SQIVND,ASSGRSGETQY,GILGFVFTL
5954,DSSSTY,IFSNMDM,AEMETSYDKVI,SEHNR,FQNEAQ,ASTHPQDVNTGELF,RAKFKQLL
5955,KALYS,LLKGGEQ,GTERDSGNTPLV,SEHNR,FQNEAQ,ASSWGPEAF,FLRGRAYGL
5956,VSGNPY,YITGDNLV,AVRDVGSGTYKYI,LGHDT,YNNKEL,ASSHALENTGELF,YVLDHLIVV
5957,DRGSQS,IYSNGD,AVRNDMR,SGHAT,FQNNGV,ASSLNGLDGTGELF,ELAGIGILTV
5958,TSESDYY,QEAYKQQN,AYIQGAQKLV,SEHNR,FQNEAQ,ASSLGGGEGGSSYEQY,RPPIFIRRL
5959,DSASNY,IRSNVGE,AASAGPIGFGNVLHCFGNVLH,KGHSH,LQKENI,ASSPGQRSYNEQF,TTDPSFLGRY
5960,TSGFNG,NVLDGL,AVRSNRDDKII,MNHNS,SASEGT,ASSEAKGRLYSYEQY,GILGFVFTL
5961,SIFNT,LYKAGEL,AGQAQGGSEKLV,MNHEY,SMNVEV,ASSLSPSTAALFGYT,TPRVTGGGAM
5962,DRGSQS,IYSNGD,AVTSVGNKLT,MNHEY,SMNVEV,ASSLSGTNGYT,ELAGIGILTV
5963,SIFNT,LYKAGEL,AGHRASMCRVGTFI,LNHDA,SQIVND,ASSIFQAGELF,GILGFVFTL
5964,TSGFNG,NVLDGL,AVKNLDSSYKLI,LGHDT,YNNKEL,ASSWGGRPIETQY,GILGFVFTL
5965,TSGFYG,NALDGL,AADDKII,MNHNS,SASEGT,ASSDSGSSSYEQY,FLASKIGRLV
5966,DRGSQS,IYSNGD,AVTGFQKLV,SGHDN,FVKESK,ASSQVNNPGDGYT,LLAGIGTVPI
5967,VTNFRS,LTSSGIE,AVGLNTGTASKLT,MDHEN,SYDVKM,ASSWTSGSHEQY,TTDPSFLGRY
5968,SVFSS,VVTGGEV,APHKAAGNKLT,LNHDA,SQIVND,ASSIGVHGYT,GILGFVFTL
5969,TSDPSYG,QGSYDQQN,AMREGKDSSYKLI,SEHNR,FQNEAQ,ASSSHDGQGAGSPLH,TPRVTGGGAM
5970,DSSSTY,IFSNMDM,TTDSWGKFE,MGHRA,YSYEKL,ASSQNQDMGTEAF,GLCTLVAML
5971,SSVPPY,YTSAATLV,AVSDPGGYSTLT,SGHVS,FNYEAQ,ASSLGGGDYEQY,FLRGRAYGL
5972,NSASQS,VYSSG,VVNMRVSGGYNKLI,LNHDA,SQIVND,ASSIFSGSGDGYT,GILGFVFTL
5973,VSPFSN,MTFSENT,VGYTNAGKST,SEHNR,FQNEAQ,ASSFDKTEQF,RAKFKQLL
5974,TSINN,IRSNERE,ATDAGVYNQGGKLI,MDHEN,SYDVKM,ASSALAGGPDNEQF,SPRWYFYYL
5975,TRDTTYY,RNSFDEQN,ALSGYSGAGSYQLT,MNHNS,SASEGT,ASSDGTSGRHMGDEQF,QYIKWPWYI
5976,VGISA,LSSGK,AVRSWETSGSRLT,SNHLY,FYNNEI,ASPKPVLQGSEQY,SPRWYFYYL
5977,DRGSQS,IYSNGD,AVNSGNQFY,MNHNS,SASEGT,ASSYLGMGQPQH,EAAGIGILTV
5978,TSDPSYG,QGSYDQQN,AMREGGNFNKFY,DFQATT,SNEGSKA,SAPCPPHNEQF,YVLDHLIVV
5979,SVFSS,VVTGGEV,AGGNGGSQGNLI,LNHDA,SQIVND,ASSIISGNEQF,GILGFVFTL
5980,TISGNEY,GLKNN,IVLFGNEKLT,MRHNA,SNTAGT,ASSDRTTGANVLT,YLQPRTFLL
5981,NSASQS,VYSSG,VGPRT,MDHEN,SYDVKM,ASSLTGLGQPQH,ELAGIGILTV
5982,TRDTTYY,RNSFDEQN,ALSEAYGGATNKLI,SGDLS,YYNGEE,ASSVEGQGPYEQY,RPPIFIRRL
5983,DSASNY,IRSNVGE,AASETSYDKVI,MGHDK,SYGVNS,ATQGLGPEAF,RAKFKQLL
5984,DSAIYN,IQSSQRE,AVYNQAGTALI,MGHDK,SYGVNS,ASSEYLGTAYEQY,GILGFVFTL
5985,DRGSQS,IYSNGD,AVNPGGKLQ,LGHNA,YSLEER,ASSQAQIQTGELF,ELAGIGILTV
5986,DSAIYN,IQSSQRE,AVLMDSNYQLI,WSHSY,SAAADI,ASSPAGMNTEAF,CLGGLLTMV
5987,TRDTTYY,RNSFDEQN,ALSASSNTGKLI,LGHDT,YNNKEL,ASSHGGDWDQPQH,FTSDYYQLY
5988,TSGFNG,NVLDGL,AVRDRGKGQTGANNLF,KGHSH,LQKENI,ASSPLSGRVTDTQY,GILGFVFTL
5989,DSSSTY,IFSNMDM,AESTSGGKLI,MNHEY,SMNVEV,ASSPEGSYNEQF,GLCTLVAML
5990,NSASQS,VYSSG,VVTAGNTGKLI,WNHNN,SYGVQD,ASSRDSASTGELF,GILGFVFTL
5991,DRGSQS,IYSNGD,AVNSDGQKLL,MNHEY,SVGEGT,ASSGQGGYEQY,LLWNGPMAV
5992,DSASNY,IRSNVGE,AASIRDPTTSGTYKYI,LNHDA,SQIVND,ASSIFGGSYNEQF,GILGFVFTL
5993,DSVNN,IPSGT,AVPLRADLTKLV,MNHEY,SMNVEV,ASSLEVGLAPNEQF,RLPGVLPRA
5994,SVFSS,VVTGGEV,AGAHDAGKST,LNHDA,SQIVND,ASSTRSAYEQY,GILGFVFTL
5995,SVFSS,VVTGGEV,AGAHGSGNTGKLI,MGHRA,YSYEKL,ASSQTRGAGNTIY,RAKFKQLL
5996,DRGSQS,IYSNGD,AAAPSNFGNEKLT,MDHEN,SYDVKM,ASSTQGEPLH,ELAGIGILTV
5997,SSYSPS,YTSAATLV,VVRARMDSSYKLI,SEHNR,FQNEAQ,ASSSHDETGWGSPLH,TPRVTGGGAM
5998,NSASQS,VYSSG,VVNRYDDMR,DFQATT,SNEGSKA,SALRDKNTGELF,YLQPRTFLL
5999,VSPFSN,MTFSENT,VVSPSGNTPLV,SGHVS,FQNEAQ,ARTIADQPQH,ATDALMTGF
6000,NSASQS,VYSSG,VVRYDSWGKLQ,MDHEN,SYDVKM,ASSLASNNYEQY,PTDNYITTY
6001,NIATNDY,GYKTK,LAVNTDKLI,SGHRS,YFSETQ,ASSRTGGSYNEQF,SPRWYFYYL
6002,DRGSQS,IYSNGD,ASGDDKII,MRHNA,SNTAGT,ASSAGQGYEQY,LLWNGPMAV
6003,TSINN,IRSNERE,ATDGFGNEKLT,LNHDA,SQIVND,ASSIYSTDTQY,GILGFVFTL
6004,NSASQS,VYSSG,VVNSHAGNMLT,SGHNS,FNNNVP,ASINLNTGELF,YLQPRTFLL
6005,TISGNEY,GLKNN,IVRVEFGNEKLT,SEHNR,FQNEAQ,ASSPQAGDEQF,LLAGIGTVPI
6006,SSNFYA,MTLNGDE,AFPSGGSNYKLT,MNHNS,SASEGT,ASSETGSSSYEQY,QYIKWPWYI
6007,SVFSS,VVTGGEV,AGDHNAGKST,LNHDA,SQIVND,ASSIRSSYEQY,GILGFVFTL
6008,TSGFNG,NVLDGL,AVRSSGGSYIPT,LNHDA,SQIVND,ASSIRSSYEQY,GILGFVFTL
6009,NSASQS,VYSSG,VVNGRDSSYKLI,SNHLY,FYNNEI,ASRSGLVAPGELF,GLCTLVAML
6010,TSGFYG,NALDGL,AVRLEDNYGQNFV,SGHDT,YYEEEE,ASLLKLRDTSYEQY,YLQPRTFLL
6011,TISGNEY,GLKNN,IVRVAGGYQKVT,SGHNS,FNNNVP,ASSRGATQETQY,GILGFVFTL
6012,DRGSQS,IYSNGD,AVDDKII,SGHRS,YFSETQ,ASSPDRGLAGELF,ELAGIGILTV
6013,SVFSS,VVTGGEV,AAMPQRNNDMR,SGDLS,YYNGEE,ASSAGTGYTEAF,LLWNGPMAV
6014,TSGFNG,NVLDGL,AVNSGNTPLV,SGHDN,FVKESK,ASSQVSTPGDGYT,QAKWRLQTL
6015,DSSSTY,IFSNMDM,AEAGANNLF,SGHDN,FVKESK,ASSQSPGGTQY,GLCTLVAML
6016,SSVPPY,YTSAATLV,AVSDLGRDDKII,MNHNS,SASEGT,ASRMGGNTEAF,GILGFVFTL
6017,TSGFNG,NVLDGL,AVRFRNNNARLM,MDHEN,SYDVKM,ASMAGTPYEQY,CINGVCWTV
6018,NSASDY,IRSNMDK,ADSGGGADGLT,SGHTA,FQGNSA,ASAHPRASGSTDTQY,RAKFKQLL
6019,DSAIYN,IQSSQRE,AVNSGGGADGLT,MNHNS,SASEGT,ASSEDPATNEKLF,GILGFVFTL
6020,TTLSN,LVKSGEV,AGSGTASKLT,LNHDA,SQIVND,ASGEGGELF,NLVPMVATV
6021,NSASDY,IRSNMDK,ADSGGGADGLT,SGHDT,YYEEEE,ASSLGGGGTYNEQF,RAKFKQLL
6022,VSGLRG,LYSAGEE,AVRGSYIPT,DFQATT,SNEGSKA,SAREGVNTEAF,QMMVKAGL
6023,YGATPY,YFSGDTLV,AVGTARLM,MNHEY,SVGAGI,ASSLRFPDIGEQY,RAKFKQLL
6024,YSGSPE,HISR,APMGSNYKLT,LNHDA,SQIVND,ASSPSSNQPQH,GILGFVFTL
6025,DSSSTY,IFSNMDM,AEWGSNYKLT,LNHDA,SQIVND,ASSITSGTNEQF,RTATKQYNV
6026,DRGSQS,IYSNGD,AVPIKAAGNKLT,MDHEN,SYDVKM,ASSFQGLGQPQH,ELAGIGILTV
6027,TSINN,IRSNERE,ATVNTNAGKST,LNHDA,SQIVND,ASSIYSNQPQH,GILGFVFTL
6028,DSASNY,IRSNVGE,AASQGSSNTGKLI,LNHDA,SQIVND,ASSFYGTGNTEAF,GILGFVFTL
6029,TSDPSYG,QGSYDQQN,AMRVDNFNKFY,DFQATT,SNEGSKA,SARDGTGNGYT,GLCTLVAML
6030,DRGSQS,IYSNGD,AVQGSTLT,MGHRA,YSYEKL,ASSQGGLTGEGYT,ELAGIGILTV
6031,VSGNPY,YITGDNLV,AVRDLKANAGKST,LNHDA,SQIVND,ATSDISITEAF,GILGFVFTL
6032,DSASNY,IRSNVGE,AATETSYDKVI,SEHNR,FQNEAQ,ASSPLGSNEKLF,RAKFKQLL
6033,TSGFNG,NVLDGL,AVSASGGYQKVT,MRHNA,SNTAGT,ATRDTTNTGELF,LLDFVRFMGV
6034,TSDPSYG,QGSYDQQN,AMREDYGGSQGNLI,MGHRA,YSYEKL,ASSHQEGAIQPQH,RAKFKQLL
6035,VSNAYN,GSKP,AVDRRMDSSYKLI,SEHNR,FQNEAQ,ASSFRQGQDTGELF,TPRVTGGGAM
6036,DSASNY,IRSNVGE,AAAETSYDKVI,MNHNY,SVGAGI,ASSYGFPTSGGNTGELF,RAKFKQLL
6037,SSVPPY,YTSAATLV,AVSDYEGAQKLV,SGHTA,FQGTGA,ASSPIVLGNTEAF,RAKFKQLL
6038,ATGYPS,ATKADDK,ALSPAGNMLT,MNHEY,SMNVEV,ASSERGPTDTQY,TTDPSFLGRY
6039,ATGYPS,ATKADDK,ALSDSGYNKLI,MGHRA,YSYEKL,ASSPSLAGYGNEQF,GILGFVFTL
6040,SVFSS,VVTGGEV,AGGENYGQNFV,SEHNR,FQNEAQ,ASSLVPGQASYEQY,GILGFVFTL
6041,NSMFDY,ISSIKDK,SYNTDKLI,PRHDT,FYEKMQ,ASSSTSGRAAEQF,RGPGRAFVTI
6042,NIATNDY,GYKTK,LVGDASGTYKYI,LGHNA,YNFKEQ,ASSQSPTGAIHEQY,DATYQRTRALVR
6043,SVFSS,VVTGGEV,NNNHDMR,SEHNR,FQNEAQ,ASGLGQGSADTQY,YVLDHLIVV
6044,NSASDY,IRSNMDK,ADPGNMLT,SEHNR,FQNEAQ,ASSFSQNTEAF,RAKFKQLL
6045,TISGTDY,GLTSN,ILRDLDGGTSYGKLT,MDHEN,SYDVKM,ASSLTLAGGIGTDTQY,CINGVCWTV
6046,NIATNDY,GYKTK,LVGDGPSGGYQKVT,LGHDT,YNNKEL,ASSQSAREHYGYT,CINGVCWTV
6047,VSGLRG,LYSAGEE,AVRTYSGGGADGLT,SGHNS,FNNNVP,ASAPRRDRGTDTQY,QMMVKAGL
6048,TSESDYY,QEAYKQQN,AYRSLYGGSQGNLI,MGHRA,YSYEKL,ASSQELNSNQPQH,ATDALMTGF
6049,TRDTTYY,RNSFDEQN,ALIFTQGGSEKLV,SEHNR,FQNEAQ,ASSLGEGLRYT,HSNLNDATY
6050,DSASNY,IRSNVGE,AASETSYDKVI,SEHNR,FQNEAQ,ASSPLGDSAYEQY,RAKFKQLL
6051,SSNFYA,MTLNGDE,ARRGAAGNKLT,LGHNA,YSLEER,ASSPSAGDYEQY,LLWNGPMAV
6052,VSGLRG,LYSAGEE,AVPHFGNEKLT,MNHEY,SMNVEV,ASSTEPLGSDIQY,TTDPSFLGRY
6053,NSASQS,VYSSG,VVNGGNNNARLM,SGHTA,FQGNSA,ASSPNPTYEQY,NYNYLYRLF
6054,NSASDY,IRSNMDK,AEREVGRLETSGSRLT,LNHDA,SQIVND,ASSIRSGNEQF,GILGFVFTL
6055,VGISA,LSSGK,AFLSGSARQLT,SEHNR,FQNEAQ,ASSSLGDRDQTAF,RAKFKQLL
6056,NSAFQY,TYSSGN,ATDSSASKII,SGHRS,YFSETQ,ASSLAGGVYQPQH,SPRWYFYYL
6057,TISGNEY,GLKNN,IVRETGANNLF,LNHDA,SQIVND,ASSIFSAYNEQF,GILGFVFTL
6058,VSGNPY,YITGDNLV,AVNLNEKLT,DFQATT,SNEGSKA,SARDGTRAHYEQF,GILGFVFTL
6059,ATGYPS,ATKADDK,ALSSNYGQNFV,SGHDY,FNNNVP,ASSFLAANTEAF,EPLPQGQLTAY
6060,NSMFDY,ISSIKDK,AASARYGGSQGNLI,MNHEY,SMNVEV,ASSGQGYNSPLH,HPVTKYIM
6061,NSAFQY,TYSSGN,AMSAESGGYNKLI,KGHDR,SFDVKD,ATSDLTRDEQF,SPRWYFYYL
6062,DRGSQS,IYSNGD,AVGASKII,LNHDA,SQIVND,ASSIAPSGVAYEQY,LLWNGPMAV
6063,TSINN,IRSNERE,ATDGGGGSQGNLI,LNHDA,SQIVND,ASSGLAGLNEQF,GILGFVFTL
6064,VSGNPY,YITGDNLV,AVRDLETNAGKST,LNHDA,SQIVND,ASSTTSGTEQF,GILGFVFTL
6065,TSGFNG,NVLDGL,GVSGGYNKLI,MNHNS,SASEGT,ASSLGLAGDNEQF,RFPLTFGWCF
6066,NIATNDY,GYKTK,LVGGSYNTNAGKST,KGHSH,LQKENI,ASSPEDYEQY,GLCTLVAML
6067,TRDTTYY,RNSFDEQN,ALSEPYGGSQGNLI,MDHEN,SYDVKM,ASSFRGGAYEQY,YAKWKLCSA
6068,YGGTVN,YFSGDPLV,AVKDTDKLI,LGHDT,YNNKEL,ASSATGDYYGYT,YVLDHLIVV
6069,DSASNY,IRSNVGE,AASETSYDKVI,SGHTA,FQGNSA,ASSRLGGETGELF,RAKFKQLL
6070,TTLSN,LVKSGEV,AGHQGGKLI,SGHNS,FNNNVP,ASSFSGNTGELF,RAKFKQLL
6071,TSINN,IRSNERE,ATVDLMNYGGSQGNLI,SGHDT,YYEEEE,ASSLRDGSEAF,RAKFKQLL
6072,SIFNT,LYKAGEL,AGQLGGTALI,DFQATT,SNEGSKA,SARNFQVGRGEKLF,TTDPSFLGRY
6073,TISGNEY,GLKNN,IVRVGGYKLS,KGHDR,SFDVKD,ATSDLRLGDTQY,SPRWYFYYL
6074,TSENNYY,QEAYKQQN,AFMKGAGGTSYGKLT,LNHDA,SQIVND,ASSTRSSYEQY,GILGFVFTL
6075,DSASNY,IRSNVGE,AATETSYDKVI,SGHNS,FNNNVP,ASSHTQPPPGRTGTYGYT,RAKFKQLL
6076,VSGNPY,YITGDNLV,AVRDLTSGTYKYI,MNHEY,SMNVEV,ASSRRDRGDTQY,RFPLTFGWCF
6077,NSASDY,IRSNMDK,AENIDAYGGSQGNLI,LNHDA,SQIVND,ASSYFAGTSYNEQF,GILGFVFTL
6078,SVFSS,VVTGGEV,AGAGGGSQGNLI,LNHDA,SQIVND,ASSLRSADTQY,GILGFVFTL
6079,NSASDY,IRSNMDK,NTGFQKLV,KGHDR,SFDVKD,ATTYGRMNTEAF,NLVPMVATV
6080,DSASNY,IRSNVGE,AASETSYDKVI,SGHNS,FNNNVP,ASSYSGTGDYGYT,NLVPMVATV
6081,NIATNDY,GYKTK,LVGDISNYQLI,PRHDT,FYEKMQ,ASSFGTSSSGANVLT,GILGFVFTL
6082,NIATNDY,GYKTK,LVGDIDNTGNQFY,LGHDT,YNNKEL,ASSQEVSGGWGEQY,CINGVCWTV
6083,SSYSTF,SSENQE,ALKGGMDSSYKLI,SEHNR,FQNEAQ,ASSFLQGPSSGNTIY,TPRVTGGGAM
6084,VSGNPY,YITGDNLV,AVRPPNDYKLS,SGHVS,FNYEAQ,ASSPWGRSSYNEQF,SPRWYFYYL
6085,YGGTVN,YFSGDPLV,AVNADGQKLL,GTSNPN,SVGIG,AWRPLLGGASEAF,YVLDHLIVV
6086,YSGSPE,HISR,ALSSGDSSYKLI,LNHDA,SQIVND,ASSPFGSDEQF,GILGFVFTL
6087,DSAIYN,IQSSQRE,AVTRYSTLT,SGHNT,YYREEE,ASSAGQGVKNIQY,GILGFVFTL
6088,YSGSPE,HISR,ALYRLGRLY,SGHDN,FVKESK,ASSQDYSSSYEQY,TPRVTGGGAM
6089,TSINN,IRSNERE,ATVESNTGKLI,SGHKS,YYEKEE,ASSLAGGRTQETQY,CINGVCWTV
6090,TSENNYY,QEAYKQQN,AYRSLSGYALN,PRHDT,FYEKMQ,ASSPRQGWSQETQY,GILGFVFTL
6091,TSINN,IRSNERE,ATDGRSTLT,SGHAT,FQNNGV,ASSSGGPFYEQY,GILGFVFTL
6092,TSENNYY,QEAYKQQN,AFMK,MNHEY,SMNVEV,ASSFPGQGNTQY,RAQAPPPSW
6093,NSAFQY,TYSSGN,AMSRSNFGNEKLT,SGHNS,FNNNVP,ASSSSQRDTGELF,LLAGIGTVPI
6094,VSGNPY,YITGDNLV,AVRVLNTPLV,MNHNS,SASEGT,ASSDIFLAKNIQY,SPRWYFYYL
6095,DRGSQS,IYSNGD,AVGGNNRLA,SNHLY,FYNNEI,ASSEDFSGNTIY,ELAGIGILTV
6096,YGGTVN,YFSGDPLV,AVTYGGSQGNLI,LGHNA,YNFKEQ,ASSQALAYEQY,LLWNGPMAV
6097,SVFSS,VVTGGEV,AGPYNAGGTSYGKLT,WSHSY,SAAADI,ASSDSYGNQPQH,GILGFVFTL
6098,TTLSN,LVKSGEV,ASFTGGGNKLT,LNHDA,SQIVND,ASSSTGGGVTEAF,GILGFVFTL
6099,NSMFDY,ISSIKDK,AASPRSSNYKLT,SGHDT,YYEEEE,ASSYRVSPYNEQF,LLWNGPMAV
6100,TRDTTYY,RNSFDEQN,ALSEAWVDSNYQLI,SGHRS,YFSETQ,ASSLGQGTDTQY,GILGFVFTL
6101,NSASDY,IRSNMDK,AVPNSGYSTLT,SGHNT,YYREEE,ASTLNLGQGAPHYGYT,NQKLIANQF
6102,SVFSS,VVTGGEV,AGGGQGGSQGNLI,SGHAT,FQNNGV,ASSLGVAGTNTGELF,GILGFVFTL
6103,TSESDYY,QEAYKQQN,APYSGGSNYKLT,LNHDA,SQIVND,ASSLIGNEQF,RPIIRPATL
6104,NSAFQY,TYSSGN,AMSISNFGNEKLT,SGHRS,YFSETQ,ASSSPDTVNTEAF,LLAGIGTVPI
6105,DSASNY,IRSNVGE,AAPETSYDKVI,SEHNR,FQNEAQ,ASSLLGEQNSPLH,RAKFKQLL
6106,DSAIYN,IQSSQRE,AVQETSGSRLT,SGHRS,YFSETQ,ASSLAGVEAF,SPRWYFYYL
6107,TISGNEY,GLKNN,IVRVTGANNLF,LNHDA,SQIVND,ASSFFDGSYEQY,GILGFVFTL
6108,NSAFQY,TYSSGN,AMGKSNFGNEKLT,MDHEN,SYDVKM,ASRPTTVFREGETQY,LLAGIGTVPI
6109,ATGYPS,ATKADDK,ALMRYSTLT,MGHDK,SYGVNS,ASSELGDTQY,GILGFVFTL
6110,TSINN,IRSNERE,ATAGVSGYSTLT,MNHEY,SVGAGI,ASSRQGGHYGYT,FLYALALLL
6111,SVFSS,VVTGGEV,AGNYGGSQGNLI,LNHDA,SQIVND,ASSIYSVNEQ,GILGFVFTL
6112,VSGNPY,YITGDNLV,AVRDRGNARLM,MNHEY,SVGAGI,ASSSGGGGNTIY,GILGFVFTL
6113,TISGTDY,GLTSN,ILPLAGGTSYGKLT,SGHRS,YFSETQ,ASSLPFGIEPQH,FLRGRAYGL
6114,VSGNPY,YITGDNLV,AVSYTGGFKTI,LNHDA,SQIVND,ASSMAQGARSPLH,FEDLRVLSF
6115,SSVPPY,YTSAATLV,AVTFTGNTPLV,LNHDA,SQIVND,ASSTRSQETQY,GILGFVFTL
6116,DSAIYN,IQSSQRE,AVVGSGTYKYI,SQVTM,ANQGSEA,SVVTFYYEQY,IPSINVHHY
6117,TSINN,IRSNERE,APAGGSAYSTLT,MNHNS,SASEGT,ASSVQGGNYGYT,FLYALALLL
6118,TSGFNG,NVLDGL,AVMDSNYQLI,DFQATT,SNEGSKA,SARVLTSGETYEQY,YLQPRTFLL
6119,NSMFDY,ISSIKDK,AASVSSDYKLT,MDHEN,SYDVKM,ASSSFHIQGGYEQY,VLFGLGFAI
6120,DSAIYN,IQSSQRE,AVWTLSGSARQLT,SEHNR,FQNEAQ,ASSTRDRGSYEQY,TPRVTGGGAM
6121,TSGFNG,NVLDGL,AVREGTGANNLF,SGHNT,YYREEE,ASSDRDVTGELF,RPIIRPATL
6122,TSENNYY,QEAYKQQN,AFFARGRLY,SGHRS,YFSETQ,ASSLAGGGTQPQH,SPRWYFYYL
6123,DRGSQS,IYSNGD,APSGGGADGLT,MDHEN,SYDVKM,ASSPIGYTEAF,ELAGIGILTV
6124,TSESDYY,QEAYKQQN,APNYGGSQGNLI,LNHDA,SQIVND,ASGRIAGELF,RPIIRPATL
6125,NIATNDY,GYKTK,LVGDGSGYSTLT,MNHNY,SVGAGI,ASSSTAADEQF,DATYQRTRALVR
6126,NTAFDY,IRPDVSE,AASIGGFGNVLHCFGNVLH,MNHEY,SVGAGI,ATQYLQGRAEAF,TTDPSFLGRY
6127,NSAFQY,TYSSGN,AMETGNQFY,LNHDA,SQIVND,ASDSGYTEAF,TTDPSFLGRY
6128,TSGFNG,NVLDGL,ALDGQKLL,DFQATT,SNEGSKA,SARGTIRVIDGYT,RPHERNGFTVL
6129,NSAFQY,TYSSGN,AMSISNFGNEKLT,MNHEY,SMNVEV,ASSPRGMSATNEKLF,LLAGIGTVPI
6130,TRDTTYY,RNSFDEQN,ALSVTEIIDQTGANNLF,SGDLS,YYNGEE,ASSVAGGTDTQY,ALWEIQQVV
6131,SVFSS,VVTGGEV,AGYNNNDMR,KGHSH,LQKENI,ASSPVGVGEQF,GILGFVFTL
6132,DSSSTY,IFSNMDM,AESKLTGGGNKLT,SNHLY,FYNNEI,ASSDRELAVHTQY,GILGFVFTL
6133,SIFNT,LYKAGEL,AGQETGNQFY,MNHEY,SMNVEV,ASSTSSPQETQY,TTDPSFLGRY
6134,DSASNY,IRSNVGE,AATETSYDKVI,SEHNR,FQNEAQ,ASSPLGQGGDYGYT,RAKFKQLL
6135,TSINN,IRSNERE,ATDSLTGANNLF,SNHLY,FYNNEI,ASVWQGAYNEQF,GILGFVFTL
6136,VSGNPY,YITGDNLV,AVRDGTGANNLF,LNHDA,SQIVND,ASSPPPGAVETQY,GILGFVFTL
6137,DRGSQS,IYSNGD,AVKRSASKII,SQVTM,ANQGSEA,SGETGNTEAF,DATYQRTRALVR
6138,NSAFQY,TYSSGN,SNFGNEKLT,SGHVS,FQNEAQ,ASSLGQEQETQY,LLAGIGTVPI
6139,NSASQS,VYSSG,AADGFQKLV,MNHEY,SMNVEV,ASSLTGSGYT,ALAGIGILTV
6140,SIFNT,LYKAGEL,AGQGTFMNRDDKII,LNHDA,SQIVND,ASSIYGANVLT,GILGFVFTL
6141,SVFSS,VVTGGEV,AGENTYNFNKFY,SGHDN,FVKESK,ASSQLPRGGYT,FEDLRLLSF
6142,DRGSQS,IYSNGD,AVNGNKLV,MGHRA,YSYEKL,ASSPGPLAGGDNEQF,ELAGIGILTV
6143,YGATPY,YFSGDTLV,ACGDYKLS,SGDLS,YYNGEE,ASSPSELAGGRLDTQY,QMMVKAGL
6144,TRDTTYY,RNSFDEQN,ALSEADAGGTSYGKLT,MDHEN,SYDVKM,ASSFLRFYGYT,GILGFVFTL
6145,NSASQS,VYSSG,VVFNFNKFY,KGHSH,LQKENI,ASSPDGGHSTDTQY,LLWNGPMAV
6146,VTNFRS,LTSSGIE,AVTHRFHTASKLT,WNHNN,SYGVQD,ASSDALQETQY,NLVPMVATV
6147,VTNFRS,LTSSGIE,AVEGADGLT,LNHDA,SQIVND,ASTTYNEQF,MEVTPSGTWL
6148,TRDTTYY,RNSFDEQN,ALSGAGGTSYGKLT,LNHDA,SQIVND,ASSHFMTGGQPQH,GILGFVFTL
6149,TSGFNG,NVLDGL,AVRGRDYKLS,LGHDT,YNNKEL,ASSQPVAARGAQY,RAKFKQLL
6150,VSGNPY,YITGDNLV,AVRALSGTYKYI,LNHNV,YYDKDF,ATSRAQDNEQF,LPRWYFYYL
6151,YGATPY,YFSGDTLV,AVGEDKVI,MGHRA,YSYEKL,ASSHWQTNTEAF,RAKFKQLL
6152,YGATPY,YFSGDTLV,AVGEGTPLV,LGHNA,YNFKEQ,ASSPRLSTDTQY,RAKFKQLL
6153,DSAIYN,IQSSQRE,AVRRRFLNDMR,SEHNR,FQNEAQ,ASSLKAPPHSNTEAF,LTDEMIAQY
6154,TSGFNG,NVLDGL,AVMDSNYQLI,SGHDT,YYEEEE,ASSLRDGSEAF,RAKFKQLL
6155,DRGSQS,IYSNGD,AVSVGAGNMLT,SSHAT,FNYEAQ,ASSLTESYEQY,ELAGIGILTV
6156,TRDTTYY,RNSFDEQN,ALSGRITSGTYKYI,LNHDA,SQIVND,ASSILAGSYNEQF,GILGFVFTL
6157,NYSPAY,IRENEKE,ALGERPGGSYIPT,SNHLY,FYNNEI,ASSAGRVHPGTQY,GLCTLVAML
6158,TSDPSYG,QGSYDQQN,AMPFSGGYNKLI,MNHEY,SMNVEV,ASSLGLAGGAKNIQY,MEVTPSGTWL
6159,TSINN,IRSNERE,ATDEEEYGNKLV,SEHNR,FQNEAQ,ASSPGVQYEQY,RTATKAYNV
6160,SIFNT,LYKAGEL,AGQLAGGSQGNLI,LGHNA,YSLEER,ASSQERGGKWAYEQY,GILGFVFTL
6161,TSINN,IRSNERE,ATDAPSNYQLI,SNHLY,FYNNEI,ASSSSGRDYEQY,NLVPMVATV
6162,DRGSQS,IYSNGD,AVNSRGSEKLV,LGHDT,YNNKEL,ASTPRALTGNTIY,LLAGIGTVPI
6163,TISGNEY,GLKNN,IVLLSINAGKST,SGHTA,FQGTGA,ASSLESSAYNEQF,IPSINVHHY
6164,DRGSQS,IYSNGD,SQGPSGGADGLT,WSHSY,SAAADI,ASSGDGMNTEAF,CLGGLLTMV
6165,NSAFQY,TYSSGN,AMSEDG,LGHNA,YNFKEQ,ASSPGPNTEAF,RAKFKQLL
6166,DRGSQS,IYSNGD,AVIAGKST,LNHNV,YYDKDF,ATSGRTGGGEQY,LLWNGPMAV
6167,VSGNPY,YITGDNLV,AVRGLMDSSYKLI,SEHNR,FQNEAQ,ASSFHDREGVGSPLH,TPRVTGGGAM
6168,TISGNEY,GLKNN,IVRVANTDKLI,MNHEY,SMNVEV,ASSLGFTDTQY,GILGFVFTL
6169,VSGNPY,YITGDNLV,AVAKDLQNSGGGADGLT,PRHDT,FYEKMQ,ASSLMRGGTYNSPLH,GILGFVFTL
6170,DSASNY,IRSNVGE,AATETSYDKVI,SEHNR,FQNEAQ,ARRLAVGARPQH,RAKFKQLL
6171,YSGSPE,HISR,ALSGGSNYKLT,LNHDA,SQIVND,ASSIRSSYEQY,GILGFVFTL
6172,DRGSQS,IYSNGD,AVKEGGSNYKLT,SGHRS,YFSETQ,ASSRAGGPQETQY,SPRWYFYYL
6173,TISGTDY,GLTSN,ILKSGYALN,SGHDY,FNNNVP,ASSLSGGSYNEQF,RAKFKQLL
6174,NSMFDY,ISSIKDK,AASSGYALN,DFQATT,SNEGSKA,SAVTVNTEAF,RTATKQYNV
6175,TSINN,IRSNERE,AMDGPSGYSTLT,MNHNS,SASEGT,AGRRQGGKDGYT,FLYALALLL
6176,DRGSQS,IYSNGD,AVNLGGGSQGNLI,LNHDA,SQIVND,ASSARSGEPQH,GILGFVFTL
6177,DSVNN,IPSGT,AVTPPPSYDKVI,SGHDY,FNNNVP,ASSSVSGYT,NLVPMVATV
6178,TSENNYY,QEAYKQQN,AFIQGAQKLV,MGHRA,YSYEKL,ASSQEAFNYEQY,RPPIFIRRL
6179,DRGSQS,IYSNGD,AVIGYTGGFKTI,SGDLS,YYNGEE,ASSVVPGENEKLF,RAKFKQLL
6180,TSESDYY,QEAYKQQN,AYRSAMDSNYQLI,LNHDA,SQIVND,ASSTIGPYGELF,RPIIRPATL
6181,DRGSQS,IYSNGD,AVNPPGSGYSTLT,SGHRS,YFSETQ,ASSLSAEAF,LLAGIGTVPI
6182,ATGYPS,ATKADDK,ALSFSGYSTLT,SNHLY,FYNNEI,ASTGPGQGPTSFEQF,YAKWKLCSA
6183,DSAIYN,IQSSQRE,AVLNSNSGYALN,SGHDT,YYEEEE,ASSRQESYGYT,NLVPMVATV
6184,TISGTDY,GLTSN,ILPLAGGTSYGKLT,LNHDA,SQIVND,ASSIRSAYEQY,GILGFVFTL
6185,NSAFQY,TYSSGN,AMSGGNDYKLS,SQVTM,ANQGSEA,SVAKAGLTDNYGYT,LLAGIGTVPI
6186,TTLSN,LVKSGEV,AIASGGYQKVT,SGHTA,FQGNSA,ASSRRMNNNEQF,ELAGIGILTV
6187,KALYS,LLKGGEQ,GTATGGSQGNLI,LNHDA,SQIVND,ASSIRSVDTQY,GILGFVFTL
6188,NSMFDY,ISSIKDK,AASGDYKLS,SGHRS,YFSETQ,ASRDGLKLF,GILGFVFTL
6189,NSASQS,VYSSG,VVNDLVDSNYQLI,SNHLY,FYNNEI,ASASGQGYEQY,NYNYLYRLF
6190,TTSDR,LLSNGAV,AVDMGNTPLV,SGHTA,FQGNSA,ASSPSWLSGVTQY,ELAGIGILTV
6191,DSSSTY,IFSNMDM,AESTPGGKLI,SQVTM,ANQGSEA,SVGADGTNEKLF,GLCTLVAML
6192,YGGTVN,YFSGDPLV,AVNSGYSTLT,MDHEN,SYDVKM,ASSPLQGSGTEAF,YVLDHLIVV
6193,DRGSQS,IYSNGD,AVKTDSWGKLQ,PRHDT,FYEKMQ,ASSQWGSGVYEQY,LLFGYPVYV
6194,NSAFQY,TYSSGN,AARGSGTYKYI,LGHNA,YNFKEQ,ASNQDLLNTGELF,LLAGIGTVPI
6195,SVFSS,VVTGGEV,AGAGGGSQGNLI,LNHDA,SQIVND,ASSGRSSEPQH,GILGFVFTL
6196,TSDPSYG,QGSYDQQN,AMNYGGFKTI,MGHDK,SYGVNS,ASSEWGTSGVNEQF,FLRGRAYGL
6197,TSINN,IRSNERE,ATDANDYKLS,SEHNR,FQNEAQ,ASSLGEGGTGELF,GIIYIIYKL
6198,TSINN,IRSNERE,ATHNFGNEKLT,SGDLS,YYNGEE,ASSLFGSPLH,GILGFVFTL
6199,TTLSN,LVKSGEV,AGQGAQKLV,PRHDT,FYEKMQ,ASSPGLGLDTQY,GILGFVFTL
6200,DRGSQS,IYSNGD,AVLRAQKLV,MNHEY,SMNVEV,ASYQSSYEQY,LLLDRLNQL
6201,DRGSQS,IYSNGD,AVSIFGNVLH,LGHNA,YNFKEQ,ASSPPGEEAF,ELAGIGILTV
6202,TSGFNG,NVLDGL,AVRRPGEGYSTLT,SNHLY,FYNNEI,ASSVAIERAPNYEQY,ALSKGVHFV
6203,NSMFDY,ISSIKDK,AATVSGTYKYI,SNHLY,FYNNEI,ASSAPSNTGELF,RTATKQYNV
6204,DRGSQS,IYSNGD,AVSNTDKLI,LGHDT,YNNKEL,ASSPTPAGGAYEQY,LLWNGPMAV
6205,TSESDYY,QEAYKQQN,AVYNTNAGKST,SGHAT,FQDESV,ASSHPATQGARREQY,VLEETSVML
6206,DRGSQS,IYSNGD,AVTGGYNKLI,MNHEY,SMNVEV,ASSPSGAFHDEQY,ALGIGILTV
6207,VSGLRG,LYSAGEE,AVQGNTDKLI,SNHLY,FYNNEI,ASSYGTGTDTQY,HSNLNDATY
6208,TRDTTYY,RNSFDEQN,ALSEAKNNNARLM,LNHDA,SQIVND,ASSIFQAPSYEQY,GILGFVFTL
6209,TISGNEY,GLKNN,IVREINNDMR,MGHRA,YSYEKL,ASSPTPTANYGYT,RAKFKQLL
6210,TSINN,IRSNERE,ATDAKGLNTGFQKLV,MGHRA,YSYEKL,ASSQDLGTASYNEQF,SPRWYFYYL
6211,ATGYPS,ATKADDK,ARPPGYKYI,SGHTA,FQGNSA,ASSLARTEAF,RAKFKQLL
6212,ATGYPS,ATKADDK,ALRPYSGGGADGLT,SNHLY,FYNNEI,ASSRLADQETQY,CINGVCWTV
6213,DSASNY,IRSNVGE,AASMRNAGNMLT,MDHEN,SYDVKM,ASSLLYGGGTDTQY,TTDPSFLGRY
6214,NSAFQY,TYSSGN,AMSALRSPSNTGKLI,LNHDA,SQIVND,ASSMGTGPRETQY,FEDLRVLSF
6215,ATGYPS,ATKADDK,ALSDRDGGTSYGKLT,MNHEY,SVGAGI,ASSYSPGYEQY,RLPGVLPRA
6216,NSAFQY,TYSSGN,AVLPSKDYKLS,SEHNR,FQNEAQ,ASRLAVGEGPQH,CTELKLSDY
6217,DRGSQS,IYSNGD,AVNAGNMLT,LNHNV,YYDKDF,ATSRGQGNEQY,ELAGIGILTV
6218,TTLSN,LVKSGEV,AGPGNNNDMR,MNHEY,SMNVEV,ASSLYLGTTIRGEQF,RVAGDSGFAAY
6219,SSYSPS,YTSAATLV,AVKRTGANNLF,MGHRA,YSYEKL,ASSPRLLISRNGYT,YLQPRTFLL
6220,SIFNT,LYKAGEL,AGQLAGGSQGNLI,LNHDA,SQIVND,ASSISSINEQF,GILGFVFTL
6221,TTSDR,LLSNGAV,AVDSNYQLI,DFQATT,SNEGSKA,SATDSYEQY,RGPGRAFVTI
6222,DRGSQS,IYSNGD,AVNNARLM,SGHVS,FNYEAQ,ASSLKGNTEAF,LLWNGPMAV
6223,TSENNYY,QEAYKQQN,AFMLGAGGTSYGKLT,SGHVS,FNYEAQ,ASSFLTGNTEAF,GILGFVFTL
6224,SSYSPS,YTSAATLV,VVSEKGFQKLV,MNHEY,SMNVEV,ASSWGGRGGYEQY,SPRWYFYYL
6225,DSSSTY,IFSNMDM,AESSGASGKLI,SQVTM,ANQGSEA,SVGTGGTNEKLF,GLCTLVAML
6226,TSINN,IRSNERE,ATDENSGNTPLV,MNHEY,SVGEGT,ASSTWADTEAF,GILGFVFTL
6227,NSMFDY,ISSIKDK,AASGGNNNDMR,MRHNA,SNTAGT,ASSVTPSSYNEQF,NLVPMVATV
6228,DSAIYN,IQSSQRE,ALSGYSTLT,SGHNT,YYREEE,ASSSESPGELF,GILGFVFTL
6229,VSGLRG,LYSAGEE,AVPDNYGQNFV,LNHDA,SQIVND,ASSARSSYEQY,GILGFVFTL
6230,TSDPSYG,QGSYDQQN,AMSSEDSSYKLI,MDHEN,SYDVKM,ASRFSGDEQY,RPPIFIRRL
6231,TTLSN,LVKSGEV,AGKGGGSQGNLI,LNHDA,SQIVND,ASSIRSTEGAF,GILGFVFTL
6232,TRDTTYY,RNSFDEQN,ALSDYGQNFV,SGHNT,YYREEE,ASGLNTEAF,RAKFKQLL
6233,YSGSPE,HISR,ALFKFGNEKLT,MGHRA,YSYEKL,ASSQDRLTGFYT,RPPIFIRRL
6234,DSSSTY,IFSNMDM,AESIKYGGSQGNLI,MGHRA,YSYEKL,ASSQIHGGGAFTDTQY,GILGFVFTL
6235,TSGFNG,NVLDGL,AVRDLYGSSASKII,MDHEN,SYDVKM,ASSLNRPDRASYEQY,ATDALMTGF
6236,NSMFDY,ISSIKDK,AASTRDSGYALN,SGHAT,FQNNGV,ASSLPQGAGNTIY,RTATKQYNV
6237,DRGSQS,IYSNGD,AVNAGGGYQKVT,MNHEY,SVGAGI,ASSSGDSNTEAF,GILGFVFTL
6238,DRGSQS,IYSNGD,AVSGYSTLT,MNHEY,SVGAGI,ASSAQGAYGYT,LLWNGPMAV
6239,ATGYPS,ATKADDK,ALSGTTDSWGKLQ,MNHEY,SMNVEV,ASTERGPADTQY,TTDPSFLGRY
6240,TSINN,IRSNERE,ATDPTLNTGNQFY,SQVTM,ANQGSEA,SVRGRTHNEQF,TTDPSFLGRY
6241,VSGLRG,LYSAGEE,AVQRPPTDSWGKLQ,SGHNS,FNNNVP,ASSLSLIYEQY,TTDPSFLGRY
6242,DSSSTY,IFSNMDM,AESMSYQKVT,SGHRS,YFSETQ,ASSLEASTDTQY,RLPGVLPRA
6243,DRGSQS,IYSNGD,AATNQFY,LNHDA,SQIVND,ASSIRSSYEQY,GILGFVFTL
6244,DRGSQS,IYSNGD,AVNRGFGNVLHCFGNVLH,LNHDA,SQIVND,ASSSGGGGQF,ELAGIGILTV
6245,TTSDR,LLSNGAV,AVDPSNSGYALN,MDHEN,SYDVKM,ASSLTQGGVLF,TTDPSFLGRY
6246,DRGSQS,IYSNGD,AVNLAGTASKLT,SGHRS,YFSETQ,ASSLAGANEQF,SPRWYFYYL
6247,YGATPY,YFSGDTLV,AVGHLGGGSYIPT,MNHNS,SASEGT,ASISLGQNTEAF,FLYALALLL
6248,DSASNY,IRSNVGE,AASRKGSNYKLT,WNHNN,SYGVQD,ASSADSYGANVLT,NLVPMVATV
6249,SSYSPS,YTSAATLV,VVTANTGGFKTI,SNHLY,FYNNEI,ASSLKTGGSTEAF,LPRWYFYYL
6250,ATGYPS,ATKADDK,ALGGFGTYKYI,SNHLY,FYNNEI,ASAPSGGATDTQY,FLASKIGRLV
6251,TSINN,IRSNERE,NSGYSTLT,MNHNS,SASEGT,ASSLQGGHIQY,FLYALALLL
6252,NSASQS,VYSSG,VVNVANDYKLS,LNHDA,SQIVND,ASSIAHVAGGNEQF,GLCTLVAML
6253,TSINN,IRSNERE,ATVELIQGAQKLV,MNHNY,SVGAGI,ASSYLPGGAKTEAF,SPRWYFYYL
6254,DRGSQS,IYSNGD,AVNAGNMLT,MGHRA,YSYEKL,ASSQLGPGQPQH,ELAGIGILTV
6255,DRGSQS,IYSNGD,ATGGTGRRALT,LGHNA,YNFKEQ,ASSQEGGDGYT,ELAGIGILTV
6256,NIATNDY,GYKTK,LVGVPNDYKLS,MNHNS,SASEGT,ASSDLGQGRMNTEAF,CINGVCWTV
6257,DSASNY,IRSNVGE,AATASRAGTALI,KGHTF,FQNEQV,ASSQAGGEDEQY,HPVTKYIM
6258,DRGSQS,IYSNGD,AVNPEGGTSYGKLT,MNHEY,SMNVEV,ASTSATGGAQH,ELAGIGILTV
6259,NSASDY,IRSNMDK,ADSGGGADGLT,MNHEY,SMNVEV,ASSPHFQVDTGELF,RAKFKQLL
6260,NSASDY,IRSNMDK,ADSGGGADGLT,SGHTA,FQGTGA,ASSSRGGQETQY,RAKFKQLL
6261,DRGSQS,IYSNGD,ALGGSQGNLI,SGHNS,FNNNVP,AVLPGAWGYT,LLLDRLNQL
6262,NSASDY,IRSNMDK,ADSGGGADGLT,LNHDA,SQIVND,ASSWRSTDTQY,GILGFVFTL
6263,NSASQS,VYSSG,VGGGSQGNLI,LNHDA,SQIVND,ASSSTGAYNEQF,GILGFVFTL
6264,DSASNY,IRSNVGE,AASRGVGGYNKLI,MDHEN,SYDVKM,ASSSLTGSSGELF,SPRWYFYYL
6265,SSVSVY,YLSGSTLV,AAISGAGSYQLT,SGHRS,YFSETQ,ASSYGTGENTEAF,RAKFKQLL
6266,NSMFDY,ISSIKDK,AATTGGTSYGKLT,LNHDA,SQIVND,ASSMYDTVNTEAF,GILGFVFTL
6267,TSGFNG,NVLDGL,AVRGNSGGYQKVT,KGHDR,SFDVKD,ATSLLSTGELF,SPRWYFYYL
6268,DRGSQS,IYSNGD,ASDRGNNRLA,SNHLY,FYNNEI,AMGLAASNEQF,TTDPSFLGRY
6269,SVFSS,VVTGGEV,AGVPYNNNDMR,SGDLS,YYNGEE,ASGTGTPYNEQF,LLWNGPMAV
6270,DSSSTY,IFSNMDM,AERGGGFKTI,SGHRS,YFSETQ,ASSERASPGNVLT,SPRWYFYYL
6271,TSDPSYG,QGSYDQQN,GNTGGFKTI,SEHNR,FQNEAQ,ASSLTGTREAF,RAKFKQLL
6272,NIATNDY,GYKTK,LFASGGYNKLI,LGHDT,YNNKEL,ASSPILGTSGSAYNEQF,CINGVCWTV
6274,TSDPSYG,QGSYDQQN,AIHTDWNAGNMLT,SGHDT,YYEEEE,ASSSDRAGYT,TPRVTGGGAM
6275,NIATNDY,GYKTK,LVGDPYYGQNFV,MNHEY,SMNVEV,ASRTRGPVYNEQF,SPRWYFYYL
6276,VSGLRG,LYSAGEE,AVQANTDKLI,SGHTA,FQGNSA,ASSPPGLVGGELF,GLCTLVAML
6277,TSINN,IRSNERE,ATDVSYNTDKLI,SGHAT,FQNNGV,ASSFPVTAITGNTEAF,GPRLGVRAT
6278,NSASDY,IRSNMDK,AENGGGSTLGRLY,LNHDA,SHIVND,ASSTRSTDTQY,GILGFVFTL
6279,SVFSS,VVTGGEV,AVSGSQGNLI,LGHNA,YNFKEQ,ASSQRPSEVGELF,RAKFKQLL
6280,NSAFQY,TYSSGN,ASSGVGGRQNNLI,LNHDA,SQIVND,ASSIRAGETQY,GILGFVFTL
6281,DSASNY,IRSNVGE,AASGGGSQGNLI,SGHTA,FQGTGA,ASSFYAGSTNEQF,RAKFKQLL
6282,TRDTTYY,RNSFDEQN,ALSDRVINNDMR,SEHNR,FQNEAQ,ASSGRGWETQY,RAKFKQLL
6283,TSDPSYG,QGSYDQQN,AMREFNSNSGYALN,MNHEY,SMNVEV,ASSHRSGWETQY,TTDPSFLGRY
6284,TSESDYY,QEAYKQQN,AYRSENAGGTSYGKLT,LNHDA,SQIVND,ASSVYSNQPQH,GILGFVFTL
6285,DRGSQS,IYSNGD,AVVRQDSNYQLI,SGHDN,FVKESK,ASSGHYEQY,NLVPMVATV
6286,VSPFSN,MTFSENT,VVSDPRDGNVLHCFGNVLH,MNHNS,SASEGT,ASSQWTGSQPQH,GLCTLVAML
6287,DSSSTY,IFSNMDM,AEMEGGSYIPT,LGHDT,YNNKEL,ASSLGTGGSYEQY,RAKFKQLL
6288,YGGTVN,YFSGDPLV,AVKDTDKLI,MDHEN,SYDVKM,ASSPILAGVDTQY,YVLDHLIVV
6289,DRGSQS,IYSNGD,AVKERHSSASKII,MDHEN,SYDVKM,ASSFENTGELF,TTDPSFLGRY
6290,NSASQS,VYSSG,VVFPAPGGYNKLI,SGHRS,YFSETQ,ASSLLGAATEAF,YAKWKLCSA
6291,SSVPPY,YTSAATLV,AVLEGAQKLV,KGHSH,LQKENI,ASSPPQGGSYEQY,QYIKWPWYI
6292,NSMFDY,ISSIKDK,AASAINSGTYKYI,MNHEY,SMNVEV,ASSLFTGAFYEQY,GILGFVFTL
6293,DRGSQS,IYSNGD,AVNANKLI,DFQATT,SNEGSKA,SAPRRQDEQF,LLWNGPMAV
6294,SIFNT,LYKAGEL,AGQSYMNYGGSQGNLI,MGHRA,YSYEKL,ASSQAAGGSYEQY,RAKFKQLL
6295,DRGSQS,IYSNGD,AVTGNTDKLI,MNHEY,SVGEGT,ASSSAGAAYEQY,LLWNGPMAV
6296,DSAIYN,IQSSQRE,AVGRSYSGAGSYQLT,LNHDA,SQIVND,ASSTRSGTEAF,GILGFVFTL
6297,TRDTTYY,RNSFDEQN,ALSEAGVEGGSYIPT,LNHDA,SQIVND,ASSMYGGQPQH,GILGFVFTL
6298,TRDTTYY,RNSFDEQN,ALELMDSSYKLI,SEHNR,FQNEAQ,ASSLRGTSAYNEQF,TPRVTGGGAM
6299,DRGSQS,IYSNGD,AVSGTYKYI,LGHNA,YSLEER,ASSQGTSGNEQF,LLWNGPMAV
6300,NSASQS,VYSSG,VVESMEYGNKLV,SGHKS,YYEKEE,ASSRGRGGQYNEQF,RAKFKQLL
6301,DSASNY,IRSNVGE,AGGETSYDKVI,SGHNS,FNNNVP,ASSFTGGRTGELF,RAKFKQLL
6303,VSGNPY,YITGDNLV,AVTLGGGSQGNLI,LNHDA,SQIVND,ASSGRASDTQY,GILGFVFTL
6304,DSASNY,IRSNVGE,AGYSGAGSYQLT,SGHVS,FNYEAQ,ASSLSSYNEQF,RAKFKQLL
6305,YGGTVN,YFSGDPLV,AVNARNQGGKLI,SGHDN,FVKESK,ASSQGGPVGNQPQH,DATYQRTRALVR
6306,SIFNT,LYKAGEL,AGFLYNNNDMR,LGHDT,YNNKEL,ASSHERDRDTGELF,NLVPMVATV
6307,DSASNY,IRSNVGE,AASETSYDKVI,MNHEY,SMNVEV,ASSPIPVVTEAF,RAKFKQLL
6308,DSSSTY,IFSNMDM,AETTGALYSGAGSYQLT,MNHNS,SASEGT,ASSDTETGGLETQY,ELAGIGILTV
6309,KALYS,LLKGGEQ,GTETDRGSTLGRLY,SGHAT,FQNNGV,ASSLLPGLAVNEQF,RGPGRAFVTI
6310,VSGNPY,YITGDNLV,VSNQAGTAL,MDHEN,SYDVKM,SSVFGTSYEQ,GILGFVFTL
6311,TSDPSYG,QGSYDQQN,AMREGRGTGANNLF,SGHRS,YFSETQ,ASSLVAEPSLNTEAF,HPVTKYIM
6312,TSINN,IRSNERE,ATDARFRDDKII,LGHDT,YNNKEL,ASSVHDRGLSSEQY,GILGFVFTL
6313,VTNFRS,LTSSGIE,AVEAREYGNKLV,SGHNT,YYREEE,ASSSEASGEN,GILGFVFTL
6314,NSMFDY,ISSIKDK,AASMGHALN,SGHTA,FQGTGA,ASSFGTGMGYEQY,RAKFKQLL
6315,DSASNY,IRSNVGE,AEAETSYDKVI,SEHNR,FQNEAQ,ASSPLGGPKDTIY,RAKFKQLL
6316,TSENNYY,QEAYKQQN,AFMNHDGPCVTCKFI,LNHDA,SQIVND,ASSILLGETQY,GILGFVFTL
6317,DRGSQS,IYSNGD,AVFSNTGKLI,KGHDR,SFDVKD,ATSDLKQGNEQY,CLGGLLTMV
6318,NSASQS,VYSSG,VVNIGSNDMR,MNHNY,SVGAGI,AISAPGVNTEAF,TDLGQNLLY
6319,TSDPSYG,QGSYDQQN,AMREGGSNYQLI,LNHDA,SQIVND,ASSMIPDMNTEAF,RPIIRPATL
6320,VSGNPY,YITGDNLV,AVRGTNARLM,SGHNS,FNNNVP,ASSVVTEAF,NLVPMVATV
6321,DSASNY,IRSNVGE,AAKEGYSTLT,MGHRA,YSYEKL,ASSLLWAEYNEQF,RAKFKQLL
6322,NSMFDY,ISSIKDK,AASATSGTYKYI,LNHDA,SQIVND,ASSINPRTSGFGGEVRQF,VSDGGPNLY
6323,NSMFDY,ISSIKDK,AASEASGTYKYI,LNHDA,SQIVND,ASSIGQAPLYGYT,VSDGGPNLY
6324,TISGTDY,GLTSN,SLLPLAGVPPYGPLT,SGHVS,FQNEAQ,ASSSEQAYEQY,FLRGRAYGL
6325,DSASNY,IRSNVGE,AAKEGYSTLT,SEHNR,FQNEAQ,ASSLVGTKRETQY,RAKFKQLL
6326,NSASQS,VYSSG,VVIGPFNDYKLS,SQVTM,ANQGSEA,SVEKGNNYGYT,RLPGVLPRA
6327,DSAIYN,IQSSQRE,AVLGNQFY,SGHTA,FQGTGA,ASSLVAGTDGYT,RLPGVLPRA
6328,DRGSQS,IYSNGD,AVNPLRDSNYQLI,MGHRA,YSYEKL,ASSQTRGAGNTIY,RAKFKQLL
6329,NSMFDY,ISSIKDK,AASAPGAGSYQLT,SGDLS,YYNGEE,ASSDRDSYNEQF,GILGFVFTL
6330,DRGSQS,IYSNGD,AVGGNNRLA,MNHNS,SASEGT,ASTPSGVSGTEAF,ELAGIGILTV
6331,ATGYPS,ATKADDK,APRALSGAQKLV,LNHDA,SQIVND,ASSTYSTGSGYT,GILGFVFTL
6332,DSAIYN,IQSSQRE,AVRMDSGYALN,MNHNY,SVGAGI,ASSYAAGQLETQY,RPPIFIRRL
6333,NSMFDY,ISSIKDK,AASSGNTGKLI,SNHLY,FYNNEI,ASWTDSQGETQY,TTDPSFLGRY
6334,DSASNY,IRSNVGE,AAAETSYDKVI,LNHDA,SQIVND,ASSWIAANTGELF,RAKFKQLL
6335,TSGFNG,NVLDGL,AVRADSGAGSYQLT,DFQATT,SNEGSKA,SARDRVGNTIY,GLCTLVAML
6336,TSESDYY,QEAYKQQN,AYRSPDSNYQLI,SGHRS,YFSETQ,ASSLVVGLSDTQY,TPRVTGGGAM
6337,VSGNPY,YITGDNLV,AVRDPLTPLV,MNHEY,SMNVEV,ASSLQSSYEQY,GILGFVFTL
6338,DRGSQS,IYSNGD,AVNRYSSASKII,LNHDA,SQIVND,ASSTGLAGLETQY,LLLDRLNQL
6339,SSVSVY,YLSGSTLV,AVSDREYGNKLV,SGHTA,FQGTGA,ASSLIVASGDNEQF,RAKFKQLL
6340,VSPFSN,MTFSENT,VVSAENQGGKLI,MRHNA,SNTAGT,ASSVWTGHNEQF,GLCTLVAML
6341,SSNFYA,MTLNGDE,AFDTGRRALT,ENHRY,SYGVKD,ASNTGDTNQPQH,EPLPQGQLTAY
6342,VSGNPY,YITGDNLV,AVRDSEGDSSYKLI,MGHRA,YSYEKL,ASSQAPAGAGHEQY,RAKFKQLL
6343,YGATPY,YFSGDTLV,AVGYSGGYQKVT,SEHNR,FQNEAQ,ASSSPPDRGPNTGELF,GILGFVFTL
6344,TSINN,IRSNERE,ATVLRMDSSYKLI,MGHRA,YSYEKL,ASSQEGLARDEQF,TPRVTGGGAM
6345,TSINN,IRSNERE,ATDEEEYGNKLV,SGHAT,FQNNGV,ASSLGPGLASDTQY,RTATKAYNV
6346,NTAFDY,IRPDVSE,AASIGAFGNEKLT,LGHNA,YSLEER,ASSPARNTEAF,RPHERNGFTVL
6347,VSGNPY,YITGDNLV,AVRDWSGGGADGLT,MNHEY,SVGAGI,ASSYGGGQSTGELF,TTDPSFLGRY
6348,SSNFYA,MTLNGDE,AFRYWSWGKLQ,KGHDR,SFDVKD,ATMNGLSSYNEQF,RPPIFIRRL
6349,ATGYPS,ATKADDK,ALSINTGRRALT,ENHRY,SYGVKD,AIHPSGGPSTDTQY,TTDPSFLGRY
6350,SVFSS,VVTGGEV,AANYGGSQGNLI,LNHDA,SQIVND,ASSLRSSYEQY,GILGFVFTL
6351,VGISA,LSSGK,APSGRGSTLGRLY,KGHSH,LQKENI,ASSHAAGLAGLQETQY,GILGFVFTL
6352,TSESDYY,QEAYKQQN,AYRSNYGGSQGNLI,MGHRA,YSYEKL,ASSQESGNPNNEQF,ATDALMTGF
6353,VGISA,LSSGK,AAPSNDMR,MGHRA,YSYEKL,ASSQDLGSYNSPLH,FEDLRVSSF
6354,NTAFDY,IRPDVSE,AASKGAQKLV,LNHDA,SQIVND,ASSQRSTDTQY,GILGFVFTL
6355,DRGSQS,IYSNGD,AVRRGDGGSQGNLI,SGDLS,YYNGEE,ASSVWDGQETQY,GILGFVFTL
6356,DRGSQS,IYSNGD,AHRGSQGNLI,SGHNT,YENEEA,ASSPLTGESMSEKLF,ATDALMTGF
6357,VSGNPY,YITGDNLV,AVRALYNFNKFY,SGHTA,FQGNSA,ASSSLAGEVNEQF,QYIKWPWYI
6358,NSAFQY,TYSSGN,AFLPGGGYQKVT,SGHNT,YYREEE,ASSPEGGRTGNTIY,HPVTKYIM
6359,DRGSQS,IYSNGD,AVNSGGGNKLV,SGDLS,YYNGEE,ASSATRTRNYGYT,LLLDRLNQL
6360,NSASQS,VYSSG,VGYMNTGFQKLV,MRHNA,SNTAGT,ASSELGMDEQF,HSNLNDATY
6361,NSASDY,IRSNMDK,AENKREAGNTPLV,SGHKS,YYEKEE,ASSLAARGQNYGYT,RAKFKQLL
6362,TTLSN,LVKSGEV,AGPDPGGYQKVT,LGHNA,YNFKEQ,ASSQVGTGLANEQF,VSDGGPNLY
6363,VTNFRS,LTSSGIE,AVEDYGGSQGNLI,SGDLS,YYNGEE,ASSVTGQGRETQY,NQKLIANQF
6364,NSAFQY,TYSSGN,AMSPSNFGNEKLT,SGHDN,FVKESK,ASSQDFVLYSGNTIY,ELAGIGILTV
6365,NSAFQY,TYSSGN,AMTLSNFGHEKLT,LNHDA,SQIVND,ASSPRQGADGNTIY,LLAGIGTVPI
6366,DRGSQS,IYSNGD,AVKNNDMR,MGHRA,YSYEKL,ASSQDGLLGELF,ELAGIGILTV
6367,TRDTTYY,RNSFDEQN,ALSEPYSGGGADGLT,SGHTA,FQGNSA,ASSLAGGGTDTQY,QAKWRLQTL
6368,NSMFDY,ISSIKDK,AASTGGGNKLT,SNHLY,FYNNEI,ASSEGRLQKKSSGANVLT,TTDPSFLGRY
6369,DRGSQS,IYSNGD,AVGGGGADGLT,SGDLS,YYNGEE,ASSSSLAGGGELF,ELAGIGILTV
6370,DSSSTY,IFSNMDM,AEILVSSASKII,DFQATT,SNEGSKA,SARDQGQTYEQY,QYIKWPWYI
6371,TSINN,IRSNERE,ATEARMDSSYKLI,SEHNR,FQNEAQ,ASSLGETIYGYT,QYIKWPWYI
6372,NSASQS,VYSSG,VVNRADDMR,SGHNS,FNNNVP,AAGQGNTGELF,YLQPRTFLL
6373,TSINN,IRSNERE,ATDGDNNARLM,SGHTA,FQGTGA,ASSRGGAPYNEQF,LLWNGPMAV
6374,DSAIYN,IQSSQRE,TTDSWGKFE,DFQATT,SNEGSKA,SARDGGTDTQY,YLQPRTFLL
6375,NSASQS,VYSSG,VVNIPYGSNYQLI,MNHNS,SASEGT,ASSEGQGYEQY,NYNYLYRLF
6376,NSASDY,IRSNMDK,AENEGGGSQGNLI,LNHDA,SQIVND,ASSIRSAGRAF,GILGFVFTL
6377,NIATNDY,GYKTK,LVGDLGNTPLV,LGHNA,YNFKEQ,ASSQSSGDTQY,KSKRTPMGF
6378,DSASNY,IRSNVGE,AAAETSYDKVI,SEHNR,FQNEAQ,ASSFVDRAETQY,RAKFKQLL
6379,NSMFDY,ISSIKDK,AASANDYKLS,MDHEN,SYDVKM,ASSFGGGAWTDTQY,GILGFVFTL
6380,DSAIYN,IQSSQRE,AVPNYGQNFV,SGHTA,FQGTGA,ASSSRGGQETQY,RAKFKQLL
6381,TISGNEY,GLKNN,IVRVGYTGFQKLV,MGHRA,YSYEKL,ASRGTGGGSGQPQH,NLVPMVATV
6382,TSENNYY,QEAYKQQN,AFMKNNLF,KGHSH,LQKENI,ASSPLWNTGELF,GILGFVFTL
6383,VGISA,LSSGK,AVSSFNSGGSNYKLT,MRHNA,SNTAGT,ASSDSSFGVGLGNEQF,CTELKLSDY
6384,DSAIYN,IQSSQRE,AVDTGTASKLT,MDHEN,SYDVKM,ASTIGGNYYEQY,TTDPSFLGRY
6385,DRGSQS,IYSNGD,AVTTI,SGHDT,YYEEEE,ASTRGVLSGNTIY,ELAGIGILTV
6386,TRDTTYY,RNSFDEQN,ALGELAGAGGTSYGKLT,SGHRS,YFSETQ,ASSLEGGYYNEQF,IPSINVHHY
6387,SIFNT,LYKAGEL,AGQLGSGYALN,LNHDA,SQIVND,ASSPQTSGSSFAGELF,ALSKGVHFV
6388,NSASQS,VYSSG,VVNQVPGYALN,SQVTM,ANQGSEA,SVEKDRNTGELF,YLQPRTFLL
6389,VSGLRG,LYSAGEE,AVNYGGSQGNLI,MNHEY,SMNVEV,ASRLAGVSYNEQF,GILGFVFTL
6390,VSPFSN,MTFSENT,VVSLYSTDKLI,SGHNS,FNNNVP,ASSLSVRQSLLGGYT,TTDPSFLGRY
6391,YGATPY,YFSGDTLV,AVGDNFNKFY,SGHDT,YYEEEE,ASSLRDGSEAF,RAKFKQLL
6392,DRGSQS,IYSNGD,AVHDYKLS,SQVTM,ANQGSEA,SVVSPNTEAF,LLAGIGTVPI
6393,SIFNT,LYKAGEL,AGGNYGGSQGNLI,LNHDA,SQIVND,ASSIRSDEKLF,GILGFVFTL
6394,TSINN,IRSNERE,ATDPYDKVI,SGHAT,FQNNGV,ASSLDYRGYETQY,CINGVCWTV
6395,TSENNYY,QEAYKQQN,AFMSPNSGGGADGLT,MNHEY,SVGAGI,ASSLTGGNYGYT,PTDNYITTY
6396,NSMFDY,ISSIKDK,ASGGSQGNLI,MNHEY,SMNVEV,ASSIGTFETQY,GLCTLVAML
6397,TSINN,IRSNERE,ATDAGGGSQGNLI,LNHDA,SQIVND,ASMELAGLNEQF,GILGFVFTL
6398,NSAFQY,TYSSGN,AMAISNFGNEKLT,SGHAT,FQNNGV,ASSNQGQAKANYGYT,LLAGIGTVPI
6399,YGATPY,YFSGDTLV,AVGAPSTSGTYKYI,MGHRA,YSYEKL,ASSQDPGFGGGSYEQY,RFPLTFGWCF
6400,SVFSS,VVTGGEV,AGGGSQGNLI,LGHDT,YNNKEL,ASSQEIAPYYNEQF,GILGFVFTL
6401,TSDPSYG,QGSYDQQN,AMRDLFSGSARQLT,MNHNS,SASEGT,ASSQTGGPLQPQH,SPRWYFYYL
6402,DSSSTY,IFSNMDM,ATNTGNQFY,MNHEY,SMNVEV,ASSEAANQPQH,LTDEMIAQY
6403,SVFSS,VVTGGEV,AGASGNTGKLI,LNHDA,SQIVND,ASSIRGAYEQY,GILGFVFTL
6404,VSGNPY,YITGDNLV,AVREVEYGNKLV,LNHDA,SHIVND,ASSIGYYGYT,GILGFVFTL
6405,TSGFNG,NVLDGL,AVMNYGGATNKLI,MNHNY,SVGAGI,ASRDTGGAGDTQY,MEVTPSGTWL
6406,ATGYPS,ATKADDK,ALDLYGGSQGNLI,LNHDA,SQIVND,ASSIRSSQPQH,GILGFVFTL
6407,NSMFDY,ISSIKDK,AASVGVNFNKFY,SGHDT,YYEEEE,ASRYPSGGYT,TTDPSFLGRY
6408,TSINN,IRSNERE,ATEGGSGYSTLT,SNHLY,FYNNEI,ASTEGTSGGRGTGELF,LLAGIGTVPI
6409,DSAIYN,IQSSQRE,AVRMDSSYKLI,SEHNR,FQNEAQ,ASSSWDTGEL,RFPLTFGWCF
6410,NSAFQY,TYSSGN,ASYNQGGKLI,LNHDA,SQIVND,ASSIRSSYEQY,GILGFVFTL
6411,DRGSQS,IYSNGD,AVKNARLM,DFQATT,SNEGSKA,SARDLGSGTGELF,ELAGIGILTV
6412,NSASDY,IRSNMDK,AENGGDSSYKLI,MRHNA,SNTAGT,ANDAPPHSTDTQY,RAKFKQLL
6413,ATGYPS,ATKADDK,GANTGNQFY,MNHEY,SMNVEV,ASSERGGPDTQY,TTDPSFLGRY
6414,DRGSQS,IYSNGD,AVNRDDKII,SEHNR,FQNEAQ,ASSLDIEAF,YLQPRTFLL
6415,SSYSPS,YTSAATLV,VVSDHYSNSGYALN,SEHNR,FQNEAQ,ASSPPVISNNEQY,ATDALMTGF
6416,TSENNYY,QEAYKQQN,AFPINHSGGSNYKLT,SGHDY,FNNNVP,ASSSTNGYT,NLVPMVATV
6417,VSGNPY,YITGDNLV,AVTYGGSQGNLI,LNHDA,SQIVND,ASSTRAAYEQY,GILGFVFTL
6418,TISGTDY,GLTSN,ILSNNNDMR,GTSNPN,SVGIG,AWSVSDVANTEAF,NLVPMVATV
6419,DSSSTY,IFSNMDM,AEDAGNMLT,LGHNA,YNFKEQ,ASSQAGLAAYNEQF,GLCTLVAML
6420,TISGTDY,GLTSN,ILPLAGGTSYGKLT,MNHEY,SVGEGT,ASSQDPRTQGVQPQH,FLRGRAYGL
6421,DRGSQS,IYSNGD,AGRYGNNRLA,SGDLS,YYNGEE,ASSSGLVSNTGELF,GLCTLVAML
6422,TRDTTYY,RNSFDEQN,NYGGSQGNLI,SGDLS,YYNGEE,ASSVEAVDVEQY,VLFGLGFAI
6423,NSMFDY,ISSIKDK,AATGASGTYKYI,SGHAT,FQNNGV,ASSLDGASPLYGYT,VSDGGPNLY
6424,NSAFQY,TYSSGN,AMSKSNFGNEKLT,SGHAT,FQDESV,ASSRPNYGYT,LLAGIGTVPI
6425,DSAIYN,IQSSQRE,AVTTTDSWGKFQ,SGHRS,YFSETQ,ASSFEGQTTGELF,TDLGQNLLY
6426,TSENNYY,QEAYKQQN,AFMKLAGANSKLT,LGHDT,YNNKEL,ASKSEKGAGGSPLH,SLFNTVATLY
6427,DSAIYN,IQSSQRE,AVLGGGGADGLT,SGDLS,YYNGEE,ASSVYELSLPGAAQY,TTDPSFLGRY
6428,TSGFNG,NVLDGL,AVRAGGANNLF,DFQATT,SNEGSKA,RPSGRSVQETQY,TTDPSFLGRY
6429,DRGSQS,IYSNGD,AVNTGGNNRLA,LNHDA,SQIVND,ASRGQPNTGELF,RAKFKQLL
6430,ATGYPS,ATKADDK,ALSALNTGGFKTI,LNHDA,SQIVND,ASHPGTGTSSYNSPLH,LTDEMIAQY
6431,TISGTDY,GLTSN,IFLLAGGPRYGELT,SGHVS,FQNEAQ,ASSLGQAYEQY,FLRGRAYGL
6432,TISGNEY,GLKNN,IVRSDYKLS,SGHNT,YYREEE,ASSLPGYYGYT,YLQPRTFLL
6433,TSESDYY,QEAYKQQN,AYTVGAGGTSYGKLT,LNHDA,SQIVND,ASSTGLYGYT,GILGFVFTL
6434,TTSDR,LLSNGAV,AVDMMDRGSTLGRLY,LNHDA,SQIVND,ASSIYSSTDTQY,GILGFVFTL
6435,NSMFDY,ISSIKDK,AASEGTYKYI,GTSNPN,SVGIG,AVDHGGGTEAF,TTDPSFLGRY
6436,VSGNPY,YITGDNLV,AVRGPMDSSYKLI,SEHNR,FQNEAQ,ASSSHDETGVGSPLH,TPRVTGGGAM
6437,NSAFQY,TYSSGN,AMSAGNYGQNFV,MGHDK,SYGVNS,ASARDRDNTQY,GILGFVFTL
6438,TSGFNG,NVLDGL,AVRDWGYNFNKFY,DFQATT,SNEGSKA,SAREGSGGSDIQY,GILGFVFTL
6439,SIFNT,LYKAGEL,AGLGYNARLM,MNHEY,SMNVEV,ASSSGLGVGYT,GILGFVFTL
6440,VSGNPY,YITGDNLV,AVSPTGTASKLT,MNHEY,SMNVEV,ASSLIAGGPEAKNIQY,SPRWYFYYL
6441,TRDTTYY,RNSFDEQN,ALCDRGSTLGRLY,SGHVS,FQNEAQ,ASSLGREIGPIEQF,RAKFKQLL
6442,DSASNY,IRSNVGE,AGGGFQKLV,SGDLS,YYNGEE,ASSHPTSGRRDYEQY,RTATKQYNV
6443,DRGSQS,IYSNGD,AVTGDDKII,MNHNY,SVGAGI,ASTRQGAYEQY,LLWNGPMAV
6445,TSINN,IRSNERE,ATRNQAGTALI,LNHDA,SQIVND,ASSIVSGDYNEQF,GILGFVFTL
6446,TSGFNG,NVLDGL,AVTDSNYQLI,DFQATT,SNEGSKA,SARDMASGRNEQY,NLVPMVATV
6447,DSSSTY,IFSNMDM,AVSVSASKII,SGHDN,FVKESK,ASSQSPGGTQY,YVLDHLIVV
6448,YGATPY,YFSGDTLV,AVGAESGGGADGLT,SGHDY,FNNNVP,ASRQGTLYGYT,NQKLIANQF
6449,TSDPSYG,QGSYDQQN,AMPSFSGGYNKLI,MNHEY,SMNVEV,ASSLGLPGGAKNIQY,MEVTPSGTWL
6450,SSYSPS,YTSAATLV,AVPSYSSASKII,DFQATT,SNEGSKA,SAAYRDQPYEQY,SPRWYFYYL
6451,NYSPAY,IRENEKE,APYNFNKFY,LNHDA,SQIVND,ASSIRSSYEQY,GILGFVFTL
6452,YGATPY,YFSGDTLV,AVGASGTYKYI,SGHVS,FQNEAQ,ASSLGTGFSNQPQH,KSKRTPMGF
6453,NSASQS,VYSSG,VVNELDGGSQGNLI,LNHDA,SQIVND,ASSSRSSYEQY,GILGFVFTL
6454,TSDPSYG,QGSYDQQN,AMRGSNYKLT,SGDLS,YYNGEE,ASSGVGGQDEQY,NLVPMVATV
6455,NSASDY,IRSNMDK,ADSGGGADGLT,SNHLY,FYNNEI,ASSEGPGQGYEQY,RAKFKQLL
6456,SIFNT,LYKAGEL,AGSYGGSQGNLI,LNHDA,SQIVND,ASSVRSSGEQF,GILGFVFTL
6457,VSNAYN,GSKP,AVDRRMDSSYKLI,MDHEN,SYDVKM,AIVYRGQPSGANVLT,RFPLTFGWCF
6458,DRGSQS,IYSNGD,AVNGDTGNQFY,MNHEY,SMNVEV,ASSLIPGTGEQY,LLLDRLNQL
6459,DRGSQS,IYSNGD,AAPSGNNQGGKLI,MNHEY,SVGEGT,ASGMTGLTSEQY,GILGFVFTL
6460,DSASNY,IRSNVGE,AVVPGNTGKLI,LGHNA,YNFKEQ,ASSQRPSEVGELF,RAKFKQLL
6461,DRGSQS,IYSNGD,AVSGNKLT,LGHDT,YNNKEL,ASSQDLGGAYEQY,LLWNGPMAV
6462,TSINN,IRSNERE,ATILSTGGFKTI,SGHNS,FNNNVP,ASSLGPAGVYGYT,ALGIGILTV
6463,NIATNDY,GYKTK,LVVSDSSYKLI,SGHDT,YYEEEE,ASSFGSGNNEQF,GILGFVFTL
6464,TSENNYY,QEAYKQQN,TTSGTYKYI,SGHAT,FQNNGV,ASSLLTSGANVLT,GLCTLVAML
6465,ATGYPS,ATKADDK,ALGGSQGNLI,MNHEY,SMNVEV,ASSFRSGQDTQY,TTDPSFLGRY
6466,DSASNY,IRSNVGE,AASETSYDKVI,SGHNS,FNNNVP,ASSFTGQANTEAF,RAKFKQLL
6467,TISGNEY,GLKNN,IVRVWAYSGAGSYQLT,DFQATT,SNEGSKA,SASPFPGTVSGNTIY,MEVTPSGTWL
6468,NIATNDY,GYKTK,LVGEGPSGGYQKVT,DFQATT,SNEGSKA,SAPLPLRDNEQY,CINGVCWTV
6469,NYSPAY,IRENEKE,APRNTPLV,MNHEY,SMNVEV,ASSLYGGQPQH,HPNGYKSLSTL
6470,NSASDY,IRSNMDK,AERNRDDKII,SNHLY,FYNNEI,ASSFMPSAAYEQY,TPRVTGGGAM
6471,YSGSPE,HISR,ALIKAGNNRKLI,SQVTM,ANQGSEA,SAGRDGTNEKLF,ALAGIGILTV
6472,DRGSQS,IYSNGD,AVNLGLTAGGTSYGKLT,MRHNA,SNTAGT,ASRAGTEISGYGYT,ELAGIGILTV
6473,NSASQS,VYSSG,VVNMPGYSTLT,SGHNT,YYREEE,ASSDDLGGNTGELF,YLQPRTFLL
6474,TSINN,IRSNERE,ATASTSGTYKYI,PRHDT,FYEKMQ,ASSLGGQGSNEQF,RAKFKQLL
6476,NSAFQY,TYSSGN,AMSGANFGNEKLT,DFQATT,SNEGSKA,SASTDLRASPKPDTQY,LLAGIGTVPI
6477,DSAIYN,IQSSQRE,AVMNSNSGYALN,SQVTM,ANQGSEA,SVGEGGYTEAF,GILGFVFTL
6478,TSINN,IRSNERE,ATEGTSGYSTLT,MNHEY,SVGAGI,ASSYSGGYYGYT,FLYALALLL
6479,NSASDY,IRSNMDK,AENSQIYSGGGADGLT,SNHLY,FYNNEI,ASLVGQVNYGYT,TTDPSFLGRY
6480,SSVPPY,YTSAATLV,AVSPNDYKLS,SGHTA,FQGNSA,ASSLGGGPQETQY,RAKFKQLL
6481,NSMFDY,ISSIKDK,AASAEARLM,LGHDT,YNNKEL,ASRVGREPTGELF,RAKFKQLL
6482,TTQYPS,AMKANDK,TTSGTYKYI,SGHNS,FNNNVP,ASSFSGSANTEAF,RAKFKQLL
6483,TSINN,IRSNERE,ATDAGNDMR,MNHEY,SVGAGI,ASSYWVGDTDTQY,GLCTLVAML
6484,DSASNY,IRSNVGE,NYGGATNKLI,LGHNA,YNFKEQ,ASSQYGYEQY,ALGIGILTV
6485,TSDPSYG,QGSYDQQN,AMREGDTSNSGAGSYQLT,LNHDA,SQIVND,ASSMVPDMNTEAF,RPIIRPATL
6486,NSASQS,VYSSG,VVNEEDALI,DFQATT,SNEGSKA,SARDAGGQNTGELF,YLQPRTFLL
6487,SSVPPY,YTSAATLV,AVSGPRNNNARLM,MNHEY,SMNVEV,ASSLGVNTEAF,MEVTPSGTWL
6488,TSDPSYG,QGSYDQQN,AMREGDVGAGNNRKLI,MGHDK,SYGVNS,ASSVEIQDEQY,NQKLIANQF
6489,DRGSQS,IYSNGD,AANQAGTALI,MDHEN,SYDVKM,ASSPLGARGQF,ALAGIGILTV
6490,YSGSPE,HISR,ALKDTDKLI,KGHDR,SFDVKD,ATSDWLTNEQF,YVLDHLIVV
6491,DRGSQS,IYSNGD,AVLQGAQKLV,SNHLY,FYNNEI,ASGDSSYEQY,LLLDRLNQL
6492,NSASQS,VYSSG,VVNGRDSSYKLI,SNHLY,FYNNEI,ASSSGKLAPGEL,GLCTLVAML
6493,NTAFDY,IRPDVSE,AADYTGNQFY,DFQATT,SNEGSKA,SAPSYGELF,YLQPRTFLL
6494,TSDPSYG,QGSYDQQN,AMREGPGTASKLT,SNHLY,FYNNEI,ASIGPNTIY,SPRWYFYYL
6495,DRGSQS,IYSNGD,AVSGDKII,MNHEY,SVGAGI,ASSSGSPGSYGYT,LLWNGPMAV
6496,TRDTTYY,RNSFDEQN,ALSEDGTGGFKTI,MNHNS,SASEGT,ASERRGLSGYT,TTDPSFLGRY
6497,KALYS,LLKGGEQ,GTNGENTGKLI,LNHDA,SQIVND,ASSIRSSDTQY,GILGFVFTL
6498,SSVPPY,YTSAATLV,AVSDISNFGNEKLT,SGHAT,FQNNGV,ASSLGDRNTEAF,LLFGYPVYV
6499,DRGSQS,IYSNGD,AVTASKLT,SGDLS,YYNGEE,ASSAGQESYEQY,LLWNGPMAV
6500,VGISA,LSSGK,AMRPHFGTEILT,SGHTA,FQGNSA,ASSSYRDLMNTEAF,LLAGIGTVPI
6501,NSAFQY,TYSSGN,AMSGYKLS,MNHNS,SASEGT,ASSEGPGGDEQY,YLQPRTFLL
6502,TSGFNG,NVLDGL,AVRGPEGGGNKLT,SGDLS,YYNGEE,ASSAGTSGQETQY,GLCTLVAML
6503,NIATNDY,GYKTK,LVGDNMFSGGYNKLI,MNHEY,SVGAGI,ASCPRQGYNEQF,SPRWYFYYL
6504,DRGSQS,IYSNGD,AVTSYGKLT,SQVTM,ANQGSEA,SVEGGGVAASLDNEQF,LLAGIGTVPI
6505,VSGLRG,LYSAGEE,TTDSWGKFE,SGHNS,FNNNVP,ASSLSLIYEQY,TTDPSFLGRY
6506,TSGFNG,NVLDGL,AVRDKQAGTALI,LNHDA,SQIVND,ASSLTGYPSTDTQY,SPRWYFYYL
6507,NSASDY,IRSNMDK,AENMGGGSQGNLI,SGHTA,FQGNSA,ASSLEGGTTPFYEQY,GILGFVFTL
6508,DSAIYN,IQSSQRE,AVIRMDSSYKLI,KGHSH,LQKENI,ASSSGEYGYT,RAKFKQLL
6509,ATGYPS,ATKADDK,ALMETSYDKVI,SGHNS,FNNNVP,ASSFPTEGLGATDTQY,RAKFKQLL
6510,NSAFQY,TYSSGN,AISISNFGNEKLT,SEHNR,FQNEAQ,ARSRGRGNTGELF,LLAGIGTVPI
6511,NIATNDY,GYKTK,LVGDQILTGGGNKLT,SGHTA,FQGNSA,ASSLATGSGNQPQH,SPRWYFYYL
6512,TSENNYY,QEAYKQQN,AFMKGAGGTSYGKLT,MGHRA,YSYEKL,ASSQTRGAGNTIY,RAKFKQLL
6513,SVFSS,VVTGGEV,AGNTGTASKLT,SGDLS,YYNGEE,ASSPKYSYEQY,VLEETSVML
6514,NSASQS,VYSSG,AFTGANNLF,SGHDN,FVKESK,ASSTYYNEQF,LLAGIGTVPI
6515,TISGTDY,GLTSN,ILSNNNDMR,MNHEY,SVGAGI,ASSPSTGVTFYGYT,NLVPMVATV
6516,NSAFQY,TYSSGN,AMSLSNFGNEKLT,SGHAT,FQNNGV,ASSWITGGGSNQPQH,LLAGIGTVPI
6517,SSVSVY,YLSGSTLV,AVSPVSNFGNEKLT,SGHDT,YYEEEE,ASSPLSLGSPYNEQF,GILGFVFTL
6518,DSASNY,IRSNVGE,AASETSYDKVI,SGHNS,FNNNVP,ASSYTGGLRYGYT,RAKFKQLL
6519,DRGSQS,IYSNGD,AVTGNQFY,SGDLS,YYNGEE,ASSAGTGAYEQY,LLWNGPMAV
6520,TTLSN,LVKSGEV,NYGGSQGNL,LNHDA,SQIVND,SSIRSTDTQ,GILGFVFTL
6521,YGGTVN,YFSGDPLV,AVGKDGQNFV,LGHNA,YNFKEQ,ASSPVGLADYEQY,YVLDHLIVV
6522,DSAIYN,IQSSQRE,AVLSGTYKYI,SGHTS,YDEGEE,ASSLDSSYEQY,TTDPSFLGRY
6523,NSMFDY,ISSIKDK,AASARGSSGDKLT,SGDLS,YYNGEE,NTGELF,CINGVCWTV
6524,NSAFQY,TYSSGN,AMKSTNAGKST,DFQATT,SNEGSKA,SARDRVGNTIY,GLCTLVAML
6525,NSASQS,VYSSG,VVNGDRDRISRLVK,SNHLY,FYNNEI,ASSNADTPLQETQY,GLCTLVAML
6526,DSSSTY,IFSNMDM,AESPNFGNEKLT,SGDLS,YYNGEE,ASSGQGTYGYT,SLFNTVATLY
6527,TSINN,IRSNERE,ATENIRDDKII,DFQATT,SNEGSKA,SARAWDRAQATNEKLF,GILGFVFTL
6528,TSGFNG,NVLDGL,AVNAGNNRKLI,MGHRA,YSYEKL,ASSQEWTGRTEAF,SPRWYFYYL
6529,TSESDYY,QEAYKQQN,AYKESSGTYKYI,MGHDK,SYGVNS,ASSPRPDRELGNTIY,RVAGDSGFAAY
6530,TRDTTYY,RNSFDEQN,ALSEAGSGYSTLT,LGHNA,YNFKEQ,ASSQTYPGAYNEQF,SPRWYFYYL
6531,DRGSQS,IYSNGD,AVGTTGGGNKLT,SNHLY,FYNNEI,ASRRGAYNEQF,LLLDRLNQL
6532,TSINN,IRSNERE,NYGGSQGNLI,SGHVS,FNYEAQ,ASSLNVGEGAGNTIY,RAKFKQLL
6533,NSAFQY,TYSSGN,AMWGAQKLV,MDHEN,SYDVKM,ASSFVKLADSSYNEQF,ATDALMTGF
6534,YGATPY,YFSGDTLV,AVGARDYGQNFV,SGHTA,FQGTGA,ASSLGTSGGTGELF,RAKFKQLL
6535,NSASQS,VYSSG,VARGGATNKLI,SGHDY,FNNNVP,ASSLIFAGRGAEAF,EPLPQGQLTAY
6536,SIFNT,LYKAGEL,AGQEIYGNDLV,SQVTM,ANQGSEA,SVEDPRRNYEQY,YAKWKLCSA
6537,DSVNN,IPSGT,AVEPPSGSRLT,GTSNPN,SVGIG,AWVSRGDSLNYEQY,CINGVCWTV
6538,DRGSQS,IYSNGD,AVNSGGGADGLT,SGDLS,YYNGEE,ASSDSSGANVLT,GILGFVFTL
6539,YGATPY,YFSGDTLV,TTSGTYKYI,MNHEY,SVGEGT,ASSYFANEQF,LLAGIGTVPI
6540,TSDPSYG,QGSYDQQN,AMRGSENTGTASKLT,SGDLS,YYNGEE,ASSVVLTSGPTDTQY,LTDEMIAQY
6541,TSINN,IRSNERE,TTDSWGKFE,GTSNPN,SVGIG,AWSVGTGELF,LLAGIGTVPI
6542,TSENNYY,QEAYKQQN,AYRSRQSNRDDKII,LNHDA,SQIVND,ASSMFGGNNQPQH,GILGFVFTL
6543,DSASNY,IRSNVGE,AATHSTLT,DFQATT,SNEGSKA,SASMEAASTYEQY,LLWNGPMAV
6544,TISGTDY,GLTSN,ILRDVGGTSYGKLT,MNHEY,SMNVEV,ASSPIGQGAGSNQPQH,GILGFVFTL
6545,DSVNN,IPSGT,ASRALTGNQFY,SGDLS,YYNGEE,ASSVVQGPDTQY,VTEHDTLLY
6546,TSESDYY,QEAYKQQN,AYRSPPSSEKLV,SQVTM,ANQGSEA,SDRDGGNYGYT,YVLDHLIVV
6547,TSDPSYG,QGSYDQQN,AMRGLKNAGNMLT,SGHVS,FQNEAQ,ASSSWQGTNEKLF,VLEETSVML
6548,NSAFQY,TYSSGN,AMSPGAGGTSYGKLT,SGHDT,YYEEEE,ASSLRDGSEAF,RAKFKQLL
6549,TTLSN,LVKSGEV,AGGYGGSQGNLI,LNHDA,SQIVND,ASSIRSVAEA,GILGFVFTL
6550,TRDTTYY,RNSFDEQN,ALTPSSGSARQLT,SGHAT,FQNNGV,ASSFFGAQQVDGYT,RPIIRPATL
6551,DSASNY,IRSNVGE,AASMSGGYQKVT,SGHDT,YYEEEE,ASSLIRGLVQASYEQY,SPRWYFYYL
6552,YGGTVN,YFSGDPLV,AAKDTDKLI,MNHEY,SMNVEV,ASSFNVGTVPYEQY,YVLDHLIVV
6553,DSSSTY,IFSNMDM,AETFNARLM,MNHNY,SVGAGI,ASSYGFPTSGGNTGELF,RAKFKQLL
6554,VSNAYN,GSKP,AVDGSGGYQKVT,DFQATT,SNEGSKA,SARVVFSDTYEQY,GLCTLVAML
6555,VSPFSN,MTFSENT,VVFKAAGNKLT,WSHSY,SAAADI,ASGGSSYQETQY,GLCTLVAML
6556,TTSDR,LLSNGAV,AGGLENAGGTSYGKLT,LNHDA,SQIVND,ASSRLSNQPQH,GILGFVFTL
6557,VSGLRG,LYSAGEE,AVQDPGGYNKLI,MNHEY,SVGAGI,ASSYGDYEQY,IPSINVHHY
6558,YGATPY,YFSGDTLV,AVGDNFNKFY,LNHDA,SQIVND,ASSIRSSYEQY,GILGFVFTL
6559,NIATNDY,GYKTK,LVVGGFKTI,GTSNPN,SVGIG,AWVRTEAF,SPRWYFYYL
6560,TSINN,IRSNERE,ATSLGGATNKLI,PRHDT,FYEKMQ,ASSLVGGPYNEQF,VLEETSVML
6561,NSASQS,VYSSG,VVAETGGGNKLT,WSHSY,SAAADI,ASEEDGMNTEAF,CLGGLLTMV
6562,NSASDY,IRSNMDK,ADSGGGADGLT,MRHNA,SNTAGT,ATSPSGGTYNEQF,RAKFKQLL
6563,YGGTVN,YFSGDPLV,AVRHTGKLI,LGHDT,YNNKEL,ASSQGLGNEQF,YVLDHLIVV
6564,TRDTTYY,RNSFDEQN,ALSEASAGGTSYGKLT,LNHDA,SHIVND,ASSMAGGPGNEQF,GILGFVFTL
6565,TSGFYG,NALDGL,APRGSCVDSNYQLI,LNHNV,YYDKDF,ATSDYNRDFYGYT,RTATKAYNV
6566,TSESDYY,QEAYKQQN,AIDNAGNMLT,MNHNS,SASEGT,ASSQTATTGPGSPLH,LLWNGPMAV
6567,DRGSQS,IYSNGD,AVTTDSWGKLQ,MNHEY,SVGAGI,ASRPGLMSAEPEQY,LLFGYPVYV
6568,DRGSQS,IYSNGD,AVKTAGNKLT,SGDLS,YYNGEE,ASSVTSNTGELF,LLLDRLNQL
6569,VSGLRG,LYSAGEE,AVRSEGGSNYKLT,SEHNR,FQNEAQ,ASSFPSRGANYGYT,DATYQRTRALVR
6570,TSINN,IRSNERE,ATDAKGGSNYKLT,SQVTM,ANQGSEA,SVGSGDGGEQF,RAKFKQLL
6571,DRGSQS,IYSNGD,AVNRASDSWGKLQ,MNHNS,SASEGT,ASSEPGHHEQY,LLWNGPMAV
6572,NIATNDY,GYKTK,LVGGIGFGNVLHCFGNVLH,GTSNPN,SVGIG,AWSISDLAKNIQY,NLVPMVATV
6573,DSVNN,IPSGT,AVVPTFGGSYIPT,SQVTM,ANQGSEA,SVEGTESYEQY,TTDPSFLGRY
6574,DSASNY,IRSNVGE,AASPRNNDMR,LGHNA,YNFKEQ,ASSQEGAGADEQF,DATYQRTRALVR
6575,SSVSVY,YLSGSTLV,TSNYQLI,SGHAT,FQNNGV,ASSLFRETEA,RLPGVLPRA
6576,DSSSTY,IFSNMDM,AEIEGSQGNLI,LNHDA,SQIVND,ASSMGGFYEQY,YLQPRTFLL
6577,DSAIYN,IQSSQRE,AVRWGIGFGNVLH,SNHLY,FYNNEI,ASSEEQDRGRTEAF,VSDGGPNLY
6578,TTLSN,LVKSGEV,GNYGGSQGNL,LNHDA,SQIVND,SSVRSDEKL,GILGFVFTL
6579,NSASQS,VYSSG,VVKAYGQNFV,LNHDA,SQIVND,ASSSRASYEQY,GILGFVFTL
6580,NSAFQY,TYSSGN,AMGGGNKLT,MNHEY,SVGEGT,ASNFGFSDYEQY,LLAGIGTVPI
6581,DRGSQS,IYSNGD,AVGNAGGTSYGKLT,MNHEY,SMNVEV,ASSLGANSPLH,ELAGIGILTV
6582,YSGSPE,HISR,ALSYSDGQKLL,SGHRS,YFSETQ,ASSLAGGWGTEAF,SPRWYFYYL
6583,TSDPSYG,QGSYDQQN,AMRDTGRRALT,SEHNR,FQNEAQ,ASSLVGGAGEQY,TTDPSFLGRY
6584,NSASQS,VYSSG,VVNQADKLS,SEHNR,FQNEAQ,ASSPDIEAF,YLQPRTFLL
6585,YSGSPE,HISR,AYGNQFY,SGHAT,FQNNGV,ASSPLGQRNTGELF,RAKFKQLL
6586,YGGTVN,YFSGDPLV,AVKDTDKLI,MNHEY,SVGAGI,ASSYSAGFTGELF,YVLDHLIVV
6587,YGATPY,YFSGDTLV,AVGAPSTSGTYKYI,LNHNV,YYDKDF,ATSRVTGGFYEQY,RFPLTFGWCF
6588,VGISA,LSSGK,AVRSNFGNEKLT,MNHNY,SVGAGI,ASSYWDRVSSGNTIY,NLVPMVATV
6589,VSGLRG,LYSAGEE,AVHEGGSQGNLI,DFQATT,SNEGSKA,SAREGNQPQH,ELAGIGILTV
6590,DRGSQS,IYSNGD,AVNSGNQFY,MNHEY,SMNVEV,ASRPTGMGQPQH,ELAGIGILTV
6591,VSGNPY,YITGDNLV,AVFNDYKLS,LGHNA,YNFKEQ,ASSQRPSEVGELF,RAKFKQLL
6592,YGATPY,YFSGDTLV,AVGEDSQLT,LGHNA,YSLEER,ASSQDSTSGYSREQF,KSKRTPMGF
6593,DRGSQS,IYSNGD,AVNMLVLNTDKLI,MGHRA,YSYEKL,ASSPRTSEYNEQF,RAKFKQLL
6594,TSESDYY,QEAYKQQN,AYTQGAQKLV,KGHTF,FQNEQV,ASSDHLGGQGNTIY,RPPIFIRRL
6595,TSENNYY,QEAYKQQN,APRPANAGGTSYGKLT,LNHDA,SQIVND,ASSLTSSSYNEQF,GILGFVFTL
6596,TRDTTYY,RNSFDEQN,ALSEASPTGTYKYI,LNHDA,SQIVND,ASSLSGPYNEQF,GILGFVFTL
6597,NSASDY,IRSNMDK,ADSGGGADGLT,SNHLY,FYNNEI,ASSGRTGSSYEQY,GILGFVFTL
6598,YGATPY,YFSGDTLV,AVGTNYGNNRLA,WSHSY,SAAADI,ASSEAPIGNTIY,LTDEMIAQY
6599,DSAIYN,IQSSQRE,AVRNQGGSEKLV,LNHDA,SQIVND,ASSLGAYGYT,GILGFVFTL
6600,NSAFQY,TYSSGN,AMGGGGGSQGNLI,LNHDA,SQIVND,ASSFRSSETQY,GILGFVFTL
6601,VSGNPY,YITGDNLV,AVRDGTANNLF,LNHDA,SQIVND,ASSISSTGELF,GILGFVFTL
6602,DRGSQS,IYSNGD,AVNAGANNLF,SGHTS,YDEGEE,ASSLAGPLSGYGYT,ELAGIGILTV
6603,TSINN,IRSNERE,ATEETSGSRLT,SGHVS,FNYEAQ,ASSLEAGDYNEQF,YLQPRTFLL
6604,SSNFYA,MTLNGDE,ARNTGNQFY,MNHEY,SVGAGI,ASSYQTGTGVYGYT,NLVPMVATV
6605,SSVPPY,YTSAATLV,AVSVDDMR,WSHSY,SAAADI,ATSTGTYEQY,GILGFVFTL
6606,NSAFQY,TYSSGN,SNFGNEKLT,SGHAT,FQNNGV,ASSLEERGFTDTQY,LLAGIGTVPI
6607,NSASDY,IRSNMDK,AENIGGSQGNLI,LNHDA,SQIVND,ASSHYSVNEQF,GILGFVFTL
6608,DSAIYN,IQSSQRE,AVRTEYNFNKFY,SEHNR,FQNEAQ,ASSLAGDEQF,KSKRTPMGF
6609,NSASQS,VYSSG,VVIRTGANNLF,SQVTM,ANQGSEA,SVEGGTAYEQY,GLCTLVAML
6610,TSINN,IRSNERE,ATDSMNTGFQKLV,SGHDN,FVKESK,ASSHLMSTDTQY,GILGFVFTL
6611,DRGSQS,IYSNGD,AVNGARLM,LNHNV,YYDKDF,ATSPSAGGYGYT,LLWNGPMAV
6612,VGISA,LSSGK,AAGNSNTGNQFY,SEHNR,FQNEAQ,ASGPGRGDINEQF,NQKLIANQF
6613,ATGYPS,ATKADDK,ALRGGKTSYDKVI,MNHEY,SVGEGT,ATSRLAGGYNEQF,SPRWYFYYL
6614,NSMFDY,ISSIKDK,AASGGSNYKLT,SGHTS,YDEGEE,ASSSAVIRGLDWCYT,VLFGLGFAI
6615,TISGNEY,GLKNN,IGNAGGTSYGKLT,MNHEY,SMNVEV,ASSLSGQGKF,GILGFVFTL
6616,TSDPSYG,QGSYDQQN,AMREFSNDYKLS,MNHEY,SMNVEV,ASSLRDSGDTQY,TTDPSFLGRY
6617,SSVSVY,YLSGSTLV,AVRGGDRAPRLV,SGHTA,FQGTGA,ASSLTVLAGPNTEAF,RAKFKQLL
6618,DRGSQS,IYSNGD,AVNPDRDDKII,SGDLS,YYNGEE,ASSASALSYEQY,ELAGIGILTV
6619,DSASNY,IRSNVGE,AAGETSYDKVI,MDHEN,SYDVKM,ASRLLGQPQH,RAKFKQLL
6620,ATGYPS,ATKADDK,ALSDYKLS,SGHNS,FNNNVP,ASSFSGNTGELF,RAKFKQLL
6621,TSINN,IRSNERE,ATDGDMR,SEHNR,FQNEAQ,ASSPDIEQY,YLQPRTFLL
6622,SSVSVY,YLSGSTLV,AADGSSNTGKLI,DFQATT,SNEGSKA,SARHRDNYYGYT,SPRWYFYYL
6623,YSGSPE,HISR,ALMDGANSKLT,MDHEN,SYDVKM,AAQQGRASQPPH,GLCTLVAML
6624,DSASNY,IRSNVGE,ALTGGGSQGNLI,LNHDA,SQIVND,ASSIRSGDTQY,GILGFVFTL
6625,DSAIYN,IQSSQRE,AVSSSGNTPLV,LGHDT,YNNKEL,ASSQDLGEETQY,KSKRTPMGF
6626,SIFNT,LYKAGEL,AGQNYGGSQGNLI,LNHDA,SQIVND,ASSIYLLGTEAF,GILGFVFTL
6627,TSENNYY,QEAYKQQN,AFVANAGGTSYGKLT,MNHGY,SVAAGI,ASSYTRVNEQF,GLCTLVAML
6628,DRGSQS,IYSNGD,AVGGGSNYKLT,MNHEY,SVGEGT,ASSYQGAGGYT,ELAGIGILTV
6629,DRGSQS,IYSNGD,AVKVG,WSHSY,SAAADI,ASRAGAGDTQY,LLAGIGTVPI
6630,NSMFDY,ISSIKDK,DLRQHFV,SGDLS,YYNGEE,ASNLAGTNEQF,GLCTLVAML
6631,TTSDR,LLSNGAV,AVDEGGGSQGNLI,LNHDA,SQIVND,ASSARAGITQY,GILGFVFTL
6632,TSGFNG,NVLDGL,AVRDSNYQLI,MDHEN,SYDVKM,ASSFRDLSTDTQY,RPHERNGFTVL
6633,TRDTTYY,RNSFDEQN,ALIPTSGTYKYI,LNHDA,SQIVND,ASSIGAFGYT,GILGFVFTL
6634,DRGSQS,IYSNGD,AVSTGFQKLV,MNHEY,SMNVEV,ASSLGETQY,ELAGIGILTV
6635,TSENNYY,QEAYKQQN,AYGTNAGGTSYGKLT,LNHDA,SQIVND,ASSIGVYGYT,GILGFVFTL
6636,TSGFNG,NVLDGL,AVGALNQAGTALI,MNHEY,SMNVEV,ASSLGTSNEQF,MEVTPSGTWL
6637,TSGFNG,NVLDGL,AVRLQAGTALI,SGHNS,FNNNVP,ASSFSGNTGELF,RAKFKQLL
6638,TSINN,IRSNERE,ATPRMDSSYKLI,MDHEN,SYDVKM,ASRTPVDTEAF,EPLPQGQLTAY
6639,ATGYPS,ATKADDK,ALPHSGNTPLV,MNHEY,SMNVEV,ASSLNPWAPSTDTQY,TPRVTGGGAM
6640,NSASDY,IRSNMDK,ADHMDTGRRALT,KGHDR,SFDVKD,ATSTGGQPQH,SPRWYFYYL
6641,VSPFSN,MTFSENT,VVSAGREYGNKLV,LNHDA,SQIVND,ASSITSGSLNEQ,GLCTLVAML
6642,DSASNY,IRSNVGE,AASIPTSNTGKLI,LNHDA,SQIVND,ASSSTLYNEQF,GILGFVFTL
6643,DSAIYN,IQSSQRE,ASQTGDSWGKFQ,MGHRA,YSYEKL,ASSQEFPGQGSYEQY,NLVPMVATV
6644,DRGSQS,IYSNGD,AVAGGKLI,MNHNS,SASEGT,ASSDREVYGYT,LLWNGPMAV
6645,SSNFYA,MTLNGDE,AFIHKDNAGNMLT,LNHDA,SQIVND,ASSTFLGAEAF,GILGFVFTL
6646,NSASQS,VYSSG,VVNMEGRYDMH,SGDLS,YYNGEE,ASSVDTGLTGELF,GLCTLVAML
6647,DRGSQS,IYSNGD,AVNTDSGNTPLV,SGHAT,FQNNGV,ASSLTQGGYTDTQY,KSKRTPMGF
6648,SSNFYA,MTLNGDE,AHNAGGTSYGKLT,LNHDA,SQIVND,ASSIRSSYEQY,GILGFVFTL
6649,NIATNDY,GYKTK,LVGDEDSGAGSYQLT,LGHNA,YNFKEQ,ATGTSGGKHNEQF,CINGVCWTV
6650,DSVNN,IPSGT,AVDAGGTSYGKLT,LNHDA,SQIVND,ASSIYSSYEQY,GILGFVFTL
6651,TTLSN,LVKSGEV,AGPRGGATNKLI,LNHDA,SQIVND,ASSVSSYNEQF,GILGFVFTL
6652,YGGTVN,YFSGDPLV,TTDSWGKFE,MNHNY,SVGAGI,ASSKQGESNSPLH,LLWNGPMAV
6653,TSDPSYG,QGSYDQQN,AMREGDSSFGNEKLT,SGDLS,YYNGEE,ASSVGGGVTDTEAF,GILGFVFTL
6654,NSAFQY,TYSSGN,AMSLANFGNEKLT,SGHTA,FQGNSA,ASSPDRRPGESQY,LLAGIGTVPI
6655,TSESDYY,QEAYKQQN,AYRTTLSGGGADGLT,SGHAT,FQNNGV,ASSLDKPPPDTGELF,CINGVCWTV
6656,NSASDY,IRSNMDK,ADSGGGADGLT,SGHDT,YYEEEE,ASSSTLYGSYNEQF,RAKFKQLL
6657,TISGNEY,GLKNN,IVRRQSNFGNEKLT,SEHNR,FQNEAQ,ASSLAREYSPLH,RPIIRPATL
6658,DSAIYN,IQSSQRE,ARTDSWGKLQ,MNHEY,SMNVEV,ASSPITGLAKNIQY,SPRWYFYYL
6659,DRGSQS,IYSNGD,AVMGNTPLV,LNHDA,SQIVND,ASSMEGSPPMGTEAF,LLLDRLNQL
6660,TISGTDY,GLTSN,ILRETSYDKVI,SGHNS,FNNNVP,ASTDVRRVDGELF,RAKFKQLL
6661,NIATNDY,GYKTK,LVVEGNRDDKII,SGHNS,FNNNVP,ASREWGGSVNEQF,RAKFKQLL
6662,VSGLRG,LYSAGEE,APNFGNEKLT,MGHRA,YSYEKL,ASSQERGMMNTEAF,RTATKQYNV
6663,YSGSPE,HISR,ALPLGTYKYI,MDHEN,SYDVKM,ASLSLEGTDTQY,YLQPRTFLL
6664,NSASDY,IRSNMDK,AENQGQAGTALI,LNHDA,SQIVND,ASSIVGSGYNEQF,GILGFVFTL
6665,DRGSQS,IYSNGD,AVNSKNYQLI,SQVTM,ANQGSEA,SDRDGGNYGYT,YVLDHLIVV
6666,DSASNY,IRSNVGE,AASMGGGSQGNLI,SEHNR,FQNEAQ,ASSSAAAYEQY,GILGFVFTL
6667,TRDTTYY,RNSFDEQN,ALSEFNYGGSQGNLI,MDHEN,SYDVKM,ASSLKAGGLGDTQY,QYIKWPWYI
6668,TRDTTYY,RNSFDEQN,ALSVLTGANNLF,SGDLS,YYNGEE,STDTQY,SPRWYFYYL
6669,NSASDY,IRSNMDK,AENTGGGSQGNLI,LNHDA,SQIVND,ASSIGLYGYT,GILGFVFTL
6670,NSAFQY,TYSSGN,AMSAPEYSSASKII,MDHEN,SYDVKM,ASSWTSGSYEQY,TTDPSFLGRY
6671,SVFSS,VVTGGEV,AGFFPYGGATNKLI,LGHNA,YNFKEQ,ASSPLAGVGNEQF,YSEHPTFTSQY
6672,DSAIYN,IQSSQRE,APLLPRPYHLI,WSHSY,SAAADI,ASSEDGMNTEAF,CLGGLLTMV
6673,SVFSS,VVTGGEV,AGGGSQGNLI,SEHNR,FQNEAQ,ASSLLSGTSHEQY,GILGFVFTL
6674,TSGFNG,NVLDGL,GANGANNLF,MNHEY,SMNVEV,ASSSTSGVTDTQY,TTDPSFLGRY
6675,NIATNDY,GYKTK,LVTDKLI,LNHDA,SQIVND,ASSNPGGWNEQF,CINGVCWTV
6676,DSASNY,IRSNVGE,AASEGNEKLT,SGHTA,FQGTGA,ASSLTGLHEQY,RAKFKQLL
6677,DSASNY,IRSNVGE,AASETSYDKVI,SGHNS,FNNNVP,ASLQGGKEKLF,RAKFKQLL
6678,NSASDY,IRSNMDK,AENNGGGSQGNLI,LNHDA,SQIVND,ASSGRAGGELF,GILGFVFTL
6680,DSASNY,IRSNVGE,AAMETSYDKVI,SGHAT,FQNNGV,ASSFHGGNEKLF,RAKFKQLL
6681,NSASDY,IRSNMDK,AENNSGDSSYKLI,SGHDY,FNNNVP,ASSFAHLSYNEQF,NLVPMVATV
6682,VSGNPY,YITGDNLV,AVSPLGGSQGNLI,LNHDA,SQIVND,ASSMRAALEQY,GILGFVFTL
6683,DRGSQS,IYSNGD,ALGGGGADGLT,MNHEY,SMNVEV,ASSFSSNNEQF,ELAGIGILTV
6684,SVFSS,VVTGGEV,AGLPESGYALN,DFQATT,SNEGSKA,SARAGLTTEAF,LLAGIGTVPI
6685,NYSPAY,IRENEKE,ALDQEEGQKLL,MDHEN,SYDVKM,ASSIRVGNTEAF,SPRWYFYYL
6686,DSASNY,IRSNVGE,AASETSYDKVI,SEHNR,FQNEAQ,ASSLVGAEPYEQY,RAKFKQLL
6687,DRGSQS,IYSNGD,AVLNNYGQNFV,SNHLY,FYNNEI,ATRGLNTGELF,LLLDRLNQL
6688,TSINN,IRSNERE,TTDSWGKFE,MNHEY,SMNVEV,ASSLSYRGNQPQH,SPRWYFYYL
6689,NSASQS,VYSSG,VVNREGYSTLT,SNHLY,FYNNEI,ASSESVLGLNTEAF,GLCTLVAML
6690,SVFSS,VVTGGEV,AAGGSQGNLI,DFQATT,SNEGSKA,SANRPGTEHSNQPQH,GILGFVFTL
6691,TSDPSYG,QGSYDQQN,AMREDTGRRALT,LGHNA,YSLEER,ASSQDAGTSGSLQGEQY,GILGFVFTL
6692,DSASNY,IRSNVGE,AASKYNNDMR,MNHEY,SVGAGI,ASSGGLGTDYEQY,VYFLQSINF
6693,NSASQS,VYSSG,VVSTDKLI,MNHNS,SASEGT,ASSAGQNAYEQY,LLWNGPMAV
6694,DRGSQS,IYSNGD,AVFTGGGNKLT,LNHDA,SQIVND,ASSMGSYGYT,GILGFVFTL
6695,YGGTVN,YFSGDPLV,AVKDTDKLI,DFQATT,SNEGSKA,SATDSTYNEQF,YVLDHLIVV
6696,TTSDR,LLSNGAV,AVVWGGSRLT,MNHNY,SVGAGI,ASSYPEQGTSNEKLF,GILGFVFTL
6697,TTLSN,LVKSGEV,AGLTSGTYKYI,KGHDR,SFDVKD,ATSDLTQDEQY,SPRWYFYYL
6698,TSGFNG,NVLDGL,APISYSGAGSYQLT,SGDLS,YYNGEE,ASSGGGTNSPLH,TTDPSFLGRY
6699,DSSSTY,IFSNMDM,AETQDSNYQLI,MGHRA,YSYEKL,ASSLLWAEYNEQF,RAKFKQLL
6700,NSASDY,IRSNMDK,ADSGGGADGLT,MNHEY,SVGEGT,ASSYDASGLTYEQY,RAKFKQLL
6701,DSSSTY,IFSNMDM,AEIPNYGGSQGNLI,SGHDY,FNNNVP,ASSFIGGVDGYT,NLVPMVATV
6702,DRGSQS,IYSNGD,ASTGTASKLT,DFQATT,SNEGSKA,SATPGQAWELF,ALAGIGILTV
6703,SSVPPY,YTSAATLV,AVSASGGSYIPT,LNHDA,SQIVND,ASSRGLEYNEQF,QYIKWPWYI
6704,TSDPSYG,QGSYDQQN,AMREAFYGNKLV,KGHTF,FQNEQV,ASRPTGMSNQPQH,SPRWYFYYL
6705,TSDPSYG,QGSYDQQN,AMREGAETSYDKVI,LNHDA,SQIVND,ASSLGQALGDTQY,GIIYIIYKL
6706,DSASNY,IRSNVGE,AMNNNAGNMLT,LNHDA,SQIVND,ASSIAGNSNQPQH,GILGFVFTL
6707,TRDTTYY,RNSFDEQN,ALRRDSNYQLI,SGHAT,FQDESV,ASSFMVVAGGAVGTDTQY,MEVTPSGTWL
6708,NSAFQY,TYSSGN,AMSISNFGNEKLT,MDHEN,SYDVKM,ASSLVRGDDTEAF,LLAGIGTVPI
6709,NYSPAY,IRENEKE,NTGNQFY,DFQATT,SNEGSKA,SARGTGAYEQY,QYIKWPWYI
6710,TTLSN,LVKSGEV,AGFPWAAGNKLT,LNHDA,SQIVND,ASSMMTGDSYNSPLH,CTELKLSDY
6711,SVFSS,VVTGGEV,AGARETSYDKVI,SEHNR,FQNEAQ,ASSSTGPSSYEQY,RAKFKQLL
6712,DRGSQS,IYSNGD,AVNNARLM,LNHNV,YYDKDF,ATSGTGGHEQY,LLWNGPMAV
6713,SIFNT,LYKAGEL,AGGGYGGSQGNLI,LNHDA,SQIVND,ASSIRSDTEAF,GILGFVFTL
6714,DSASNY,IRSNVGE,AAAETSYDKVI,KGHDR,SFDVKD,ATTYGDRRNTEAF,GILGFVFTL
6715,NSASQS,VYSSG,VVNLLYSSASKII,SGHDY,FNNNVP,ASSLGGPGVYNEQF,ATDALMTGF
6716,DSAIYN,IQSSQRE,AVNQAGTALI,SGHNT,YENEEA,ASSVDSGSTNEQF,NLVPMVATV
6717,NSAFQY,TYSSGN,ATLISNFGNEKLT,SGHAT,FQNNGV,ASSSILTATENTEAF,LLAGIGTVPI
6718,DSSSTY,IFSNMDM,AEMEGGSYIPT,SGDLS,YYNGEE,ASSTRLSGGTSNEQF,RAKFKQLL
6719,SIFNT,LYKAGEL,AGPGGSSNTGKLI,MNHEY,SMNVEV,ASSLIFPDTQY,GILGFVFTL
6720,YGATPY,YFSGDTLV,AVDFSGTYKYI,MGHRA,YSYEKL,ASSQDGQGAMYEQY,LTDEMIAQY
6721,DSVNN,IPSGT,AALNQAGTALI,LNHDA,SQIVND,ASSIFTGANVLT,GILGFVFTL
6722,NSASQS,VYSSG,VVNKGNDMR,SNHLY,FYNNEI,ASSDLDTGELF,YLQPRTFLL
6723,DRGSQS,IYSNGD,AVTYSGAGSYQLT,SGHDN,FVKESK,ASSQARGDTEAF,ELAGIGILTV
6724,NIATNDY,GYKTK,LLRGANNLF,SQVTM,ANQGSEA,SVDRGPEQY,SPRWYFYYL
6725,TSENNYY,QEAYKQQN,AFMQDAGGTSYGKLT,LNHDA,SQIVND,ASSTGYHGYT,GILGFVFTL
6726,NTAFDY,IRPDVSE,NTNAGKST,LNHDA,SQIVND,ASRGTTYNEQF,LLAGIGTVPI
6727,DSASNY,IRSNVGE,AATETSYDKVI,SEHNR,FQNEAQ,ASNLLQRDTEAF,RAKFKQLL
6728,DSAIYN,IQSSQRE,AVLSYNTDKLI,LGHNA,YNFKEQ,ASSPTDSAGTYEQY,VTEHDTLLY
6729,NSASQS,VYSSG,VVNLIGSGTYKYI,ENHRY,SYGVKD,AISVSQFDEQF,EPLPQGQLTAY
6730,DRGSQS,IYSNGD,CEQGSQGNLI,LNHDA,SQIVND,ASSSRSSYEQY,GILGFVFTL
6731,NSAFQY,TYSSGN,AMSRANFGNEKLT,SGHDN,FVKESK,ASSQDQGGSTDTQY,LLAGIGTVPI
6732,DSASNY,IRSNVGE,AALNDYKLS,LNHDA,SQIVND,ASTSHGGANNEQF,GILGFVFTL
6733,DSASNY,IRSNVGE,AGPYNFNKFY,SNHLY,FYNNEI,ASRDRDSLNTGELF,YLQPRTFLL
6734,SSVSVY,YLSGSTLV,AVSVMDSSYKLI,SGDLS,YYNGEE,ASSVGRGPATEAF,HPVTKYIM
6735,SSNFYA,MTLNGDE,AFKGGTSYGKLT,SGHDT,YYEEEE,ASSGLAGTAGETQY,TTDPSFLGRY
6736,SVFSS,VVTGGEV,AGAQDNAGNMLT,LNHDA,SQIVND,ASSIRAAYEQY,GILGFVFTL
6737,DRGSQS,IYSNGD,AVNIGGGSQGNLI,SGHTA,FQGNSA,ASSLYEQY,GILGFVFTL
6738,TRDTTYY,RNSFDEQN,ALLIFSGGYNKLI,MGHRA,YSYEKL,ASSQEGGGETQY,HPNGYKSLSTL
6739,NSAFQY,TYSSGN,AMSLSNFGNEKLT,SGHKS,YYEKEE,ASSLAWQGARDEQF,LLAGIGTVPI
6740,TSENNYY,QEAYKQQN,AFMIGAGGTSYGKLT,LNHDA,SQIVND,ASSIGNYGYT,GILGFVFTL
6741,DSAIYN,IQSSQRE,AVGGTTDSWGKLQ,MNHEY,SMNVEV,ASRGSLNQPQH,GILGFVFTL
6742,NSMFDY,ISSIKDK,AASAGRTGANNLF,SGHTS,YDEGEE,ASSLWGTEAF,RPPIFIRRL
6743,NSAFQY,TYSSGN,AMSANSGGYNKLI,KGHDR,SFDVKD,ATSDLATSAADTQY,SPRWYFYYL
6745,TSINN,IRSNERE,ATKIRMDSSYKLI,SEHNR,FQNEAQ,ASSYDTGLTEQY,TPRVTGGGAM
6746,TTQYPS,AMKANDK,TTSGTYKYI,MNHEY,SMNVEV,ASSTYLGRGTEAF,YVLDHLIVV
6747,SSVPPY,YTSAATLV,AVSEGGNKLV,MDHEN,SYDVKM,ASSLSQGALYEQY,ATDALMTGF
6748,NSASDY,IRSNMDK,AEPRNTGNQFY,ENHRY,SYGVKD,AISGGNEQF,QYIKWPWYI
6749,NYSPAY,IRENEKE,DLGRPNAGKST,KGHDR,SFDVKD,ATSDSPTDTQY,RAQAPPPSW
6750,VSGLRG,LYSAGEE,AVMVNRDDKII,LNHDA,SQIVND,ASSIGQAYYEQY,FEDLRVLSF
6751,DSAIYN,IQSSQRE,AVNSVSGAGSYQLT,SGHDT,YYEEEE,ASSLVGFSPLH,QYIKWPWYI
6752,YGATPY,YFSGDTLV,AVGAPSGAGSYQLT,MGHRA,YSYEKL,ASSPTSGSYEQY,RFPLTFGWCF
6753,TISGNEY,GLKNN,IVRVEGNNRLA,DFQATT,SNEGSKA,SARDQPAQNTGELF,YLQPRTFLL
6754,DRGSQS,IYSNGD,AVNESGGGADGLT,MNHEY,SMNVEV,ASSQQGLGQPQH,EAAGIGILTV
6755,YGGTVN,YFSGDPLV,AVKGVNFGNEKLT,SGHTA,FQGNSA,ASNWGGRGNTGELF,FEDLRVLSF
6756,DSSSTY,IFSNMDM,AERYSGGGADGLT,LNHNV,YYDKDF,ATSPHQEGRTEAF,LTDEMIAQY
6757,TSESDYY,QEAYKQQN,AYRSALMKTSYDKVI,LGHNA,YNFKEQ,ASSQDTGMNTEAF,GILGFVFTL
6758,NIATNDY,GYKTK,LVGSMDSNYQLI,MGHDK,SYGVNS,ASSSQSNQPQH,GILGFVFTL
6759,TSINN,IRSNERE,ATKGNVLHCFGNVLH,LNHDA,SQIVND,ASSDRAGNTIY,GILGFVFTL
6760,DRGSQS,IYSNGD,AVPPNAGGTSYGKLT,SQVTM,ANQGSEA,SVGTGGTNEKLF,ALAGIGILTV
6761,NSASQS,VYSSG,VVNRDDKII,SEHNR,FQNEAQ,ASSPEIEA,YLQPRTFLL
6762,SIFNT,LYKAGEL,AGQLKSSASKII,SGHKS,YYEKEE,ASSRGQGSADTQY,YVLDHLIVV
6763,DSASNY,IRSNVGE,AAPYSGGSNYKLT,SGHTA,FQGTGA,ASSLVGTGELF,NLVPMVATV
6764,VSPFSN,MTFSENT,VVRNMNTGFQKLV,SGHNS,FNNNVP,ASSFSGNTGELF,RAKFKQLL
6765,DRGSQS,IYSNGD,AVNRDARLM,SQVTM,ANQGSEA,SVNRGIGNTEAF,LLWNGPMAV
6766,DSSSTY,IFSNMDM,AERTGYALN,SQVTM,ANQGSEA,SVRSEGDTIY,GLCTLVAML
6767,NSMFDY,ISSIKDK,TTDSWGKFE,SGHDT,YYEEEE,ASSLASGQGPYEQY,TTDPSFLGRY
6768,NIATNDY,GYKTK,LVGDGGAGSYQLT,LGHNA,YSLEER,ASSQDPLAGGGGELF,CINGVCWTV
6769,DSASNY,IRSNVGE,AASWGTASKLT,MNHEY,SVGAGI,ASSSLTGNQPQH,SPRWYFYYL
6770,NIATNDY,GYKTK,NSNSGYALN,DFQATT,SNEGSKA,SAERDGYT,CINGVCWTV
6771,TRDTTYY,RNSFDEQN,ALSESMEYGNKLV,MGHDK,SYGVNS,ASTRGAEGGSYNSPLH,TTDPSFLGRY
6772,NSASDY,IRSNMDK,AENILSSSNTGKLI,SGDLS,YYNGEE,ASQSAEASTDTQY,ATDALMTGF
6773,NSMFDY,ISSIKDK,AARCHGQNFV,LGHDT,YNNKEL,ASSYRSSYEQY,QMMVKAGL
6774,DSASNY,IRSNVGE,AAKKGNQFY,SGHNS,FNNNVP,ASGPPGGEKLF,RAKFKQLL
6775,SSNFYA,MTLNGDE,ARNTGNQFY,MNHEY,SVGAGI,ASSLVTGTGWGYT,NLVPMVATV
6776,SVFSS,VVTGGEV,AGEGIRGADGLT,SGDLS,YYNGEE,ASSVGGVSYNEQF,LLWNGPMAV
6777,DSAIYN,IQSSQRE,AVLRMDSSYKLI,MGHRA,YSYEKL,ASSTSTGTGYGYT,RAKFKQLL
6778,NSMFDY,ISSIKDK,AARFDSGYALN,SGDLS,YYNGEE,ASSTYSGQSYGYT,GLCTLVAML
6779,NTAFDY,IRPDVSE,AASIDSGYALN,SGHAT,FQNNGV,ASSSYNEQF,CINGVCWTV
6780,DRGSQS,IYSNGD,AVFTFNAGGTSYGKLTFG,LNHDA,SQIVND,ASSPGALNTEAFFG,ELAGIGILTV
6781,NIATNDY,GYKTK,LVGGTGTASKLT,MNHNS,SASEGT,ASRETGGVWETQY,CINGVCWTV
6782,NIATNDY,GYKTK,LATDKLI,LNHDA,SQIVND,ASSIPGTWETQY,CINGVCWTV
6783,VGISA,LSSGK,AAVVRGDKII,SGHNS,FNNNVP,ASSLTSTRQPQH,GPRLGVRAT
6784,SSNFYA,MTLNGDE,AFNSNYQLI,SGHDT,YYEEEE,ASSSSRDRGLGQPQH,NLVPMVATV
6785,VSPFSN,MTFSENT,VVSIAGNNRKLI,SGHNS,FNNNVP,ASSPASGSLF,NLVPMVATV
6786,DSASNY,IRSNVGE,AASETSYDKVI,SEHNR,FQNEAQ,ASSRLGVGTWDEQF,RAKFKQLL
6787,SSNFYA,MTLNGDE,ASYNFGNEKLT,SGHDN,FVKESK,ASSQPTSGGSAEQF,RTATKQYNV
6788,KALYS,LLKGGEQ,GTAMGGGSQGNLI,LNHDA,SQIVND,ASSMRSTDTQY,GILGFVFTL
6789,DSASNY,IRSNVGE,ANPKWISNTGKLI,MNHEY,SVGAGI,ASSPDRFNQPQH,NLVPMVATV
6790,TSENNYY,QEAYKQQN,KTSYDKVI,SEHNR,FQNEAQ,ASSLAGGSYNEQF,GIIYIIYKL
6791,TISGTDY,GLTSN,ILRTNFGNEKLT,LNHDA,SQIVND,ASSIRSSYEQY,GILGFVFTL
6792,TSINN,IRSNERE,ATDAGLTGGGNKLT,MNHEY,SMNVEV,ASSLSPAGSDSEAF,RTATKAYNV
6793,NSASQS,VYSSG,VVNRFANTNAGKST,LNHDA,SQIVND,ASSIVVPAEAF,GILGFVFTL
6794,NSASQS,VYSSG,VVNRNDDMR,SQVTM,ANQGSEA,SAQWDRNTGELF,YLQPRTFLL
6795,TSESDYY,QEAYKQQN,AYRSASNYQLI,MNHEY,SMNVEV,ASSLYPGANTEAF,HPNGYKSLSTL
6796,TISGTDY,GLTSN,ILPLEGGTSYGKLT,SGHVS,FQNEAQ,ARSSGQASEPY,FLRGRAYGL
6797,SSYSPS,YTSAATLV,AVTNQPVKLS,LNHDA,SQIVND,ASSQVPGGGYNEQF,SPRWYFYYL
6798,DRGSQS,IYSNGD,AVTGGGADGLT,MDHEN,SYDVKM,ASSTPGGTGELF,LLAGIGTVPI
6799,TSENNYY,QEAYKQQN,AYRSVEVITQGGSEKLV,LNHDA,SQIVND,ASRPFGGPKNIQY,GILGFVFTL
6800,DRGSQS,IYSNGD,AEGNTPLV,DFQATT,SNEGSKA,SPRRGLNTEAF,ELAGIGILTV
6801,NSASQS,VYSSG,VVNLPENTGGFKTI,WSHSY,SAAADI,ASSAGTGTYGYT,VTEHDTLLY
6802,TISGTDY,GLTSN,ILTEALPNNNAGNMLT,MNHEY,SMNVEV,ASSLIFPDTQY,GILGFVFTL
6803,NSASDY,IRSNMDK,ADSGGGADGLT,SGHTA,FQGNSA,ASSTYIGSSGLPFDPYEQY,RAKFKQLL
6804,KALYS,LLKGGEQ,GTQSSNDYKLS,MNHEY,SMNVEV,ASRTAGNEQY,TTDPSFLGRY
6805,TRDTTYY,RNSFDEQN,ALSEAGSGYSTLT,SGHAT,FQDESV,ASSLQGGPKNIQY,GILGFVFTL
6806,SSNFYA,MTLNGDE,ALGYGNQFY,MNHEY,SMNVEV,ASSLLATGGNGYT,NLVPMVATV
6807,TISGTDY,GLTSN,ILRDAYNTDKLI,DFQATT,SNEGSKA,SARRSDRVNTEAF,RPIIRPATL
6808,YGATPY,YFSGDTLV,AVFLYGNNRLA,SGHNS,FNNNVP,ASSFLDRGPNTEAF,RAKFKQLL
6809,DSSSTY,IFSNMDM,AANTGNQFY,MNHEY,SMNVEV,ASSFAVNTEAF,LTDEMIAQY
6810,DSASNY,IRSNVGE,AATDNTDKLI,MGHRA,YSYEKL,ASSRLGDYT,GLCTLVAML
6811,DRGSQS,IYSNGD,AVNMIGRGSTLGRLY,DFQATT,SNEGSKA,SASIGVGGAGEQF,RPIIRPATL
6812,YSGSPE,HISR,APLSSNTGKLI,MRHNA,SNTAGT,ASSDMAGNQPQH,LLWNGPMAV
6813,VSGLRG,LYSAGEE,AVLGGSARQLT,MNHEY,SMNVEV,ASSHFPPPYEQY,GILGFVFTL
6814,SVFSS,VVTGGEV,AGEMRARLM,SGHNS,FNNNVP,ASSPYWTAAGELF,GILGFVFTL
6815,DSASNY,IRSNVGE,AAPRWEKLT,DFQATT,SNEGSKA,SAADQTYNEQF,YVLDHLIVV
6816,DRGSQS,IYSNGD,AVPETDSWGKLQ,MNHEY,SMNVEV,ASSGTGYLTTEAF,LLLDRLNQL
6817,SSVSVY,YLSGSTLV,AVSSNSGYALN,MNHNS,SASEGT,ATQDMNTGELF,YLQPRTFLL
6818,DSAIYN,IQSSQRE,AVMIYNQGGKLI,LNHDA,SQIVND,ASKGDSPHQPQH,FEDLRLLSF
6819,YGGTVN,YFSGDPLV,AVKDTDTLI,KGHDR,SFDVKD,ATSDWLDGDTQY,YVLDHLIVV
6820,NSMFDY,ISSIKDK,AARANTDKLI,LNHNV,YYDKDF,ATSRESGNGKLF,LLWNGPMAV
6821,YGGTVN,YFSGDPLV,AVKSLDTGRRALT,SGHTA,FQGTGA,ASSLLGARNEQF,TTDPSFLGRY
6822,DSVNN,IPSGT,TTDSWGKFE,LNHDA,SQIVND,ASSFFSSGNTIY,GILGFVFTL
6823,DSAIYN,IQSSQRE,AVWDTGKLI,LNHNV,YYDKDF,ATSTEQGREQF,QYIKWPWYI
6824,TSENNYY,QEAYKQQN,AFMNRPNDMR,DFQATT,SNEGSKA,SAGGRGEAYYEQY,SPRWYFYYL
6825,NIATNDY,GYKTK,LVDGYGNKLV,LGHNA,YNFKEQ,ASSQEMGDWGEQY,CINGVCWTV
6826,TSENNYY,QEAYKQQN,AFMKGAGGTSYGKLT,SGHDT,YYEEEE,ASSLQNTEAF,GILGFVFTL
6827,DRGSQS,IYSNGD,AVGGRGYQKVT,SGDLS,YYNGEE,ASSVGTEAF,LLAGIGTVPI
6828,SVFSS,VVTGGEV,AGVGGGSQGNLI,LNHDA,SQIVND,ASSSRSHQPQH,GILGFVFTL
6829,TSESDYY,QEAYKQQN,AYSKLKAAGNKLT,KGHTF,FQNEQV,ASSQREGTDTQY,CINGVCWTV
6830,DSAIYN,IQSSQRE,ALEGFGNVLHFGNVLH,MGHRA,YSYEKL,ASSQEEGADGYT,KSKRTPMGF
6831,VSGLRG,LYSAGEE,AVQANQAGTALI,SGHTA,FQGNSA,GGGYMGTEAF,DATYQRTRALVR
6832,VSPFSN,MTFSENT,VVSENYGGSQGNLI,SGHDY,FNNNVP,ASSLPPGRGYTEAF,NLVPMVATV
6833,SIFNT,LYKAGEL,AGQGTGTASKLT,LNHDA,SQIVND,ASSIERGGYEQY,SPRWYFYYL
6834,KALYS,LLKGGEQ,GTETNFNKFY,SGHAT,FQNNGV,ASSLSGTSGTGSTDTQY,KSKRTPMGF
6835,NSMFDY,ISSIKDK,AATRISYTDKLI,LNHDA,SQIVND,ASSMAENTEAF,VYFLQSINF
6836,NSASQS,VYSSG,VVNMDTGRRALT,SGDLS,YYNGEE,ASSPRPDKEAF,GILGFVFTL
6837,NSMFDY,ISSIKDK,AASLTGKLI,PRHDT,FYEKMQ,ASSYTTGGSGELF,GILGFVFTL
6838,DSVNN,IPSGT,AAFKAAGNKLT,SQVTM,ANQGSEA,SVGAGGTNEKLF,GLCTLVAML
6839,DRGSQS,IYSNGD,ALNTGGFKTI,LGHNA,YNFKEQ,ASSQETSGGASQF,ELAGIGILTV
6840,YSGSPE,HISR,ALGGYGGATNKLI,DFQATT,SNEGSKA,SATRALGNEQF,VYFLQSINF
6841,DRGSQS,IYSNGD,AAGAGSYQLT,MNHEY,SVGEGT,ASSQGQGQPQH,ELAGIGILTV
6842,VTNFRS,LTSSGIE,APWGGANSKLT,MNHNY,SVGAGI,ASTLPEAGEFYGYT,RPPIFIRRL
6843,ATGYPS,ATKADDK,ALSAPYSGGGADGLT,SNHLY,FYNNEI,ASSDLNTGELF,YLQPRTFLL
6844,SIFNT,LYKAGEL,AGPDTGNQFY,KGHDR,SFDVKD,ASQLAGGTGELF,RAKFKQLL
6845,TSESDYY,QEAYKQQN,AYRSATGYALN,MNHEY,SMNVEV,ASSLYGSVQNEQF,HPNGYKSLSTL
6846,DRGSQS,IYSNGD,AVNYNTDKLI,LNHDA,SQIVND,ASSMSSRSLYEQY,LLLDRLNQL
6847,TSDPSYG,QGSYDQQN,AMREGDFNKFY,LNHDA,SQIVND,ASSILDYGYT,GILGFVFTL
6848,TSGFNG,NVLDGL,AVGNGGSQGNLI,LGHNA,YSLEER,ASSQDPAGGGVEQF,GILGFVFTL
6849,VGISA,LSSGK,AVRKFGNEKLT,LNHDA,SHIVND,ASSIGLYGYT,GILGFVFTL
6850,TTQYPS,AMKANDK,TTSGTYKYI,LGHDT,YNNKEL,ASSPVSGSTYEQY,GLCTLVAML
6851,VSNAYN,GSKP,AFTGGSQGNLI,SQVTM,ANQGSEA,SVMDPMSGYTIY,ELAGIGILTV
6852,NSMFDY,ISSIKDK,AASPTSGTYKYI,LNHNV,YYDKDF,ATSRDRTPLGGYT,VSDGGPNLY
6853,KTLYG,LQKGGEE,GANFPPFY,KGHSH,LQKENI,ASSPSLGEYNEQF,RAKFKQLL
6854,ATGYPS,ATKADDK,ALILNNARLM,MNHEY,SMNVEV,ASSDRDPYEQY,TTDPSFLGRY
6855,KTLYG,LQKGGEE,GADPEGDDKII,DFQATT,SNEGSKA,SARAEGARDSPLH,NLVPMVATV
6856,VSGNPY,YITGDNLV,AVRAYGQNFV,LGHNA,YSLEER,ASSQAPPGQGVDIQY,GPRLGVRAT
6857,TSDPSYG,QGSYDQQN,TTSGTYKYI,SNHLY,FYNNEI,ASSGPGGLGNTEAF,YVLDHLIVV
6858,TSINN,IRSNERE,ATDPNTGGFKTI,MNHEY,SVGEGT,ASSYPNQPQH,LLWNGPMAV
6859,NSASQS,VYSSG,VVNSLKDSSYKLI,SGDLS,YYNGEE,ASSVSQGYEQF,NYNYLYRLF
6860,DSSSTY,IFSNMDM,AEDNNARLM,LNHDA,SQIVND,ASSSFLLSEQY,GILGFVFTL
6861,TSDPSYG,QGSYDQQN,AMTQNTGFQKLV,SGHAT,FQNNGV,ASSVGGASLETQY,FTSDYYQLY
6862,DRGSQS,IYSNGD,AVSASKII,MNHNS,SASEGT,ASSDQTGDAYEQY,LLWNGPMAV
6863,SIFNT,LYKAGEL,AGRGGNAGKST,LNHDA,SQIVND,ASSGYSINEQF,GILGFVFTL
6864,VSNAYN,GSKP,AVEDLKTGANNLF,MGHRA,YSYEKL,ASSLLWAEYNEQF,RAKFKQLL
6865,NSASQS,VYSSG,VVNGMDSSYKLI,SNHLY,FYNNEI,ASSSGQVVPGTIY,GLCTLVAML
6866,DSAIYN,IQSSQRE,AVMNSGGYQKVT,SGHKS,YYEKEE,ASSGPGGVDEQY,RAKFKQLL
6867,DRGSQS,IYSNGD,AVNDRGSEKLV,LNHDA,SQIVND,ASSARSSYEQY,GILGFVFTL
6868,NTAFDY,IRPDVSE,AAGYSSASKII,SGHAT,FQNNGV,ASSFSSGTTDTQY,GLCTLVAML
6869,DRGSQS,IYSNGD,AVPLTGGGNKLT,SGHAT,FQNNGV,ASSLNRGDPEAF,GLCTLVAML
6870,NSASQS,VYSSG,VSRNNNARLM,LNHDA,SQIVND,ASSISTTGEQF,GILGFVFTL
6871,YGGTVN,YFSGDPLV,AVNLYSTLT,MNHEY,SVGEGT,ASSYMSGEAF,YVLDHLIVV
6872,SVFSS,VVTGGEV,AGNNARLM,DFQATT,SNEGSKA,SARDRHREWLH,GLCTLVAML
6873,NSMFDY,ISSIKDK,AASGGTGNQFY,LNHDA,SQIVND,ASRLAGSHEQY,GILGFVFTL
6874,DSAIYN,IQSSQRE,AVRYRGSTLGRLY,MNHEY,SMNVEV,ASSRGTSGRGINEQF,LTDEMIAQY
6875,TRDTTYY,RNSFDEQN,ALSGSNQAGTALI,MDHEN,SYDVKM,ASRRGTDTLTDTQY,GILGFVFTL
6876,SVFSS,VVTGGEV,AGAGSQGNLI,SGHDY,FNNNVP,ASGRLSYNEQF,RAKFKQLL
6877,DRGSQS,IYSNGD,ALSGGYNKLI,LGHNA,YSLEER,ASSPTGQGAHGYT,LLWNGPMAV
6878,DSVNN,IPSGT,AVEVAGANSKLT,ENHRY,SYGVKD,AISGRINNSPLH,GILGFVFTL
6879,TSGFNG,NVLDGL,AGIDNYGQNFV,SGHNT,YYREEE,ASSGGRNQPQH,GILGFVFTL
6881,VSNAYN,GSKP,AVPSNRDDKII,MNHEY,SMNVEV,ASSSTSGRADTQY,TTDPSFLGRY
6882,TSDPSYG,QGSYDQQN,AMREQEDSNYQLI,MNHNS,SASEGT,ASSEESYLMNTEAF,GLCTLVAML
6883,DSAIYN,IQSSQRE,AVRGTGGFKTI,SGHTA,FQGNSA,ASSLTGQLETQY,ATDALMTGF
6884,DSASNY,IRSNVGE,AASETSYDKVI,SGHNT,YYREEE,ASRGGTATYQETQY,RAKFKQLL
6885,SVFSS,VVTGGEV,AGGLGGGSQGNLI,LNHDA,SQIVND,ASSIRAAYEQY,GILGFVFTL
6886,SSNFYA,MTLNGDE,AQTRNNNARLM,LNHDA,SQIVND,ASSIYGGNEQF,GILGFVFTL
6887,VSNAYN,GSKP,AVEGPTDSWGKFQ,MNHNY,SVGAGI,ASSPAGGTDTQY,RAKFKQLL
6888,NSMFDY,ISSIKDK,AASWSGGFKTI,LNHDA,SQIVND,ASSIDVGKNTEAF,CINGVCWTV
6889,NSASQS,VYSSG,VVNFDTDKLI,SQVTM,ANQGSEA,SGGQGPYEQY,RAKFKQLL
6890,NIATNDY,GYKTK,LVGDWTLMNYGGSQGNLI,SEHNR,FQNEAQ,ASTSQPHEQY,RAKFKQLL
6891,VSGNPY,YITGDNLV,AVRDGNYGQNFV,SGHTS,YDEGEE,ASSFRFGGEAF,GILGFVFTL
6892,NSMFDY,ISSIKDK,AAMEGAQKLV,MNHEY,SVGAGI,ASSYPGGGFYEQY,LLFGYPVYV
6893,DSAIYN,IQSSQRE,AGSSASKII,MNHNS,SASEGT,ASGGTVDSSYNSPLH,ALWEIQQVV
6894,VSGNPY,YITGDNLV,AVRPHTGGFKTI,LNHDA,SQIVND,ASSIRSSYEQY,GILGFVFTL
6895,TRDTTYY,RNSFDEQN,ARDNAGNMLT,MNHNY,SVGAGI,ASSYSAWNEQF,CTELKLSDY
6896,NSMFDY,ISSIKDK,AASGGSNYKLT,ENHRY,SYGVKD,ASSGRFLREGMTYGYT,VLFGLGFAI
6897,DSSSTY,IFSNMDM,AEKAGQAGTALI,SQVTM,ANQGSEA,SVGGTGDFNQPQH,GLCTLVAML
6898,DSSSTY,IFSNMDM,AEYSSAFKII,SGHDN,FVKESK,ASSQSPGGTQY,GLCTLVAML
6899,DRGSQS,IYSNGD,AVTGDDKII,SNHLY,FYNNEI,ASSGQGAYGYT,LLWNGPMAV
6900,DRGSQS,IYSNGD,AVISGGSYIPT,MNHEY,SMNVEV,ASSLSNYGTGELF,LLLDRLNQL
6901,NSMFDY,ISSIKDK,AAATDSWGKLQ,SGHKS,YYEKEE,ASSLEQGLPHAQY,TTDPSFLGRY
6902,TSENNYY,QEAYKQQN,AYSPASGGTSYGKLT,LNHDA,SQIVND,ASSIGLYGYT,GILGFVFTL
6903,NSASQS,VYSSG,VVNGGDKII,SEHNR,FQNEAQ,ASSLDIEAF,YLQPRTFLL
6904,ATGYPS,ATKADDK,ALLNRDDKII,SGHRS,YFSETQ,ASSYGTGENTEAF,RAKFKQLL
6905,DSAIYN,IQSSQRE,AVSGVLGGGYQKVT,MNHEY,SVGAGI,ASSLGQGAYNEQF,VSDGGPNLY
6906,VSGNPY,YITGDNLV,AVRDGAGGSYIPT,MGHRA,YSYEKL,ASSLLAGEYNEQF,RAKFKQLL
6907,SSNFYA,MTLNGDE,AFSSSNTGKLI,MGHRA,YSYEKL,ASSQDRFTDPYGYT,RPPIFIRRL
6908,TTQYPS,AMKANDK,NSGYSTLT,SGHNS,FNNNVP,ASSLLSSYNSPLH,RAKFKQLL
6909,TSINN,IRSNERE,ATDADDKII,SGHNS,FNNNVP,ASSLAAGGSYGYT,TTDPSFLGRY
6911,NSASQS,VYSSG,VVNDLDDMR,SEHNR,FQNEAQ,ASSPDSEQY,YLQPRTFLL
6912,NSAFQY,TYSSGN,SNFGNEKLT,KGHSH,LQKENI,ASSPRLAGDQETQY,LLAGIGTVPI
6913,TSENNYY,QEAYKQQN,AFMDPRGGSNYKLT,MGHRA,YSYEKL,ASSQDPLSPAGELF,TPRVTGGGAM
6914,VSGNPY,YITGDNLV,AVRDITSGTYKYI,MNHEY,SMNVEV,ASASRLADTDTQY,RFPLTFGWCF
6915,VSGNPY,YITGDNLV,AVTPGGGSQGNLI,LNHDA,SHIVND,ASSPRASLEQY,GILGFVFTL
6916,TISGTDY,GLTSN,IRVGSNTGKLI,SGHTS,YDEGEE,ASSLDSPPGVTEAF,CTELKLSDY
6917,DSASNY,IRSNVGE,AASPIAGKST,SQVTM,ANQGSEA,SPKRLPYNEQF,SPRWYFYYL
6918,DSASNY,IRSNVGE,AAQETSYDKVI,SEHNR,FQNEAQ,ASTQVDRPNYGYT,RAKFKQLL
6919,SSVSVY,YLSGSTLV,AVSDRPEFSDGQKLL,LNHDA,SQIVND,ASSMRSSYNEQF,GILGFVFTL
6920,TSGFYG,NALDGL,GYSSASKII,KGHDR,SFDVKD,ASQLAGGTGELF,CTELKLSDY
6921,TSENNYY,QEAYKQQN,AFMISAGGTSYGKLT,SEHNR,FQNEAQ,ASSQDPSRTYEQY,GILGFVFTL
6922,SSNFYA,MTLNGDE,ASLNYGGAANKLI,SGHAT,FQDESV,ASSHPATQGARREQY,VLEETSVML
6923,DSASNY,IRSNVGE,AASETSYDKVI,MNHNS,SASEGT,ASSEAEGAAPQY,RAKFKQLL
6924,DSAIYN,IQSSQRE,AVRMDSNYQLI,SGHNS,FNNNVP,ASSLGDRAGGYT,RAKFKQLL
6925,SSYSPS,YTSAATLV,VVSDTNNAGNMLT,MNHEY,SMNVEV,ASKERGYYNEQF,YLQPRTFLL
6926,NSASQS,VYSSG,VVNAADSWGKLQ,PRHDT,FYEKMQ,ASSFPGGGNTGELF,YLQPRTFLL
6927,ATGYPS,ATKADDK,ACITGTASKLT,LNHDA,SQIVND,ASSVAPTDTQY,GILGFVFTL
6928,TISGNEY,GLKNN,IVRVIVSGGGADGLT,SGHNS,FNNNVP,ASSFSGNTGELF,RAKFKQLL
6929,TISGTDY,GLTSN,ILKINGATNKLI,SNHLY,FYNNEI,ASKIGTGELYEQY,KSKRTPMGF
6930,NSAFQY,TYSSGN,AMSEGWGGADGLT,SGHNT,YYREEE,ASSNRGDSNQPQH,RAKFKQLL
6931,DSAIYN,IQSSQRE,AVRILPNFGNEKLT,SGHNT,YYREEE,ASTSSESVDGYT,QAKWRLQTL
6932,TRDTTYY,RNSFDEQN,ALSEGVFNDYKLS,MDHEN,SYDVKM,ASSPRQSNQPQH,NLVPMVATV
6933,DRGSQS,IYSNGD,AVNEWAGNMLT,MNHNS,SASEGT,ASAQGNHYGYT,ALGIGILTV
6934,NSMFDY,ISSIKDK,AASARGNQGGKLI,SGDLS,YYNGEE,ASSVDEGNTGELF,CINGVCWTV
6935,DSAIYN,IQSSQRE,AVRRNAGNMLT,MNHEY,SMNVEV,ASSSLTSGAYNEQF,SPRWYFYYL
6936,TSGFNG,NVLDGL,AVKDRDYKLS,MRHNA,SNTAGT,ASSEGENQPQH,CTELKLSDY
6937,YGGTVN,YFSGDPLV,AVNALKTTDSWGKFQ,LNHDA,SQIVND,ASTFGQAPPAF,GILGFVFTL
6938,TISGTDY,GLTSN,ILREFYNDMR,LNHDA,SQIVND,ASSARSSYEQY,GILGFVFTL
6939,TSGFNG,NVLDGL,AVREDIRDSNYQLI,LNHDA,SQIVND,ASSIFTGGTEAF,GILGFVFTL
6940,VGISA,LSSGK,AVRFLLGNQFY,SGDLS,YYNGEE,ASSVGAGPSYEQY,CTELKLSDY
6941,TSENNYY,QEAYKQQN,ASNYGGSQGNLI,LNHDA,SQIVND,ASSIFWGSDYGYT,GILGFVFTL
6942,DSASNY,IRSNVGE,AAVDNYGQNFV,SQVTM,ANQGSEA,SGGQGPDNEQF,RAKFKQLL
6943,TISGTDY,GLTSN,ILPLAGGTSYGKLT,SGHVS,FQNEAQ,SYEQY,FLRGRAYGL
6944,DRGSQS,IYSNGD,AVSDDKII,SGHTA,FQGNSA,ASSPGPTSYEQY,LLWNGPMAV
6945,TSESDYY,QEAYKQQN,AYRSPNYGGSQGNLI,ENHRY,SYGVKD,AIRGQDPYEQY,HSNLNDATY
6946,DRGSQS,IYSNGD,AARGPSGYSTLT,ENHRY,SYGVKD,AISEPGSNTEAF,LTDEMIAQY
6947,YGGTVN,YFSGDPLV,AVKDTDKLI,WNHNN,SYGVQD,ASSHQASEQY,YVLDHLIVV
6948,DRGSQS,IYSNGD,AVNRGFGNVLHCFGNVLH,SGHRS,YFSETQ,ASSLGTGDGYT,ELAGIGILTV
6949,TISGNEY,GLKNN,IVREGGGADGLT,SGDLS,YYNGEE,ASSTYEGYEQY,RAKFKQLL
6950,DRGSQS,IYSNGD,AVLGGKLQ,SNHLY,FYNNEI,ASRGQGHTEAF,LLLDRLNQL
6951,TTLSN,LVKSGEV,AVPILCYGGGRGTLI,LNHDA,SQIVND,ASSVFSTQPQH,GILGFVFTL
6952,DRGSQS,IYSNGD,AVKAEGGGNKLT,MNHNY,SVGAGI,ASSLQGGNTEAF,FTSDYYQLY
6953,DRGSQS,IYSNGD,AVNDFMNTGFQKLV,MDHEN,SYDVKM,ASGPTGVQPQH,ALAGIGILTV
6954,NSASDY,IRSNMDK,AETHSGGSNYKLT,SGHDT,YYEEEE,ASSLRDGSEAF,RAKFKQLL
6955,NSAFQY,TYSSGN,AMSFSNFGNEKLT,SGHVS,FNYEAQ,ASSPTATSGNTGELF,LLAGIGTVPI
6956,NSAFQY,TYSSGN,AMSRSNFGNEKLT,MNHEY,SVGAGI,ASSYEASGGLEETQY,LLAGIGTVPI
6957,NIATNDY,GYKTK,LVERNNDMR,MNHNS,SASEGT,ASSELWGSEPSPLH,CINGVCWTV
6958,TISGTDY,GLTSN,ILNRDDKII,SGDLS,YYNGEE,ASSVSPNEQF,YLQPRTFLL
6959,DRGSQS,IYSNGD,AGYPGYSTLT,SEHNR,FQNEAQ,ASSLGQYNSPLH,RLPGVLPRA
6960,TISGTDY,GLTSN,ILSNNNDMR,DFQATT,SNEGSKA,SAPPAGEYSNQPQH,NLVPMVATV
6961,TSGFNG,NVLDGL,AVSLLNDYKLS,SGDLS,YYNGEE,ASSTGQVTQETQY,GLCTLVAML
6962,DSASNY,IRSNVGE,AAMETSYDKVI,SGHNS,FNNNVP,ASSLGSATNEKLF,RAKFKQLL
6963,SVFSS,VVTGGEV,AGLLSGGGADGLT,LGHDT,YNNKEL,ASSHWAPYTADTEAF,YAKWKLCSA
6964,YGATPY,YFSGDTLV,AVAFLTGNQFY,SNHLY,FYNNEI,ASRGEEFYLH,GILGFVFTL
6965,DSAIYN,IQSSQRE,AVVGTRAGNMLT,MNHEY,SVGEGT,ASSFTTVGYT,RPHERNGFTVL
6966,SSYSPS,YTSAATLV,VVSDRSNDYKLS,LNHDA,SQIVND,ASSPYDLGSNQPQH,GILGFVFTL
6967,DRGSQS,IYSNGD,AVIEARLM,LNHNV,YYDKDF,ATSRAGAYEQY,LLWNGPMAV
6968,ATGYPS,ATKADDK,ALRTDSWGKLQ,LGHNT,FRNRAP,ASGPTGGAAETQY,FEDLRVLSF
6969,KALYS,LLKGGEQ,TTDSWGKFE,LNHDA,SQIVND,ASSFSLRGREPQH,TTDPSFLGRY
6970,TSINN,IRSNERE,APEIQGAQKLV,MNHNY,SVGAGI,ASENRNTGELF,YLQPRTFLL
6971,TSESDYY,QEAYKQQN,AYRSFYGGSQGNLI,GTSNPN,SVGIG,AWSVIASGRFPDTQY,YSEHPTFTSQY
6972,DSAIYN,IQSSQRE,AVSFQTGANNLF,SNHLY,FYNNEI,ASREETGIRFYEQY,YLQPRTFLL
6973,DSAIYN,IQSSQRE,AVRRDGNKLV,LNHDA,SQIVND,ASSMRAGETQY,GILGFVFTL
6974,SIFNT,LYKAGEL,AGQLILWGWELPTH,SNHLY,FYNNEI,ASSTPRQGSNTGELF,RAKFKQLL
6975,DSAIYN,IQSSQRE,AVGDASGGSYIPT,MNHEY,SMNVEV,ASSSLTDTQY,TTDPSFLGRY
6976,NSASDY,IRSNMDK,ADLNQAGTALI,LGHDT,YNNKEL,ASSQVRGGYEQF,RAKFKQLL
6977,TSESDYY,QEAYKQQN,AVYNTNAGKST,SNHLY,FYNNEI,ASTPEGSGSGNTIY,IPSINVHHY
6978,TISGTDY,GLTSN,ILATSNTDKLI,LNHDA,SQIVND,ASSTRSAYEQY,GILGFVFTL
6979,TRDTTYY,RNSFDEQN,ALSEAYGNNRLA,MNHNS,SASEGT,ASSERTSGGWNEQF,QAKWRLQTL
6980,TSGFNG,NVLDGL,AVRGPSSNDYKLS,LGHDT,YNNKEL,ASSQGSPGTGIRRETQY,GILGFVFTL
6981,YGGTVN,YFSGDPLV,APYRLYGGSQGNLI,MGHDK,SYGVNS,ASSEYDRGTGANVLT,YVLDHLIVV
6982,VSGNPY,YITGDNLV,PLPTNAGKST,DFQATT,SNEGSKA,SARDYRTGDEKLF,RAKFKQLL
6983,DSSSTY,IFSNMDM,AETGNGGSQGNLI,LNHDA,SQIVND,ASSAIGSSYNEQF,GILGFVFTL
6984,TISGTDY,GLTSN,ILRTPLDSSYKLI,SGDLS,YYNGEE,ASSVEGTVNSPLH,SPRWYFYYL
6985,NSASDY,IRSNMDK,AENLMEYGNKLV,LNHDA,SQIVND,ASRDGGTEAF,GILGFVFTL
6986,NSAFQY,TYSSGN,SNFGNEKLT,DFQATT,SNEGSKA,SAEGGTETPDTQY,LLAGIGTVPI
6987,YGATPY,YFSGDTLV,ALQTGANNLF,LGHDT,YNNKEL,ASSQDRWDVMSQNIQY,VLFGLGFAI
6988,NSAFQY,TYSSGN,AVLMDSNHQLI,WSHSY,SAAADI,ASSGDGMNTEAF,CLGGLLTMV
6989,VTNFRS,LTSSGIE,SSGSARQLT,LNHDA,SQIVND,ASIGKTTSTDTQY,CTELKLSDY
6990,NSMFDY,ISSIKDK,AARDFGTYKYI,DFQATT,SNEGSKA,SAYDRGVSSNQPQH,YLQPRTFLL
6991,NSASQS,VYSSG,VVNNEDDMR,SGHNS,FNNNVP,GSGIQNTGELF,YLQPRTFLL
6992,DSASNY,IRSNVGE,AASTNSGYSTLT,LNHDA,SQIVND,ASSPGQGSYEQY,TPRVTGGGAM
6993,NSASQS,VYSSG,VVNILRGSSYKLI,SNHLY,FYNNEI,ASSHTGGYEQF,NYNYLYRLF
6994,TISGNEY,GLKNN,IGANQAGTALI,SGHNS,FNNNVP,ASSISRRDRPNEKLF,GILGFVFTL
6995,ATGYPS,ATKADDK,ALEGGADGLT,LGHNA,YSLEER,ASSHGQLMNTEAF,ALGIGILTV
6996,VSGLRG,LYSAGEE,AVTYNNNDMR,SNHLY,FYNNEI,AAGTRTDTQY,NLVPMVATV
6997,DRGSQS,IYSNGD,AVPEGGGSQGNLI,SNHLY,FYNNEI,ASISLDPLY,GILGFVFTL
6998,DSASNY,IRSNVGE,AATTLSSGTYKYI,LNHDA,SQIVND,ASHIGPNTGELF,NLVPMVATV
6999,NIATNDY,GYKTK,LVGDGARLM,MDHEN,SYDVKM,ASSSSGYEQY,CTELKLSDY
7000,TSENNYY,QEAYKQQN,ALTTYGQNFV,SEHNR,FQNEAQ,ASSTTRAGTWPLH,YLLEMLWRL
7001,NSAFQY,TYSSGN,AMSGDGKLT,MNHEY,SVGEGT,ASSAPLSGNNEQF,LLAGIGTVPI
7002,DSASNY,IRSNVGE,APEGGQNFV,LNHDA,SQIVND,ASSIRSGETQY,GILGFVFTL
7003,DRGSQS,IYSNGD,AVGNAGNMLT,SGHNS,FNNNVP,ASSPPVGGDEQY,LLLDRLNQL
7004,NIATNDY,GYKTK,LVGDSGNAGNMLT,SNHLY,FYNNEI,ASRMTGGKTNEKLF,QMMVKAGL
7005,NSASDY,IRSNMDK,ADSGGGADGLT,SGHRS,YFSETQ,ASSFFTRGGEDEQY,RAKFKQLL
7006,DRGSQS,IYSNGD,AVIGGGADGLT,LNHDA,SQIVND,ASSIGSYGYT,GILGFVFTL
7007,DSSSTY,IFSNMDM,AESIDGGNTPLV,SGHDN,FVKESK,ASSQYPRGGNTEAF,RAKFKQLL
7008,TSGFNG,NVLDGL,AVKWEGSNYQLI,LNHDA,SQIVND,ASSMRAGVEQF,GILGFVFTL
7009,DSASNY,IRSNVGE,AAPETSYDKVI,SGHNS,FNNNVP,ASSPGTSETGELF,RAKFKQLL
7010,TSENNYY,QEAYKQQN,AFMKHGGFGNVLHCFGNVLH,KGHSH,LQKENI,ASSPYSQSMNTEAF,CLGGLLTMV
7011,SSNFYA,MTLNGDE,DTGRRALT,MDHEN,SYDVKM,AIARRGTNEKLF,RAKFKQLL
7012,TSINN,IRSNERE,ATEGDSGYSTLT,MNHNS,SASEGT,ASSRQGGSNYGYT,FLYALALLL
7013,NSASQS,VYSSG,VVNIGMGGGFKTI,WSHSY,SAAADI,ASSAGTGTYGYT,VTEHDTLLY
7014,DSAIYN,IQSSQRE,AVRNYGGATNKLI,MNHEY,SMNVEV,ASSLSGRPYEQY,RAKFKQLL
7015,DSAIYN,IQSSQRE,AVSGYSTLT,MNHEY,SVGAGI,ASSPDTPNYGYT,GILGFVFTL
7016,TSGFYG,NALDGL,AVRDSAGTALI,LGHDT,YNNKEL,ASSLGTGGSYEQY,RAKFKQLL
7017,TSGFNG,NVLDGL,AVQGSGAGSYQLT,SGHRS,YFSETQ,ASSLESPGIGSYNSPLH,EPLPQGQLTAY
7018,NSASDY,IRSNMDK,AENIPPQLS,MNHEY,SVGEGT,ASSYSSGELF,TPRVTGGGAM
7019,YGATPY,YFSGDTLV,AVGLNTGTASKLT,LNHDA,SHIVND,ASSTRAADTQY,GILGFVFTL
7020,SVFSS,VVTGGEV,AGATIRGQKLL,SGDLS,YYNGEE,ASSVGGSPYNEQF,LLWNGPMAV
7021,SSVSVY,YLSGSTLV,AVSGANDYKLS,MNHEY,SMNVEV,ASSLGGTGWTEAF,NLVPMVATV
7022,NYSPAY,IRENEKE,ALSGYNKLI,SGHVS,FQNEAQ,ASSDSAGELF,DATYQRTRALVR
7023,TSGFNG,NVLDGL,AVRDSNYQLI,MRHNA,SNTAGT,ASSDSTSGGNEQF,NLVPMVATV
7024,TSESDYY,QEAYKQQN,AYREYGNKLV,LGHDT,YNNKEL,ASSSTYPNTGELF,RAKFKQLL
7025,DSASNY,IRSNVGE,AASYGSGGYNKLI,MGHRA,YSYEKL,ASSQDAGTAHVGEQF,SPRWYFYYL
7026,NIATNDY,GYKTK,LVGDSGAGSYQLT,LGHDT,YNNKEL,ASSQVFGTPTPQH,VLEETSVML
7027,DRGSQS,IYSNGD,AVNGGNKLV,DFQATT,SNEGSKA,SAVTGGGGTEAF,ALAGIGILTV
7028,DSASNY,IRSNVGE,AASMDSNYQLI,SGHAT,FQNNGV,ASSSFGTAGEAF,CINGVCWTV
7029,SSVSVY,YLSGSTLV,AVSDGEGAQKLV,MNHEY,SVGEGT,ASSQDPRTQGVQPQH,RAKFKQLL
7030,VSGNPY,YITGDNLV,AVRDLRSGTYKYI,MNHEY,SMNVEV,ASSHRTSGRAEEQY,RFPLTFGWCF
7031,TSDPSYG,QGSYDQQN,AMREGEAGGFKTI,SGHVS,FQNEAQ,ASSLFQASSLYGYT,RAKFKQLL
7032,NSASDY,IRSNMDK,AENLGGGSQGNLI,LNHDA,SQIVND,ASSGRSGNTIY,GILGFVFTL
7033,DRGSQS,IYSNGD,AVNTGDMR,MNHNS,SASEGT,ASSPGQGLDTQY,ELAGIGILTV
7034,VSGLRG,LYSAGEE,AVVDQAGTALI,MGHRA,YSYEKL,ASSAGGGSYNEQF,NLVPMVATV
7035,SVFSS,VVTGGEV,AGAVWNFNKFY,LGHDT,YNNKEL,ASSPRGRGEDGYT,HPVTKYIM
7036,DSASNY,IRSNVGE,AASTPYGNNRLA,MNHEY,SVGEGT,ASSHTSEPFDNEQF,QAKWRLQTL
7037,TTLSN,LVKSGEV,AGLGGKLI,MNHEY,SVGAGI,ASSYGKPLYSNQPQH,GILGFVFTL
7038,TSDPSYG,QGSYDQQN,AMRDPNTGGFKTI,MNHNS,SASEGT,ASSAGQGPYEQY,GILGFVFTL
7039,NSASQS,VYSSG,VVNRDDKII,SEHNR,FQNEAQ,ASGHPNDLKAF,YLQPRTFLL
7040,SVFSS,VVTGGEV,AGARDTGNQFY,DFQATT,SNEGSKA,SAGLGLPYEQY,LLWNGPMAV
7041,NSAFQY,TYSSGN,SNFGNEKLT,SGHDN,FVKESK,ASSQDSRDTNEKLF,LLAGIGTVPI
7042,NSMFDY,ISSIKDK,AAGPGGADGLT,MNHEY,SVGAGI,ASSPQGVTQY,TTDPSFLGRY
7043,NSAFQY,TYSSGN,AMSLSNFGNEKLT,DFQATT,SNEGSKA,SVLSGGGTDTQY,LLAGIGTVPI
7044,SVFSS,VVTGGEV,AGDLSYGGSQGNLI,SNHLY,FYNNEI,ASSWTSGRPEQY,CTELKLSDY
7045,TSENNYY,QEAYKQQN,AFMKPGGYNKLI,MGHDK,SYGVNS,ASSELITSTDTQY,SPRWYFYYL
7046,TSENNYY,QEAYKQQN,AFMKPKNYGGSQGNLI,SGHVS,FNYEAQ,ASSSRQGPKEYGYT,LTDEMIAQY
7047,TTSDR,LLSNGAV,AVDTDKLI,LGHNA,YNFKEQ,ASSDRPGPDTQY,RAKFKQLL
7048,NSASQS,VYSSG,VVRDNNDMR,KGHDR,SFDVKD,ATSDFEVAGSSYNEQF,GILGFVFTL
7049,VGISA,LSSGK,ALFFGNEKLT,KGHSH,LQKENI,ASSPRGQNTDTQY,VTEHDTLLY
7050,TSDPSYG,QGSYDQQN,AMRLGGGNKLT,PRHDT,FYEKMQ,ASSFPQRPTGTDTQY,TPRVTGGGAM
7051,DRGSQS,IYSNGD,AVSRSNDYKLS,SEHNR,FQNEAQ,ASSLAGNEQF,KSKRTPMGF
7052,SIFNT,LYKAGEL,AGGTGNQFY,ENHRY,SYGVKD,AISEVGVGQPQH,ELAGIGILTV
7053,NYSPAY,IRENEKE,ALSGYSTLT,SQVTM,ANQGSEA,SILGSNAGPQETQY,NLVPMVATV
7054,TRDTTYY,RNSFDEQN,ALIRDSNYQLI,DFQATT,SNEGSKA,SARGDRNSYEQY,MEVTPSGTWL
7055,TSGFNG,NVLDGL,AVRVTGNQFY,MGHRA,YSYEKL,ASSQRIGRGGPRNTDTQY,RAKFKQLL
7056,TSESDYY,QEAYKQQN,AYRSSVYNNAGNMLT,LGHNA,YNFKEQ,ASSQNSVGSYNEQF,RPIIRPATL
7057,NSASDY,IRSNMDK,AEIFLSDGQKLL,DFQATT,SNEGSKA,SARDGVGNGYT,GILGFVFTL
7058,TSINN,IRSNERE,ATDDPYNFNKFY,SEHNR,FQNEAQ,ASSHSGGSGGQPQH,RAQAPPPSW
7059,SVFSS,VVTGGEV,AGVEYGGSQGNLI,LNHDA,SQIVND,ASSIRSSVEQF,GILGFVFTL
7060,DSVNN,IPSGT,AVATMGSGGSNYKLT,LNHDA,SQIVND,ASSSFLLSEQY,GILGFVFTL
7061,DSASNY,IRSNVGE,AARGTSYDKVI,LNHDA,SQIVND,ASSMFGGGYNEQF,GILGFVFTL
7062,VSGNPY,YITGDNLV,AVRNARLM,MDHEN,SYDVKM,ASSQGQGIADTQY,RPIIRPATL
7063,DSSSTY,IFSNMDM,AERIQTGANNLF,PRHDT,FYEKMQ,ASSLGGGGVTEAF,NLVPMVATV
7064,TSINN,IRSNERE,APVARMDSSYKLI,SEHNR,FQNEAQ,ASSLIGVSSYNEQF,TPRVTGGGAM
7065,SIFNT,LYKAGEL,AGRDGGSQGNLI,SGHDT,YYEEEE,ASSSRSRQYRGSSYEQY,GILGFVFTL
7066,DRGSQS,IYSNGD,AVGGGKLI,MNHNS,SASEGT,ASSEAVLGGNSYEQY,LLWNGPMAV
7067,TSDPSYG,QGSYDQQN,AMREDSGGSNYKLT,LNHDA,SQIVND,ASSMIPDMNTEAF,RPIIRPATL
7068,SSVPPY,YTSAATLV,AVSEVQAAGNKLT,MNHEY,SMNVEV,ASRKRFGSSEKLF,YAKWKLCSA
7069,NIATNDY,GYKTK,LVGDTGTGGFKTI,LNHDA,SQIVND,ASTSGGTQH,TTDPSFLGRY
7070,TRDTTYY,RNSFDEQN,ALSDLNQAGTALI,SGHVS,FQNEAQ,ASSYGIAGKETQY,GILGFVFTL
7071,TSGFYG,NALDGL,AVDDTGGGNKLT,SNHLY,FYNNEI,ASSAGQVSPGELF,GLCTLVAML
7072,DSASNY,IRSNVGE,AASETSYDKVI,SEHNR,FQNEAQ,ASSSLRQGTGNTIY,RAKFKQLL
7073,NYSPAY,IRENEKE,ALDGSQGNLI,LNHDA,SQIVND,ASSIRSSDTQY,GILGFVFTL
7074,VSGLRG,LYSAGEE,AGSSTGANNLF,KGHSH,LQKENI,ASSRTGGWDTEAF,GILGFVFTL
7075,DSASNY,IRSNVGE,AAGRKRFGNVLHCFGNVLH,LNHNV,YYDKDF,ATSREWPANRHQETQY,CTELKLSDY
7076,SIFNT,LYKAGEL,AGFEVNAGKST,LNHDA,SQIVND,ASSARSNYEQY,GILGFVFTL
7077,DRGSQS,IYSNGD,AVSGGYQKVT,SGHTA,FQGTGA,ASSDLSGELF,ELAGIGILTV
7078,SIFNT,LYKAGEL,AGGGDGGSQGNLI,LNHDA,SQIVND,ASSHRSGQPQH,GILGFVFTL
7079,TSESDYY,QEAYKQQN,AYRTLLNDYKLS,SNHLY,FYNNEI,ASRRDSTSSYEQY,GILGFVFTL
7080,DRGSQS,IYSNGD,AVGGGGADGLT,MDHEN,SYDVKM,ASSYGEFGNQPQH,ELAGIGILTV
7081,TSGFYG,NALDGL,AMGTATDSWGKLQ,MNHEY,SMNVEV,ASRGQGDYGYT,MEVTPSGTWL
7082,NSAFQY,TYSSGN,AAALSNFGNEKLT,MNHEY,SMNVEV,ASSLSSGDNTGELF,LLAGIGTVPI
7083,TSGFYG,NALDGL,AVRDQDYGQNFV,SGHDT,YYEEEE,ASRDRGVGSPLH,LLWNGPMAV
7084,SSYSPS,YTSAATLV,VVNGAAGNKLT,MNHEY,SMNVEV,ASSFGQGLGAF,GILGFVFTL
7085,VSPFSN,MTFSENT,VVSSYSSASKII,KGHDR,SFDVKD,ATSDLPGKAGYT,SPRWYFYYL
7086,YGGTVN,YFSGDPLV,AVFVFDNARLM,SGHAT,FQNNGV,ASSLAWAGSATDTQY,RAKFKQLL
7087,TSGFNG,NVLDGL,AVREGGQKLL,LNHDA,SQIVND,ATSDRTSATEAF,NLVPMVATV
7088,TSGFNG,NVLDGL,AVSLDGQKLL,MNHEY,SMNVEV,ASSPGTPTDTQY,DATYQRTRALVR
7089,YGATPY,YFSGDTLV,ADPIEDAGNMLT,SGDLS,YYNGEE,ASSDGQLTAGELF,GLCTLVAML
7090,SVFSS,VVTGGEV,AGMNRDDKII,LGHNA,YNFKEQ,ASSHVIGQGGYEQY,RAKFKQLL
7091,DRGSQS,IYSNGD,AVSQARLM,SNHLY,FYNNEI,ASSVVGTGAYEQYV,LLWNGPMAV
7092,YGATPY,YFSGDTLV,AVVSSKST,LNHDA,SQIVND,ASSSGEGYIQY,ALGIGILTV
7093,NIATNDY,GYKTK,LVGDTYSGAGSYQLT,SGHNT,YYREEE,ASSLLGEPGEAF,YLQPRTFLL
7094,DSSSTY,IFSNMDM,AETQDSNYQLI,SGHNS,FNNNVP,ASSFSGNTGELF,RAKFKQLL
7095,TSESDYY,QEAYKQQN,AYRSLDLSGNTPLV,MNHEY,SMNVEV,ASSLYIQGGEQY,CINGVCWTV
7096,NSASQS,VYSSG,VVKVGYSTLT,SGHNT,YYREEE,ASSWDTDSPLH,GILGFVFTL
7097,YGGTVN,YFSGDPLV,AVKGFGNVLHCFGNVLH,MDHEN,SYDVKM,ASQFILGGGETQY,YVLDHLIVV
7098,DRGSQS,IYSNGD,AGRNYNQGGKLI,SGHVS,FQNEAQ,ASSSPEGQPLNTGELF,GLCTLVAML
7099,DSSSTY,IFSNMDM,AESDNNAGNMLT,SEHNR,FQNEAQ,ASRNNRGGVGYT,GLCTLVAML
7100,VSGNPY,YITGDNLV,AKNEGGGSQGNLI,LNHDA,SQIVND,ASSFRAGNEQF,GILGFVFTL
7101,TISGTDY,GLTSN,ILKNSGGSNYKLT,SQVTM,ANQGSEA,SVSPGLRQETQY,HPVTKYIM
7102,DRGSQS,IYSNGD,AVNSIRESGYSTLT,SGHDY,FNNNVP,ASSLVAISTLEQY,ELAGIGILTV
7103,TISGNEY,GLKNN,IVRGFNDYKLS,SEHNR,FQNEAQ,ASSLPHNTEAF,GPRLGVRAT
7104,TRDTTYY,RNSFDEQN,ALSEATSGTYKYI,MNHEY,SMNVEV,ASSLITGDTEAF,RLPGVLPRA
7105,DSSSTY,IFSNMDM,AESEGPTYTDKLI,LNHDA,SQIVND,ASSISGIGTYEQY,RAKFKQLL
7106,TSENNYY,QEAYKQQN,AFMTSPGGTSYGKLT,SGHAT,FQNNGV,ASSLGDFLRTDTQY,GILGFVFTL
7107,DSAIYN,IQSSQRE,AVLMDSNYQLI,SGHAT,FQNNGV,ASSLVVENTEAF,CLGGLLTMV
7108,NSAFQY,TYSSGN,AIITGGGNKLT,SGHDY,FNNNVP,ASSAGTSGFGYNEQF,RAKFKQLL
7109,DSAIYN,IQSSQRE,AVSLYNNNDMR,ENHRY,SYGVKD,AISEQEDQPQH,NLVPMVATV
7110,TSDPSYG,QGSYDQQN,AMRESYNQGGKLI,LNHDA,SQIVND,ASTWGGLGTEAF,RAKFKQLL
7111,NSASDY,IRSNMDK,AENARYSGAGSYQLT,SGHRS,YFSETQ,SYEQY,QAKWRLQTL
7112,YGATPY,YFSGDTLV,AVGEDRLM,MGHRA,YSYEKL,ASSPSNGAGGYT,RAKFKQLL
7113,TSINN,IRSNERE,ATASTSGTYKYI,MGHRA,YSYEKL,ASSLLAGEYNEQF,RAKFKQLL
7114,DSAIYN,IQSSQRE,AVSPTLT,LNHDA,SQIVND,ASSSGGDERYTGELF,DATYQRTRALVR
7115,DRGSQS,IYSNGD,AGSEGGNKLV,GTSNPN,SVGIG,AWEGTSGVFEQY,LLAGIGTVPI
7116,SSVPPY,YTSAATLV,AVPNFGNEKLT,MNHNS,SASEGT,ASSPDRALPEAF,SPRWYFYYL
7117,YGGTVN,YFSGDPLV,AVKDGGYNKLI,MNHEY,SMNVEV,ASQGLVGGGETQY,YVLDHLIVV
7118,YGGTVN,YFSGDPLV,AVKDTNKLI,MNHNS,SASEGT,ASSGLRGSKETQY,YVLDHLIVV
7119,NYSPAY,IRENEKE,ATMGFGNVLHCFGNVLH,MNHNY,SVGAGI,ASSYSRASGDDNEQF,LTDEMIAQY
7120,SVFSS,VVTGGEV,AGAAGGRHGNLI,LNHDA,SQIVND,ASSGRATGELF,GILGFVFTL
7121,NIATNDY,GYKTK,LVSEPYNTDKLI,MGHRA,YSYEKL,ASSLQMASGSPDLGEQF,CINGVCWTV
7122,VGISA,LSSGK,AVIGISQGGSEKLV,DFQATT,SNEGSKA,NTGELF,GIIYIIYKL
7123,NSMFDY,ISSIKDK,AASEGNQFY,LGHNA,YNFKEQ,ASSQEGQQWGRDGYT,TTDPSFLGRY
7124,TSGFNG,NVLDGL,AVRDRWSGGYQKVT,MNHEY,SMNVEV,ASSFGQGSSPLH,NLVPMVATV
7125,DRGSQS,IYSNGD,AVIDDKII,MNHEY,SVGEGT,ASSYTEAYEQY,LLWNGPMAV
7126,DRGSQS,IYSNGD,AVGGYGQNFV,MDHEN,SYDVKM,ASSFTSGGLYEQY,LLAGIGTVPI
7127,DRGSQS,IYSNGD,AVGEDMR,SEHNR,FQNEAQ,ASSSPDDPNTEAF,LLAGIGTVPI
7128,NSAFQY,TYSSGN,AMTLGQGAQKLV,SQVTM,ANQGSEA,SVDSQPIGETQY,LLAGIGTVPI
7129,VSPFSN,MTFSENT,VVSTYGSSNTGKLI,LNHDA,SQIVND,ASSMGSGSYGEAF,GILGFVFTL
7130,DRGSQS,IYSNGD,AVRMYSGGGADGLT,SGDLS,YYNGEE,ASSPGDFQETQY,ALAGIGILTV
7131,DSAIYN,IQSSQRE,AVVYPLTHGSSNTGKLI,SEHNR,FQNEAQ,ASSLEGQLNEQF,ATDALMTGF
7132,TSINN,IRSNERE,ATDAVRGGKLI,SGHRS,YFSETQ,ASSLNRPGEQY,ALGIGILTV
7133,DSSSTY,IFSNMDM,AERETSYDKVI,LGHNT,FRNRAP,ASGRVQGPRDTEAF,RAKFKQLL
7134,YGATPY,YFSGDTLV,AVDLTGAGSYQLT,SGHVS,FQNEAQ,ASSLPDRAGEKLF,CINGVCWTV
7135,NIATNDY,GYKTK,LVVLEEDTDKLI,PRHDT,FYEKMQ,ASSLQNQETQY,RTATKAYNV
7136,NSAFQY,TYSSGN,AMTGSNFGNEKLT,DFQATT,SNEGSKA,SAWIQETQY,LLAGIGTVPI
7137,SIFNT,LYKAGEL,AGTDNYGQNFV,SGHDT,YYEEEE,ASSFQRSDTQY,NQKLIANQF
7138,TISGNEY,GLKNN,IVRVPSDNFNKFYFG,MDHEN,SYDVKM,ASSRTFRELFFG,ELAGIGILTV
7139,SVFSS,VVTGGEV,AVYNNNDMR,KGHSH,LQKENI,ASSPTGVGTQY,GILGFVFTL
7140,NSAFQY,TYSSGN,AMTARMDSSYKLI,SEHNR,FQNEAQ,ASSLVEGIVNYEQY,TPRVTGGGAM
7141,TSESDYY,QEAYKQQN,AYSPNAGGTSYGKLT,MNHGY,SVAAGI,ASRQWTGGTTGELF,GILGFVFTL
7142,VSGNPY,YITGDNLV,AVRDGTGANNLF,LNHDA,SQIVND,ASAGTGVNIQY,GILGFVFTL
7143,DRGSQS,IYSNGD,AVSAGGYNKLI,MDHEN,SYDVKM,ASSLLGEQY,ELAGIGILTV
7144,SIFNT,LYKAGEL,AGLKGFESGGSNYKLT,LGHDT,YNNKEL,ASSQGLAPGELF,GILGFVFTL
7145,TSESDYY,QEAYKQQN,AYSQGAQKLV,PRHDT,FYEKMQ,ASSIPGWTEAF,RPPIFIRRL
7146,DSAIYN,IQSSQRE,AAPMYSGGGADGLT,MNHEY,SVGEGT,ASSPVGVGYT,YVLDHLIVV
7147,NIATNDY,GYKTK,FSGGYNKLI,PRHDT,FYEKMQ,ASSNRADRNQPQH,QAKWRLQTL
7148,TRDTTYY,RNSFDEQN,TTDSWGKFE,SGDLS,YYNGEE,ASSPGLTSTDTQY,GILGFVFTL
7149,NSASQS,VYSSG,VVLQYHQGPKLI,LGHDT,YNNKEL,ASSHALENTGELF,YVLDHLIVV
7150,TISGNEY,GLKNN,ILKTGANNLF,SGDLS,YYNGEE,ASSVDPAGGSSYEQY,GILGFVFTL
7151,NSASQS,VYSSG,ASGGSYIPT,SGHTA,FQGNSA,ASSEQGSTYEQY,LLAGIGTVPI
7152,TSINN,IRSNERE,ATAAQGGADGLT,MNHEY,SVGEGT,ASSLASSADTQY,RAKFKQLL
7153,DSSSTY,IFSNMDM,AEMEGGSYIPT,SGDLS,YYNGEE,ASSVTGTFGYEQY,GLCTLVAML
7154,DSSSTY,IFSNMDM,ASQENSGAGSYQLT,KGHDR,SFDVKD,ATSDLQRGNTGELF,YLQPRTFLL
7155,NSASDY,IRSNMDK,AETHSGGSNYKLT,SEHNR,FQNEAQ,ASSSPRLSGEADGYT,FLRGRAYGL
7156,TSINN,IRSNERE,ATHNFGNEKLT,SGDLS,YYNGEE,AMYLCASSLFGSPLH,GILGFVFTL
7157,DRGSQS,IYSNGD,AVNIETGANNLF,MDHEN,SYDVKM,ASRPTGLGQPQH,ELAGIGILTV
7158,TISGTDY,GLTSN,ILRDLNAGGTSYGKLT,WNHNN,SYGVQD,ASSRPVAVIYGYT,RAKFKQLL
7159,DSASNY,IRSNVGE,AYGGSQGNLI,SGHDY,FNNNVP,ASTLGNTEAF,GILGFVFTL
7160,TSDPSYG,QGSYDQQN,AMRDTGGFKTI,MNHEY,SVGAGI,ASSYSEGSYNEQF,RGPGRAFVTI
7161,SIFNT,LYKAGEL,AGPGTYKYI,LNHDA,SQIVND,ASSILAGADTQY,GILGFVFTL
7162,DSAIYN,IQSSQRE,AVNTDKLI,SGHRS,YFSETQ,ASSLAGTEAF,SPRWYFYYL
7163,DSAIYN,IQSSQRE,AVIGGSSNTGKLI,SGHRS,YFSETQ,ASSLAGAQQAF,SPRWYFYYL
7164,TTLSN,LVKSGEV,ASPGDGGSQGNLI,LNHDA,SQIVND,ASSPRSTDTQY,GILGFVFTL
7165,DRGSQS,IYSNGD,AVIQGAQKLV,LNHDA,SQIVND,ASSIVVLGGELF,GILGFVFTL
7166,SVFSS,VVTGGEV,AGALETSGSRLT,MNHEY,SVGAGI,ASSRDSGYSPLH,LTDEMIAQY
7167,TISGNEY,GLKNN,IVIHLSDGQKLL,LNHDA,SQIVND,ASSIGGGQNTEAF,GILGFVFTL
7168,NSAFQY,TYSSGN,AHSNFGNEKLT,LNHDA,SQIVND,ASSIVSTDTQY,GILGFVFTL
7169,DRGSQS,IYSNGD,AVAGQKLL,GTSNPN,SVGIG,AWSGAGTSYEQY,ALGIGILTV
7170,DSAIYN,IQSSQRE,AVGLTWGKLQ,DFQATT,SNEGSKA,SARDGGTDTQY,YLQPRTFLL
7171,DSASNY,IRSNVGE,AAKEGYSTLT,SGHNT,YYREEE,ASSSTGGGEKDQPQH,GILGFVFTL
7172,DRGSQS,IYSNGD,AVGDDKII,MNHEY,SVGAGI,ASSYVRASYGYT,LLWNGPMAV
7173,NSMFDY,ISSIKDK,AASPLVGATNKLI,MNHEY,SMNVEV,ATSRDSQETQY,IPSINVHHY
7174,NSASDY,IRSNMDK,ADSGGGADGLT,MGHDK,SYGVNS,ASSPTGINYGYT,RAKFKQLL
7175,DRGSQS,IYSNGD,AVNWGGGSQGNLI,LNHDA,SQIVND,ASSIRSSHEQY,GILGFVFTL
7176,TRDTTYY,RNSFDEQN,ALSEASMYSGGGADGLT,LNHDA,SQIVND,ASSTLRGPYNEQF,GILGFVFTL
7177,DSASNY,IRSNVGE,AATETSYDKVI,SGHAT,FQDESV,ASIDLGGEVSYNEQF,RAKFKQLL
7178,NSASDY,IRSNMDK,AERETSYDKVI,SEHNR,FQNEAQ,ASSSLGGHGEAF,RAKFKQLL
7179,DSAIYN,IQSSQRE,AVRSDQAGTALI,SGHDT,YYEEEE,ASSLGTGELF,NLVPMVATV
7180,TSGFNG,NVLDGL,AVRDLGSSASKII,MNHEY,SMNVEV,ASTSGGSPLH,GILGFVFTL
7181,NSASQS,VYSSG,VVNMGRGYSTLT,SGHDT,YYEEEE,ASSPVAGGNTGELF,YLQPRTFLL
7182,DSASNY,IRSNVGE,AAFNYQLI,SGHTA,FQGTGA,ASSYGQGNEQF,RAKFKQLL
7183,DRGSQS,IYSNGD,ALLGGNQFY,SNHLY,FYNNEI,AIGTSENYEQY,LLLDRLNQL
7184,DRGSQS,IYSNGD,AVKAGTALI,MDHEN,SYDVKM,ASSSTEEKLF,LLLDRLNQL
7185,VSGLRG,LYSAGEE,AVQASGTASKLT,SGHRS,YFSETQ,ASSLAGAGELF,SPRWYFYYL
7186,SVFSS,VVTGGEV,AGGGSQGNLI,DFQATT,SNEGSKA,SARDGRREYEQY,GILGFVFTL
7187,TSDPSYG,QGSYDQQN,AMRERDNQGGKLI,MGHRA,YSYEKL,ASSQDRVGIQPQH,HPVTKYIM
7188,YGATPY,YFSGDTLV,ACNAGNMLT,SGHDY,FNNNVP,ASRTDGLAGYNEQF,YLQPRTFLL
7189,VSPFSN,MTFSENT,VVSGGMNRDDKII,SGHDY,FNNNVP,ASSPLLAGGPYEQY,YSEHPTFTSQY
7190,TTLSN,LVKSGEV,AGRGTSGSRLT,MNHEY,SMNVEV,ASSPLTGRSEEKETQY,SPRWYFYYL
7191,DRGSQS,IYSNGD,AVTTDKLI,MNHEY,SVGEGT,ASSSGLAYEQY,LLWNGPMAV
7192,YGGTVN,YFSGDPLV,AVKDTDKLI,SNHLY,FYNNEI,AGAEPGVNYGYT,YVLDHLIVV
7193,NSMFDY,ISSIKDK,AARGTASKLT,SEHNR,FQNEAQ,ASSLEAGRSPYEQY,SPRWYFYYL
7194,TSDPSYG,QGSYDQQN,AMREGGGTSYGKLT,SGHTA,FQGNSA,ASSLAGTSGYTYEQY,RPIIRPATL
7195,TISGNEY,GLKNN,IVRETNNDMR,MGHRA,YSYEKL,ASSQTGSLNTEAF,RAKFKQLL
7196,KALYS,LLKGGEQ,GTEYPNDYKLS,SGHNT,YYREEE,ASSSTGGGEKDQPQH,GLCTLVAML
7197,TSGFNG,NVLDGL,AVSDSNYQLI,LNHDA,SQIVND,ASSIYSNQPQH,GILGFVFTL
7198,NIATNDY,GYKTK,LVGAPGPGNTPLV,LNHNV,YYDKDF,ATSNLDSFGGYT,CINGVCWTV
7199,TSESDYY,QEAYKQQN,AYRMGGGSEKLV,LGHDT,YNNKEL,ASSPIPSGSYEQY,KSKRTPMGF
7200,NSMFDY,ISSIKDK,AATFYGGSQGNLI,SEHNR,FQNEAQ,ASSTQTAPDDTQY,RAKFKQLL
7201,DRGSQS,IYSNGD,AVTSFAKLM,SGDLS,YYNGEE,ASSPNTGLTGELF,LLAGIGTVPI
7202,SIFNT,LYKAGEL,AGSGDGGSQGNLI,SEHNR,FQNEAQ,ASSFGSDYNEQF,GILGFVFTL
7203,NIATNDY,GYKTK,LVGGWDAGNMLT,SGHDT,YYEEEE,ASSLLLRDGGRGAF,SPRWYFYYL
7204,DSASNY,IRSNVGE,AASETSYDKVI,SEHNR,FQNEAQ,ASSSLGVKDSPLH,RAKFKQLL
7205,TTLSN,LVKSGEV,AGYTSGTYKYI,SGHVS,FQNEAQ,ASSLGQGHFT,SPRWYFYYL
7206,DSAIYN,IQSSQRE,AVEISSGSARQLT,LNHDA,SQIVND,ASSLRSTQPQH,GILGFVFTL
7207,YGGTVN,YFSGDPLV,AVSARLNTDKLI,SGHNS,FNNNVP,ASSFSGNTGELF,RAKFKQLL
7208,TSINN,IRSNERE,ATDGVSGYSTLT,MNHEY,SVGAGI,ASSSQGGNCGYT,FLYALALLL
7209,VSGNPY,YITGDNLV,AVRDGGVLRTDKLI,LNHDA,SQIVND,ASSISSGRTYEQY,FEDLRVLSF
7210,DRGSQS,IYSNGD,AVSGRGSTLGRLY,MDHEN,SYDVKM,ASSWGQMNTEAF,ELAGIGILTV
7211,NSAFQY,TYSSGN,AMGGDGGSQGNLI,LNHDA,SQIVND,ASSIRAGGEQY,GILGFVFTL
7212,SSVSVY,YLSGSTLV,GDEKLT,LNHDA,SHIVND,ASGRAGGPGNEQS,GILGFVFTL
7213,SIFNT,LYKAGEL,AGHQKNSGYALN,LNHDA,SQIVND,ASSMVAVSEAF,GILGFVFTL
7214,DRGSQS,IYSNGD,AVNMGGGSQGNLI,LNHDA,SQIVND,ASSTRASNEQF,GILGFVFTL
7215,ATGYPS,ATKADDK,ALSETSYDKVI,SGHAT,FQDESV,ASSPTTGKSSYNSPLH,RAKFKQLL
7216,NSAFQY,TYSSGN,AMSRSNFGNEKLT,SGHNT,YYREEE,ASSFAGTGGEQY,LLAGIGTVPI
7217,DSSSTY,IFSNMDM,AESSDDKII,SNHLY,FYNNEI,ASSEAGVLNTGELF,VLEETSVML
7218,TRDTTYY,RNSFDEQN,ALSETPRGGGTSYGKLT,LNHDA,SQIVND,ASSIVSGGYNEQF,GILGFVFTL
7219,TSINN,IRSNERE,ATDADSGNTPLV,MNHEY,SVGEGT,ASSFLAGGPFETQY,GLCTLVAML
7220,TTLSN,LVKSGEV,AGIGWYVGNEKLT,DFQATT,SNEGSKA,SARDLRGTKAYEQY,CLGGLLTMV
7221,YGATPY,YFSGDTLV,AVAFGNQFY,MNHEY,SMNVEV,ASSMTSGALYNEQF,NLVPMVATV
7222,TRDTTYY,RNSFDEQN,ALSEYSGGGADGLT,LNHDA,SQIVND,ASSILAGSYNEQF,GILGFVFTL
7223,TSINN,IRSNERE,ATVHRMDSSYKLI,SEHNR,FQNEAQ,ASSLIGVSPYNEQF,TPRVTGGGAM
7224,NSASQS,VYSSG,VVNRVSSASKII,SEHNR,FQNEAQ,ASSQRQGANTGELF,TPRVTGGGAM
7225,DSAIYN,IQSSQRE,AVMMNTGFQKLV,SEHNR,FQNEAQ,ASSPSGGAADTQY,RAKFKQLL
7226,ATGYPS,ATKADDK,ALRNTGGFKTI,MNHEY,SMNVEV,ASRKDWQNTGELF,ELAGIGILTV
7227,DSAIYN,IQSSQRE,AVVLLGDRDDKII,MNHNS,SASEGT,ASSDWLAAGYNEQF,MEVTPSGTWL
7228,TTLSN,LVKSGEV,PVTSLSAYSPNI,LNHDA,SQIVND,ASSIRSLDEQF,GILGFVFTL
7229,TSDPSYG,QGSYDQQN,AMRVGMDSSYKLI,SEHNR,FQNEAQ,ASSTHDLQGPSSPLH,TPRVTGGGAM
7230,DSASNY,IRSNVGE,AATESSGDKLT,SGHVS,FQNEAQ,ASSTRDRTYEQY,RAKFKQLL
7231,VTNFRS,LTSSGIE,AVGSPNYGGSQGNLI,LGHNT,FRNRAP,ASGPTHGYT,CTELKLSDY
7232,SVFSS,VVTGGEV,AGEAGTALI,LNHDA,SQIVND,ASSILAGGGTDTQY,YLQPRTFLL
7233,SSYSPS,YTSAATLV,VVSDDRLFAGNMLT,SGHDT,YYEEEE,ASSLRDGSEAF,RAKFKQLL
7234,TSGFNG,NVLDGL,AAMDSNYQLI,MNHNS,SASEGT,ASNEDSNYGYT,DATYQRTRALVR
7235,NSASQS,VYSSG,VVNWPGDMR,MNHNS,SASEGT,ASKSERGTYEQY,GILGFVFTL
7236,SIFNT,LYKAGEL,AGLWKKSSGDKLT,MNHEY,SVGEGT,ASSYHILGTIHDAGELF,ATDALMTGF
7237,DSASNY,IRSNVGE,AAMETSYDKVI,LNHNV,YYDKDF,ATSTGDSNQPQH,RAKFKQLL
7238,TSESDYY,QEAYKQQN,AYSGGNQFY,MGHDK,SYGVNS,ASSWGGETQY,KLSALGINAV
7239,DSSSTY,IFSNMDM,AESLYSSASKII,SGHTS,YDEGEE,ASRRTSGANTGELF,MEVTPSGTWL
7240,TSDPSYG,QGSYDQQN,AMREGSTNAGKST,MNHEY,SMNVEV,ASSPGSVAFGYT,YAKWKLCSA
7241,NSASDY,IRSNMDK,AENIFSGGYNKLI,SNHLY,FYNNEI,ASSDTQGSQPQH,LTDEMIAQY
7242,TRDTTYY,RNSFDEQN,ALSDGYSTLT,MNHEY,SMNVEV,ASSLPGANVLT,CTELKLSDY
7243,SIFNT,LYKAGEL,VDHSNGWRQSVI,MNHEY,SMNVEV,ASSFPGQGNTQY,RAQAPPPSW
7244,TSGFNG,NVLDGL,AVNSGNTPLV,SGHVS,FQNEAQ,ASSLGQAYEQY,QAKWRLQTL
7245,DSSSTY,IFSNMDM,AESTGGAGKST,MNHEY,SMNVEV,ASSSRHSGEKLF,LTDEMIAQY
7246,TSGFNG,NVLDGL,AVNEGDYKLS,DFQATT,SNEGSKA,SARHLSGIEQF,SLFNTVATLY
7247,SSNFYA,MTLNGDE,APNAGGTSYGKLT,SGDLS,YYNGEE,ASSVAYRGNEQF,YLQPRTFLL
7248,TSINN,IRSNERE,ATDALGNGNEKLT,LNHDA,SQIVND,ATQGDNTYEQY,GILGFVFTL
7249,DSAIYN,IQSSQRE,AVRPDSGYALN,MNHNY,SVGAGI,ASSQLSGSLETQY,RPPIFIRRL
7250,NIATNDY,GYKTK,LVGAGGYQKVT,LGHNA,YNFKEQ,ASSQELAGGNEQF,CINGVCWTV
7251,SIFNT,LYKAGEL,AGHTGNQFY,SEHNR,FQNEAQ,ASSSGLAGGNEQF,GILGFVFTL
7252,ATGYPS,ATKADDK,ALSETSYDKVI,SGHNS,FNNNVP,ASSELQGAQDISPLH,RAKFKQLL
7253,TSESDYY,QEAYKQQN,AFLWGYNTDKLI,MGHRA,YSYEKL,ASSQVMGGRTGELF,VTEHDTLLY
7254,TTLSN,LVKSGEV,AGGDTGNQFY,SGHNS,FNNNVP,ASSFSGNTGELF,RAKFKQLL
7255,TSGFNG,NVLDGL,AVNAGNNRKLI,WSHSY,SAAADI,ASILGTSGREPYEQY,RPIIRPATL
7256,TRDTTYY,RNSFDEQN,ALSEAYAGGTSYGKLT,SGHDT,YYEEEE,ASSLRDGSEAF,RAKFKQLL
7257,DRGSQS,IYSNGD,AVKKGQNFV,DFQATT,SNEGSKA,SAESGNTEAF,DATYQRTRALVR
7258,SSYSPS,YTSAATLV,YSGGGADGLT,KGHDR,SFDVKD,ATSDFITDTQY,YVLDHLIVV
7259,TSENNYY,QEAYKQQN,AFMIGPGGTSYGKLT,LNHDA,SQIVND,ASSIGVNGYT,GILGFVFTL
7260,SSVPPY,YTSAATLV,AVSERRIGANSKLT,SGHAT,FQDESV,ASSFGTAPSYEQY,RAKFKQLL
7261,VSGNPY,YITGDNLV,AVRDYNYGQNFV,GTSNPN,SVGIG,AWTIENRNTGELF,GILGFVFTL
7262,YGATPY,YFSGDTLV,AVGAPDKLI,LGHNA,YSLEER,ASSQDRTSGRTRELF,KSKRTPMGF
7263,NIATNDY,GYKTK,LVGENNNARLM,LGHNA,YNFKEQ,ASSQEGQGAPYEQY,CINGVCWTV
7264,NSAFQY,TYSSGN,AMSGDGGSQGNLI,LNHDA,SQIVND,ASSIRAAYEQY,GILGFVFTL
7265,TRDTTYY,RNSFDEQN,ALSERGYSGAGSYQLT,SGHVS,FNYEAQ,ASSLGGLAADTQY,FLASKIGRLV
7266,DSAIYN,IQSSQRE,AVTSTDSWGKLQ,SGHRS,YFSETQ,ASMMEGRSTGELF,TDLGQNLLY
7267,NTAFDY,IRPDVSE,AASIGAFGNEKLT,LGHDT,YNNKEL,ASSQVFGTPTPQH,VLEETSVML
7268,DSAIYN,IQSSQRE,PKGYSTL,LNHNV,YYDKDF,TSKSGGPYEQ,GILGFVFTL
7269,TSGFNG,NVLDGL,AVRDSQIKAAGNKLT,MGHRA,YSYEKL,ASSQDIGGGSYEQY,SPRWYFYYL
7270,NSAFQY,TYSSGN,AMSRSNFGNEKLT,SGHAT,FQDESV,ASSSPGLAGGPDTGELF,LLAGIGTVPI
7271,TSDPSYG,QGSYDQQN,AMGRQDFNKFY,LGHNA,YSLEER,ASSQDDLSLGANVLT,GILGFVFTL
7272,TSINN,IRSNERE,ATDRNDYKLS,KGHDR,SFDVKD,ATSDPPQDTQY,GILGFVFTL
7273,TSDPSYG,QGSYDQQN,AMRDGGGGFKTI,SGDLS,YYNGEE,ASSGDTGTTLYNEQF,GILGFVFTL
7274,DSASNY,IRSNVGE,AASETSYDKVI,SQVTM,ANQGSEA,SAGGNTEAF,RAKFKQLL
7275,DSAIYN,IQSSQRE,AVNYQGGSEKLV,LNHDA,SQIVND,ASSIRSTTEAF,GILGFVFTL
7276,DSSSTY,IFSNMDM,AESTPGKLI,SGHDN,FVKESK,ASSQSPGGITY,CINGVCWTV
7277,YGATPY,YFSGDTLV,AVGAPERTSGTYKYI,PRHDT,FYEKMQ,ASSPGTAAGLTYEQY,RFPLTFGWCF
7278,NSASDY,IRSNMDK,AEKLDRGSTLGRLY,SGHRS,YFSETQ,ASSLAASDEQY,RTLNAWVKV
7279,YGATPY,YFSGDTLV,APGETGANNLF,LNHDA,SQIVND,ASSFYSNQPQH,GILGFVFTL
7280,TISGTDY,GLTSN,ILRETSYDKVI,SEHNR,FQNEAQ,ASSPRQGWTNEKLF,GILGFVFTL
7281,TSGFNG,NVLDGL,AVRDSNYQLI,MRHNA,SNTAGT,ASSDSPGVGYNEQF,CTELKLSDY
7282,TSENNYY,QEAYKQQN,ALRDGKANLM,MGHRA,YSYEKL,ASSQEWGRGTDTQY,RPPIFIRRL
7283,YGATPY,YFSGDTLV,AGRLVVGGGADALT,MNHNY,SVGAGI,ASSYQHEQY,VLFGLGFAI
7284,SSNFYA,MTLNGDE,ASPGWMDSSYKLI,KGHDR,SFDVKD,ATSAGQMYQETQY,VSDGGPNLY
7285,TSENNYY,QEAYKQQN,AFMWDAGGTSYGKLT,LNHDA,SQIVND,ASSIGWYGYT,GILGFVFTL
7286,DRGSQS,IYSNGD,AVSASKII,SGHAT,FQNNGV,ASNTGTDSYEQY,LLWNGPMAV
7287,TSINN,IRSNERE,ALGGSNDYKLS,SGHVS,FQNEAQ,ASSLAGGFTGELF,YLQPRTFLL
7288,DRGSQS,IYSNGD,AVPSGNTPLV,PRHDT,FYEKMQ,ASSFGGQPQH,GILGFVFTL
7289,NTAFDY,IRPDVSE,AASEILTGGGNKLT,MNHEY,SMNVEV,ASKGSNTGELF,RTATKQYNV
7290,DRGSQS,IYSNGD,AVSQDGNKLV,SGHDY,FNNNVP,ASSFQGALEQY,ELAGIGILTV
7291,NSASDY,IRSNMDK,AEKNSYQKVT,SNHLY,FYNNEI,ASTIMGRGGEAF,NQKLIANQF
7292,VSGNPY,YITGDNLV,AVRDITGQAGTALI,MGHRA,YSYEKL,ASSQGLVSADTQY,YVLDHLIVV
7293,SVFSS,VVTGGEV,AGAGGGSQGNLI,LNHDA,SQIVND,ASSTRSGTGQY,GILGFVFTL
7294,DRGSQS,IYSNGD,AVINYQLI,SEHNR,FQNEAQ,ASSLDRDASYNEQF,ELAGIGILTV
7295,NSASQS,VYSSG,VVNNVRNTDKLI,LGHDT,YNNKEL,ASSGVSWETNEQY,CTELKLSDY
7296,DSASNY,IRSNVGE,AAMETSYDKVI,SGHNS,FNNNVP,ASSLGDRAGGYT,RAKFKQLL
7297,DSASNY,IRSNVGE,AAARMDSSYKLI,SEHNR,FQNEAQ,ASSLVSNEQF,RAKFKQLL
7298,NSASQS,VYSSG,VVNIDTDKLI,SNHLY,FYNNEI,ATGGDHNTGELF,YLQPRTFLL
7299,TSINN,IRSNERE,ATVPGSQGNLI,MNHEY,SVGAGI,ASSYRQGSYEQY,SPRWYFYYL
7300,DRGSQS,IYSNGD,AVGGGADGLT,MNHEY,SMNVEV,ASSLGGLGGSEQY,ELAGIGILTV
7301,YGGTVN,YFSGDPLV,AVKNTDKLI,MNHEY,SMNVEV,ASSPDVSTATYEQY,YVLDHLIVV
7302,YSGSPE,HISR,ALRGFMNSGGYQKVT,SGHNT,YYREEE,ASSIGLGGTSEQF,LLWNGPMAV
7303,NSASDY,IRSNMDK,AENMFQGGSEKLV,SNHLY,FYNNEI,ASSGSDTQY,GILGFVFTL
7304,TSINN,IRSNERE,ATEARMDSSYKLI,SEHNR,FQNEAQ,ASSLVGEGRGREQY,QYIKWPWYI
7305,TSENNYY,QEAYKQQN,AFMKHRGDRDDKII,DFQATT,SNEGSKA,SARGRVFNTEAF,RAKFKQLL
7306,DRGSQS,IYSNGD,AGPYNQGGKLI,LNHDA,SQIVND,ASSIRSTETQY,GILGFVFTL
7307,SVFSS,VVTGGEV,AGAGGGGSQGNLI,MNHNS,SASEGT,ASSQHGTSNEQF,GILGFVFTL
7308,NSMFDY,ISSIKDK,AANNDNFNKFY,PRHDT,FYEKMQ,ASSGGGVDEKLF,GILGFVFTL
7309,TSGFNG,NVLDGL,AVRDISDGQKLL,SGHDY,FNNNVP,ASSPLSYEQY,LTDEMIAQY
7310,SVFSS,VVTGGEV,AGALGGGSQGNLI,LNHDA,SQIVND,ASSFRSSQPQH,GILGFVFTL
7311,TSENNYY,QEAYKQQN,AFMKGAGGTSYGKLT,GTSNPN,SVGIG,AWSPKTSDTGELF,GILGFVFTL
7312,VSNAYN,GSKP,ASSSGGSYIPT,LNHDA,SQIVND,ASSSSLRGGIDRETQY,FLASKIGRLV
7313,TSDPSYG,QGSYDQQN,AMREVGGTASKLT,SEHNR,FQNEAQ,ASSIYPGQLYNSPLH,RPIIRPATL
7314,DRGSQS,IYSNGD,AVKQGAQKLV,KGHSH,LQKENI,ASSPVPNTGELF,LLLDRLNQL
7315,DRGSQS,IYSNGD,AVTVG,SGDLS,YYNGEE,ASSATSLPLNEQF,ALAGIGILTV
7316,VTNFRS,LTSSGIE,NSGYSTLT,SEHNR,FQNEAQ,ASSTTRAGTWPLH,RAKFKQLL
7317,DRGSQS,IYSNGD,AVVSARLM,SGHTA,FQGTGA,ASSSSDRPNEQF,LLAGIGTVPI
7318,YGGTVN,YFSGDPLV,AVNAGGGSQGNLI,LGHNT,FRNRAP,ASAPDGFFYGYT,GILGFVFTL
7319,ATGYPS,ATKADDK,ALSDRNTGNQFY,MNHEY,SVGAGI,ASSFVAGVDTQY,RAKFKQLL
7320,YGGTVN,YFSGDPLV,AVPGFSGGYNKLI,SGDLS,YYNGEE,ASSTGQLSNTGELF,YLLEMLWRL
7321,DSASNY,IRSNVGE,AAQETSYDKVI,SEHNR,FQNEAQ,ASSHTRNTEAF,RAKFKQLL
7322,YGATPY,YFSGDTLV,AVAPGYSTLT,SGHDT,YYEEEE,ASSQGSGNEQF,QYIKWPWYI
7323,TSINN,IRSNERE,ATEERMDSSYKLI,SEHNR,FQNEAQ,ASSNRDRGAYEQY,TPRVTGGGAM
7324,TSINN,IRSNERE,ATDVSYNTDKLI,MNHEY,SMNVEV,ASSPTSGGYNEQF,GPRLGVRAT
7325,TSENNYY,QEAYKQQN,AFMTNAGGTSYGKLT,LNHDA,SQIVND,ASSFGSHGYT,GILGFVFTL
7326,SIFNT,LYKAGEL,AGTTHARGGSQGNLI,LNHDA,SQIVND,ASSGVSNQPQH,GILGFVFTL
7327,DRGSQS,IYSNGD,AALLTGGGNKLT,SGHDT,YYEEEE,ASSLRDGSEAF,RAKFKQLL
7328,DSASNY,IRSNVGE,AASEETSYDKVI,MDHEN,SYDVKM,ASSLRAADTQY,RPPIFIRRL
7329,VSPFSN,MTFSENT,VVSVLTGGGADGLT,SGHDT,YYEEEE,ASSLAGTGFGHEQY,QYIKWPWYI
7330,SVFSS,VVTGGEV,AGGGSQGNLI,MNHEY,SVGEGT,ASRASMSSYNEQF,GILGFVFTL
7331,TSESDYY,QEAYKQQN,AYKEDDYKLS,MGHRA,YSYEKL,ASSQAAGGSYEQY,RAKFKQLL
7332,TRDTTYY,RNSFDEQN,ALSEAQAGTALI,SQVTM,ANQGSEA,SVKDTKTYEQY,VLFGLGFAI
7333,TSESDYY,QEAYKQQN,AYRREVNRDDKII,MDHEN,SYDVKM,ASSWTLISRGRLNYGYT,QYIKWPWYI
7334,SIFNT,LYKAGEL,AGQVGSSGSARQLT,MNHEY,SMNVEV,ASKIGPGGFYNEQF,TPRVTGGGAM
7335,NSMFDY,ISSIKDK,AAENQGGKLI,SGHNT,YYREEE,ASSHRGQGNYGYT,TTDPSFLGRY
7336,NSASQS,VYSSG,NSGGYQKVT,SNHLY,FYNNEI,ASSVGQGVAEQY,LLAGIGTVPI
7337,VSGNPY,YITGDNLV,ASPGGGGSQGNLI,LNHDA,SQIVND,ASRKRGTAPQF,GILGFVFTL
7338,SVFSS,VVTGGEV,TTDSWGKFE,SQVTM,ANQGSEA,SAYSTGDYGYT,QAKWRLQTL
7339,YGGTVN,YFSGDPLV,AVNQAGTALI,MNHEY,SVGEGT,ASLSMGYNEQF,YVLDHLIVV
7340,SVFSS,VVTGGEV,AGGGSQGNLI,LGHNA,YSLEER,ASSQERGGKWAYEQY,GILGFVFTL
7341,TSINN,IRSNERE,ATDGNNNAGNMLT,SNHLY,FYNNEI,ASSVAGSSYEQY,LTDEMIAQY
7342,YSGSPE,HISR,ALCGGGGTKLT,WSHSY,SAAADI,ASRQGDGDTQY,GLCTLVAML
7343,KALYS,LLKGGEQ,GTAIDGGSQGNLI,LNHDA,SQIVND,ASSKRSTDTQY,GILGFVFTL
7344,DRGSQS,IYSNGD,AVNNDMR,MNHEY,SMNVEV,ASSSPGTGAYGYT,ELAGIGILTV
7345,DSAIYN,IQSSQRE,ADGGATNKLI,DFQATT,SNEGSKA,SARDSTGNGYT,GLCTLVAML
7346,YGGTVN,YFSGDPLV,ALGGLT,SGHTA,FQGNSA,ASSLVNQGVRGYT,YVLDHLIVV
7347,VSGNPY,YITGDNLV,AVRDFTSGTYKYI,SEHNR,FQNEAQ,ASSFQDGYNEQF,TPRVTGGGAM
7348,VGISA,LSSGK,AVIPDFGNEKLT,KGHSH,LQKENI,ASRDGRESYEQY,YLQPRTFLL
7349,NIATNDY,GYKTK,LLNQAGTALI,PRHDT,FYEKMQ,ASSPTGTNTEAF,CINGVCWTV
7350,VSGNPY,YITGDNLV,AVQNQAGTALI,MDHEN,SYDVKM,ASSLAGSYNEQF,GILGFVFTL
7351,TTLSN,LVKSGEV,AGVDGGSQGNLI,LNHDA,SQIVND,ASSILAQSEAF,GILGFVFTL
7352,TSGFNG,NVLDGL,AVRMDSSYKLI,SGHTA,FQGNSA,ASAHPRASGSTDTQY,GILGFVFTL
7353,VSPFSN,MTFSENT,VVAHAGNMLT,SGHNS,FNNNVP,ASSPGGPVEPQH,GPRLGVRAT
7354,SSVSVY,YLSGSTLV,AVSPTGNQFY,MDHEN,SYDVKM,ATRGGSYNSPLH,SPRWYFYYL
7355,TISGTDY,GLTSN,ILSATTSGTYKYI,LGHDT,YNNKEL,ASSLLLAGGYQETQY,CINGVCWTV
7356,TRDTTYY,RNSFDEQN,APPGGGFKTI,DFQATT,SNEGSKA,SATRDTEAF,LLAGIGTVPI
7357,NSMFDY,ISSIKDK,AASANTGNQFY,SGHDN,FVKESK,ASSLTSGVADTQY,GILGFVFTL
7358,SIFNT,LYKAGEL,AGQLWTGTASKLT,SGHNT,YYREEE,ASSLGRGIYEQY,NLVPMVATV
7359,KTLYG,LQKGGEE,GADYGSGTYKYI,SQVTM,ANQGSEA,SAGSGEGYEQY,RAKFKQLL
7360,TISGTDY,GLTSN,ILRETSYDKVI,LGHNT,FRNRAP,ASALLSSYNSPLH,RAKFKQLL
7361,DSAIYN,IQSSQRE,AALNNAGNMLT,LNHDA,SQIVND,ASSIALASEQF,LLDFVRFMGV
7362,YGGTVN,YFSGDPLV,AVNELTGGFKTI,LGHDT,YNNKEL,ASRYRLGLCQPQH,RAKFKQLL
7363,TRDTTYY,RNSFDEQN,VLPGTYKYI,SEHNR,FQNEAQ,ASSLPWNSLWDTQY,TDLGQNLLY
7364,TTLSN,LVKSGEV,AGPGYSTLT,SGHAT,FQNNGV,ASSLGGQGDGSPLH,FTSDYYQLY
7365,YGATPY,YFSGDTLV,AVGAPTTSGTYKYI,MGHRA,YSYEKL,ASSHASGQGDSYEQY,RFPLTFGWCF
7366,SSNFYA,MTLNGDE,AFGGYNKLI,MNHNS,SASEGT,ASRQEMNTEAF,GILGFVFTL
7367,TISGNEY,GLKNN,IAQGAQKLV,DFQATT,SNEGSKA,SASASLTSGANVLT,VLFGLGFAI
7368,DRGSQS,IYSNGD,AVNNARLM,WSHSY,SAAADI,ASSEGFLVADTQY,ELAGIGILTV
7369,DSSSTY,IFSNMDM,AEGSQGNLI,SQVTM,ANQGSEA,SVGGSFYGYT,GLCTLVAML
7370,DSAIYN,IQSSQRE,DRGRGTSYDKVI,MNHEY,SVGEGT,ASTLGEGSEAF,ELAGIGILTV
7371,VSGNPY,YITGDNLV,AVRDGTGANNLF,LNHDA,SQIVND,ASSTGGTDTQY,GILGFVFTL
7372,TSDPSYG,QGSYDQQN,AMRERTGNQFY,SGHNS,FNNNVP,ASSLGLAGALTGELF,HPVTKYIM
7373,NSAFQY,TYSSGN,AMSGSNFGNEKLT,LGHDT,YNNKEL,ASSQASSGDVSYEQY,LLAGIGTVPI
7374,NYSPAY,IRENEKE,YSGAGSYQLT,MDHEN,SYDVKM,ASSLLVGVGNTIY,QAKWRLQTL
7375,VGISA,LSSGK,AVACEDGGSQGNLI,MNHEY,SVGEGT,AIQDAGASYEQY,LLWNGPMAV
7376,TTLSN,LVKSGEV,AGSSGGSQGNLI,LNHDA,SQIVND,ASSARSGDIQY,GILGFVFTL
7377,NSASQS,VYSSG,VVNAEKNSGNTGKLI,LNHDA,SQIVND,ASSIYGSDEQF,GILGFVFTL
7378,NIATNDY,GYKTK,LVGEINNDMR,SGHAT,FQNNGV,ASRFLGGGGTDTQY,RAKFKQLL
7379,TSDPSYG,QGSYDQQN,AMRVWRNAGNMLT,MNHNS,SASEGT,ASSESYRGEKLF,GILGFVFTL
7380,NSASDY,IRSNMDK,AENSGGATNKLI,MNHEY,SMNVEV,ASSLSGYNEQF,TTDPSFLGRY
7381,SVFSS,VVTGGEV,AGAYTSYGKLT,MNHEY,SMNVEV,ASNAPDTEAF,GILGFVFTL
7382,TISGTDY,GLTSN,ILGMPGGGADGLT,MNHNS,SASEGT,ASSMGNAFGKLF,FLRGRAYGL
7383,SSNFYA,MTLNGDE,APASGGSYIPT,ENHRY,SYGVKD,ASCRGGTYEQY,CTELKLSDY
7384,DRGSQS,IYSNGD,AVLDGQKLL,SGDLS,YYNGEE,ASSVSNYGYT,LLLDRLNQL
7385,SVFSS,VVTGGEV,AGGGSGNTGKLI,LNHDA,SQIVND,ASSIYSLNEQF,GILGFVFTL
7386,NSAFQY,TYSSGN,AMSMSNFGNEKLT,DFQATT,SNEGSKA,SPGQGALGYYNEQF,LLAGIGTVPI
7387,DSVNN,IPSGT,VARYGQNFV,SGHRS,YFSETQ,ASSLSGDQPQH,RPPIFIRRL
7388,NSASQS,VYSSG,VVNDPYTGGFKTI,SNHLY,FYNNEI,ASSELGQLNEQF,ATDALMTGF
7389,TISGTDY,GLTSN,ILPLAGGTSYGKLT,MNHNS,SASEGT,ASKPGQGGYEQY,FLRGRAYGL
7390,SVFSS,VVTGGEV,AGGGSQGNLI,SGHTA,FQGNSA,ASSYSYEQY,GILGFVFTL
7391,NSASQS,VYSSG,VVLSGGQNFV,SEHNR,FQNEAQ,ASSQTSGTGNYEQY,LLWNGPMAV
7392,DSAIYN,IQSSQRE,AVRRNTGNQFY,MNHEY,SMNVEV,ASRAKVGAANEQF,SPRWYFYYL
7393,SIFNT,LYKAGEL,AGQPNAGGTSYGKLT,LNHDA,SQIVND,ASSIYGSSYNEQF,GILGFVFTL
7394,TSDPSYG,QGSYDQQN,APEGYTGANNLF,SGHDT,YYEEEE,ASSFGTGSNQPQH,TPRVTGGGAM
7395,TISGTDY,GLTSN,ILPLAGGTRYGKLT,SGHVS,FQNEAQ,ASSLGQAYEQY,FLRGRAYGL
7396,ATGYPS,ATKADDK,ALRETSYDKVI,SGHNS,FNNNVP,ASSSGTSGGAGETQY,RAKFKQLL
7397,NSASQS,VYSSG,VVTETSYDKVI,SQVTM,ANQGSEA,SVGSGDHGEQF,RAKFKQLL
7398,DRGSQS,IYSNGD,AVGISGGYQKVT,MNHEY,SVGAGI,ASSSGTGSPLH,ELAGIGILTV
7399,TSENNYY,QEAYKQQN,ALTTYGQNFV,DFQATT,SNEGSKA,SASRDSYEQY,YLLEMLWRL
7400,SVFSS,VVTGGEV,AGAHGSGNTGKLI,LNHDA,SQIVND,ASSVRSAYEQY,GILGFVFTL
7401,SSNFYA,MTLNGDE,AFMGGAGNMLT,MNHEY,SMNVEV,ASSLGGYGYT,DATYQRTRALVR
7402,SIFNT,LYKAGEL,AGQLDGTSYGKLT,MNHNY,SVGAGI,ASSYLMTGNEQY,FTSDYYQLY
7403,VSGNPY,YITGDNLV,AVRAYNNDMR,LGHDT,YNNKEL,ASSQGLGGTDNSPLH,QYIKWPWYI
7404,YGGTVN,YFSGDPLV,AVKDTDKLI,LGHDT,YNNKEL,ASSQGAQIGQPQH,YVLDHLIVV
7405,SIFNT,LYKAGEL,AGSLGGFGNVLHFGNVLH,MNHNS,SASEGT,ASSDVGQLYEQY,ATDALMTGF
7406,DSASNY,IRSNVGE,AAAETSYDKVI,SGHVS,FQNEAQ,ASSLGQAYEQY,FLRGRAYGL
7407,VSGNPY,YITGDNLV,AVRDIQGGGFKTI,DFQATT,SNEGSKA,SARDQAEAYEQY,QYIKWPWYI
7408,DSSSTY,IFSNMDM,AEMEGGSYIPT,SEHNR,FQNEAQ,ASSFVDRAETQY,RAKFKQLL
7409,NSASDY,IRSNMDK,AENNAGNMLT,LNHNV,YYDKDF,ATSRLASSYNEQF,ELAGIGILTV
7410,YGGTVN,YFSGDPLV,AASRDNFNKFY,LNHNV,YYDKDF,ASSKRNEQF,RFPLTFGWCF
7411,NSASDY,IRSNMDK,AEISSGGSYIPT,SGDLS,YYNGEE,ASSTIEGQGGRHTQY,GILGFVFTL
7412,VGISA,LSSGK,AVSIGAYGGSQGNLI,SGHNS,FNNNVP,ASSFSGNTGELF,RAKFKQLL
7413,TTLSN,LVKSGEV,AALELNYGQNFV,LGHDT,YNNKEL,ASSTGRNYGYT,GILGFVFTL
7414,NSAFQY,TYSSGN,AMRWSNFGNEKLT,DFQATT,SNEGSKA,SASQLENTEAF,LLAGIGTVPI
7415,DRGSQS,IYSNGD,AVNGNQFY,MGHRA,YSYEKL,ASSQEEESLGYEQY,ELAGIGILTV
7416,SSVSVY,YLSGSTLV,AVTYTGGFKTI,MNHEY,SVGAGI,ASSTGTASGQETQY,GILGFVFTL
7417,YSGSPE,HISR,ALDRAGNNRKLI,LNHDA,SQIVND,ASSIRSSYEQY,GILGFVFTL
7418,TRDTTYY,RNSFDEQN,ALSEGVGNQFY,SGHNT,YYREEE,ASSKDRGWTEAF,GILGFVFTL
7419,DSASNY,IRSNVGE,AATETSYDKVI,MDHEN,SYDVKM,ASSFLAGTDTQY,RAKFKQLL
7420,TSINN,IRSNERE,ATDASGGNNYKLT,SQVTM,ANQGSEA,SVGTGDWGEQY,RAKFKQLL
7421,DRGSQS,IYSNGD,AVNDYKLS,LGHNA,YSLEER,ASSPNSAGGTEAF,LLWNGPMAV
7422,TSGFNG,NVLDGL,AVRVPSGGSYIPT,LGHNA,YSLEER,ASSPRDRGFSPLH,RVAGDSGFAAY
7423,SSYSPS,YTSAATLV,VFSGDGGSQGNLI,LNHDA,SQIVND,ASSMVSTDTQY,GILGFVFTL
7424,VSNAYN,GSKP,AVDSGAGSYQLT,DFQATT,SNEGSKA,SANTYDEVQETQY,FTSDYYQLY
7425,DSAIYN,IQSSQRE,AVRGSSGTYKYI,LNHDA,SQIVND,ASMLRWANTGELF,LTDEMIAQY
7426,SSVSVY,YLSGSTLV,AVSSDNTGKLI,LNHDA,SQIVND,ASSIRSNYEQY,GILGFVFTL
7427,TSINN,IRSNERE,AAGAAGALRC,SGHNS,FNNNVP,ASSYTLNSPLH,ALGIGILTV
7428,SSYSPS,YTSAATLV,VVSGISGGYNKLI,DFQATT,SNEGSKA,SVEYGTKF,GILGFVFTL
7429,VSGNPY,YITGDNLV,AVRDRSGYNKLI,MDHEN,SYDVKM,ASSPQTGTQPQH,YVLDHLIVV
7430,DSASNY,IRSNVGE,AAQETSYDKVI,KGHSH,LQKENI,ASSPWDRDSSYGYT,RAKFKQLL
7431,TSGFNG,NVLDGL,AVRDLNNAGNMLT,DFQATT,SNEGSKA,SARDRQVNYNEQF,SPRWYFYYL
7432,KALYS,LLKGGEQ,GTEISSSNTGKLI,LNHDA,SQIVND,ASSIRSGPYTEAF,GILGFVFTL
7433,ATGYPS,ATKADDK,ALRMIGGGSNYKLT,SQVTM,ANQGSEA,SVEEGSRAQY,NLVPMVATV
7434,TSESDYY,QEAYKQQN,AYRSLDLSGGSNYKLT,LNHDA,SQIVND,ASTPWAQAGELF,CINGVCWTV
7435,DRGSQS,IYSNGD,AVNMLLGGGADGLT,SEHNR,FQNEAQ,ASSLDIEAF,YLQPRTFLL
7436,DRGSQS,IYSNGD,AVNTAGQKLL,MDHEN,SYDVKM,ASSPGWGNYGYT,LLWNGPMAV
7437,TSDPSYG,QGSYDQQN,AMREGPGGTSYGKLT,LNHDA,SQIVND,ASSILSNTEAF,GILGFVFTL
7438,NSASQS,VYSSG,VVSEERYNQGGKLI,SGHDT,YYEEEE,ASSPLVSGSGANVLT,HPVTKYIM
7439,TSGFNG,NVLDGL,VNMDSNYQLI,DFQATT,SNEGSKA,SARGSSQWETQY,YLQPRTFLL
7440,DSAIYN,IQSSQRE,AVLNNARLM,SGHRS,YFSETQ,ASSLAGAEAF,SPRWYFYYL
7441,DRGSQS,IYSNGD,AVNSNAGNMLT,SGDLS,YYNGEE,ASSKLADTQY,LLLDRLNQL
7442,NSASQS,VYSSG,VVNNNNDMR,SGHNS,FNNNVP,ASINLNTGELF,YLQPRTFLL
7443,VSGNPY,YITGDNLV,AVRDNLFTGFQKLV,GTSNPN,SVGIG,ASRRDGTEAF,GIIYIIYKL
7444,TRDTTYY,RNSFDEQN,ALSEAGTPSGGSYIPT,MNHEY,SVGAGI,ASSYGGYEQY,GILGFVFTL
7445,YGGTVN,YFSGDPLV,AVSGTYKYI,MNHNS,SASEGT,ASRRQGTYGYT,YVLDHLIVV
7446,SVFSS,VVTGGEV,AGAGSQGNLI,SEHNR,FQNEAQ,ASSLGDTEAF,GILGFVFTL
7447,VSPFSN,MTFSENT,VGYTNAGKST,DFQATT,SNEGSKA,SATWEGASGGETQY,RAKFKQLL
7448,TRDTTYY,RNSFDEQN,ALSEKSGGYQKVT,LGHDT,YNNKEL,ASSQERGDNTKNTQY,HPNGYKSLSTL
7449,NIATNDY,GYKTK,LVGDLGNTGFQKLV,SQVTM,ANQGSEA,SVEEGLQTGELF,DATYQRTRALVR
7450,DSSSTY,IFSNMDM,AEMEGGSYIPT,LGHNA,YNFKEQ,ASSQEWLAVSTDTQY,RAKFKQLL
7451,SIFNT,LYKAGEL,AGTDSWGKFQ,SGHNT,YYREEE,ASSSSSGVHEQF,RAKFKQLL
7452,VSGNPY,YITGDNLV,AVTPEGAGNMLT,MNHNS,SASEGT,ASSGTGPLFPNEQF,ALAGIGILTV
7453,DSASNY,IRSNVGE,AAMETSYDKVI,MGHDK,SYGVNS,ASSEQGQGEKLF,RAKFKQLL
7454,TSDPSYG,QGSYDQQN,AMREPPNAGGTSYGKLT,LNHDA,SQIVND,ASSIFDSSNQPQH,GILGFVFTL
7455,SVFSS,VVTGGEV,AGGGSQGNLI,MGHRA,YSYEKL,ASSLLWAEYNEQF,RAKFKQLL
7456,NSASQS,VYSSG,VVNSNNDMR,LGHDT,YNNKEL,AIQDLDSGEL,YLQPRTFLL
7457,TSESDYY,QEAYKQQN,AYRSGMNRDDKII,SGHNS,FNNNVP,ASSLATVVSGANVLT,GILGFVFTL
7458,TRDTTYY,RNSFDEQN,ALSGFTDKLI,MNHEY,SMNVEV,ASSLRDGYTDTQY,TTDPSFLGRY
7459,NTAFDY,IRPDVSE,AASMKDSGAGSYQLT,SGDLS,YYNGEE,ASSDGQVATNEKLF,GLCTLVAML
7460,DSSSTY,IFSNMDM,ADDNNARLM,DFQATT,SNEGSKA,SARTAPVGNEQF,GLCTLVAML
7461,NSMFDY,ISSIKDK,KKSSGDKLT,SGDLS,YYNGEE,ASRVVAGDGELF,CINGVCWTV
7462,KALYS,LLKGGEQ,GTERDSGAGSYQLT,SEHNR,FQNEAQ,ASSSGQGFTDTQY,GILGFVFTL
7463,DSSSTY,IFSNMDM,AESGGSQGNLI,MGHRA,YSYEKL,ASSQAENTEAF,CINGVCWTV
7464,TSINN,IRSNERE,ATDGEGYQKVT,SGDLS,YYNGEE,ASTGGGAPYNEQF,LLWNGPMAV
7465,DSASNY,IRSNVGE,AASETSYDKVI,SGHNS,FNNNVP,ASSSLDVAGYEQY,RAKFKQLL
7466,DSASNY,IRSNVGE,AAGETSYDKVI,SEHNR,FQNEAQ,ASSLLGGGPNSPLH,RAKFKQLL
7467,TSDPSYG,QGSYDQQN,AMRVFLNSGGSNYKLT,MNHEY,SMNVEV,ASSLFAGAETQY,NLVPMVATV
7468,VSNAYN,GSKP,AVEDRVNYGGSQGNLI,LNHDA,SQIVND,ASSSRASYEQY,GILGFVFTL
7469,DSSSTY,IFSNMDM,AEIPRNTGKLI,GTSNPN,SVGIG,AWTGASGGAEQF,GIIYIIYKL
7470,SSVPPY,YTSAATLV,AVSGPGYALN,SGHRS,YFSETQ,ASSMAGGSYNEQF,RAKFKQLL
7471,VTNFRS,LTSSGIE,AVYNYTGANSKLT,LNHDA,SQIVND,ASSTFDSNQPQH,GILGFVFTL
7472,YGATPY,YFSGDTLV,APGETGANNLF,PRHDT,FYEKMQ,ASSLRGSMNTEAF,RAKFKQLL
7473,DSAIYN,IQSSQRE,AVRGGSGTYKYI,LNHDA,SQIVND,ASSMPNANTGELF,LTDEMIAQY
7475,DRGSQS,IYSNGD,AVSSDGQKLL,MDHEN,SYDVKM,ASGSGYLGGNEQF,LLAGIGTVPI
7476,DSASNY,IRSNVGE,AAKEGGSEKLV,SGHNT,YYREEE,ASSSTGGGEKDQPQH,RAKFKQLL
7477,TTSDR,LLSNGAV,AVDKDGGATNKLI,SQVTM,ANQGSEA,SDGQAF,NLVPMVATV
7478,TSDPSYG,QGSYDQQN,SAVSAPGAGANDLF,MGHRA,YSYEKL,ASSQAPGQRTGELF,RAKFKQLL
7479,TSENNYY,QEAYKQQN,AFMKGAGGTSYGKLT,SEHNR,FQNEAQ,ASSSRDGGTDTQY,GILGFVFTL
7480,DRGSQS,IYSNGD,AVNGDNFNKFY,KGHDR,SFDVKD,ATSRAGELF,ALAGIGILTV
7481,TISGTDY,GLTSN,ILRAPGAGTALI,LNHDA,SQIVND,ASSIGVYGYT,GILGFVFTL
7482,DRGSQS,IYSNGD,AVGGGGADGLT,LGHDT,YNNKEL,ASSQDTAGGTEAF,ALAGIGILTV
7483,DSAIYN,IQSSQRE,AVYSNSGYALN,SQVTM,ANQGSEA,SVGTGGTNEKLF,GLCTLVAML
7484,SSNFYA,MTLNGDE,APGGDNTGKLI,LNHDA,SQIVND,ASSGRSADTQY,GILGFVFTL
7485,SIFNT,LYKAGEL,AGPLGGGADGLT,LNHDA,SQIVND,ASSYGYNEQF,GILGFVFTL
7486,NSAFQY,TYSSGN,AMSLSNFGNEKLT,SGHNS,FNNNVP,ASSSDTIY,LLAGIGTVPI
7487,TSINN,IRSNERE,ATDDAIFGNVLH,LNHDA,SQIVND,ASSIRSSYEQY,GILGFVFTL
7488,TSDPSYG,QGSYDQQN,AMRGGAGSYQLT,MNHEY,SMNVEV,ATTGGPEEKLF,TTDPSFLGRY
7489,TSGFNG,NVLDGL,APFSGGYQKVT,MNHEY,SVGAGI,ATWDSDTGELF,TTDPSFLGRY
7490,NSASQS,VYSSG,VVNGENARLM,SEHNR,FQNEAQ,ASSRLGVGTWDEQF,CTELKLSDY
7491,TRDTTYY,RNSFDEQN,ALSATSGTYKYI,LGHNA,YSLEER,ASSQDLSLTWDTQY,GPRLGVRAT
7492,NSMFDY,ISSIKDK,AATGNQFY,MNHEY,SVGEGT,ASSYSQTSGHSYNEQF,GILGFVFTL
7493,ATGYPS,ATKADDK,ALGDSWGKLQ,WSHSY,SAAADI,ASSAGTGVPDTQY,TTDPSFLGRY
7494,VTNFRS,LTSSGIE,AVFSSNTGKLI,WSHSY,SAAADI,ASSGVGSGRPNSYNEQF,RPIIRPATL
7495,VGISA,LSSGK,AVQPGGYNKLI,LNHDA,SQIVND,ASSVRAGETQY,GILGFVFTL
7496,DRGSQS,IYSNGD,AVINTNAGKST,ENHRY,SYGVKD,AISTVAGLRTDTQY,RPHERNGFTVL
7497,NSAFQY,TYSSGN,AGQISNFGNEKLT,SGHNS,FNNNVP,ASSPPQGSSSYNEQF,LLAGIGTVPI
7498,DSAIYN,IQSSQRE,AVNGGTSYGKLT,SGDLS,YYNGEE,ASSPFVVLPPEAF,MEVTPSGTWL
7499,DRGSQS,IYSNGD,AASGGYQKVT,SGHTA,FQGTGA,ASSPPGSGELF,ELAGIGILTV
7500,YGGTVN,YFSGDPLV,AAPSGYSTLT,MDHEN,SYDVKM,ASSFLRGSNQPQH,YVLDHLIVV
7501,DRGSQS,IYSNGD,AVLNARLM,MNHEY,SVGAGI,ASSSGGARETQY,ELAGIGILTV
7502,SSYSPS,YTSAATLV,VVSEGVTEDMR,MNHNY,SVGAGI,ASSGLAGARNEQY,GILGFVFTL
7503,YGATPY,YFSGDTLV,AVGTARLM,SGDLS,YYNGEE,ASSVRSSMNTEAF,RAKFKQLL
7504,DRGSQS,IYSNGD,AVNADGQKLL,MRHNA,SNTAGT,AVGAGATYEQY,LLWNGPMAV
7505,TRDTTYY,RNSFDEQN,ALSEARRFGNEKLT,LNHDA,SQIVND,ASSPIAQETQY,GILGFVFTL
7506,TSESDYY,QEAYKQQN,AYRSPPSSEKLV,MNHNS,SASEGT,ASSETTLSIGTQY,YVLDHLIVV
7507,NIATNDY,GYKTK,LVGDPFLTGRRALT,SGHTA,FQGNSA,ASSLRQGIGDTQY,SPRWYFYYL
7508,NSAFQY,TYSSGN,ATGSSNTGKLI,LNHDA,SQIVND,ASSSRAGWDEQF,GILGFVFTL
7509,NSAFQY,TYSSGN,AMSRPNFGNEKLT,SGHDN,FVKESK,ASSQFTSVGEVPEAF,LLAGIGTVPI
7510,TSGFNG,NVLDGL,AVIGGDYKLS,LNHNV,YYDKDF,ATSTTGPTGELF,GILGFVFTL
7511,DRGSQS,IYSNGD,AVNSGNTGFQKLV,MNHEY,SMNVEV,ASSLSYRGNSPLH,SPRWYFYYL
7512,SVFSS,VVTGGEV,AGHKYNFNKFY,MDHEN,SYDVKM,ASSSPGQGPYGYT,QYIKWPWYI
7513,SSVSVY,YLSGSTLV,AGSGYSTLT,SGHNT,YYREEE,ASGGGGPETQY,GILGFVFTL
7514,SVFSS,VVTGGEV,AGADQGGKLI,SGHTA,FQGTGA,ASSWVVPPNEQF,GILGFVFTL
7515,DSSSTY,IFSNMDM,AEMEGGSYIPT,SQVTM,ANQGSEA,SVGSRGTNEKLF,GLCTLVAML
7516,TRDTTYY,RNSFDEQN,ALSEGAAGNKLT,MNHEY,SMNVEV,ASSYRDGTDTQY,TTDPSFLGRY
7517,SVFSS,VVTGGEV,AGGGLNNNDMR,SGDLS,YYNGEE,ASSAGGVGYNEQF,LLWNGPMAV
7518,VSNAYN,GSKP,AVELRMDSSYKLI,LGHNA,YSLEER,ASSPARNTEAF,TPRVTGGGAM
7519,SIFNT,LYKAGEL,AGQVSNNNDMR,SEHNR,FQNEAQ,ASSSLERSFGEAF,ATDALMTGF
7520,NTAFDY,IRPDVSE,AASRADKLI,SEHNR,FQNEAQ,AGGEPNTGELF,YLQPRTFLL
7521,NYSPAY,IRENEKE,ALENYGGSQGNLI,SGDLS,YYNGEE,ASSASAEFSSYEQY,RPIIRPATL
7522,NSASQS,VYSSG,YSGGGADGLT,SGHDT,YYEEEE,ASSLAGTGIYHTEAF,ELAGIGILTV
7523,SIFNT,LYKAGEL,AGLPYGNKLV,MNHEY,SMNVEV,ASSQGGPNDNEQF,TTDPSFLGRY
7524,NSAFQY,TYSSGN,ATSISNFGNEKLT,MNHEY,SMNVEV,ASRGGSPNQPQH,LLAGIGTVPI
7525,TSGFNG,NVLDGL,AVRGTGANNLF,SGDLS,YYNGEE,ASSPKDIRVYNEQF,GILGFVFTL
7526,DSAIYN,IQSSQRE,AVKLEGSQGNLI,SEHNR,FQNEAQ,ASSLEGQLYEQY,ATDALMTGF
7527,VGISA,LSSGK,AVGGGADGLT,SSHAT,FNYEAQ,ASSLDRQGFGELF,KSKRTPMGF
7528,SSNFYA,MTLNGDE,ASAGSGNTGKLI,LNHDA,SQIVND,ASSTRSGTEAF,GILGFVFTL
7529,DRGSQS,IYSNGD,AVKDQFY,LGHNA,YSLEER,ASSQGTGEGYGYT,ELAGIGILTV
7530,DRGSQS,IYSNGD,AALGGGADGLT,DFQATT,SNEGSKA,SAPPGDHTEAF,GILGFVFTL
7531,NTAFDY,IRPDVSE,MNNAGNMLT,DFQATT,SNEGSKA,SVGELNTGELF,YLQPRTFLL
7532,YGATPY,YFSGDTLV,AVGTARLM,SGHDT,YYEEEE,ASSLRDGSEAF,RAKFKQLL
7533,NSASDY,IRSNMDK,AENRGTALI,LGHNA,YNFKEQ,ASSQRPSEVGELF,RAKFKQLL
7534,TISGTDY,GLTSN,ILPLAGGTSYGKLT,LNHDA,SQIVND,ASSISSINEQF,GILGFVFTL
7535,DRGSQS,IYSNGD,AVTRFSDGQKLL,SGDLS,YYNGEE,ASSVTANTGELF,SPRWYFYYL
7536,TTLSN,LVKSGEV,AGSYGGSQGNLI,LNHDA,SQIVND,NTGELF,GILGFVFTL
7537,TISGNEY,GLKNN,FTDREGGGADGLT,SEHNR,FQNEAQ,ASSLAVGEGPQH,RAKFKQLL
7538,DSASNY,IRSNVGE,AASKANDYKLS,MNHNS,SASEGT,ASSLAAVPYEQY,TPRVTGGGAM
7539,DSSSTY,IFSNMDM,AELKEKLI,DFQATT,SNEGSKA,SARWGGGTDTQY,GLCTLVAML
7540,TSGFNG,NVLDGL,TTDSWGKFE,SGHTA,FQGNSA,ASSSAGLAGDTQY,SPRWYFYYL
7541,SSYSPS,YTSAATLV,AVSDLIGDDKII,LGHNA,YNFKEQ,ASSPGTPTYGYT,GILGFVFTL
7542,TSGFNG,NVLDGL,AIVEAEYGNKLV,KGHSH,LQKENI,ASSLTGTVYEQY,GILGFVFTL
7543,TRDTTYY,RNSFDEQN,ALSEAGFYNQGGKLI,LNHDA,SQIVND,ASSIVSGDSYNSPLH,GILGFVFTL
7544,DRGSQS,IYSNGD,AVGGGRRALT,LNHNV,YYDKDF,ATSPEGLRGADGYT,ELAGIGILTV
7545,TISGTDY,GLTSN,ILRDLNAGGTSYGKLT,LGHDT,YNNKEL,ASSPVTGSSYEQY,GLCTLVAML
7546,SSVSVY,YLSGSTLV,GYSSASKII,SNHLY,FYNNEI,ASSSGLVAPGELF,GLCTLVAML
7547,TSESDYY,QEAYKQQN,AYRSDTGANSKLT,PRHDT,FYEKMQ,ASRQGANNEQF,YLQPRTFLL
7548,NTAFDY,IRPDVSE,AASMTDSWGKLQ,MGHRA,YSYEKL,ASSQLPTSSFAGELF,RTATKQYNV
7549,SSVSVY,YLSGSTLV,AVSAGEGPPPPA,SGHDN,FVKESK,ASSQVNNPGDGYT,QAKWRLQTL
7550,SSNFYA,MTLNGDE,ARDGGSQGNLI,SGHRS,YFSETQ,ASRSQGARGYT,GILGFVFTL
7551,NSAFQY,TYSSGN,AMSPSNFGNEKLT,SGHVS,FNYEAQ,ASSLEESTDSGNTIY,LLAGIGTVPI
7552,DRGSQS,IYSNGD,SNDYKLS,MDHEN,SYDVKM,ASSSVTEALYEQY,LLAGIGTVPI
7553,VSGLRG,LYSAGEE,AVQAESSYKLI,SGHTA,FQGTGA,ASSLLAGGLRNEQF,YSEHPTFTSQY
7554,YSGSPE,HISR,ALGGAQKLV,LNHDA,SQIVND,ASSVRSTGELF,GILGFVFTL
7555,VSGNPY,YITGDNLV,AVRPLIKAAGNKLT,SNHLY,FYNNEI,ASLEGGEKLF,SPRWYFYYL
7556,SVFSS,VVTGGEV,AGDSTNAGKST,LNHDA,SQIVND,ASSIRSGYEQY,GILGFVFTL
7557,DSASNY,IRSNVGE,AARETSYDKVI,SEHNR,FQNEAQ,ASSLVQGYEQY,RAKFKQLL
7558,DRGSQS,IYSNGD,AVGIIQGAQKLV,MDHEN,SYDVKM,ASSLQGIGNTIY,ELAGIGILTV
7559,TSGFNG,NVLDGL,FHYGGATNKLI,MDHEN,SYDVKM,ASSLRGPTGYT,LLWNGPMAV
7560,NSASDY,IRSNMDK,AEYRTGGFKTI,MNHEY,SVGAGI,ASSYSYRGNDEQY,SPRWYFYYL
7561,VSGNPY,YITGDNLV,AVRDIWGGTSPYI,DFQATT,SNEGSKA,SALDTVLNEKLF,YVLDHLIVV
7562,TRDTTYY,RNSFDEQN,ALPNQAGTALI,LNHDA,SQIVND,ASSFPVWGNEQF,RAKFKQLL
7563,TSINN,IRSNERE,ATAGRSAFSTLT,SGHDN,FVKESK,ASSQVNNPGDGYT,QAKWRLQTL
7564,NSASQS,VYSSG,VVNSPNDYKLS,MNHNS,SASEGT,ASSYPEVAPSEQF,GLCTLVAML
7565,SSVPPY,YTSAATLV,AVRNDYKLS,MNHEY,SVGEGT,ASSYPTSGYNEQF,RLPGVLPRA
7566,NSASQS,VYSSG,VVNMIMNTGFQKLV,GTSNPN,SVGIG,AWSVTSTGGTEAF,DATYQRTRALVR
7567,NIATNDY,GYKTK,AVNRDDKII,LNHNV,YYDKDF,ATTGGSGYEQY,LLWNGPMAV
7568,NSMFDY,ISSIKDK,AASAGGNNRLA,GTSNPN,SVGIG,AWIELNTGELF,YLQPRTFLL
7569,DSVNN,IPSGT,AVEFLDRGSTLGRLY,LNHDA,SQIVND,ASSIISVDTQY,GILGFVFTL
7570,DRGSQS,IYSNGD,AASSGGSYIPT,SGHDN,FVKESK,ASSQDTSGSGLWTEAF,ELAGIGILTV
7571,DSASNY,IRSNVGE,AALETSYDKVI,SGHNS,FNNNVP,ASSPDGSTGELF,RAKFKQLL
7572,VSGNPY,YITGDNLV,AVRDKAAGNKLT,LNHDA,SQIVND,ATQEAGGIPDTQY,GIIYIIYKL
7573,TSGFNG,NVLDGL,AVSRSRGGFGNVLHCFGNVLH,DFQATT,SNEGSKA,SARDPWQVNTGELF,YLQPRTFLL
7574,YGATPY,YFSGDTLV,AVGADGNKLV,MNHEY,SMNVEV,ASSIGQGKSSYEQY,QMMVKAGL
7575,TSGFNG,NVLDGL,AVTWGAAGNKLT,SGHAT,FQNNGV,ASSLVLGSNEQF,SPRWYFYYL
7576,DSSSTY,IFSNMDM,AESKGNLI,SGHDN,FVKESK,ASSQSPGGEQY,GLCTLVAML
7577,NSASDY,IRSNMDK,ADSGGGADGLT,SGHDT,YYEEEE,ASSLREGSEAF,RAKFKQLL
7578,TSDPSYG,QGSYDQQN,AMREGEGGGFKTI,KGHDR,SFDVKD,ATSEGHRYGYT,RAKFKQLL
7579,DSASNY,IRSNVGE,AAKEGYSTLT,SGDLS,YYNGEE,ASSSGLVSNTGELF,GLCTLVAML
7580,NSASDY,IRSNMDK,AENEVGSQGNLI,SGHTA,FQGTGA,ASSFYAGSTNEQF,RAKFKQLL
7581,TSENNYY,QEAYKQQN,TTSGTYKYI,SEHNR,FQNEAQ,ASSSLGTQNTEAF,RAKFKQLL
7582,DSSSTY,IFSNMDM,AEREASYDKVI,KGHSH,LQKENI,ASSPPDGLEQY,RAKFKQLL
7583,YGGTVN,YFSGDPLV,AVSPQKVT,SGHVS,FQNEAQ,ASSDLAYEQY,YLLEMLWRL
7584,TRDTTYY,RNSFDEQN,ALSEPPGKSSASKII,LNHDA,SQIVND,ASSTTSGGLNEQF,GILGFVFTL
7585,SSVPPY,YTSAATLV,AVSDLIYNQGGKLI,SGHDT,YYEEEE,ASSLGDEQF,GILGFVFTL
7586,NSMFDY,ISSIKDK,AASPSYNNNDMR,MNHEY,SVGAGI,ASSYETGGMSEAF,TTDPSFLGRY
7587,DSASNY,IRSNVGE,AASETSYDKVI,SEHNR,FQNEAQ,ASSPLGAGPTDTQY,RAKFKQLL
7588,TSINN,IRSNERE,ATEGPSGYSTLT,MNHNS,SASEGT,ASRRLGGHGYT,FLYALALLL
7589,DRGSQS,IYSNGD,AVGRNAGNMLTFG,LGHNA,YNFKEQ,ASSPALTGGLIEQYFG,ELAGIGILTV
7590,TSESDYY,QEAYKQQN,AHPNSNSGYALN,SEHNR,FQNEAQ,ASSLAVIDRYNEQF,KSKRTPMGF
7591,TRDTTYY,RNSFDEQN,ALSRISGGYQKVT,LGHDT,YNNKEL,ASSQERDRRAVEKLF,HPNGYKSLSTL
7592,DRGSQS,IYSNGD,AVLTGNQFY,SNHLY,FYNNEI,ASGPESNYEQY,LLLDRLNQL
7593,ATGYPS,ATKADDK,ALEDSGAGSYQLT,MNHEY,SVGAGI,ASSSQDINYNSPLH,CTELKLSDY
7594,DRGSQS,IYSNGD,AVGIMWDDMR,SGHAT,FQNNGV,ASSAPGTGHYEQY,ELAGIGILTV
7595,TSDPSYG,QGSYDQQN,AMREGGAGGSYIPT,MDHEN,SYDVKM,ASTVGQGWAETQY,MEVTPSGTWL
7596,TSGFNG,NVLDGL,AVRVALIKAAGNKLT,LGHNA,YNFKEQ,ASSQGASGRATDTQY,KSKRTPMGF
7597,YSGSPE,HISR,ASHKLS,MDHEN,SYDVKM,ASRLPSSYNEQF,EPLPQGQLTAY
7598,DRGSQS,IYSNGD,AVAGYGGSQGNLIFG,MDHEN,SYDVKM,ASSPQGLGTEAFFG,ELAGIGILTV
7599,VSGLRG,LYSAGEE,AVPSYNTDKLI,MNHEY,SMNVEV,ASSHDGYQPQH,TTDPSFLGRY
7600,DSASNY,IRSNVGE,AALETSYDKVI,MRHNA,SNTAGT,ASLWEAPRKETQY,RAKFKQLL
7601,SVFSS,VVTGGEV,AGNSGNTGKLI,SQVTM,ANQGSEA,SACRDREPDTQY,GILGFVFTL
7602,TSGFNG,NVLDGL,AVMDSNYQLI,DFQATT,SNEGSKA,SAPTRVLAGCTDTQY,RAKFKQLL
7603,DSASNY,IRSNVGE,AAKEGYSTLT,MGHRA,YSYEKL,ASSLGGTNEQF,RAKFKQLL
7604,DSVNN,IPSGT,IKAAGNKLT,MNHEY,SMNVEV,ASSLLDSRTGTYEQY,QAKWRLQTL
7605,VSNAYN,GSKP,AVENYQLI,KGHSH,LQKENI,ASSQGQEKETQY,RLPGVLPRA
7606,NSASDY,IRSNMDK,AENRGFGNEKLT,SNHLY,FYNNEI,ASSEGLEIRMRSSYEQY,RPHERNGFTVL
7607,YSGSPE,HISR,ALKDTDKLI,MDHEN,SYDVKM,ASSLWVTFSNQPQH,YVLDHLIVV
7608,TSENNYY,QEAYKQQN,AYRSPNNNDMR,LNHDA,SQIVND,ASSILSGAYNEQF,GILGFVFTL
7609,ATGYPS,ATKADDK,AQNAGNMLT,DFQATT,SNEGSKA,SANPEGPYEQY,QMMVKAGL
7610,NSMFDY,ISSIKDK,AASVVSMDSSYKLI,SGHDT,YYEEEE,ASSPNQGLTQYEQY,TTDPSFLGRY
7611,SSVPPY,YTSAATLV,AVSDQEYGNKLV,SGHTA,FQGTGA,ASSLIVSGEAGEQF,RAKFKQLL
7612,TSESDYY,QEAYKQQN,AYVQGAQKLV,SGDLS,YYNGEE,ASSFPQGGSSGNTIY,RPPIFIRRL
7613,TISGNEY,GLKNN,IVRVLSRDDKII,SGHNS,FNNNVP,ASRPAGGSNQPQH,GILGFVFTL
7614,NSASDY,IRSNMDK,ADSGGGADGLT,MNHEY,SVGEGT,ASSNPRLDATGELF,RAKFKQLL
7615,NSASDY,IRSNMDK,AENMGGGSQGNLI,DFQATT,SNEGSKA,RVGQVMVLCT,GILGFVFTL
7616,ATGYPS,ATKADDK,TTDSWGKFE,SQVTM,ANQGSEA,SVGNEQF,SPRWYFYYL
7617,TSDPSYG,QGSYDQQN,AMREGTSGTYKYI,MNHEY,SMNVEV,ASSFSNEKLF,MEVTPSGTWL
7618,DRGSQS,IYSNGD,AVLTGGYALN,SGHDN,FVKESK,ASSSGVSSYEQY,LLLDRLNQL
7619,TSESDYY,QEAYKQQN,AYKNAGNMLT,SGHNT,YYREEE,ASSLGTSGRRETQY,YVLDHLIVV
7620,DSAIYN,IQSSQRE,AVLMDSNYQLI,MGHRA,YSYEKL,ASSQGGGANEQF,CLGGLLTMV
7621,VSGNPY,YITGDNLV,AVRPFLLSGGYNKLI,MDHEN,SYDVKM,ASSLASTDTQY,YLQPRTFLL
7622,TSENNYY,QEAYKQQN,ASFPTTSGTYKYI,MNHEY,SVGAGI,ASQHGPGIGTGELF,CINGVCWTV
7623,TRDTTYY,RNSFDEQN,ALNPTGGGNKLT,LGHDT,YNNKEL,ASSPVSGSSYEQY,GLCTLVAML
7624,DSAIYN,IQSSQRE,AVISRGSQGNLI,SGHAT,FQNNGV,ASSSLGQLDTQY,ATDALMTGF
7625,TISGNEY,GLKNN,IVMDDFQKLV,SGHNT,YENEEA,ASSSHGAGAYNEQF,RAKFKQLL
7626,NSMFDY,ISSIKDK,AASEASGTYKYI,SGHAT,FQNNGV,ASSLDLGPLYGYT,VSDGGPNLY
7627,NSASDY,IRSNMDK,AENNGGGSQGNLI,LNHDA,SQIVND,ASSIRSVHEQF,GILGFVFTL
7628,TSINN,IRSNERE,ATEGGSGYSTLT,MNHEY,SVGAGI,ASSYQGGSNYGYT,FLYALALLL
7629,NIATNDY,GYKTK,LVGDTATSGTYKYI,MGHDK,SYGVNS,ASSAGTSGEPYEQY,CINGVCWTV
7630,DRGSQS,IYSNGD,AVKGNDMR,MNHEY,SMNVEV,ASSLGTGGYEQY,GILGFVFTL
7631,NIATNDY,GYKTK,LVGDFPNTDKLI,SGHAT,FQNNGV,ASSLGVAGTNTGELF,RAKFKQLL
7632,DRGSQS,IYSNGD,APPDSSYKLI,MDHEN,SYDVKM,ASSLQGVSYEQY,TTDPSFLGRY
7633,DRGSQS,IYSNGD,ATGDDKII,SQVTM,ANQGSEA,SVPTSGGSNEQF,LLWNGPMAV
7634,NSASQS,VYSSG,VVNGGYNNNDMRFG,MNHEY,SVGAGI,ASSYSLSGTSSYEQYFG,ELAGIGILTV
7635,TSENNYY,QEAYKQQN,AFLPSPDKLI,SEHNR,FQNEAQ,ASSHNSGLAGRTYEQY,GILGFVFTL
7636,DSSSTY,IFSNMDM,AEDNNARLM,DFQATT,SNEGSKA,SARPQPVGNTIY,GLCTLVAML
7637,VSGLRG,LYSAGEE,AVHRGSQGNLI,SNHLY,FYNNEI,ASSEFQSPYEQY,NYNYLYRLF
7638,ATGYPS,ATKADDK,ALLSGGYQKVT,MNHEY,SMNVEV,ASSFGQGSTEAF,GILGFVFTL
7639,DSAIYN,IQSSQRE,AVVRGGADGLT,MDHEN,SYDVKM,ASSALVLYATDTQY,GILGFVFTL
7640,TSINN,IRSNERE,ATDRAGSARQLT,MGHRA,YSYEKL,ASSLGGTNEQF,RAKFKQLL
7641,DRGSQS,IYSNGD,AVTSRGADKLI,MDHEN,SYDVKM,ASLRGGQVSYEQY,LLAGIGTVPI
7642,SVFSS,VVTGGEV,AGGGSQGNLI,SQVTM,ANQGSEA,SAARTGGNEKLF,GILGFVFTL
7643,TSINN,IRSNERE,ATATYSGAGSYQLT,LNHDA,SQIVND,ASSWIGGSSYNEQF,GILGFVFTL
7644,NSAFQY,TYSSGN,APAGSYIPT,MGHDK,SYGVNS,ASSGQLNTEAF,GILGFVFTL
7645,TSDPSYG,QGSYDQQN,AMRGGGSNYKLT,LNHDA,SQIVND,ASSSIPDFNTEAF,RPIIRPATL
7646,SSYSPS,YTSAATLV,VVSDRMDSSYKLI,SEHNR,FQNEAQ,ASSLRTGVVTGELF,TPRVTGGGAM
7647,DRGSQS,IYSNGD,AVNRPGGGYNKLI,DFQATT,SNEGSKA,SGGTGGFYNEQF,TTDPSFLGRY
7648,DSSSTY,IFSNMDM,AEDSGNLI,SGHAT,FQNNGV,ASSLNSGLDGYT,GLCTLVAML
7649,NSAFQY,TYSSGN,AMSASPNDMR,MNHNY,SVGAGI,ASSYYPSASGRADETQY,SPRWYFYYL
7650,NSMFDY,ISSIKDK,AASASGGTSYGKLT,MNHEY,SVGAGI,ASSYSGGNRKNTQN,VLFGLGFAI
7651,DSAIYN,IQSSQRE,AVINYGQNFV,SGHKS,YYEKEE,ASSFEWAAANYGYT,TPRVTGGGAM
7652,DRGSQS,IYSNGD,AVIPISGGYNKLI,SGDLS,YYNGEE,ASSANNEQF,LLLDRLNQL
7653,VSGNPY,YITGDNLV,AVRDRRDSSYKLI,SEHNR,FQNEAQ,ASSPPDALVNEQF,TPRVTGGGAM
7654,SSNFYA,MTLNGDE,AWMDSSYKLI,MGHRA,YSYEKL,ASSLLAGEYNEQF,RAKFKQLL
7655,DSASNY,IRSNVGE,AASGPGDDKII,MNHEY,SMNVEV,ASSPHFQVDTGELF,RAKFKQLL
7656,SSVPPY,YTSAATLV,AVSDRGDYKLS,MNHEY,SMNVEV,ASSFGDLGGYT,YVLDHLIVV
7657,TSINN,IRSNERE,ATGAETSGSRLT,LNHDA,SQIVND,ASSIRSLETQY,GILGFVFTL
7658,KALYS,LLKGGEQ,GTHSSSNTGKLI,LNHDA,SQIVND,ASSTYSTDTQY,GILGFVFTL
7659,NSASQS,VYSSG,VVNMNNDMR,SGHVS,FQNEAQ,ADQDSNTGELF,YLQPRTFLL
7660,ATGYPS,ATKADDK,ALSNDYKLS,SGHVS,FQNEAQ,ASSLASSTAYGYT,YLQPRTFLL
7661,DRGSQS,IYSNGD,AVNGNNRLA,SGHDY,FNNNVP,ASGRLSYNEQF,RAKFKQLL
7662,YGATPY,YFSGDTLV,AVGVPDTSGTYKYI,MGHRA,YSYEKL,ASSQAASGDSYEQY,RFPLTFGWCF
7663,TSINN,IRSNERE,ATDASHNTDKLI,PRHDT,FYEKMQ,ASSRGRNTEAF,LLWNGPMAV
7664,DRGSQS,IYSNGD,AVNGETDSWGKLQ,MNHNS,SASEGT,ASSQQGSHEQYV,LLWNGPMAV
7665,YGGTVN,YFSGDPLV,AVTDTDKLI,MNHEY,SMNVEV,ASSALLGGAYGYT,YVLDHLIVV
7666,TSENNYY,QEAYKQQN,AFMIHAGGTSYGKLT,LNHDA,SQIVND,ASSTGSYGYT,NLVPMVATV
7667,NIATNDY,GYKTK,LVGDGVGGSYIPT,LGHNA,YSLEER,ASSQVASDQETQY,DATYQRTRALVR
7668,DSAIYN,IQSSQRE,AVPIKNRDDKII,MNHEY,SMNVEV,ASSPIAGGRKNIQY,SPRWYFYYL
7669,TSINN,IRSNERE,ATSGPSAYSTLT,MNHNS,SASEGT,ASSLQGGNIQY,FLYALALLL
7670,DRGSQS,IYSNGD,IYNQGGKLI,DFQATT,SNEGSKA,SASGDRGADTQY,LLWNGPMAV
7671,TISGTDY,GLTSN,IPPGELT,SGHNT,YENEEA,ASSSRGRGETQY,HPVTKYIM
7672,NSAFQY,TYSSGN,AMSASNFGNEKLT,MDHEN,SYDVKM,ASSALTGANEKLF,LLAGIGTVPI
7673,NSASQS,VYSSG,VVGPGNRDDKII,DFQATT,SNEGSKA,SAMTGVGQPQH,LLAGIGTVPI
7674,TSESDYY,QEAYKQQN,AYRTYLNSGGGADGLT,LNHDA,SQIVND,ASSIRGFYNEQF,GILGFVFTL
7675,YGGTVN,YFSGDPLV,AASGYSSASKII,SGHRS,YFSETQ,ASSSSTLDSYDYGYT,RPHERNGFTVL
7676,DRGSQS,IYSNGD,AVNPRGSGYALN,MNHEY,SVGEGT,AAGWGIGTEAF,ELAGIGILTV
7677,TSDPSYG,QGSYDQQN,AMREGGNFNKFY,SQVTM,ANQGSEA,SVGLALYNEQF,YVLDHLIVV
7678,TSDPSYG,QGSYDQQN,AMREWNDKII,MNHEY,SMNVEV,ASSLSGSPSPLH,TTDPSFLGRY
7679,TSINN,IRSNERE,ATDKMFNVLTGGGNKLT,LNHDA,SQIVND,ASSLYDIAGGVQF,GILGFVFTL
7680,NIATNDY,GYKTK,LVGVPGSARQLT,SGHTA,FQGTGA,ASSLTVSLSPDLNEQF,CINGVCWTV
7681,TSENNYY,QEAYKQQN,AFKDTGANSKLT,MNHEY,SVGEGT,ASSYSLAGASLGEQF,VTEHDTLLY
7682,TSGFNG,NVLDGL,AVSDSNYQLI,DFQATT,SNEGSKA,SAQSGPGEVEKLF,GILGFVFTL
7683,VSGLRG,LYSAGEE,AVQASGTYKYI,LGHNA,YNFKEQ,ASSQDSSGQETQY,GILGFVFTL
7684,NSASQS,VYSSG,VVNMDNARLM,LNHDA,SQIVND,ASSGRSTDTQY,GILGFVFTL
7685,DSASNY,IRSNVGE,AASPLGGYSTLT,MGHDK,SYGVNS,ASSGLTSAKNEQF,SPRWYFYYL
7686,YGGTVN,YFSGDPLV,APLSGNTGKLI,LNHDA,SQIVND,ASSSRSKYEQY,GILGFVFTL
7687,NYSPAY,IRENEKE,APHPSGYSTLT,MDHEN,SYDVKM,ASSLIQGSYEQY,ATDALMTGF
7688,DRGSQS,IYSNGD,AVGDDKII,MRHNA,SNTAGT,ASSDSHTGAYGYT,LLWNGPMAV
7689,YGATPY,YFSGDTLV,AVKAAGNKLT,SGHDY,FNNNVP,ASGRLSYNEQF,RAKFKQLL
7690,KTLYG,LQKGGEE,GADDKII,SEHNR,FQNEAQ,ASSRGQSYEQY,TPRVTGGGAM
7691,NIATNDY,GYKTK,AEDNNARLM,DFQATT,SNEGSKA,SARPGTASLVGNTIY,GLCTLVAML
7692,SVFSS,VVTGGEV,AGASGNTGKLI,LNHDA,SQIVND,ASSTFSRDIQY,GILGFVFTL
7693,TISGTDY,GLTSN,ILRGSQGNLI,LNHDA,SQIVND,ASSWFTRSEKLF,GILGFVFTL
7694,NSMFDY,ISSIKDK,AARTLQGGSEKLV,PRHDT,FYEKMQ,ASSLGGNQPQH,YLQPRTFLL
7695,DSASNY,IRSNVGE,AASETSYDKVI,SEHNR,FQNEAQ,ASSLLGDPNSPLH,RAKFKQLL
7696,DRGSQS,IYSNGD,AVVFSGGYNKLI,SGHTA,FQGTGA,ASSQSRDRVD,TTDPSFLGRY
7697,DSAIYN,IQSSQRE,AEDSGNTPLV,SEHNR,FQNEAQ,ASSLLGVSYYNEQF,NLVPMVATV
7698,TRDTTYY,RNSFDEQN,ALRTQGGSEKLV,SNHLY,FYNNEI,ATPGQFSPWAF,TTDPSFLGRY
7699,DRGSQS,IYSNGD,AASKTSYDKVI,GTSNPN,SVGIG,AWSVPPGKGGYT,LLLDRLNQL
7700,SSVPPY,YTSAATLV,AVRRGAAGNKLT,MDHEN,SYDVKM,ASSFRTDSYEQY,PTDNYITTY
7701,TSESDYY,QEAYKQQN,VLRDAGNMLT,PRHDT,FYEKMQ,ASSRDRGEYNEQF,TTDPSFLGRY
7702,DSASNY,IRSNVGE,APSDGNNRLA,SGHKS,YYEKEE,ASSSETFGNTIY,SPRWYFYYL
7703,TSINN,IRSNERE,ATEERMDSSYKLI,SEHNR,FQNEAQ,ASSDRTEGDYEQY,TPRVTGGGAM
7704,NSMFDY,ISSIKDK,AASVNTDKLI,SEHNR,FQNEAQ,VSVGRSGYT,TTDPSFLGRY
7705,TISGTDY,GLTSN,ILRDLDYKLS,SGHTA,FQGNSA,ASSLGVGRAYEQY,NQKLIANQF
7706,NIATNDY,GYKTK,LVGANAGNNRKLI,LGHNA,YSLEER,ASSQEPAGAGANYEQY,CINGVCWTV
7707,NSASQS,VYSSG,VVNNNNDMR,LNHDA,SQIVND,AGQGMNTGELF,YLQPRTFLL
7708,SVFSS,VVTGGEV,AGAQITNRDDKII,SGHDT,YYEEEE,ASSLRDGSEAF,RAKFKQLL
7709,VSPFSN,MTFSENT,VVGIDNDYKLS,KGHTF,FQNEQV,ASSPSFWDMGPYT,GILGFVFTL
7710,NYSPAY,IRENEKE,ALRTGNQFY,MNHNS,SASEGT,ASLGLAGELF,TTDPSFLGRY
7711,DSVNN,IPSGT,GRGAQKLV,MGHDK,SYGVNS,ASSEYLGELF,LTDEMIAQY
7712,DRGSQS,IYSNGD,AVGHESGGGADGLT,MNHNS,SASEGT,ASNYGEGGGYGYT,LLAGIGTVPI
7713,DRGSQS,IYSNGD,AVSGTDKLI,SGHKS,YYEKEE,ASSLGGLGSPLH,ELAGIGILTV
7714,DRGSQS,IYSNGD,AVNVRQAGTALI,SNHLY,FYNNEI,ASSSPGQGTEAF,RAKFKQLL
7715,SIFNT,LYKAGEL,AGPETSGSRLT,LNHDA,SQIVND,ASSIFANTEAF,GILGFVFTL
7716,TSGFNG,NVLDGL,AVMDSSYKLI,DFQATT,SNEGSKA,SARDLAGVTETQY,SLFNTVATLY
7717,DRGSQS,IYSNGD,AVNSGGSNYKLT,SQVTM,ANQGSEA,SVHQGWPYEQY,LTDEMIAQY
7718,TRDTTYY,RNSFDEQN,ALSEDSSASKII,MDHEN,SYDVKM,ASEPGQGPGGWSYEQY,SLFNTVATLY
7719,SSVPPY,YTSAATLV,AVSDPYSKAAGNKLT,SGHTS,YDEGEE,ASSLGRGVGTEQF,GPRLGVRAT
7720,TRDTTYY,RNSFDEQN,ALSDYNQGGKLI,SNHLY,FYNNEI,ASSGEGGPWGSLQF,TTDPSFLGRY
7721,NSMFDY,ISSIKDK,AASATANNARLM,SGHNS,FNNNVP,ASSFRLAGGDEQF,GILGFVFTL
7722,NSAFQY,TYSSGN,AGGDTGKLI,MNHEY,SMNVEV,ASSLFAGTGELF,GILGFVFTL
7723,TRDTTYY,RNSFDEQN,ALSSTSGGYQKVT,LGHDT,YNNKEL,ASSQERKAGGPTEAF,HPNGYKSLSTL
7724,TTLSN,LVKSGEV,AGRNSGGSNYKLT,LNHDA,SQIVND,ASSIFVGAHEAF,GILGFVFTL
7725,VSGNPY,YITGDNLV,AVRDLNARLM,SGHNS,FNNNVP,ASSSVNEQY,NLVPMVATV
7726,DRGSQS,IYSNGD,AVPPAVYNFNKFY,DFQATT,SNEGSKA,SASETGVGQPQH,EAAGIGILTV
7727,DRGSQS,IYSNGD,AVTDREAGTALI,SGHTA,FQGTGA,ASSLIGNTGELF,ATDALMTGF
7728,TISGNEY,GLKNN,IAVSQGGSEKLV,DFQATT,SNEGSKA,SAADRGLGETQY,NLVPMVATV
7729,NIATNDY,GYKTK,LVGDSIPGAGSYQLT,MGHRA,YSYEKL,ASSLHSDRRNIQY,SPRWYFYYL
7730,VSGNPY,YITGDNLV,AVKGNYGQNFV,DFQATT,SNEGSKA,SVWSGDSYNEQF,RAKFKQLL
7731,DSAIYN,IQSSQRE,AAGRSNDYKLS,DFQATT,SNEGSKA,SAENYRLAGITDTQY,NQKLIANQF
7732,TISGNEY,GLKNN,IVRGPGGSQGNLI,PRHDT,FYEKMQ,ASSLGGGGTEAF,NLVPMVATV
7733,ATGYPS,ATKADDK,ALSENKLS,DFQATT,SNEGSKA,SARDPTQQNTGELF,YLQPRTFLL
7734,TTLSN,LVKSGEV,AANYGGSQGNLI,MDHEN,SYDVKM,ASSFLGPGLNEQY,GILGFVFTL
7735,VTNFRS,LTSSGIE,AVGSPNSGGGHGPLI,LGHNT,FRNRAP,ASGPTHGYT,CTELKLSDY
7736,NSAFQY,TYSSGN,AMSANAGNMLT,MNHEY,SMNVEV,ASRPLTGGPLAKNIQY,SPRWYFYYL
7737,TSDPSYG,QGSYDQQN,GNTGGFKTI,SGHAT,FQDESV,ASSSGLAGGSHTGELF,RAKFKQLL
7738,TISGTDY,GLTSN,ILSRGSTLGRLY,MNHEY,SMNVEV,ASSLWMNTEAF,GILGFVFTL
7739,DSASNY,IRSNVGE,AAAETSYDKVI,SGHRS,YFSETQ,ASSLYWDSSYEQY,RAKFKQLL
7740,YGGTVN,YFSGDPLV,AVNAIDMR,KGHDR,SFDVKD,ATSDILGGASTQY,YVLDHLIVV
7741,DRGSQS,IYSNGD,AVNIPYGGSQGNLI,SNHLY,FYNNEI,ASSAKGLPYNEQF,LLLDRLNQL
7742,SVFSS,VVTGGEV,AGVYGGSQGNLI,LNHDA,SQIVND,ASSGRASGELF,GILGFVFTL
7743,NSASQS,VYSSG,VVNDLDKLI,SEHNR,FQNEAQ,ASSPEDTQY,YLQPRTFLL
7744,TSGFNG,NVLDGL,AVTANAGKST,SGHDT,YYEEEE,ASSWTGGGSGEQY,GILGFVFTL
7745,SVFSS,VVTGGEV,AGGGSQGNLI,SGHNS,FNNNVP,ASTPEEAGTETQY,GILGFVFTL
7746,VSGLRG,LYSAGEE,NSGYSTLT,SEHNR,FQNEAQ,ASSWLGDRYNSPLH,RAKFKQLL
7747,DRGSQS,IYSNGD,AVNGGGADGLT,MNHEY,SVGEGT,ASSPGVLASNEQF,ELAGIGILTV
7748,DSVNN,IPSGT,AGSPSNTGKLI,LNHDA,SQIVND,ASSIHSGNQPQH,GILGFVFTL
7749,NIATNDY,GYKTK,LVGDVDTDKLI,DFQATT,SNEGSKA,SASHPGDSPLH,RTATKAYNV
7750,TISGNEY,GLKNN,IIRAAGGALRLT,SEHNR,FQNEAQ,ASSLAVGEGPQH,RAKFKQLL
7751,TSESDYY,QEAYKQQN,AYRSAVTYDMR,MNHEY,SMNVEV,ASSLYGNQPQH,HPNGYKSLSTL
7752,VSGNPY,YITGDNLV,AVRDDRGSTLGRLY,SEHNR,FQNEAQ,ASSTQGSTSTDTQY,TPRVTGGGAM
7753,YGGTVN,YFSGDPLV,AVKDTDKLI,LGHNA,YSLEER,ASSQDRREGDTGELF,YVLDHLIVV
7754,TSDPSYG,QGSYDQQN,AMREGEGGGFKTI,SGHNS,FNNNVP,ASSPPGRNEKLF,RAKFKQLL
7755,DSSSTY,IFSNMDM,AESLGGYNKLI,MNHEY,SVGAGI,ASTPGSEDTQY,TTDPSFLGRY
7756,DRGSQS,IYSNGD,AVKGGSYIPT,LGHNA,YSLEER,ASSQDVGSWNQPQH,GILGFVFTL
7757,NSASQS,VYSSG,VADSQNSGGYQKVT,LNHNV,YYDKDF,ATSFTGTAYEQY,ATDALMTGF
7758,TSGFNG,NVLDGL,AVPYNQGGKLI,MNHNY,SVGAGI,ASSTLAGGQETQY,GILGFVFTL
7759,ATGYPS,ATKADDK,ASGLPDTPLV,PRHDT,FYEKMQ,ASSLRDRGNQPQH,RLPGVLPRA
7760,VGISA,LSSGK,AVRANFGNEKLT,MNHEY,SVGEGT,ASSYPLLYSGANTGELF,GILGFVFTL
7761,NSASQS,VYSSG,VAGAAGNKLT,SQVTM,ANQGSEA,SGSLWTGDSYEQY,ATDALMTGF
7762,YGGTVN,YFSGDPLV,AVIPGSNYQLI,LNHDA,SQIVND,ASSDRSNTEAF,GILGFVFTL
7763,TRDTTYY,RNSFDEQN,TTDSWGKFE,MNHEY,SMNVEV,ASSSLTGSRTGKETQY,SPRWYFYYL
7764,DSASNY,IRSNVGE,AASETSYDKVI,SEHNR,FQNEAQ,ASSFLGEDTGELF,RAKFKQLL
7765,YGATPY,YFSGDTLV,AVPPQGGSEKLV,MNHEY,SVGEGT,ASFSPRVYEQY,NLVPMVATV
7766,DRGSQS,IYSNGD,AVAGSFKTI,SGHVS,FQNEAQ,ASSLGDRAYEQY,ALGIGILTV
7767,VSGLRG,LYSAGEE,AVNTGNQFY,SGHAT,FQNNGV,ASRWAPGELF,LTDEMIAQY
7768,DSAIYN,IQSSQRE,APKTGANNLF,SGHKS,YYEKEE,ASSGPGGVDEQY,RAKFKQLL
7769,DRGSQS,IYSNGD,AVGGGADGLT,MNHEY,SMNVEV,ASSPAALSGAYEQY,ELAGIGILTV
7770,VGISA,LSSGK,AVSIEETSGSRLT,LNHDA,SQIVND,ASSPYHTNEQF,GILGFVFTL
7771,NSASQS,VYSSG,VVTSGGYNKLI,DFQATT,SNEGSKA,SAGTRDKYYEQY,SPRWYFYYL
7772,TTSDR,LLSNGAV,AVDEGLGNYGGSQGNLI,LNHDA,SQIVND,ASSTYSTDTQY,GILGFVFTL
7773,NSAFQY,TYSSGN,AMSQSNFGNEKLT,DFQATT,SNEGSKA,SAYRGSNTGELF,LLAGIGTVPI
7774,DSASNY,IRSNVGE,AASEGAPDKLI,DFQATT,SNEGSKA,SAPSGEGRDTQY,RAKFKQLL
7775,DSAIYN,IQSSQRE,AVRPRSNDYKLS,PRHDT,FYEKMQ,ASSFLARDVEQF,FLRGRAYGL
7776,SVFSS,VVTGGEV,AGPGTNAGKST,LNHDA,SQIVND,ASSTRSSYEQY,LLWNGPMAV
7777,YGGTVN,YFSGDPLV,GITGGGNKLT,SGHRS,YFSETQ,ASSLGQGSGNTIY,YVLDHLIVV
7778,DSAIYN,IQSSQRE,GPDQTGANNLF,MGHDK,SYGVNS,ASRQGGTEAF,GILGFVFTL
7779,DRGSQS,IYSNGD,AVNNRENTNAGKST,LNHDA,SQIVND,ASSIAVSQPQH,LLLDRLNQL
7780,TSDPSYG,QGSYDQQN,AMTEFSGGYNKLI,DFQATT,SNEGSKA,SAKQVDSNQPQH,GILGFVFTL
7781,TTLSN,LVKSGEV,AAHGSSNTGKLI,SNHLY,FYNNEI,ASSEESSRYYGYT,NQKLIANQF
7782,VTNFRS,LTSSGIE,AALMNSGYSTLT,SGHDY,FNNNVP,ASAPNPNTGELF,RPHERNGFTVL
7783,NSASQS,VYSSG,VVNMEDAGGTSYGKLT,LNHDA,SQIVND,ASSEISGTPQH,GILGFVFTL
7784,NIATNDY,GYKTK,LPSGMNYGGSQGNLI,MDHEN,SYDVKM,ASSLVEDTQY,MEVTPSGTWL
7785,SVFSS,VVTGGEV,AGGGSQGNLI,DFQATT,SNEGSKA,SARDRTGNGYT,GILGFVFTL
7786,DSASNY,IRSNVGE,AASETSYDKVI,SEHNR,FQNEAQ,ASSLLGHRNSPLH,RAKFKQLL
7787,DRGSQS,IYSNGD,AVIGLTGGGNKLT,MNHEY,SMNVEV,ASSFSFRERTAGYT,LLLDRLNQL
7788,DRGSQS,IYSNGD,AVPGGFKTI,MNHNS,SASEGT,ASSVGTGDQETQY,LLAGIGTVPI
7789,DSASNY,IRSNVGE,AAARMDSSYKLI,DFQATT,SNEGSKA,SASPGDYEQY,RAKFKQLL
7790,TRDTTYY,RNSFDEQN,ALKLIKAAGNKLT,MGHRA,YSYEKL,ASSTSTGTGYGYT,RAKFKQLL
7791,SVFSS,VVTGGEV,TTDSWGKFE,SGHTS,YDEGEE,ASSLYDRITDTQY,RAQAPPPSW
7792,TRDTTYY,RNSFDEQN,ALSEYPSTTGTASKLT,LNHDA,SQIVND,ASSIYQGVYNEQF,GILGFVFTL
7793,NIATNDY,GYKTK,LVGDYNFNKFY,LGHNA,YSLEER,ASSQEVSAGGGDTQY,CINGVCWTV
7794,DRGSQS,IYSNGD,AVRDYGGSQGNLI,MNHNY,SVGAGI,ASAPGLAGNEQF,RAKFKQLL
7795,NSASQS,VYSSG,VVNAPSGNTPLV,DFQATT,SNEGSKA,SARTPMGQNTGELF,YLQPRTFLL
7796,NSAFQY,TYSSGN,AMRLSNFGNEKLT,DFQATT,SNEGSKA,SAGRDRKISGARTGELF,LLAGIGTVPI
7797,DRGSQS,IYSNGD,AAKVT,LNHDA,SQIVND,ASSARSSYEQY,GILGFVFTL
7798,TSGFNG,NVLDGL,ASYGGATNKLI,SGHRS,YFSETQ,ASSLMGGNTEAF,TDLGQNLLY
7799,NYSPAY,IRENEKE,ALLGISGGYQKVT,MGHRA,YSYEKL,ASSHASGQGDSYEQY,RFPLTFGWCF
7800,YGATPY,YFSGDTLV,AVAPGSGGYQKVT,MDHEN,SYDVKM,ASSSMTGLNTEAF,SPRWYFYYL
7801,DSASNY,IRSNVGE,AAPSSGSARQLT,SGHNT,YYREEE,ASSLLAGGGNTGELF,HSNLNDATY
7802,NIATNDY,GYKTK,LVGEAGGFKTI,SGHDN,FVKESK,ASSQDPLAGYTGELF,CINGVCWTV
7803,DRGSQS,IYSNGD,AVLSDGQKLL,SNHLY,FYNNEI,ASSETNYEQY,LLLDRLNQL
7805,NSASQS,VYSSG,VVNPVTGNTPLV,MDHEN,SYDVKM,ASRWTDGIMNTEAF,TTDPSFLGRY
7806,DRGSQS,IYSNGD,AVNIRNQGGKLI,MGHRA,YSYEKL,ASSQDGGASSGQPQH,ELAGIGILTV
7807,NIATNDY,GYKTK,LVGDPPTNAGKST,LGHNA,YSLEER,ASSQEVGAPGEQY,CINGVCWTV
7808,SVFSS,VVTGGEV,AGAGSQGNLI,PRHDT,FYEKMQ,ASSLTTGGRNEQF,GILGFVFTL
7809,TSDPSYG,QGSYDQQN,AMRATARQLT,DFQATT,SNEGSKA,SARDREGPNYEQY,TTDPSFLGRY
7810,DSASNY,IRSNVGE,AASETSYDKVI,SGHNS,FNNNVP,ASSIGDRAYGYT,RAKFKQLL
7811,DSASNY,IRSNVGE,AASGQDTDKLI,SGHVS,FNYEAQ,ASSFAVAGDFTGELF,RAKFKQLL
7812,YGGTVN,YFSGDPLV,AVSDTDKLI,LNHDA,SQIVND,ATRPWTGGGEKLF,YVLDHLIVV
7813,DSASNY,IRSNVGE,AASEGGFKTI,SGHAT,FQNNGV,ASSLGTGHNEQF,GILGFVFTL
7814,TSGFNG,NVLDGL,AVYNDYKLS,MNHNS,SASEGT,ASSEQEDRPEGYT,TTDPSFLGRY
7815,NSASQS,VYSSG,VVNQRRANNLF,DFQATT,SNEGSKA,SALGDRGLGGNQPQH,GLCTLVAML
7816,NSAFQY,TYSSGN,AMSSPYSSASKII,MNHEY,SVGEGT,ASESDRTASYEQY,SPRWYFYYL
7817,TSGFYG,NALDGL,AVRDRDNYGQNFV,SGHKS,YYEKEE,ASSLEVTGLNTEAF,NLVPMVATV
7818,YGATPY,YFSGDTLV,AVPGYSSASKII,MDHEN,SYDVKM,ASSPGTEVYNEQF,SPRWYFYYL
7819,NSAFQY,TYSSGN,ATSGYSTLT,SNHLY,FYNNEI,ASSADRAYEQY,GILGFVFTL
7820,DRGSQS,IYSNGD,AVNRPLTGGGNKLT,LGHDT,YNNKEL,ASSQATSGIFVYEQY,ELAGIGILTV
7821,VGISA,LSSGK,AVRSDTDKLI,SGHVS,FNYEAQ,ASSLAQGSYEQY,LLWNGPMAV
7822,TTLSN,LVKSGEV,AGNYGGSQGNLI,LNHDA,SQIVND,ASSIWAQDTQY,GILGFVFTL
7823,DSVNN,IPSGT,AVEPPSGSRLT,MNHEY,SVGAGI,ASSRGQGIAYEQY,CINGVCWTV
7824,TSINN,IRSNERE,ATDGGGGSQGNLI,LNHDA,SQIVND,ASSHRSTDTQY,GILGFVFTL
7825,NSASDY,IRSNMDK,ADPNTGNQFY,SGDLS,YYNGEE,ASSPTDN,SPRWYFYYL
7826,SSNFYA,MTLNGDE,AFDGDGGSQGNLI,SGHVS,FQNEAQ,ASSLGATWTSNTEAF,KSKRTPMGF
7827,DSASNY,IRSNVGE,AASIGYSTLT,SQVTM,ANQGSEA,SVRLAGGSGETQY,TTDPSFLGRY
7828,NSASQS,VYSSG,VVGNYGQNFV,LGHNA,YSLEER,ASSQVLSGELF,ELAGIGILTV
7829,DSASNY,IRSNVGE,AASYYGQNFV,SGHTA,FQGNSA,ASSSPPGQGADTQY,RTATKQYNV
7830,DRGSQS,IYSNGD,AVGVSNFGNEKLT,DFQATT,SNEGSKA,SARVEVSGNTIY,ELAGIGILTV
7831,TTLSN,LVKSGEV,AGPVYDYKLS,SGHVS,FQNEAQ,ASSLSGTGDYEQY,KSKRTPMGF
7832,DRGSQS,IYSNGD,AIDGQNFV,SGDLS,YYNGEE,ASSAAPAYEQY,LLWNGPMAV
7833,NSASDY,IRSNMDK,AVSVVYGQNFV,GTSNPN,SVGIG,AWSPTSGRDTQY,CTELKLSDY
7834,SSVSVY,YLSGSTLV,AVTDGGSQGNLI,LNHDA,SQIVND,ASSQGAYGYT,GILGFVFTL
7835,NIATNDY,GYKTK,LVGDQQPGGYNKLI,MNHNS,SASEGT,ASWGQGSNYGYT,SPRWYFYYL
7836,DSASNY,IRSNVGE,AASETSYDKVI,SEHNR,FQNEAQ,ASSPLGDRENSPLH,RAKFKQLL
7837,SSVPPY,YTSAATLV,AVSGYGNKLV,MNHEY,SMNVEV,ASSSSGPVNEQF,TTDPSFLGRY
7838,DRGSQS,IYSNGD,TTDSWGKFE,MNHEY,SVGEGT,ASSYTNEQY,ALSKGVHFV
7839,TSENNYY,QEAYKQQN,AFMRGDGQKLL,SEHNR,FQNEAQ,ASSLAIGDKVEQY,LTDEMIAQY
7840,NSASDY,IRSNMDK,AENGGGGADGLT,SQVTM,ANQGSEA,SVGSGDYEQY,RAKFKQLL
7841,YGGTVN,YFSGDPLV,AVILYGNNRLA,SGHRS,YFSETQ,ASSLPRGYGYT,RFPLTFGWCF
7842,TSENNYY,QEAYKQQN,AFMKLESYMDSNYQLI,MNHEY,SVGEGT,ASSYLGDIQFNQPQH,CINGVCWTV
7843,TTLSN,LVKSGEV,AGQRATDSWGKLQ,MDHEN,SYDVKM,ASSASRNTDGTDTQY,LLWNGPMAV
7844,DRGSQS,IYSNGD,AVWSGGFKTI,SGHNS,FNNNVP,ASSSLDVAGYEQY,RAKFKQLL
7845,TRDTTYY,RNSFDEQN,ALKTPYTGANSKLT,MGHRA,YSYEKL,ASTGDRGVEKLF,QAKWRLQTL
7846,DRGSQS,IYSNGD,AVGQDTDKLI,SEHNR,FQNEAQ,ASSLGEGYT,LLAGIGTVPI
7847,DRGSQS,IYSNGD,AVNPGRDAGGTSYGKLT,LNHDA,SQIVND,ASRRTSGSFDEQY,LLLDRLNQL
7848,NYSPAY,IRENEKE,ALDMGGGSQGNLI,LNHDA,SQIVND,ASSSRAGFAQY,GILGFVFTL
7849,NSASDY,IRSNMDK,AEIRSTLT,LNHDA,SQIVND,ASSIRSAYEQY,GILGFVFTL
7850,SVFSS,VVTGGEV,AGAYGGSQGNLI,LNHDA,SQIVND,ASSTRSDSPLH,GILGFVFTL
7851,NSASDY,IRSNMDK,ADSGGGADGLT,MGHRA,YSYEKL,AAGSSGNQPQH,RAKFKQLL
7852,SSYSPS,YTSAATLV,VVSDINQAGTALI,WSHSY,SAAADI,ATYIGGDTEAF,GILGFVFTL
7853,KALYS,LLKGGEQ,GTERDSGGSNYKLT,LNHDA,SQIVND,ASSIRFGGNAIY,GILGFVFTL
7854,KALYS,LLKGGEQ,GTEIFETSYDKVI,LNHDA,SQIVND,ASSIRSSYEQY,GILGFVFTL
7855,TSDPSYG,QGSYDQQN,AMRAIEGANNLF,MNHNS,SASEGT,ASTSGRVVDEQF,RAKFKQLL
7856,DRGSQS,IYSNGD,AVKGYGNNRLA,KGHDR,SFDVKD,ATSEAGDPDTQY,KSKRTPMGF
7857,TRDTTYY,RNSFDEQN,ALSDYEDSNYQLI,DFQATT,SNEGSKA,SAYDSLNYGYT,GILGFVFTL
7858,VSGNPY,YITGDNLV,AVRPSEDGNTPLV,MNHEY,SVGAGI,ASSYAGGGNTIY,GILGFVFTL
7859,DRGSQS,IYSNGD,AVKRSNFGNEKLT,MNHEY,SVGAGI,ASSYTPVSMNTEAF,ELAGIGILTV
7860,KALYS,LLKGGEQ,GTEEGGGSQGNLI,LNHDA,SQIVND,ASSSRSTDTQY,GILGFVFTL
7861,YSGSPE,HISR,ALPKAAGNKLT,LNHDA,SQIVND,ATGLLYEQY,GILGFVFTL
7862,NSASDY,IRSNMDK,ADSGGGADGLT,ENHRY,SYGVKD,AINPLGSSSKKGTQY,RAKFKQLL
7863,YGATPY,YFSGDTLV,AVGGVGFLDSNYQLI,MDHEN,SYDVKM,ASSSLSLDRGGGQAF,GILGFVFTL
7864,DSAIYN,IQSSQRE,AVSERNGGSQGNLI,SGHKS,YYEKEE,ASSRDSGWNSNQPQH,LLWNGPMAV
7865,TRDTTYY,RNSFDEQN,ALITALNNAGNMLT,SGHDT,YYEEEE,ASSSQGWGRVYSEQF,NLVPMVATV
7866,YSGSPE,HISR,ALKETSGSRLT,LGHNA,YNFKEQ,ASSQPSLLGGNQPQH,GILGFVFTL
7867,TSDPSYG,QGSYDQQN,AMREGQGNAGNMLT,MGHRA,YSYEKL,ASSQSGGGEQF,QYIKWPWYI
7868,DRGSQS,IYSNGD,AVNIWGSQGNLI,MDHEN,SYDVKM,ASSPPFNNEQF,ALAGIGILTV
7869,DRGSQS,IYSNGD,AVNMEGLTGGGNKLT,SNHLY,FYNNEI,ASTTGTGGEQY,LLLDRLNQL
7870,TSDPSYG,QGSYDQQN,AMSLHDTGRRALT,SGHTA,FQGNSA,ASSLNFVGLNQPQH,RPIIRPATL
7871,DSASNY,IRSNVGE,AAGEYGNKLV,SGHTA,FQGTGA,ASSLRSWSMNTEAF,RAKFKQLL
7872,SVFSS,VVTGGEV,AGEGDEKLT,SEHNR,FQNEAQ,ASSFDRNTEAF,TTDPSFLGRY
7873,SIFNT,LYKAGEL,AGQTNSGYALN,DFQATT,SNEGSKA,SARDDSGQGFGFLETQY,GLCTLVAML
7874,TISGNEY,GLKNN,IVREGGGADGLT,MNHEY,SMNVEV,ASSFLRGDQPQH,RAKFKQLL
7875,YGGTVN,YFSGDPLV,AVGGAETRI,KGHDR,SFDVKD,ATSGWQGSEETQY,YVLDHLIVV
7876,TSENNYY,QEAYKQQN,AFTGFGDSNSGYALN,PRHDT,FYEKMQ,ASSWRDSYNEQF,RGPGRAFVTI
7877,DRGSQS,IYSNGD,AVESRGAQKLV,SGDLS,YYNGEE,ASSVASGTGANVLT,LLLDRLNQL
7878,VSGLRG,LYSAGEE,AVQANTNAGKST,MNHEY,SMNVEV,ASSFGRQAYEQY,CINGVCWTV
7879,TSENNYY,QEAYKQQN,ALQGAQKLV,WSHSY,SAAADI,ASSGDGMNTEAF,YVLDHLIVV
7880,NSMFDY,ISSIKDK,SAPKGGIELT,WSHSY,SAAADI,ASRAGAGDTQY,GLCTLVAML
7881,DRGSQS,IYSNGD,AAGGDGGSQGNLI,MNHGY,SVAAGI,ASTLFARQETQY,GILGFVFTL
7882,YGATPY,YFSGDTLV,AVGFNFGNEKLT,DFQATT,SNEGSKA,SASWGDYTEAF,GILGFVFTL
7883,DSSSTY,IFSNMDM,AENAGGGSQGNLI,LNHDA,SQIVND,ASSKRGAETQY,GILGFVFTL
7884,TSINN,IRSNERE,ATRNTDKLI,MNHEY,SMNVEV,ASSFGRGGSQPQH,YLQPRTFLL
7885,ATGYPS,ATKADDK,ALRPA,LGHNA,YSLEER,ASSERNHLEAF,YLQPRTFLL
7886,NIATNDY,GYKTK,LVGPSNGGYNKLI,SGHAT,FQNNGV,ASSPIPGELF,GILGFVFTL
7887,DRGSQS,IYSNGD,AAGGSQGNLI,LNHNV,YYDKDF,ATSKLNPGDIQY,CINGVCWTV
7888,YGGTVN,YFSGDPLV,AVRRVGMDSNYQLI,LNHDA,SQIVND,ASSIHSADTQY,GILGFVFTL
7889,NSASQS,VYSSG,VVNGMDSSYKLI,SNHLY,FYNNEI,ASTPGTVLPDTQY,GLCTLVAML
7890,NSASDY,IRSNMDK,AEMETSYDKVI,SEHNR,FQNEAQ,ASSEGGSGANVLT,RAKFKQLL
7891,NSASQS,VYSSG,VVNEPVGNTPLV,DFQATT,SNEGSKA,SVTRDSNTGELF,YLQPRTFLL
7892,NIATNDY,GYKTK,LVGDHSGTYKYI,SGHNT,YYREEE,ASSWTQGDEQY,DATYQRTRALVR
7893,TSINN,IRSNERE,ATYTGFQKLV,MGHRA,YSYEKL,ASSGWLVQGNQPQH,GILGFVFTL
7894,YGATPY,YFSGDTLV,AVGLGGGSQGNLI,LNHDA,SQIVND,ASSIRSGVEQY,GILGFVFTL
7895,DRGSQS,IYSNGD,AALKGAQKLV,SNHLY,FYNNEI,ASSVHSYEQY,LLLDRLNQL
7896,TSINN,IRSNERE,AMGGGSGYSTLT,MNHNS,SASEGT,ASSRQGGQDGYT,FLYALALLL
7897,DSASNY,IRSNVGE,AASETSYDKVI,SEHNR,FQNEAQ,ASSATGSGDQPQH,RAKFKQLL
7898,NSASDY,IRSNMDK,AENGQAGTALI,LNHDA,SQIVND,ASSIRSAYEQY,GILGFVFTL
7899,KALYS,LLKGGEQ,GTEYPNDYKLS,LNHNV,YYDKDF,ATSTGDSNQPQH,GLCTLVAML
7900,DSSSTY,IFSNMDM,AGSNSGAGSYQLT,SGHTA,FQGNSA,ASSPPGLVGGELF,GLCTLVAML
7901,DSSSTY,IFSNMDM,AESKRDGGATNKLI,KGHSH,LQKENI,ASSPSREGYT,NLVPMVATV
7902,SSVSVY,YLSGSTLV,AVIPSGGYNKLI,SGHDY,FNNNVP,ASSFGTHSYNEQF,VLEETSVML
7903,YSGSPE,HISR,ALKRSNTGKLI,LNHDA,SQIVND,ASSIRSGYEQF,GILGFVFTL
7904,DSASNY,IRSNVGE,AAILPSGGYNKLI,DFQATT,SNEGSKA,SARDRTGNGYT,GLCTLVAML
7905,SSVSVY,YLSGSTLV,AVSDGEGAQKLV,SGHTA,FQGTGA,NTEAF,RAKFKQLL
7906,TTLSN,LVKSGEV,AGSIMNYGGSQGNLI,SGDLS,YYNGEE,ASSVSSGLYYEQY,CTELKLSDY
7907,SSVSVY,YLSGSTLV,AVYEDDKII,SGHNS,FNNNVP,ASRRGTDLTDTQY,KLWAQCVQL
7908,DSSSTY,IFSNMDM,AETSMDSSYKLI,SGDLS,YYNGEE,ASSVGRTSTDTQY,GILGFVFTL
7909,SVFSS,VVTGGEV,AGPDNYGQNFV,SSHAT,FNYEAQ,ASSLVVTSGFNEQF,GILGFVFTL
7910,NSAFQY,TYSSGN,AMTPGGTSYGKLT,DFQATT,SNEGSKA,SARFLRQGSTYEQY,GPRLGVRAT
7911,DSSSTY,IFSNMDM,AGRPGNNAGNMLT,LNHDA,SQIVND,ASSTRGGQPQH,GILGFVFTL
7912,KALYS,LLKGGEQ,GTEAGSGGSNYKLT,SGHAT,FQNNGV,ASSFGGPIYEQF,RAKFKQLL
7913,YGGTVN,YFSGDPLV,AVIGDSSYKLI,SGHKS,YYEKEE,ASSRFVPGQGGGTDTQY,RPHERNGFTVL
7914,DSSSTY,IFSNMDM,AVMEGGSYIPT,LGHNA,YNFKEQ,ASSQRPSEVGELF,RAKFKQLL
7915,DRGSQS,IYSNGD,AVVQGAQKLV,SGHDN,FVKESK,ASSYLTGTGAYEQY,ELAGIGILTV
7916,DSASNY,IRSNVGE,AATETSYDKVI,MGHDK,SYGVNS,ASSETGLLNYGYT,RAKFKQLL
7917,NSAFQY,TYSSGN,AMSLSNFGNEKLT,SGHNS,FNNNVP,ASSAQGEGEKLF,LLAGIGTVPI
7918,DSAIYN,IQSSQRE,AVISNSGYALN,KGHSH,LQKENI,ASTTTGNTDTQY,GLCTLVAML
7919,TSGFNG,NVLDGL,AVETGGFKTI,LGHNA,YSLEER,ASSQEPSGMVSRDNEQF,DATYQRTRALVR
7920,DSSSTY,IFSNMDM,AERETSYDKVI,SEHNR,FQNEAQ,ASSYVREETQY,RAKFKQLL
7921,DRGSQS,IYSNGD,AAPGGFGNEKLT,DFQATT,SNEGSKA,SARDTRLAGVEQF,QYIKWPWYI
7922,YSGSPE,HISR,ALSANQAGTALI,MNHEY,SMNVEV,ASSLRSGLDTQY,TTDPSFLGRY
7923,SSNFYA,MTLNGDE,AFRNGGSQGNLI,KGHDR,SFDVKD,ATSDLAGGTDTQY,LLAGIGTVPI
7924,TRDTTYY,RNSFDEQN,ALTHSGNTPLV,SQVTM,ANQGSEA,SFGQGAETQY,GILGFVFTL
7925,VSGNPY,YITGDNLV,AVPPRGGKLI,MNHEY,SVGEGT,ASSYPRGQAHNEQF,SPRWYFYYL
7926,NSASDY,IRSNMDK,AEEETSYDKVI,SEHNR,FQNEAQ,ASSLLDGEDTEAF,RAKFKQLL
7927,TISGTDY,GLTSN,ILREFYNDMR,SGHTA,FQGTGA,ASSLGTSGGTGELF,RAKFKQLL
7928,TSDPSYG,QGSYDQQN,AMREGRDSSYKLI,SEHNR,FQNEAQ,ASSLVGEGLPRAREQY,TPRVTGGGAM
7929,VSGNPY,YITGDNLV,AGGDYKLS,SQVTM,ANQGSEA,SVRREGPGELF,SPRWYFYYL
7930,NSAFQY,TYSSGN,AMSERNNARLM,MRHNA,SNTAGT,ASSDHPGSRELWKHHI,GILGFVFTL
7931,ATGYPS,ATKADDK,ALSGVQGAQKLV,MNHEY,SMNVEV,ASGDRSSTDTQY,TTDPSFLGRY
7932,TSGFNG,NVLDGL,APMDSNYQLI,MNHNS,SASEGT,ASSPTSGAYNEQF,TDLGQNLLY
7933,DRGSQS,IYSNGD,AVSSNDYKLS,MNHNS,SASEGT,ASSETGQPQH,LLWNGPMAV
7934,NSASDY,IRSNMDK,AEKTSYDKVI,MGHDK,SYGVNS,ASSPGDTQY,SPRWYFYYL
7935,KTLYG,LQKGGEE,GADMESNYKLT,MGHRA,YSYEKL,ASSQSGLAGIFSYNEQF,QYIKWPWYI
7936,DRGSQS,IYSNGD,AVPAGGYQKVT,LNHDA,SQIVND,ASSPGTGYEQY,LLLDRLNQL
7937,TSINN,IRSNERE,ATDGGYKLS,SGHAT,FQNNGV,ASSFAGTADYNSPLH,TTDPSFLGRY
7938,DSSSTY,IFSNMDM,AELSYTGRRALT,SGHTS,YDEGEE,ASGEAAYEQY,ALSKGVHFV
7939,SVFSS,VVTGGEV,AGAEVMDARLM,SGDLS,YYNGEE,ASSVGGTGYNEQF,LLWNGPMAV
7940,YGATPY,YFSGDTLV,APRGGSGGGADGLT,SNHLY,FYNNEI,ASSNQGDGTDTQY,GLCTLVAML
7941,YGATPY,YFSGDTLV,AVKDTDKLI,LNHDA,SQIVND,ASSPLLGSNQPQH,YVLDHLIVV
7942,SSVPPY,YTSAATLV,AVSENRDDKII,DFQATT,SNEGSKA,SARDSTGNGYT,GLCTLVAML
7943,TSGFNG,NVLDGL,AVMDSNYQLI,MRHNA,SNTAGT,ASRGPASTDTQY,GILGFVFTL
7944,TSENNYY,QEAYKQQN,AFPLDSSYKLI,SGDLS,YYNGEE,ASSVGGTSTDTQY,GILGFVFTL
7945,DSAIYN,IQSSQRE,AVRSRGNNRLA,SEHNR,FQNEAQ,ASSPSGSLEQY,TTDPSFLGRY
7946,TSINN,IRSNERE,NSGYSTLT,MNHEY,SVGAGI,ASSYQGGRGGYT,FLYALALLL
7947,YGGTVN,YFSGDPLV,AVPGFSGGYNKLI,SGHDT,YYEEEE,ASSPGETRGEQY,YLLEMLWRL
7948,DRGSQS,IYSNGD,AVNRGYQKVT,LNHDA,SQIVND,ASSIRSSYEQY,GILGFVFTL
7949,SIFNT,LYKAGEL,AGGGDGGSQGNLI,LNHDA,SQIVND,ASSPRSGSTEAF,GILGFVFTL
7950,NSAFQY,TYSSGN,AMSRSNFGNEKLT,ENHRY,SYGVKD,AISGVGTEAF,LLAGIGTVPI
7951,VTNFRS,LTSSGIE,ASSPARGLPEAF,SEHNR,FQNEAQ,ASSPDRGLPEAF,LLAGIGTVPI
7952,NSASQS,VYSSG,VVRAGKLI,MNHEY,SVGEGT,ASGQGNFDIQY,FLRGRAYGL
7953,NSAFQY,TYSSGN,AMSEGGTSYGKLT,MGHRA,YSYEKL,ASSQFIRGAYTEAF,GILGFVFTL
7954,DRGSQS,IYSNGD,AVNQGGGYQKVT,MNHEY,SVGAGI,ASSYSPNTEAF,LLAGIGTVPI
7955,DRGSQS,IYSNGD,AVYTGGFKTI,GTSNPN,SVGIG,AWSVTNTEAF,LLLDRLNQL
7956,TSENNYY,QEAYKQQN,AFMNPANQAGTALI,LNHDA,SQIVND,ASSIDGSAYNEQF,GILGFVFTL
7957,VSGNPY,YITGDNLV,AVRDMLGFNKFY,MRHNA,SNTAGT,ASSPTGSDTGELF,GILGFVFTL
7958,KALYS,LLKGGEQ,LGPSRTTRFHSKLSGGGADGLT,SGHAT,FQNNGV,ASSLDGQGPLYGYT,VSDGGPNLY
7959,TSGFNG,NVLDGL,AVRGYNAGNMLT,SQVTM,ANQGSEA,SVGSGDHGEQF,RAKFKQLL
7960,DSASNY,IRSNVGE,AASETSYDKVI,SGHNS,FNNNVP,ASIVRNDRDPTGELF,RAKFKQLL
7961,NSMFDY,ISSIKDK,AAMIYSGAGSYQLT,MGHRA,YSYEKL,ASSQAQAGNTIY,YLQPRTFLL
7962,DSSSTY,IFSNMDM,AESEGPTYTDKLI,DFQATT,SNEGSKA,SAGSGTRGETQY,RAKFKQLL
7963,SIFNT,LYKAGEL,AGQSNQFY,MDHEN,SYDVKM,ASSFGDQPQH,TTDPSFLGRY
7964,DRGSQS,IYSNGD,AVAAGKST,DFQATT,SNEGSKA,SAMNTGELF,LLAGIGTVPI
7965,TSESDYY,QEAYKQQN,AFLINNDMR,MNHNY,SVGAGI,ASRDVGGNYGYT,KLWAQCVQL
7966,NSASDY,IRSNMDK,AEIKAGNMLT,GTSNPN,SVGIG,AWRGEPSYNEQF,YVLDHLIVV
7967,SIFNT,LYKAGEL,AGQVNGGSQGNLI,LNHDA,SQIVND,ASSTYSIDTQY,GILGFVFTL
7968,SIFNT,LYKAGEL,AGILYGGSQGNLI,LNHDA,SQIVND,ASSMRSSYEQY,GILGFVFTL
7969,TRDTTYY,RNSFDEQN,ALSESNSGNTPLV,DFQATT,SNEGSKA,SAWTGTEAF,GLCTLVAML
7970,SIFNT,LYKAGEL,AGLDDSWGKLQ,SEHNR,FQNEAQ,ASSSLDSYNEQF,ATDALMTGF
7971,DSSSTY,IFSNMDM,AEKIAGGKST,SGDLS,YYNGEE,ASSPGGAGLVNEQY,NQKLIANQF
7972,TSINN,IRSNERE,ATEGGSGYSTLT,MNHNS,SASEGT,ASSRQGGNYGYT,FLYALALLL
7973,YGGTVN,YFSGDPLV,AMKDFQKLV,PRHDT,FYEKMQ,ASSFAPSYEQY,YVLDHLIVV
7974,TSGFNG,NVLDGL,AVMDSSYKLI,ENHRY,SYGVKD,AISGGTSRDTEAF,RAKFKQLL
7975,DRGSQS,IYSNGD,AVNMGWRLTGGGNKLT,SGHNS,FNNNVP,ASSFGTGGFYT,GILGFVFTL
7976,TSESDYY,QEAYKQQN,AYPAGAGGPRSGALT,LNHDA,SQIVND,ASSIGSYGYT,GILGFVFTL
7977,NSASQS,VYSSG,VVNILGAGSYQLT,MNHNS,SASEGT,ASSETGGYEQY,NYNYLYRLF
7978,SIFNT,LYKAGEL,AGQIILMNRDDKII,LNHDA,SQIVND,ASSIQGAGELF,GILGFVFTL
7979,NSAFQY,TYSSGN,AMSASNFGNEKLT,SNHLY,FYNNEI,ASLSNRWDTEAF,LLAGIGTVPI
7980,NSMFDY,ISSIKDK,AAIKNYGGSQGNLI,KGHSY,FQNENV,ASSPDRVFEAF,VSDGGPNLY
7981,ATGYPS,ATKADDK,ALSAEGGAQKLV,SGDLS,YYNGEE,ASSPPRGEQF,HPVTKYIM
7982,SVFSS,VVTGGEV,AGGGSQGNLI,DFQATT,SNEGSKA,SAPRGSGTIDTQY,GILGFVFTL
7983,DRGSQS,IYSNGD,GTYNQGGKLI,MNHEY,SMNVEV,ASSGASHEQY,RFPLTFGWCF
7984,NIATNDY,GYKTK,LVGPGGYQKVT,SQVTM,ANQGSEA,SVGLLGTGELF,CINGVCWTV
7985,DSASNY,IRSNVGE,AAGNAGGTSYGKLT,SGHDY,FNNNVP,ASTTATGELF,VSDGGPNLY
7986,NYSPAY,IRENEKE,ALPSNAGNNRKLI,SGDLS,YYNGEE,ASSVERGRNTGELF,QMMVKAGL
7987,DRGSQS,IYSNGD,AVGTAWRSGGGADGLT,LNHDA,SQIVND,ASSRRSSGELF,ELAGIGILTV
7988,NIATNDY,GYKTK,LVGEEARLM,MNHNS,SASEGT,ASSVQADGTGGGETQY,CINGVCWTV
7989,SVFSS,VVTGGEV,AGGGSQGNLI,SGHNS,FNNNVP,ASSLWGDYEQY,GILGFVFTL
7990,NSASQS,VYSSG,VVNYDTDKLI,SNHLY,FYNNEI,ATGGLNTGELF,YLQPRTFLL
7991,SVFSS,VVTGGEV,AGAGSQGNLI,SEHNR,FQNEAQ,ASTLGERNPRGYT,GILGFVFTL
7992,NSAFQY,TYSSGN,AMSGSNFGNEKLT,KGHSY,FQNENV,ASSPRASSYSNQPQH,LLAGIGTVPI
7993,DSSSTY,IFSNMDM,AESIPAGANSKLT,LNHDA,SQIVND,ASSRYHTDTQY,GILGFVFTL
7994,VGISA,LSSGK,AVRVTGGADGLT,SGHTA,FQGNSA,ASSQRSGTGELF,FEDLRLLSF
7995,DRGSQS,IYSNGD,AVTGTYKYI,SGHDT,YYEEEE,ASSRSGNYGYT,LLWNGPMAV
7996,TSENNYY,QEAYKQQN,AFMKSAGGTSYGKLT,LNHDA,SQIVND,ACSQGSYGYT,GILGFVFTL
7997,TSINN,IRSNERE,ATAGSYNTDKLI,SQVTM,ANQGSEA,SVQGRGELF,SPRWYFYYL
7998,NSASDY,IRSNMDK,AAPKGANNLF,LNHDA,SQIVND,ASSTRSGDTQY,GILGFVFTL
7999,NSAFQY,TYSSGN,AMSISNFGNEKLT,KGHDR,SFDVKD,ATSDFRPGPRVSGELF,LLAGIGTVPI
8000,DSASNY,IRSNVGE,AANGENNAGNMLT,LGHNA,YSLEER,ASSQERGGKWAYEQY,GILGFVFTL
8001,NSASQS,VYSSG,VVTHSGGGADGLT,SGHVS,FNYEAQ,ASSPAGITTGGY,TPRVTGGGAM
8002,TISGNEY,GLKNN,IVRPRGDNDMR,LGHDT,YNNKEL,ASSQVFGTPTPQH,VLEETSVML
8003,SSYSPS,YTSAATLV,VVSALASGGSYIPT,LNHDA,SQIVND,ASSATGARGYGYT,VSDGGPNLY
8004,TISGTDY,GLTSN,NAGGTSYGKLT,SGHVS,FQNEAQ,ASSSGQAYEQY,FLRGRAYGL
8005,NSASQS,VYSSG,VVKSDSYIPT,KGHDR,SFDVKD,ATSDSGLAGDYNEQF,KLSALGINAV
8006,NSASQS,VYSSG,VVNMPGAGSYQLT,PRHDT,FYEKMQ,ASSPVAGGNTGELF,YLQPRTFLL
8007,DSVNN,IPSGT,APQGNQFY,SGHTA,FQGNSA,ASSLEDTIYGYT,NQKLIANQF
8008,TTSDR,LLSNGAV,AVDTIDRGSTLGRLY,MGHRA,YSYEKL,ASSQEGQGAGELF,GILGFVFTL
8009,TSGFYG,NALDGL,AASSSASKII,MGHRA,YSYEKL,STDTQY,CTELKLSDY
8010,TRDTTYY,RNSFDEQN,ALLMDTGRRALT,SQVTM,ANQGSEA,SVGSGEGYEQY,RAKFKQLL
8011,TSENNYY,QEAYKQQN,AFMKLTYNNNDMR,DFQATT,SNEGSKA,SADGYRGPYGYT,CTELKLSDY
8012,NSASQS,VYSSG,VVNMETDKLI,SNHLY,FYNNEI,ASDRDRNTGELF,YLQPRTFLL
8013,TISGNEY,GLKNN,IVRVRDGLT,GTSNPN,SVGIG,AWGLDGNEQF,GIIYIIYKL
8014,VSGNPY,YITGDNLV,AYRSSNYQLI,MNHEY,SMNVEV,ASSLVPQGPNYGYT,LTDEMIAQY
8015,TISGNEY,GLKNN,IPISGGYNKLI,MGHRA,YSYEKL,ASSQEGVGQGWSPLH,YLQPRTFLL
8016,VSGNPY,YITGDNLV,AVRPWGNQFY,DFQATT,SNEGSKA,SASDRRDEQF,YLQPRTFLL
8017,NSAFQY,TYSSGN,AIGISNFGNEKLT,SGHVS,FQNEAQ,ASSNTQVSGTSGGYEQY,LLAGIGTVPI
8018,YGGTVN,YFSGDPLV,AVTSTTSGTYKYI,SGHRS,YFSETQ,ASSIQGQGYEQY,SPRWYFYYL
8019,DRGSQS,IYSNGD,AVNMQSNDYKLS,SQVTM,ANQGSEA,SVGKGWPYEQY,LTDEMIAQY
8020,KTLYG,LQKGGEE,GAGPFSGGSNYKLT,MDHEN,SYDVKM,ASRLRDFENEQF,ELAGIGILTV
8021,TTSDR,LLSNGAV,AVDRGSSGGGADGLT,MNHEY,SMNVEV,ASSPHFQVDTGELF,RAKFKQLL
8022,SIFNT,LYKAGEL,AGQAFTPYSGGGADGLT,SGDLS,YYNGEE,ASSAGPYNEQF,GILGFVFTL
8023,TSINN,IRSNERE,ATEGNSGYSTLT,SGHVS,FNYEAQ,ASSLKGGRHEQY,FLYALALLL
8024,TSENNYY,QEAYKQQN,AFMKGAGGTSYGKLT,LNHDA,SQIVND,ASSWGAYGYT,GILGFVFTL
8025,TSDPSYG,QGSYDQQN,AMRGAINTGTASKLT,ENHRY,SYGVKD,AISESWTSGIGREETQY,ALWEIQQVV
8026,DRGSQS,IYSNGD,AVKASVTGRRALT,SNHLY,FYNNEI,ASSDPLRGINTDTQY,LLLDRLNQL
8027,TRDTTYY,RNSFDEQN,ALSEGETGGFKTI,LNHDA,SQIVND,ATGWTSNSPLH,GILGFVFTL
8028,SSNFYA,MTLNGDE,AFSYNNNDMR,MGHRA,YSYEKL,ASSQDRFTDPYGYT,RPPIFIRRL
8029,TSGFNG,NVLDGL,TTDSWGKFE,DFQATT,SNEGSKA,SAPTPGQGSSSPLH,GILGFVFTL
8030,TSENNYY,QEAYKQQN,AYYPWNTGNQFY,WNHNN,SYGVQD,ASSDGSYEQY,RLPGVLPRA
8031,NSASDY,IRSNMDK,AENGGGGADGLT,SGHNS,FNNNVP,ASSLGSATNEKLF,RAKFKQLL
8032,NSASQS,VYSSG,VVRSDSWGKLQ,MDHEN,SYDVKM,ASSLYADSYEQY,PTDNYITTY
8033,TSINN,IRSNERE,ATVGDSGYSTLT,MNHNS,SASEGT,ASSPQGGASEAF,FLYALALLL
8034,TTLSN,LVKSGEV,AGNYGGSQGNLI,LNHDA,SQIVND,ASSTRSHEPQH,GILGFVFTL
8035,YGATPY,YFSGDTLV,AVGARQAGTALI,MNHEY,SMNVEV,ASSTGSANTDTQY,TPRVTGGGAM
8036,TTLSN,LVKSGEV,FSLSGGSQGNLL,SNHLY,FYNNEI,ASRAGGGVETQY,RAQAPPPSW
8037,TRDTTYY,RNSFDEQN,ALSELGLNTGNQFY,LNHDA,SQIVND,ASSISGTSYNEQF,GILGFVFTL
8038,SIFNT,LYKAGEL,AGLNYGGSQGNLI,SGHVS,FQNEAQ,ASSLSLSQGSFGYT,YLQPRTFLL
8039,DRGSQS,IYSNGD,AVPLTGGGNKLT,SGHAT,FQNNGV,ASSLGVAGTNTGELF,GLCTLVAML
8040,NSASDY,IRSNMDK,AETWNNFNKFY,SGHDT,YYEEEE,ASSLGPITGLPYNEQF,GILGFVFTL
8041,YGGTVN,YFSGDPLV,AVEGTDKLI,LGHDT,YNNKEL,ASGELINEQF,YVLDHLIVV
8042,TRDTTYY,RNSFDEQN,ALSGGASGSRLT,WSHSY,SAAADI,ASSESGEGGNQPQH,VSDGGPNLY
8043,TTLSN,LVKSGEV,AGPNQAGTALI,SGHTA,FQGTGA,ASSLTGTGSYNEQF,CTELKLSDY
8044,TSGFYG,NALDGL,AVRDNFITGGFKTI,SNHLY,FYNNEI,ASSYFDEKLF,NLVPMVATV
8045,VSGNPY,YITGDNLV,AVRDREGQKLL,LNHDA,SQIVND,ASSIYGAYEQY,GILGFVFTL
8046,VTNFRS,LTSSGIE,AGDSGGYQKVT,KGHDR,SFDVKD,ATSDLTGANEQF,SPRWYFYYL
8047,NSASQS,VYSSG,VVGLDNYGQNFV,DFQATT,SNEGSKA,SAQDRSNYGYT,VSDGGPNLY
8048,KALYS,LLKGGEQ,GTEISDDYKLS,SGDLS,YYNGEE,ASSSGQLSNTGELF,GLCTLVAML
8049,NSMFDY,ISSIKDK,NAGGTSYGKLT,WSHSY,SAAADI,ASSDIREGQGEAF,QAKWRLQTL
8050,DSASNY,IRSNVGE,AASETSYDKVI,SGHNS,FNNNVP,ASGQLSYNSPLH,RAKFKQLL
8051,TSGFNG,NVLDGL,AVKDSNYQLI,MDHEN,SYDVKM,ASSFGRLSGANVLT,CTELKLSDY
8052,DRGSQS,IYSNGD,AVEYDNQGGKLI,SGDLS,YYNGEE,ASSVGGGGNEQ,KLSALGINAV
8053,DSSSTY,IFSNMDM,AGGGSGGSQGNLI,LNHDA,SQIVND,ASSWRSDTEAF,GILGFVFTL
8054,NSMFDY,ISSIKDK,AASAPDMR,KGHSH,LQKENI,ASSAGTGEYEQY,RAKFKQLL
8055,SVFSS,VVTGGEV,AGGGNGGSQGNLI,LNHDA,SQIVND,ASSIRSSYEQY,GILGFVFTL
8056,TRDTTYY,RNSFDEQN,TTDSWGKFE,LNHDA,SQIVND,ASSIVAGAGAGELF,NLVPMVATV
8057,YSGSPE,HISR,ALKNNDMR,LNHDA,SQIVND,ASSWRSTDTQY,GILGFVFTL
8058,NSASQS,VYSSG,VAWGGYSSASKII,SGDLS,YYNGEE,ASSVVGDEQY,YSEHPTFTSQY
8059,SVFSS,VVTGGEV,AGALTGYGGSQGNLI,LNHDA,SQIVND,ASSIRSSYEQY,GILGFVFTL
8060,VTNFRS,LTSSGIE,NSGYSTLT,SEHNR,FQNEAQ,ASSPGTGNSPLH,RAKFKQLL
8061,SIFNT,LYKAGEL,AGQGVPAGGNTGKLI,LNHDA,SQIVND,ASSIVSTDTQY,GILGFVFTL
8062,YGGTVN,YFSGDPLV,ALSNTGKLI,LGHNA,YNFKEQ,ASSQGGSGSSDTQY,YVLDHLIVV
8063,DRGSQS,IYSNGD,AVGGTGRRALT,LGHNA,YSLEER,ASSQAEGAGTEAF,ELAGIGILTV
8064,NSAFQY,TYSSGN,AMSPSNFGNEKLT,LGHDT,YNNKEL,ASSQTIEASEQY,LLAGIGTVPI
8065,TISGNEY,GLKNN,IAGASFSGGYNKLI,DFQATT,SNEGSKA,SANSDRVSYNEQF,GILGFVFTL
8066,NSASQS,VYSSG,ATSGGYQKVT,SGHVS,FQNEAQ,ASSLGQAYEQY,LLAGIGTVPI
8067,DSASNY,IRSNVGE,AADTLLNAGGTSYGKLT,SGHDT,YYEEEE,ASSGRGFLNYGYT,NLVPMVATV
8068,TSENNYY,QEAYKQQN,ASFYNQGGKLI,SEHNR,FQNEAQ,ASSLPGELF,GILGFVFTL
8069,TSGFNG,NVLDGL,AVGSWGKLQ,LNHDA,SQIVND,ASSARAGITQY,GILGFVFTL
8070,VSGNPY,YITGDNLV,AVFFGFGNVLH,MNHEY,SMNVEV,ASSPTGGSPSPLHFG,NLVPMVATV
8071,TTLSN,LVKSGEV,GLNDMR,SGHAT,FQNNGV,ASSLGWDGNTDTQY,YLQPRTFLL
8072,TSGFNG,NVLDGL,AVPSSGYALN,MNHEY,SMNVEV,ASSLRGGPDTQY,TTDPSFLGRY
8073,YSGSPE,HISR,ALSGQVQDQGGSEKLV,SEHNR,FQNEAQ,ASSHDIEAF,YLQPRTFLL
8074,TSDPSYG,QGSYDQQN,AMTLFYGQNFV,LNHDA,SQIVND,ASSIDADSNTEAF,TTDPSFLGRY
8075,YGGTVN,YFSGDPLV,AVNDMNSGGYQKVT,LGHNT,FRNRAP,ASGAPGTPYNEQF,HPNGYKSLSTL
8076,DSSSTY,IFSNMDM,AEVSGTYKYI,DFQATT,SNEGSKA,SAWDREVVGTEAF,GLCTLVAML
8077,TSDPSYG,QGSYDQQN,AMRERLNNARLM,LGHDT,YNNKEL,ASSSPGQALGTEAF,HPVTKYIM
8078,NSASQS,VYSSG,VVSDDKII,MNHNY,SVGAGI,ASSDSPGLAYEQY,LLWNGPMAV
8079,TSENNYY,QEAYKQQN,AFDSNYQLI,SGHNS,FNNNVP,ASSFRLAGGLSTDTQY,RGPGRAFVTI
8080,DSASNY,IRSNVGE,AATETSYDKVI,SGHDN,FVKESK,ASSQVNNPGDGYT,QAKWRLQTL
8081,DRGSQS,IYSNGD,AVNPGGNKLT,LNHNV,YYDKDF,ATSGGMGAEAF,ELAGIGILTV
8082,DSAIYN,IQSSQRE,AALMHSNYQLI,WSHSY,SAAADI,ARSEDGMNTEAF,CLGGLLTMV
8083,VSGNPY,YITGDNLV,AVRADSGYSTLT,PRHDT,FYEKMQ,ASSLRALAGFTYEQY,GILGFVFTL
8084,YGATPY,YFSGDTLV,AVVVRNTGGFKTI,SGHDY,FNNNVP,ASTTGTSGRDYNEQF,FLYALALLL
8085,TSENNYY,QEAYKQQN,AFMTNAGGTSYGKLT,PRHDT,FYEKMQ,ASSLMRGGTYNSPLH,GILGFVFTL
8086,DRGSQS,IYSNGD,AVNLAGGTSYGKLT,MNHEY,SMNVEV,ASSFAPGNTIY,ELAGIGILTV
8087,DRGSQS,IYSNGD,AADSDSWGKLQ,WSHSY,SAAADI,ASSAEANTEAF,ALSKGVHFV
8088,SIFNT,LYKAGEL,AGPTPNYGGSQGNLI,PRHDT,FYEKMQ,ASSPRANTGELF,ALAGIGILTV
8089,NSMFDY,ISSIKDK,AATFLGGSNYKLT,KGHSY,FQNENV,ASSPDRGNEQY,VSDGGPNLY
8090,YGATPY,YFSGDTLV,AVTRDDKII,MDHEN,SYDVKM,ASSTDRAAQPQH,SLFNTVATLY
8091,DSSSTY,IFSNMDM,AEDNNARLM,SQVTM,ANQGSEA,SVDQRTGQKKNYGYT,GLCTLVAML
8092,NSASDY,IRSNMDK,AEVYGKLT,LGHNA,YSLEER,ASSQGGTGYGYT,GILGFVFTL
8093,NYSPAY,IRENEKE,GPGGYNKLI,SQVTM,ANQGSEA,SVEGDLSGDEQF,TTDPSFLGRY
8094,DRGSQS,IYSNGD,AVNGNNNDMR,LNHDA,SQIVND,ASAWGGMTNEQY,ELAGIGILTV
8095,DSASNY,IRSNVGE,AAMETSYDKVI,SGHAT,FQNNGV,ASSWGGGSHYGYT,RAKFKQLL
8096,DRGSQS,IYSNGD,AVNGNKLV,ENHRY,SYGVKD,AISDSPNTGELF,RTLNAWVKV
8097,DSVNN,IPSGT,AAFKAAGNKLT,DFQATT,SNEGSKA,SGEWDQNIQY,GLCTLVAML
8098,VSGNPY,YITGDNLV,AVSPRFSDGQKLL,MGHRA,YSYEKL,ASSQDRTEAHYEQY,QAKWRLQTL
8099,NSAFQY,TYSSGN,AVLPSNDYKLS,LNHDA,SQIVND,ASIGKTTSTDTQY,CTELKLSDY
8100,SIFNT,LYKAGEL,AGQASQGNLI,SGHDY,FNNNVP,ASSIQALLT,NLVPMVATV
8101,DSAIYN,IQSSQRE,AVRTSGTYKYI,LNHDA,SQIVND,ASSIPASGTLEQF,TTDPSFLGRY
8102,TTLSN,LVKSGEV,AGQRGKLI,DFQATT,SNEGSKA,SARIARINAYEQY,YLQPRTFLL
8103,TSINN,IRSNERE,ATVIRMDSSYKLI,SEHNR,FQNEAQ,ASSLVGSGQGDEQF,TPRVTGGGAM
8104,YGATPY,YFSGDTLV,ANTGSQGNLI,LNHDA,SQIVND,ASSDRSGTEQY,GILGFVFTL
8105,YGGTVN,YFSGDPLV,AVKDTDKLI,WNHNN,SYGVQD,ASSSGPDTQY,YVLDHLIVV
8106,YGATPY,YFSGDTLV,AVVSSGGSYIPT,SGHNS,FNNNVP,ASSFLDRGPNTEAF,RAKFKQLL
8107,NIATNDY,GYKTK,LVGDPFYSSASKII,SGHNS,FNNNVP,ASSFSGNTGELF,RAKFKQLL
8108,DRGSQS,IYSNGD,AAGGAGNMLT,MNHEY,SVGAGI,ASSLGEGNTIY,ELAGIGILTV
8109,VSGLRG,LYSAGEE,AVLPIIKAAGNKLT,SGHAT,FQNNGV,ASSLTQGGYTDTQY,KSKRTPMGF
8110,NSASQS,VYSSG,NNNDMR,SGDLS,YYNGEE,ASSVDTGLTGELF,GLCTLVAML
8111,YGATPY,YFSGDTLV,AVGRETSYDKVI,SEHNR,FQNEAQ,ASSLLGAGTGELF,RAKFKQLL
8112,TSGFNG,NVLDGL,AVMDSSYKLI,MRHNA,SNTAGT,ASSDSGEAGELF,NLVPMVATV
8113,DRGSQS,IYSNGD,AVSNNNDMR,MGHRA,YSYEKL,ASSQDRWLSGQPQH,ELAGIGILTV
8114,SVFSS,VVTGGEV,IYNQGGKLI,SEHNR,FQNEAQ,ASSHTGDNSPLH,RAKFKQLL
8115,TSGFNG,NVLDGL,AVSPEGSNYQLI,SQVTM,ANQGSEA,SVHQGFPYEQY,LTDEMIAQY
8116,TSESDYY,QEAYKQQN,ASSALGSEKLV,MGHRA,YSYEKL,ASSLKAGNQPQH,NLVPMVATV
8117,YGATPY,YFSGDTLV,AVIPGAGSYQLT,SGHVS,FNYEAQ,ASSPDRGREKLF,NQKLIANQF
8118,TSGFNG,NVLDGL,AVRDDNNARLML,SGHTA,FQGNSA,ASSLFAGAQGNQPQH,SPRWYFYYL
8119,VGISA,LSSGK,AATSTGNQFY,LGHNA,YNFKEQ,ASSQLTGTGSEQY,VLFGLGFAI
8120,NSMFDY,ISSIKDK,AASPLNRDDKII,DFQATT,SNEGSKA,SARNYGTANEKLF,RTATKQYNV
8121,DRGSQS,IYSNGD,AVNAGNQFYFG,MGHRA,YSYEKL,ASSPDRSADTQYFG,ELAGIGILTV
8122,TSINN,IRSNERE,ATELYGANSKLT,SGHNS,FNNNVP,ASSFSGNTGELF,RAKFKQLL
8123,TTLSN,LVKSGEV,ALNYGGSQGNLI,LNHDA,SQIVND,ASSIRSTGELF,GILGFVFTL
8124,NSMFDY,ISSIKDK,AAREIGNQFY,SNHLY,FYNNEI,ARRGDRAEQY,LTDEMIAQY
8125,NSAFQY,TYSSGN,AMSRSNFGNEKLT,SGHNT,YENEEA,ASSRGQATSSYNEQF,LLAGIGTVPI
8126,TISGNEY,GLKNN,IVRVSGAGGTSYGKLT,LNHDA,SQIVND,ASSGRSGETQY,GILGFVFTL
8127,DRGSQS,IYSNGD,AVKDSGGGADGLT,MNHEY,SMNVEV,ASSPQGLGQPQH,ELAGIGILTV
8128,SSNFYA,MTLNGDE,EKRGGSNYKLT,LNHDA,SQIVND,ASSMFGTEEQY,GILGFVFTL
8129,TRDTTYY,RNSFDEQN,ALSETHLGGSQGNLI,LNHDA,SQIVND,ASSIQKAGYNEQF,NLVPMVATV
8130,YGATPY,YFSGDTLV,AGGGSSNTGKLI,SGHTA,FQGNSA,ASSLLAVGTGGNTEAF,NLVPMVATV
8131,NSMFDY,ISSIKDK,AASGKRDDKII,SGHVS,FNYEAQ,ASSPLIGEGNTIY,RAKFKQLL
8132,SSYSPS,YTSAATLV,VVTLLYNQGGKLI,MNHEY,SMNVEV,ASSFGMGSEKLF,GILGFVFTL
8133,YGATPY,YFSGDTLV,AVAPLRADGQKLL,MNHEY,SMNVEV,ASSLDQDRAYTGELF,TTDPSFLGRY
8134,YGGTVN,YFSGDPLV,AVRGGADGLT,SGHKS,YYEKEE,ASSLAEYNEQF,YLLEMLWRL
8135,TTSDR,LLSNGAV,AVDEGGGSQGNLI,MNHNS,SASEGT,ASSEGTVTEAF,GILGFVFTL
8136,TSGFNG,NVLDGL,AVRLYSGAGSYQLT,SEHNR,FQNEAQ,ASSLDSSGGNEQY,HPNGYKSLSTL
8137,TRDTTYY,RNSFDEQN,ALSEAPSNFGNEKLT,MGHRA,YSYEKL,ASSHRDRGISGANVLT,QMMVKAGL
8138,DSASNY,IRSNVGE,AAALGGYRALT,SQVTM,ANQGSEA,SVEDPLGGQGTYEQY,YAKWKLCSA
8139,NSAFQY,TYSSGN,AMTQYSSASKII,MNHEY,SMNVEV,ASSPMTGQEKDKNIQY,SPRWYFYYL
8140,NSAFQY,TYSSGN,AMSSAGGTSYGKLT,SGHDN,FVKESK,ASSQSPGGTQY,GLCTLVAML
8141,SVFSS,VVTGGEV,AGATGGGSQGNLI,LNHDA,SQIVND,ASSIRSSFEAF,GILGFVFTL
8142,SSVPPY,YTSAATLV,AVSLKAAGNKLT,PRHDT,FYEKMQ,ASSPGEGPGELF,NLVPMVATV
8143,VGISA,LSSGK,AVKVGRTDKLI,LNHDA,SQIVND,ASSTWTFYNSPLH,SPRWYFYYL
8144,DRGSQS,IYSNGD,AVTPGGYGQNFV,GTSNPN,SVGIG,AWDFGGEGNQPQH,LLLDRLNQL
8145,VSGNPY,YITGDNLV,AVPPDSWGKLQ,LGHDT,YNNKEL,ASSQDLAGEGTDTQY,GILGFVFTL
8146,NSASDY,IRSNMDK,AEKDDKII,SGHDN,FVKESK,ASSFQGLGTEAF,ELAGIGILTV
8147,TSINN,IRSNERE,ARSRNKQGGIFF,MNHEY,SMNVEV,ASSLMGQGINQPQH,GILGFVFTL
8148,VSGNPY,YITGDNLV,PVLDTTWTATIL,SGHVS,FNYEAQ,ASSLGGGEGASEQF,FLRGRAYGL
8149,TRDTTYY,RNSFDEQN,ALSVISSGSARQLT,SGDLS,YYNGEE,ASSANEQF,SPRWYFYYL
8150,DRGSQS,IYSNGD,AVPDDKII,SGHNS,FNNNVP,ASSPRWSENEQF,LLAGIGTVPI
8151,DSASNY,IRSNVGE,AARPEPTSTGTALI,SNHLY,FYNNEI,ASSEGQGYEQY,NYNYLYRLF
8152,NSAFQY,TYSSGN,AMSLSNFGNEKLT,DFQATT,SNEGSKA,SARVRDRVNEQF,LLAGIGTVPI
8153,YGATPY,YFSGDTLV,ATTDSWGKLQ,LGHNA,YSLEER,ASSQEEGFNYGYT,YVLDHLIVV
8154,DRGSQS,IYSNGD,AVSPDKLI,DFQATT,SNEGSKA,SASAGNQPQH,ELAGIGILTV
8155,ATGYPS,ATKADDK,ALLNRDDKII,SEHNR,FQNEAQ,ASSFVDRVYEQY,RAKFKQLL
8156,NSMFDY,ISSIKDK,AARRGNKLV,SGHDT,YYEEEE,ASSLGGFGSPLH,QYIKWPWYI
8157,DRGSQS,IYSNGD,AVTHRTDSSYKLI,SEHNR,FQNEAQ,ASSSRQGFTTGELF,TPRVTGGGAM
8158,NSAFQY,TYSSGN,AMRDRNSGGSNYKLT,PRHDT,FYEKMQ,ASSSDRDNTGELF,GILGFVFTL
8159,DSASNY,IRSNVGE,AAPPGNTGKLI,LNHDA,SQIVND,ASSPRAGWETQY,GILGFVFTL
8160,SVFSS,VVTGGEV,AGAHGSSNTGKLI,LNHDA,SQIVND,ASYDFTEAF,GILGFVFTL
8161,DRGSQS,IYSNGD,AKYNFNKFY,SEHNR,FQNEAQ,ASGEDSLVYGYT,LTDEMIAQY
8162,SSYSPS,YTSAATLV,VVSGVDGGATNKLI,LGHNA,YSLEER,ASSQDPGSSYNEQF,RPHERNGFTVL
8163,TSGFNG,NVLDGL,ASNTGKLI,SGDLS,YYNGEE,ASSVALVQSDTQY,YAKWKLCSA
8164,TSGFNG,NVLDGL,AVRDSRGSYITT,ENHRY,SYGVKD,AISTGDGNQPQH,EPLPQGQLTAY
8165,TTLSN,LVKSGEV,RQLWRKPRKSH,LNHDA,SQIVND,ASSIRSTDTQY,GILGFVFTL
8166,SSYSPS,YTSAATLV,VVTANTGGFKTI,SNHLY,FYNNEI,ASREKTGGSTEAF,SPRWYFYYL
8167,DSAIYN,IQSSQRE,AVLANQAGTALI,SGHTA,FQGNSA,ASSLTDSRPTLYGYT,SPRWYFYYL
8168,YSGSPE,HISR,ALRGKQTGANNLF,MNHEY,SVGEGT,ASSGTGGSSNQPQH,CLGGLLTMV
8169,KALYS,LLKGGEQ,GTDKGGGSQGNLI,ENHRY,SYGVKD,AISEDIAGDYQETQY,GILGFVFTL
8170,NSAFQY,TYSSGN,AMKTGTASKLT,MNHEY,SMNVEV,ASSLGGGSFEQY,TPRVTGGGAM
8171,TRDTTYY,RNSFDEQN,ALITIKAAGNKLT,LNHDA,SQIVND,ASSISGGYNEQF,SPRWYFYYL
8172,SSVSVY,YLSGSTLV,AVRGAGYALN,MNHEY,SMNVEV,ASSFKDTNTGELF,NLVPMVATV
8173,DSAIYN,IQSSQRE,AVRGGYNKLI,MNHEY,SVGAGI,ASSYSTGVVNSPLH,GILGFVFTL
8174,DSSSTY,IFSNMDM,AHLGGSSNTGKLI,MDHEN,SYDVKM,AVNGGSNYGYT,NLVPMVATV
8175,NSASQS,VYSSG,VVRADSWGKLQ,MDHEN,SYDVKM,ASSLKTDSYEQY,PTDNYITTY
8176,NIATNDY,GYKTK,LVGDQPSDGQLLL,MDHEN,SYDVKM,ASSSLSGGTDTQY,LLAGIGTVPI
8177,SSVSVY,YLSGSTLV,AVDGSQGNLI,LNHDA,SQIVND,ASSPRGGMTQH,GILGFVFTL
8178,NSASQS,VYSSG,VVTSSIPT,SGDLS,YYNGEE,ASSGLRGPNEQF,LLWNGPMAV
8179,TSINN,IRSNERE,ATGGGSGDSTLT,SEHNR,FQNEAQ,PSRLAVGEGPQH,RAKFKQLL
8180,DSASNY,IRSNVGE,AASETSYDKVI,SGHDY,FNNNVP,ASSLLGVSAQETQY,RAKFKQLL
8181,NIATNDY,GYKTK,LVENRDDKII,SNHLY,FYNNEI,ASSDRQNTEAF,TTDPSFLGRY
8182,NSAFQY,TYSSGN,SNFGNEKLT,MDHEN,SYDVKM,ASVGDTPY,LLAGIGTVPI
8183,NSASQS,VYSSG,VGTRSGGSYIPT,LNHDA,SQIVND,ASSIFQGSNQPQH,GILGFVFTL
8184,DSSSTY,IFSNMDM,AEDFNARLM,DFQATT,SNEGSKA,SARIGVGNTIY,GLCTLVAML
8185,TSINN,IRSNERE,ATLGLTGNQFY,SQVTM,ANQGSEA,SVRGPYGAYEQY,FTSDYYQLY
8186,NIATNDY,GYKTK,LVDGGATNKLI,MGHRA,YSYEKL,ASSHNGELF,SPRWYFYYL
8187,DSSSTY,IFSNMDM,AADSNARLM,DFQATT,SNEGSKA,SARDRVGNTIY,GLCTLVAML
8188,DRGSQS,IYSNGD,AEFQGAQKLV,MDHEN,SYDVKM,ASSPTGLGQPQH,ELAGIGILTV
8189,DRGSQS,IYSNGD,ASSWGGYSTLT,DFQATT,SNEGSKA,SARVETSGIHEQY,ELAGIGILTV
8190,NSMFDY,ISSIKDK,AAENQGGKLI,SGHNT,YYREEE,ASSQRGQGAYEQY,VTEHDTLLY
8191,VGISA,LSSGK,AVGMDSNYQLI,MNHEY,SMNVEV,ASSYGANTGELF,GILGFVFTL
8192,DSSSTY,IFSNMDM,AESIGYGGSQGNLI,SGHAT,FQNNGV,ASSLGPGLASDTQY,RTATKAYNV
8193,NSAFQY,TYSSGN,AMWGSRNAGNNRKLI,LGHNA,YSLEER,ASSHGGPGGLNEQF,YLQPRTFLL
8194,DSSSTY,IFSNMDM,AESLWDDKII,SGHDY,FNNNVP,ASRPSGGAETQY,RAKFKQLL
8195,TSGFNG,NVLDGL,AVRVMNYGGATNKLI,DFQATT,SNEGSKA,SALS,GILGFVFTL
8196,SIFNT,LYKAGEL,AGRSNAGKST,GTSNPN,SVGIG,AWSVGGSWVGELF,LTDEMIAQY
8197,DRGSQS,IYSNGD,AVNAPIQGAQKLV,MDHEN,SYDVKM,ASGSPWTGYEQY,GIIYIIYKL
8198,DSASNY,IRSNVGE,AATETSYDKVI,SEHNR,FQNEAQ,ASSPLGIPANTEAF,RAKFKQLL
8199,NIATNDY,GYKTK,LVGVPSGGYNKLI,GTSNPN,SVGIG,AWSPITSNYGYT,SPRWYFYYL
8200,DRGSQS,IYSNGD,AVNAPSATNKLI,MNHEY,SVGAGI,ASSYGEGSYEQY,ELAGIGILTV
8201,DSASNY,IRSNVGE,AASMGGGSQGNLI,DFQATT,SNEGSKA,SASPGDYEQY,GILGFVFTL
8202,NSASQS,VYSSG,VVNIPNDYKLS,LGHNA,YNFKEQ,ASSQDGAGGLGEQY,GLCTLVAML
8203,NSASQS,VYSSG,VVNRIMTTDSWGKLQ,SGHNS,FNNNVP,ASSFSGNTGELF,RAKFKQLL
8204,NSASQS,VYSSG,VVNIFTSGTYKYI,MGHRA,YSYEKL,ASSQVAGYEQY,NYNYLYRLF
8206,NSASQS,VYSSG,VVTGSDMR,MNHEY,SVGAGI,ASSSGPNGAYEQY,LLWNGPMAV
8207,TSESDYY,QEAYKQQN,ASTSGTYKYI,MGHRA,YSYEKL,ASSQEAGLGYEKLF,RPPIFIRRL
8208,DRGSQS,IYSNGD,AVKWRGNTGFQKLV,LNHDA,SQIVND,ASSIVGTNYNEQF,LLLDRLNQL
8209,SSVPPY,YTSAATLV,ALAPGGGNKLT,SQVTM,ANQGSEA,SVAWVDDTQY,GLCTLVAML
8210,TSGFNG,NVLDGL,AVRDPGGSYIPT,SGHDT,YYEEEE,ASSPRGGGIYEQY,ALSKGVHFV
8211,TSENNYY,QEAYKQQN,AFGEAAGGTSYGKLT,LNHDA,SQIVND,ASSIGWNGYT,GILGFVFTL
8212,SVFSS,VVTGGEV,AGEVGWQTGANNLF,MGHRA,YSYEKL,ASSPTSGSYEQY,RFPLTFGWCF
8213,YGGTVN,YFSGDPLV,AAPRGTGGFKTI,PRHDT,FYEKMQ,ASSFGGNTEAF,YLQPRTFLL
8214,SSNFYA,MTLNGDE,AFFPRSSTLGRLY,LNHNV,YYDKDF,ATLGTSGHNEQF,YLQPRTFLL
8215,KALYS,LLKGGEQ,GTELYGNKLV,SGHAT,FQNNGV,ASSLLRAGYTEAF,RAKFKQLL
8216,DRGSQS,IYSNGD,AVNLGGGSQGNLI,LNHDA,SQIVND,ASSIRSTETQY,GILGFVFTL
8217,NSAFQY,TYSSGN,AKPTGGGADGLT,LGHDT,YNNKEL,ASSQDMRDANTGELF,VSDGGPNLY
8218,DRGSQS,IYSNGD,AVNVAYDMR,LGHNA,YSLEER,ASSQAANTGELF,ELAGIGILTV
8219,TISGTDY,GLTSN,ILLLGGGSQGNLI,SGHNS,FNNNVP,ASSFSGNTGELF,RAKFKQLL
8220,DSAIYN,IQSSQRE,AVRQSGSQGNLI,SEHNR,FQNEAQ,ASSSDSQLYEQY,ATDALMTGF
8221,ATGYPS,ATKADDK,ALGGSQGNLI,MNHEY,SMNVEV,ASSLRDYLDTQY,TTDPSFLGRY
8222,DRGSQS,IYSNGD,AVRNAGNNRKLI,MDHEN,SYDVKM,ASSFSLSGGYT,ELAGIGILTV
8223,VSPFSN,MTFSENT,VVSRLTGGGNKLT,SNHLY,FYNNEI,ASCMDIDNSPLH,GILGFVFTL
8224,TSDPSYG,QGSYDQQN,AMREGEAGGFKTI,SEHNR,FQNEAQ,ASSLGGTGFQPQH,RAKFKQLL
8225,TSINN,IRSNERE,ATDATNFGNEKLT,SNHLY,FYNNEI,ASSELPGYGNTIY,GILGFVFTL
8227,YGATPY,YFSGDTLV,AGASGGSYIPT,LNHDA,SQIVND,ASRGGEAF,GILGFVFTL
8228,DSVNN,IPSGT,AVVPAYNTDKLI,LNHDA,SQIVND,ASSWTVNYGYT,GILGFVFTL
8229,DRGSQS,IYSNGD,AVQGGKLV,SNHLY,FYNNEI,ASSEARAGGELF,LLLDRLNQL
8230,NIATNDY,GYKTK,LARQEDVNTGFQKLV,MNHNS,SASEGT,ASSEIMGDLYEQY,KSKRTPMGF
8231,DRGSQS,IYSNGD,AVLGGDKII,SGDLS,YYNGEE,ASNPGASNYNEQF,LLLDRLNQL
8232,NYSPAY,IRENEKE,ALDTSNTGNQFY,DFQATT,SNEGSKA,SARGTGAYEQY,QYIKWPWYI
8233,ATGYPS,ATKADDK,ASSSVNEQY,MNHEY,SVGAGI,ASSPITGTGAYGYT,NLVPMVATV
8234,TISGTDY,GLTSN,ILPLAGGTSYGKLT,SEHNR,FQNEAQ,ASSLAVGEGPQH,RAKFKQLL
8235,VSGNPY,YITGDNLV,AVSPLGGSQGNLI,LNHDA,SQIVND,ASSGRSSDTQY,GILGFVFTL
8236,YGGTVN,YFSGDPLV,AVKETGKLI,SEHNR,FQNEAQ,ASTSGSGFEQY,YVLDHLIVV
8237,DRGSQS,IYSNGD,AVSLGFGNVLHCFGNVLH,SGHRS,YFSETQ,ASSNPTGIYEQY,ELAGIGILTV
8238,DRGSQS,IYSNGD,AVNTGGFKTI,MDHEN,SYDVKM,ASSLPMLYEQF,ELAGIGILTV
8239,TSDPSYG,QGSYDQQN,AMREGTSYQKVT,SGHTA,FQGNSA,ASSLGGGSTDTQY,FTSDYYQLY
8240,YSGSPE,HISR,ALSVEVLVVPAGKLT,SGDLS,YYNGEE,ASTDGTGVNTGELF,CINGVCWTV
8241,SSYSTF,SSENQE,ASNTGNQFYFG,PRHDT,FYEKMQ,ASSPVTGTGHYGYTFG,NLVPMVATV
8242,TRDTTYY,RNSFDEQN,ALSPRPGRRALT,MNHEY,SVGAGI,ASSFGQNTGELF,ELAGIGILTV
8243,KALYS,LLKGGEQ,GTEYPNDYKLS,MGHRA,YSYEKL,ASSQRIGRGGPRNTDTQY,RAKFKQLL
8244,TSGFYG,NALDGL,APRGNARLM,MNHNY,SVGAGI,ASSYGGRGDEQF,HPVTKYIM
8245,DRGSQS,IYSNGD,AVNVRGKLI,GTSNPN,SVGIG,AWGGVQGINEQY,ELAGIGILTV
8246,TTSDR,LLSNGAV,AVPLYGGATNKLI,SGDLS,YYNGEE,ASSVGTLYSGANVLT,NLVPMVATV
8247,TRDTTYY,RNSFDEQN,ALSNQGGKLI,LGHNA,YSLEER,ASSQERGGKWAYEQY,GILGFVFTL
8248,SVFSS,VVTGGEV,AGANTNAGKST,LNHDA,SQIVND,ASSIRSEYEQY,GILGFVFTL
8249,TISGTDY,GLTSN,ILRGERMDSNYQLI,LNHDA,SQIVND,ASSVFGGWDTEAF,GILGFVFTL
8250,SSVSVY,YLSGSTLV,AVSDMEYGNKLV,SGHTA,FQGTGA,ASSLIVAGGYNEQF,RAKFKQLL
8251,NSAFQY,TYSSGN,AMSLSNFGNEKLT,SGDLS,YYNGEE,ASSTQRGGSTDTQY,LLAGIGTVPI
8252,YGGTVN,YFSGDPLV,AVKSSDGQKLL,MNHNS,SASEGT,ASSWTGGEQY,YVLDHLIVV
8253,TSGFNG,NVLDGL,TTDSWGKFE,SGHTA,FQGNSA,ASRENRASNTEAF,RPIIRPATL
8254,NSASQS,VYSSG,VVNGLINNAGNMLT,SNHLY,FYNNEI,ATQGMNTGELF,YLQPRTFLL
8255,NSMFDY,ISSIKDK,AGHSRNTGKLI,SGHNT,YYREEE,ASSLGVGGSEQF,ALAGIGILTV
8256,DSVNN,IPSGT,CEPPPGEPKAI,MNHEY,SVGAGI,ASSYQPSIRVSGANVLT,CINGVCWTV
8257,DRGSQS,IYSNGD,AVNKITGGGNKLT,MDHEN,SYDVKM,ASKIQGSPEAF,ELAGIGILTV
8258,NSASQS,VYSSG,VVNNNNDMR,SGHNS,FNNNVP,ARGDANTGELF,YLQPRTFLL
8259,VSGNPY,YITGDNLV,AVSAASGGSYIPT,SGHNS,FNNNVP,ASSFSGNTGELF,RAKFKQLL
8260,TRDTTYY,RNSFDEQN,ALSEGTYNNNDMR,ENHRY,SYGVKD,AIRSGNTYSYEQY,YLQPRTFLL
8261,NIATNDY,GYKTK,LVGGGADGLT,KGHSY,FQNENV,ASSQEVTVPTYEQY,CINGVCWTV
8262,NSASQS,VYSSG,VVNGNTDKLI,SNHLY,FYNNEI,ASPNQNTGELF,YLQPRTFLL
8263,DSAIYN,IQSSQRE,ASLVSGTYKYI,SGHAT,FQNNGV,ASSSLSEGSGANVLT,NQKLIANQF
8264,TTLSN,LVKSGEV,TTDSWGKFE,MDHEN,SYDVKM,ASSASRNTDGTDTQY,LLWNGPMAV
8265,SSYSPS,YTSAATLV,AVIDTGRRALT,MDHEN,SYDVKM,ASSGLAGGPQELF,SPRWYFYYL
8266,TSGFNG,NVLDGL,ASMDSNYQLI,LNHDA,SQIVND,ASSPGQGHTDTQY,RTLNAWVKV
8267,TSENNYY,QEAYKQQN,AFRGPNDYKLS,PRHDT,FYEKMQ,ASSPKGTDGNSPLH,VLEETSVML
8268,SSYSPS,YTSAATLV,VVTLNSGGYQKVT,SEHNR,FQNEAQ,APGSANTGELF,YLQPRTFLL
8269,TTLSN,LVKSGEV,AGQEGQNFV,LNHDA,SQIVND,ASSPRSTDTQY,GILGFVFTL
8270,NSASQS,VYSSG,VVLMDSSYKLI,SNHLY,FYNNEI,ASSDYNAEKLF,RTATKAYNV
8271,NSASDY,IRSNMDK,ASRGSNTGKLI,LNHDA,SQIVND,ASSSRSTEKLF,GILGFVFTL
8272,SSNFYA,MTLNGDE,AFASSNTGKLI,MGHRA,YSYEKL,ASSQDRVTGKYT,NQKLIANQF
8273,TSINN,IRSNERE,ATDEEEYGNKLV,MNHEY,SMNVEV,ASSLSPAGSDSEAF,RTATKAYNV
8274,NSASQS,VYSSG,VVTDDKII,MNHEY,SVGEGT,ASNGGLAYEQY,LLWNGPMAV
8275,TSENNYY,QEAYKQQN,AYRTSYNNNDMR,SNHLY,FYNNEI,ASSEALWDSTHKNIQY,GILGFVFTL
8276,DSASNY,IRSNVGE,AASMGSGGGADGLT,SNHLY,FYNNEI,ASSERQQTYNEQF,QYIKWPWYI
8277,DRGSQS,IYSNGD,AVNAGNDMR,MNHEY,SVGEGT,ASSYGQGWGYT,ELAGIGILTV
8278,DSSSTY,IFSNMDM,AENSGGYNKLI,KGHSY,FQNENV,ASSHDGLNTEAF,TTDPSFLGRY
8279,DRGSQS,IYSNGD,AVSGNEKLT,SGDLS,YYNGEE,ASSVYLSGNTIY,ELAGIGILTV
8280,SIFNT,LYKAGEL,AGAGDGGSQGNLI,LGHNA,YSLEER,ASSQEWLAVSTDTQY,GILGFVFTL
8281,TRDTTYY,RNSFDEQN,ALSESWTAMDSNYQLI,LNHDA,SQIVND,ASSTHPGNEQY,GILGFVFTL
8282,DSAIYN,IQSSQRE,AVHGYGQNFV,SGHTA,FQGTGA,ASSLGTSGGTGELF,RAKFKQLL
8283,ATGYPS,ATKADDK,ALAGSQGNLI,MNHEY,SMNVEV,ASSLGSGFDEQY,TTDPSFLGRY
8284,NSAFQY,TYSSGN,AMSISNFGNEKLT,DFQATT,SNEGSKA,SATTTGTSNQPQH,LLAGIGTVPI
8285,SIFNT,LYKAGEL,AGHWDLGNNARLM,LNHDA,SQIVND,ASSVRHGTEAF,GILGFVFTL
8286,TRDTTYY,RNSFDEQN,ALSEAKDEGSEKLV,MGHRA,YSYEKL,ASSLSLHGNQPQH,GLCTLVAML
8287,DSSSTY,IFSNMDM,AERIPNFGNEKLT,PRHDT,FYEKMQ,ASSRTGTSYEQY,GILGFVFTL
8288,NIATNDY,GYKTK,LVGAPSGGYQKVT,LGHDT,YNNKEL,ASSQVQGLYEQY,CINGVCWTV
8289,DRGSQS,IYSNGD,AVKDQAGTALI,MNHEY,SVGEGT,ASSYGTGQPQH,ELAGIGILTV
8290,TSENNYY,QEAYKQQN,AFNERDNYGQNFV,WNHNN,SYGVQD,ASSRDSSANEQF,RAKFKQLL
8291,SIFNT,LYKAGEL,ATPTGANNLF,SEHNR,FQNEAQ,ASSLLGSVDTEAF,RAKFKQLL
8292,DSASNY,IRSNVGE,AAAETSYDKVI,SEHNR,FQNEAQ,ASSLLGLAETQY,RAKFKQLL
8293,TSESDYY,QEAYKQQN,AFRDDKII,MNHEY,SVGEGT,ASSYSSGRADNEQF,KLWAQCVQL
8294,TSINN,IRSNERE,ATVASKLT,SEHNR,FQNEAQ,ASTITGRGVDEQY,TPRVTGGGAM
8295,VSGNPY,YITGDNLV,AVRDIIYGNNRLA,SGHVS,FNYEAQ,ASSLVEGGLAGSYNEQF,GILGFVFTL
8297,DSSSTY,IFSNMDM,AEDSNARLM,SGHAT,FQNNGV,ASSLGVAGTNTGELF,GLCTLVAML
8298,VTNFRS,LTSSGIE,AVGSPNYGGSQGNLI,SGHNT,YYREEE,ASSLEPHGYT,CTELKLSDY
8299,NSASQS,VYSSG,VVNREDDMR,SGHTS,YDEGEE,AIIDRNTGELF,YLQPRTFLL
8300,YGATPY,YFSGDTLV,AVGRSNDYKLS,SGHAT,FQNNGV,ASSFSSGTTDTQY,GLCTLVAML
8301,ATGYPS,ATKADDK,ALSGAGNQFY,MNHEY,SMNVEV,ASSSRGPHGDEQF,TTDPSFLGRY
8302,TSENNYY,QEAYKQQN,AFMKHRKSHRDDKII,SGHRS,YFSETQ,ASSLDDLQGNTEAF,RAKFKQLL
8303,NSAFQY,TYSSGN,AMSFSNFGNEKLT,MNHNS,SASEGT,ASKSPDPRGNTEAF,LLAGIGTVPI
8304,SIFNT,LYKAGEL,AGRELEAGGTSYGKLT,SGHDT,YYEEEE,ASSLRDGSEAF,RAKFKQLL
8305,TSESDYY,QEAYKQQN,AYFSLYGGSQGNLI,SGDLS,YYNGEE,ASRSHDSSTDTQY,ATDALMTGF
8306,ATGYPS,ATKADDK,ALSEGGGSQGNLI,LNHDA,SQIVND,ASSIFGGSSYNEQF,GILGFVFTL
8307,NSASQS,VYSSG,VVIEGNKLV,DFQATT,SNEGSKA,SARDQDRAYEQY,QYIKWPWYI
8308,TSESDYY,QEAYKQQN,AYRSGTASKLT,LGHNA,YSLEER,ASSQDRGLAGGTYNEQF,HPNGYKSLSTL
8309,KALYS,LLKGGEQ,GTGPYSGGGADGLT,LNHDA,SQIVND,ASSTIAGGRNEQF,GILGFVFTL
8310,TRDTTYY,RNSFDEQN,ALSDTSGNTPLV,MNHEY,SVGEGT,ASSQMSDTQY,YVLDHLIVV
8311,DRGSQS,IYSNGD,AVGAGRRALT,MNHNS,SASEGT,ATALGDSYEQY,ELAGIGILTV
8312,DSVNN,IPSGT,AGSPSNTGKLI,SGHDY,FNNNVP,ASGRLSYNEQF,RAKFKQLL
8313,DSSSTY,IFSNMDM,AEMNSGYSTLT,GTSNPN,SVGIG,AWSVTGVTEAF,NYNYLYRLF
8314,NSASDY,IRSNMDK,AENGGGGSQGNLI,LNHDA,SQIVND,ASSIRADYEQY,GILGFVFTL
8315,YGATPY,YFSGDTLV,AVTRDDKII,LNHDA,SQIVND,ASSIRSSETQY,GILGFVFTL
8316,VSGNPY,YITGDNLV,AVRDQDSGTYKYI,MNHEY,SMNVEV,ASSPRTGIDGYT,RVAGDSGFAAY
8317,SVFSS,VVTGGEV,AGPPGSPGHLI,LNHDA,SQIVND,ASSDRGGYEQY,GILGFVFTL
8318,DSASNY,IRSNVGE,AASETSYDKVI,SGHNS,FNNNVP,ASSFWPGRNLLWGYT,RAKFKQLL
8319,DSASNY,IRSNVGE,AASETSYDKVI,SEHNR,FQNEAQ,ASSLLGNNDSPLH,RAKFKQLL
8320,SIFNT,LYKAGEL,AGPSNTGKLI,MGHRA,YSYEKL,AVLVDPYNEQF,GILGFVFTL
8321,SIFNT,LYKAGEL,AGQPANAGGTSYGKLT,LNHDA,SQIVND,ASSTYITTEAF,GILGFVFTL
8322,NIATNDY,GYKTK,LVGVPVGAGSYQLT,SNHLY,FYNNEI,ASTTGSSEKLF,CINGVCWTV
8323,DRGSQS,IYSNGD,AVIGYSSASKII,SGDLS,YYNGEE,ASSVDALSSYEQY,ELAGIGILTV
8324,DRGSQS,IYSNGD,AVNIPNDYKLSFG,DFQATT,SNEGSKA,SARENWDLSTDTQYFG,ELAGIGILTV
8325,VGISA,LSSGK,AVKDYGGSQGNLI,MGHRA,YSYEKL,ASSQDLGSNQPQH,LTDEMIAQY
8326,TRDTTYY,RNSFDEQN,ALSLVAGTYKYI,SGDLS,YYNGEE,ASSVGSSATYNEQF,RPHERNGFTVL
8327,VSGLRG,LYSAGEE,AVSGGSNYKLT,SGHNS,FNNNVP,ASSFSGNTGELF,RAKFKQLL
8328,SIFNT,LYKAGEL,AGSGDGGSQGNLI,LNHDA,SQIVND,ASSIRSGATQY,GILGFVFTL
8329,DSASNY,IRSNVGE,APWDFNKFY,SGHTA,FQGNSA,ASSLRGGNTEAF,RAKFKQLL
8330,NIATNDY,GYKTK,LVGPNARLM,SGHAT,FQDESV,ASSLEPGAPNTGELF,CINGVCWTV
8331,TISGNEY,GLKNN,ILWVAAGNKLT,SQVTM,ANQGSEA,SVGSGDHGEQF,RAKFKQLL
8332,NIATNDY,GYKTK,LVGDGPSGGYQKVT,SGHDN,FVKESK,ASSGTSAEYEQY,CINGVCWTV
8333,TSINN,IRSNERE,APGGSYIPT,MDHEN,SYDVKM,ASSFTQGAEAF,TTDPSFLGRY
8334,DSVNN,IPSGT,AVEPTNAGKST,MGHRA,YSYEKL,ASSQDQGAYNQPQH,FEDLRVSSF
8335,NSMFDY,ISSIKDK,AASEASGTYKYI,LNHNV,YYDKDF,ATSRDRAPLNEQF,VSDGGPNLY
8336,DRGSQS,IYSNGD,AVKGGGADGLT,LGHNA,YSLEER,ASSQVEGLETQY,ELAGIGILTV
8338,NSAFQY,TYSSGN,AMGLG,MNHEY,SMNVEV,ASSPTPGGSFHEQY,LLAGIGTVPI
8339,SSVSVY,YLSGSTLV,AVTDGGSQGNLI,SGHNS,FNNNVP,ASSFSGNTGELF,RAKFKQLL
8340,VSGNPY,YITGDNLV,AVWDATWDGKII,SGHVS,FNYEAQ,ASSLGGGEGASEQF,FLRGRAYGL
8341,KALYS,LLKGGEQ,GTERRPSNTGKLI,LNHDA,SQIVND,ASSIPDGTQY,FEDLRLLSF
8342,NSASDY,IRSNMDK,AEKKDNYGQNFV,MNHGY,SAAAG,ASSYLGTSAPIDEQF,CTELKLSDY
8343,SVFSS,VVTGGEV,AGGGSQGNLI,SGHNT,YYREEE,ATTPGGSLSGYT,GILGFVFTL
8344,DSASNY,IRSNVGE,AAMTNDYKLS,LNHDA,SQIVND,ASSIHAGLTSGNTIY,GILGFVFTL
8345,SSYSPS,YTSAATLV,AVSDLSGGYQKVT,MGHDK,SYGVNS,ASRGLASSTDTQY,SPRWYFYYL
8346,NSASQS,VYSSG,VVNSPQGYNKLI,SGHTA,FQGNSA,ATIPIRESTDTQY,YSEHPTFTSQY
8347,ATGYPS,ATKADDK,ALSDRPDKLI,MDHEN,SYDVKM,ASSFLTGVNNEQF,SPRWYFYYL
8348,VSGNPY,YITGDNLV,AVRDLDSGGYQKVT,KGHSY,FQNENV,ASSHLDRGKKDYEQY,QMMVKAGL
8349,NSASQS,VYSSG,FSGGYNKLI,SQVTM,ANQGSEA,SVTAWGQRGFVEQF,CLGGLLTMV
8350,DSAIYN,IQSSQRE,AVRPGDAGNMLT,SGDLS,YYNGEE,ASSVALAGAADTQY,TPRVTGGGAM
8351,TSESDYY,QEAYKQQN,AYGVGDAGNKLT,MGHRA,YSYEKL,ASSQETGTFYGYT,RPPIFIRRL
8352,DSASNY,IRSNVGE,AASETSYDKVI,DFQATT,SNEGSKA,SASPGDYEQY,RAKFKQLL
8353,SSYSTF,SSENQE,AFIAGNQFY,SGHDN,FVKESK,ASSLFVGGPGNEQ,NLVPMVATV
8354,DRGSQS,IYSNGD,AVISNFGNEKLT,PRHDT,FYEKMQ,ASSFYPEGHEQY,QYIKWPWYI
8355,DSASNY,IRSNVGE,AASTGDTDKLI,SGHVS,FNYEAQ,ASSLLAGNTDTQY,RAKFKQLL
8356,TTLSN,LVKSGEV,AAFYSTLT,SGHDY,FNNNVP,ASSSPWGQGPHEQY,GILGFVFTL
8357,ATGYPS,ATKADDK,ALSGTGFGNVLHCFGNVLH,MNHEY,SMNVEV,ASSPLAGHPSTKNIQY,SPRWYFYYL
8358,SVFSS,VVTGGEV,AGAGGGSQGNLI,LNHDA,SQIVND,ASSIRSGYEQY,GILGFVFTL
8359,DSVNN,IPSGT,AEIRDDKII,LNHNV,YYDKDF,ATSRVGQANGYT,CINGVCWTV
8360,TSGFNG,NVLDGL,AVSWGYGGATNKLI,SGHDT,YYEEEE,ASSLGDRGRGYGYT,QMMVKAGL
8361,VSPFSN,MTFSENT,VVSANSGNTPLV,ENHRY,SYGVKD,AISQNIDEQF,GILGFVFTL
8362,TISGNEY,GLKNN,IVRLSYSGNTPLV,LGHDT,YNNKEL,ASSQVWKREDTEAF,GILGFVFTL
8363,DRGSQS,IYSNGD,AVGDYKLS,SGHTA,FQGNSA,ASSPVLAGPSYNEQF,ELAGIGILTV
8364,SIFNT,LYKAGEL,AGPDGSSNTGKLI,MNHEY,SMNVEV,ASSLIFPGRAF,GILGFVFTL
8365,VSGNPY,YITGDNLV,AVRDRENQGGKLI,SEHNR,FQNEAQ,ASSTSEGGLFYEQY,FLRGRAYGL
8366,NSASQS,VYSSG,VAPTGFQKLV,LNHDA,SQIVND,ASTSWGIFDSTEAF,EPLPQGQLTAY
8367,NTAFDY,IRPDVSE,AASMDSSYKLI,LNHDA,SQIVND,ASSIGMSNTGELF,GILGFVFTL
8368,TSGFNG,NVLDGL,AVREGTGANNLF,LGHNA,YNFKEQ,ASSPREAGGISGYT,RPIIRPATL
8369,DRGSQS,IYSNGD,AVKPASFQKLV,KGHDR,SFDVKD,ATSDLGDGGNEQF,GILGFVFTL
8370,SIFNT,LYKAGEL,AGQRAYSGAGSYQLT,SGHRS,YFSETQ,ASSLELAAWETQY,NLVPMVATV
8371,TTLSN,LVKSGEV,AGRLLIYGQNFV,LNHDA,SQIVND,ATGLGFDYGYT,LTDEMIAQY
8372,TSDPSYG,QGSYDQQN,AMSGGADGLT,MNHEY,SVGAGI,ASSYRDGGQANEKLF,TPRVTGGGAM
8373,DRGSQS,IYSNGD,ASSGFQKLV,SGDLS,YYNGEE,ASSVGLAGYTGELF,SPRWYFYYL
8374,TRDTTYY,RNSFDEQN,ALRIYNQGGKLI,SGHRS,YFSETQ,ASSVGLAGVYSYNEQF,LTDEMIAQY
8375,VSGNPY,YITGDNLV,AVRERGGYNKLI,MNHEY,SVGEGT,ASSYTRLVQNTGELF,LTDEMIAQY
8376,DSASNY,IRSNVGE,AASNNNARLM,SEHNR,FQNEAQ,ASSLSGQPQH,HSNLNDATY
8377,VSPFSN,MTFSENT,VVSSDDYKLS,SGDLS,YYNGEE,ASSVGDLLTGELF,GILGFVFTL
8378,TSESDYY,QEAYKQQN,AYRSPGGVGGSEKLV,LNHDA,SQIVND,ASSIIGGSYNEQF,GILGFVFTL
8379,DSAIYN,IQSSQRE,TTDSWGKFE,MDHEN,SYDVKM,ASSTPGAKLGDTGELF,NLVPMVATV
8380,TTSDR,LLSNGAV,AVDMRSNTDKLI,DFQATT,SNEGSKA,SATGTKSYEQY,RPHERNGFTVL
8381,SSVSVY,YLSGSTLV,AVSEISAAGNKLT,MNHEY,SMNVEV,ASSPYGGPGNTIY,RPIIRPATL
8382,NSMFDY,ISSIKDK,AASPSGAGNMLT,MDHEN,SYDVKM,ASSQLTTGTFTGELF,CINGVCWTV
8383,DSASNY,IRSNVGE,AAKETSYDKVI,SGHAT,FQDESV,ASSSLGTGEPVKTEAF,RAKFKQLL
8384,TSINN,IRSNERE,ATGNDYKLS,MNHEY,SMNVEV,ASSWGGANNEQF,VYFLQSINF
8385,TRDTTYY,RNSFDEQN,ALSEAGYSGAGSYQLT,LGHDT,YNNKEL,ASSRRQGPYNEQF,QAKWRLQTL
8386,SVFSS,VVTGGEV,AGARRDTGFQKLV,SNHLY,FYNNEI,ASSEVGAGYEQY,CLGGLLTMV
8387,DSAIYN,IQSSQRE,AVGENYGQNFV,SGHRS,YFSETQ,ASLPTPHSDSGNSNTEAF,RAKFKQLL
8388,TSGFNG,NVLDGL,AVSENIGFGNVLHCFGNVLH,LGHDT,YNNKEL,ASSQEPSASYEQY,TPRVTGGGAM
8389,NSAFQY,TYSSGN,AMKGYQKVT,LNHDA,SQIVND,ASSARSSYEQY,GILGFVFTL
8390,DRGSQS,IYSNGD,AVKGNTGFQKLV,KGHSY,FQNENV,ASSPTTESYEQY,ATDALMTGF
8391,SVFSS,VVTGGEV,ANNSGGSNYKLT,SGHRS,YFSETQ,ASSLRRPYEQY,YLQPRTFLL
8392,DRGSQS,IYSNGD,AVTPDDKII,MNHEY,SVGEGT,ASSTGTAAYEQY,LLWNGPMAV
8393,TISGNEY,GLKNN,IVPNSGYSTLT,SEHNR,FQNEAQ,ASSYRTGSSYNEQF,FLRGRAYGL
8394,SVFSS,VVTGGEV,GGVPGDSNYQLI,MNHEY,SVGAGI,ASIADRGLNTEAF,KSKRTPMGF
8395,DRGSQS,IYSNGD,AVTIGWGKLQ,SQVTM,ANQGSEA,SVYLNTEAF,FEDLRVLSF
8396,NSASQS,VYSSG,VVPRGGGGFKTI,MNHNS,SASEGT,ASSDYAANTEAF,GILGFVFTL
8397,DRGSQS,IYSNGD,AVKAKAGGGADGLT,SGDLS,YYNGEE,ASSVGGNTEAF,LLLDRLNQL
8398,TSDPSYG,QGSYDQQN,AMREGLDDSGGGADGLT,LNHDA,SQIVND,ASSIFKGSNQPQH,GILGFVFTL
8399,NSMFDY,ISSIKDK,AARGGNKLV,SGHNS,FNNNVP,ASSPYEAF,LLWNGPMAV
8400,DRGSQS,IYSNGD,AFRMNRDDKII,MGHRA,YSYEKL,ASSQDRSGEGYT,RAKFKQLL
8401,TSGFNG,NVLDGL,AVRDGGRNDMR,SGDLS,YYNGEE,ASSVEAGPNEQY,RPIIRPATL
8402,VSGNPY,YITGDNLV,AVANQAGTALI,MDHEN,SYDVKM,ANSQPGGIEQF,EPLPQGQLTAY
8403,DRGSQS,IYSNGD,AVDGNQFY,MGHRA,YSYEKL,ASSQAGTSYEQY,LLWNGPMAV
8404,TTLSN,LVKSGEV,KGGSQGNLI,MDHEN,SYDVKM,ASSFQGLGYEQY,ELAGIGILTV
8405,TSGFNG,NVLDGL,AVYGAGNNRKLI,LNHDA,SQIVND,ASTPYEGGHNEQF,GILGFVFTL
8406,DSVNN,IPSGT,AVVSWYSGGGADGLT,SGDLS,YYNGEE,ASSPGDRGKTNEQF,QMMVKAGL
8407,NSAFQY,TYSSGN,AMSGKTSGTYKYI,SGHNS,FNNNVP,ASSGGVSGGAGETQY,RAKFKQLL
8408,NSASQS,VYSSG,VVALSNFGNEKLT,DFQATT,SNEGSKA,SASSGVYNEQF,ELAGIGILTV
8409,NSAFQY,TYSSGN,AMSGSNFGHEKLT,SNHLY,FYNNEI,ANSAGTVAPGELF,GLCTLVAML
8410,DSSSTY,IFSNMDM,AEKGGGSYIPT,LGHNA,YNFKEQ,ASSQEGAGELF,GILGFVFTL
8411,SIFNT,LYKAGEL,AGFHSGTYKYI,SGHVS,FNYEAQ,ASSLGGGDYEQY,FLRGRAYGL
8412,ATGYPS,ATKADDK,ALRSGGYQKVT,MGHDK,SYGVNS,ASSEMAESQETQY,QYIKWPWYI
8413,NSASQS,VYSSG,VVRFDSWGKLQ,SGHTA,FQGTGA,ASSLTTDTQY,PTDNYITTY
8414,NSAFQY,TYSSGN,ASLLSNFGNEKLT,MNHEY,SMNVEV,ASRPPGGVTDTQY,LLAGIGTVPI
8415,NSASQS,VYSSG,VVNREDMLT,GTSNPN,SVGIG,AWTRDRNTGELF,YLQPRTFLL
8416,ATGYPS,ATKADDK,APTKLL,MNHEY,SMNVEV,ASAWTASYEQY,YVLDHLIVV
8417,SVFSS,VVTGGEV,AGASGTYKYI,SGHVS,FQNEAQ,ASSETGGTLSPLH,GILGFVFTL
8418,YGATPY,YFSGDTLV,AVGDNFNKFY,SEHNR,FQNEAQ,ASSSLGGHGEAF,RAKFKQLL
8419,NSAFQY,TYSSGN,AMSLFFNAGNMLT,GTSNPN,SVGIG,AWSVQGGTEAF,GILGFVFTL
8420,NSAFQY,TYSSGN,AMSGDNNDMR,LNHDA,SQIVND,ASSPYGGWTEAF,GILGFVFTL
8421,TSESDYY,QEAYKQQN,AYMEYGNKLV,MGHRA,YSYEKL,ASSLPQGTLNTGELF,RAKFKQLL
8422,TISGNEY,GLKNN,IVEENAGNMLT,SEHNR,FQNEAQ,ASSSPGGFGYNSPLH,FLASKIGRLV
8423,SSYSTF,SSENQE,AKNTGNQFY,PRHDT,FYEKMQ,ASSPQTGTIYGYTG,NLVPMVATV
8424,SIFNT,LYKAGEL,AGQDNDMR,MNHNS,SASEGT,ASGKAGAGDEQY,TTDPSFLGRY
8425,SSVSVY,YLSGSTLV,AVTLSGGYNKLI,MNHNS,SASEGT,ASRGQGPVRDTQY,GPRLGVRAT
8426,SSVPPY,YTSAATLV,AVILPYNQGGKLI,LNHDA,SQIVND,ASTRTVATNEKLF,VYFLQSINF
8427,TSDPSYG,QGSYDQQN,GSGNTGKLI,SNHLY,FYNNEI,ASSSGQVLPNEQF,GLCTLVAML
8428,TRDTTYY,RNSFDEQN,ALKGMNRDDKII,SSHAT,FNYEAQ,ASSLGRGSNTQY,TTDPSFLGRY
8429,SVFSS,VVTGGEV,AGAGNYQLI,SGHNS,FNNNVP,ASSFLDRGPNTEAF,RAKFKQLL
8430,TTLSN,LVKSGEV,AGKTSYDKVI,MGHDK,SYGVNS,ATEQGMHEQY,NLVPMVATV
8431,YGATPY,YFSGDTLV,ALNQAGTALI,SGHTA,FQGTGA,ASSLTTLAGVPYEQF,NLVPMVATV
8432,TSGFNG,NVLDGL,ASLHGGKLI,SEHNR,FQNEAQ,ASSSSQTAATNNEQF,TTDPSFLGRY
8433,DSSSTY,IFSNMDM,AESYSGGGADGLT,SGHDN,FVKESK,ASSPLGAYTGF,GILGFVFTL
8434,NSAFQY,TYSSGN,AVLLDSNYQLI,WSHSY,SAAADI,ASSEDGMNTEAF,CLGGLLTMV
8435,VSGNPY,YITGDNLV,AVRGFIGAGYQKVT,LNHDA,SQIVND,ASSIADMSNQPQH,GILGFVFTL
8436,DRGSQS,IYSNGD,AVPGDMR,MDHEN,SYDVKM,ASSFGTYGYT,ALAGIGILTV
8437,DSASNY,IRSNVGE,AAINTGFQKLV,LNHDA,SQIVND,ASSPLGVAGELF,GILGFVFTL
8438,TISGTDY,GLTSN,ILRDIPFDRGSTLGRLY,MNHEY,SVGAGI,ASSPQTGTGTYGYT,NLVPMVATV
8439,ATGYPS,ATKADDK,ALSGTGNQFY,MNHEY,SMNVEV,ASGQGFYEQY,TTDPSFLGRY
8440,TSGFNG,NVLDGL,AVDPMGGGATNKLI,MNHEY,SMNVEV,ASSPGSEKLF,TTDPSFLGRY
8441,TRDTTYY,RNSFDEQN,ALTPMDSSYKLI,SEHNR,FQNEAQ,ASSRDRGRAGELF,TPRVTGGGAM
8442,TSINN,IRSNERE,ATDEEEYGNKLV,SNHLY,FYNNEI,ASSDYNAEKLF,RTATKAYNV
8443,DSASNY,IRSNVGE,APPLMNTGFQKLV,SEHNR,FQNEAQ,AVEGVYGEAF,YLQPRTFLL
8444,TISGNEY,GLKNN,IVREGNLDDMR,SEHNR,FQNEAQ,ASSPLAGAAIHTQY,RAKFKQLL
8445,VSGNPY,YITGDNLV,AVRDRVDSSYKLI,SEHNR,FQNEAQ,ASSTHELEGGNSPLH,TPRVTGGGAM
8446,DSAIYN,IQSSQRE,NYGGSQGNLI,LNHDA,SQIVND,AVSGRAGETQY,GILGFVFTL
8447,TSESDYY,QEAYKQQN,AVYNTNAGKST,ENHRY,SYGVKD,AISVSQFDEQF,EPLPQGQLTAY
8448,VSGLRG,LYSAGEE,AVQATYSGGGADGLT,SGDLS,YYNGEE,ASNGGRYNEQF,TPRVTGGGAM
8449,SSVSVY,YLSGSTLV,AVPGRNNQGGKLI,LNHDA,SQIVND,ASSIRSSYEQY,GILGFVFTL
8450,DSASNY,IRSNVGE,AAKEGYSTLT,LNHDA,SQIVND,ASSIRSSYEQY,GILGFVFTL
8451,ATGYPS,ATKADDK,ALSDNQGNLI,MDHEN,SYDVKM,ASSYPRRSSSYNEQF,TTDPSFLGRY
8452,VSNAYN,GSKP,AALISGGYNKLI,LNHNV,YYDKDF,ATSLRTDSYEQY,FTSDYYQLY
8453,TRDTTYY,RNSFDEQN,ALSEANNAGNMLT,SGHNS,FNNNVP,ASSFSGNTGELF,RAKFKQLL
8454,TSINN,IRSNERE,ATPSRNNYGQNFV,LNHDA,SQIVND,ASSIFSGLNEQF,GILGFVFTL
8455,ATGYPS,ATKADDK,AGGADGLT,SNHLY,FYNNEI,ASSEWQGEKLF,YLQPRTFLL
8456,TSINN,IRSNERE,ATGIKAAGNKLT,LNHDA,SQIVND,ASSIVGSSYNEQF,GILGFVFTL
8457,TISGNEY,GLKNN,IVRLGGLGGGSNYKLT,SNHLY,FYNNEI,ASRLANTEAF,SPRWYFYYL
8458,YGGTVN,YFSGDPLV,AVNGFSGGYNKLI,SGHDT,YYEEEE,ASSPGEARGEQF,YLQPRTFLL
8459,SSNFYA,MTLNGDE,AANTGNQFY,LNHDA,SQIVND,ASSIRSSYEQY,GILGFVFTL
8460,VTNFRS,LTSSGIE,TTSGTYKYI,SEHNR,FQNEAQ,ASSSLGTGSQAF,RAKFKQLL
8461,TSESDYY,QEAYKQQN,AYRSAEGTYKYI,LGHNA,YNFKEQ,ASSQGTDYNEQF,CINGVCWTV
8462,NSAFQY,TYSSGN,SNFGNEKLT,MNHEY,SMNVEV,ASRGDGRGRIPYEQY,LLAGIGTVPI
8463,DRGSQS,IYSNGD,AVNTGISGGGADGLT,LNHDA,SQIVND,ASNHLGIGQPQH,ELAGIGILTV
8464,VSPFSN,MTFSENT,VVYMEYGNKLV,WSHSY,SAAADI,ASGGLSSYNEQF,GLCTLVAML
8465,DRGSQS,IYSNGD,AVDSSYKLI,MNHEY,SVGEGT,ASHSPGAETQY,ALAGIGILTV
8466,SSVPPY,YTSAATLV,AVSPPGGYSTLT,MDHEN,SYDVKM,ASSFIASSYNEQF,SPRWYFYYL
8467,NTAFDY,IRPDVSE,AASIGNFGNEKLT,LGHNA,YSLEER,ASSQTRNREAF,RPHERNGFTVL
8468,DSASNY,IRSNVGE,AASETSYDKVI,DFQATT,SNEGSKA,SARALPVGNTIY,GLCTLVAML
8469,SIFNT,LYKAGEL,AGQTGNTGKLI,LNHDA,SQIVND,ASSSAATGLEQF,GILGFVFTL
8470,TSINN,IRSNERE,ATDGGGGSQGNLI,DFQATT,SNEGSKA,SASGGRQRTEAF,GILGFVFTL
8471,DSAIYN,IQSSQRE,AVKIIQGAQKLV,SGHDY,FNNNVP,ASSFQLGGETQY,ATDALMTGF
8472,NSASQS,VYSSG,VVNGENAGLM,SNHLY,FYNNEI,ASSEMWGAPLH,CTELKLSDY
8473,TSINN,IRSNERE,ATDADYGGSQGNLI,SEHNR,FQNEAQ,ASSGSSRTPNTEAF,GLCTLVAML
8474,NSASQS,VYSSG,VVNQAGTALI,LNHDA,SQIVND,ASSTRSSYEQY,GILGFVFTL
8475,TSENNYY,QEAYKQQN,AFSMEYGNKLV,MNHEY,SVGAGI,ASETRRTAYDTEAF,GILGFVFTL
8476,NIATNDY,GYKTK,LLRDDKII,SEHNR,FQNEAQ,ASSPHQEVTEAF,RPIIRPATL
8477,NSASQS,VYSSG,VVNGRDSSYKLI,SNHLY,FYNNEI,ASSAGQVAPGEQY,GLCTLVAML
8478,NSAFQY,TYSSGN,AMTLSNFGNEKLT,MNHNS,SASEGT,ASRGAPTNEKLF,LLAGIGTVPI
8479,NSASQS,VYSSG,VVNTGLTGGGNKLT,SNHLY,FYNNEI,AEQDMNTGELF,YLQPRTFLL
8480,DRGSQS,IYSNGD,AVNIGGGSQGNLI,LNHDA,SQIVND,ASSFRSSYEQY,GILGFVFTL
8481,YGGTVN,YFSGDPLV,AINQGGKLI,MNHEY,SVGAGI,ASSSQGGFDGYT,FLYALALLL
8482,NSAFQY,TYSSGN,AMSGANFGNEKLT,SGHKS,YYEKEE,ASSKDRVEFGDDTDTQY,LLAGIGTVPI
8483,VSGNPY,YITGDNLV,VLPREKDSSYKLI,LNHNV,YYDKDF,ATSRAQDNEQF,LPRWYFYYL
8484,DSAIYN,IQSSQRE,ASRNSGNTPLV,MNHEY,SVGAGI,ASSYAIAEQY,LLAGIGTVPI
8485,DSAIYN,IQSSQRE,AASYFGNEKLT,LNHNV,YYDKDF,ATSRQSGPTLNSGNTIY,SPRWYFYYL
8486,TSGFYG,NALDGL,AVRLNTDKLI,LGHNA,YNFKEQ,ASSQDPRGRSSYEQY,RVAGDSGFAAY
8487,SSNFYA,MTLNGDE,AFITGNQFY,SGHTA,FQGNSA,ASSQTQLWETQY,NLVPMVATV
8488,DRGSQS,IYSNGD,AVSGDMR,MNHEY,SVGAGI,ATQPTSVSGQPQH,ELAGIGILTV
8489,TSGFNG,NVLDGL,AVRDTSGTYKYI,SQVTM,ANQGSEA,SVEPSGSYEQY,VYFLQSINF
8490,TTSDR,LLSNGAV,AVDPWGNQFY,MDHEN,SYDVKM,ASSFLGTGLNEQY,GLCTLVAML
8491,DSAIYN,IQSSQRE,AVNYGGSQGNLI,SGHAT,FQNNGV,ASRLLGQLETQY,ATDALMTGF
8492,ATGYPS,ATKADDK,ALSFSSASKII,KGHSH,LQKENI,ASSPPGLGNTGELF,YLQPRTFLL
8493,NSASDY,IRSNMDK,AENSGGGSQGNLI,LNHDA,SQIVND,ASSIRSSQPQH,GILGFVFTL
8494,TRDTTYY,RNSFDEQN,ALSEADNTDKLI,ENHRY,SYGVKD,AISGGDRANYGYT,GILGFVFTL
8495,YGGTVN,YFSGDPLV,AVKDTDKLI,LGHDT,YNNKEL,ASSQVVGAYGYT,YVLDHLIVV
8496,DRGSQS,IYSNGD,AAVASKII,LGHDT,YNNKEL,ASSIKPDGYEQY,LLWNGPMAV
8497,VSGNPY,YITGDNLV,AVRAPTWVGTLI,SGHVS,FNYEAQ,ASSLGGGEGASEQF,FLRGRAYGL
8498,DSSSTY,IFSNMDM,AESSMDSNYQLI,SGHDN,FVKESK,ASSFGQGAYNEQF,MEVTPSGTWL
8499,SIFNT,LYKAGEL,AGRETNAGKST,LNHDA,SQIVND,ASSQYSVGEQY,GILGFVFTL
8500,TSESDYY,QEAYKQQN,AYREYGNKLV,LGHDT,YNNKEL,ASSQDLAGRDLTYGYT,RAKFKQLL
8501,TSENNYY,QEAYKQQN,AFMSSPGGTSYGKLT,LNHDA,SHIVND,ASSIGVYGYT,GILGFVFTL
8502,TSENNYY,QEAYKQQN,AYHPGNQFY,MDHEN,SYDVKM,ASSLAGQGANEKL,KLSALGINAV
8503,SSVPPY,YTSAATLV,AVSEKASRASKII,SGHKS,YYEKEE,ASSWGGVSSYEQY,FLRGRAYGL
8504,NSAFQY,TYSSGN,SNFGNEKLT,MNHNS,SASEGT,AGGPRLPRDYYGYT,LLAGIGTVPI
8505,DSAIYN,IQSSQRE,AVRPESGGGADGLT,DFQATT,SNEGSKA,SASKGYTIY,GILGFVFTL
8506,TRDTTYY,RNSFDEQN,ALSEAIYNFNKFY,MNHEY,SMNVEV,ASTPGQSSEQY,SPRWYFYYL
8507,TSESDYY,QEAYKQQN,AYRSPPTNAGNMLT,MNHEY,SMNVEV,ASSFPGQGNTQY,RAQAPPPSW
8508,TRDTTYY,RNSFDEQN,ALIPVYNQGGKLI,SEHNR,FQNEAQ,ASSNFLGQGDEKLF,NLVPMVATV
8509,DSASNY,IRSNVGE,AASETSYDKVI,LGHDT,YNNKEL,ASSHLGGDRYMNEQF,RAKFKQLL
8510,NSAFQY,TYSSGN,AMKKYNFNKFY,SNHLY,FYNNEI,ASRGAGELF,GILGFVFTL
8511,TRDTTYY,RNSFDEQN,ALSVLPGNSNYQLI,DFQATT,SNEGSKA,SAEGGANYEQY,QYIKWPWYI
8512,DRGSQS,IYSNGD,AVNTGGFKTI,MDHEN,SYDVKM,ASSPGQETQY,LLLDRLNQL
8513,TISGTDY,GLTSN,ILRDPNSGYALN,LNHDA,SQIVND,ATSRAESFNSPLH,SPRWYFYYL
8514,DSVNN,IPSGT,AFFSGGGADGLT,SNHLY,FYNNEI,AMRTDPNTGELF,YLQPRTFLL
8515,NIATNDY,GYKTK,LVGVYNQGGKLI,LGHNA,YNFKEQ,ASSQEVGTSGEGEQF,CINGVCWTV
8516,DSASNY,IRSNVGE,AATETSYDKVI,LGHNT,FRNRAP,ASGLLGQLNSPLH,RAKFKQLL
8517,DRGSQS,IYSNGD,AVRDARLMFG,MNHEY,SMNVEV,ASSYGGLGQPQHFG,ELAGIGILTV
8518,NSASDY,IRSNMDK,AENWYSSASKII,SEHNR,FQNEAQ,ASSLNRENIQY,RTLNAWVKV
8519,DSSSTY,IFSNMDM,AEGGGNMLT,LNHNV,YYDKDF,ATSPEENTGELF,CINGVCWTV
8520,VTNFRS,LTSSGIE,AVGGATNKLI,KGHSH,LQKENI,ASSLTGVGEQY,GILGFVFTL
8521,TISGNEY,GLKNN,IVRVPGLGDSWGKLQ,SGHTA,FQGNSA,ASSWGWRSNQPQH,FEDLRVLSF
8522,DRGSQS,IYSNGD,AVNTGRRALT,SGHVS,FNYEAQ,ASSFGLEENTEAF,RAKFKQLL
8523,NSASDY,IRSNMDK,AETHSGGSNYKLT,DFQATT,SNEGSKA,SARDLGTSKQYEQY,RAKFKQLL
8524,TSGFNG,NVLDGL,AVLDSNYQLI,SGHDY,FNNNVP,ASSPSSSYEQY,RAKFKQLL
8525,DRGSQS,IYSNGD,AVLNGYALN,SGHDN,FVKESK,ASSQGNYGYT,LLLDRLNQL
8526,YGATPY,YFSGDTLV,AVNSGYALN,SQVTM,ANQGSEA,SVRSGTGGVEAF,VLEETSVML
8527,TSDPSYG,QGSYDQQN,AMRGGGYNKLI,MDHEN,SYDVKM,ASSISGGNQETQY,TTDPSFLGRY
8528,DRGSQS,IYSNGD,AVNLAAGNKLT,MNHEY,SVGAGI,ASSYSFEGQPQH,LLAGIGTVPI
8529,DRGSQS,IYSNGD,SYNTDKLI,SGHDY,FNNNVP,ASSLGGASYEQY,LLWNGPMAV
8530,NSMFDY,ISSIKDK,AASGGSNYKLT,LGHDT,YNNKEL,ASSQEVMTALQPDYGYT,VLFGLGFAI
8531,NSASQS,VYSSG,WNILSNFGNEKLT,DFQATT,SNEGSKA,SASRQGWNEQF,VLFGLGFAI
8532,DSASNY,IRSNVGE,AASETSYDKVI,SQVTM,ANQGSEA,SAGRDGTNEKLF,RAKFKQLL
8533,SSVSVY,YLSGSTLV,AVSHPGNTPLV,MDHEN,SYDVKM,ATFSGLYNEQF,GILGFVFTL
8534,DSAIYN,IQSSQRE,APDGGNNARLM,LNHDA,SQIVND,ASSIYSKDTQY,GILGFVFTL
8535,DRGSQS,IYSNGD,NTNAGKST,MRHNA,SNTAGT,ASSDSIGFNSPLH,FLRGRAYGL
8536,DRGSQS,IYSNGD,AVIYGQNFV,SNHLY,FYNNEI,ASSESSYEQY,LLLDRLNQL
8537,DRGSQS,IYSNGD,AVNQGQGAQKLV,GTSNPN,SVGIG,AWSLPGLSYEQY,ELAGIGILTV
8538,ATGYPS,ATKADDK,ALYNTDKLI,LGHDT,YNNKEL,ASSPTSGSVYEQY,GLCTLVAML
8539,TSGFNG,NVLDGL,AVRDGASNYQLI,KGHDR,SFDVKD,ATGRENEQF,SPRWYFYYL
8540,YGGTVN,YFSGDPLV,AVYNQGGKLI,MRHNA,SNTAGT,ASSALVAFSTDTQY,QYIKWPWYI
8541,DSVNN,IPSGT,AVATMGSGGSNYKLT,SGHNS,FNNNVP,ASSFSGNTGELF,GILGFVFTL
8542,YGATPY,YFSGDTLV,AVGAGNSGYSTLT,LNHDA,SQIVND,ASSIRSAYEQY,GILGFVFTL
8543,SSVPPY,YTSAATLV,AIPNFGNEKLT,LGHDT,YNNKEL,ASSPKRAVQNYGYT,SPRWYFYYL
8544,NSASQS,VYSSG,VVTSDKLI,SNHLY,FYNNEI,AVDSSGVTDTQY,LLWNGPMAV
8545,SSYSPS,YTSAATLV,AVSAVMDSSYKLI,KGHSH,LQKENI,ASSPEAGVSNTEAF,GILGFVFTL
8546,DSSSTY,IFSNMDM,DYGNNRLA,LGHNA,YNFKEQ,ASSQEEGSEQY,CINGVCWTV
8547,VGISA,LSSGK,AVRSNFGNEKLTFGT,MNHEY,SMNVEV,ASSFWDRVSGANVLTFG,NLVPMVATV
8548,YGATPY,YFSGDTLV,AVGTARLM,MNHEY,SMNVEV,ASSLPGTGGSPLH,RAKFKQLL
8549,ATGYPS,ATKADDK,ALIYNTDKLI,SGDLS,YYNGEE,ASSVNPAQGSGANVLT,DATYQRTRALVR
8550,SSVPPY,YTSAATLV,AVPTYSSASKII,SGHTA,FQGNSA,ASSSGGYEQY,SPRWYFYYL
8551,YGATPY,YFSGDTLV,AVGARGGSQGNLI,LNHDA,SQIVND,ASSTRAGVEQY,GILGFVFTL
8552,DSSSTY,IFSNMDM,AETQDSNYQLI,MNHNS,SASEGT,ASSAVRTDKNIQY,RAKFKQLL
8553,DRGSQS,IYSNGD,AVNMDTGRRALT,MDHEN,SYDVKM,ASSDGRYSNQPQH,LLLDRLNQL
8554,DRGSQS,IYSNGD,AASGANNLF,WNHNN,SYGVQD,ASSESPGYGYT,LLWNGPMAV
8555,NSMFDY,ISSIKDK,AASFAGNTPLV,SQVTM,ANQGSEA,SGDRSSDTQY,NLVPMVATV
8556,SSNFYA,MTLNGDE,AFSNGNEKLT,LNHDA,SQIVND,ASSMFATDTQY,GILGFVFTL
8557,SSNFYA,MTLNGDE,ACSSSNTGKLI,MGHRA,YSYEKL,ASSQDRLTGGYT,RPPIFIRRL
8558,DRGSQS,IYSNGD,AVNDDMR,SGHNS,FNNNVP,ASSSAGTEGF,GILGFVFTL
8559,DSASNY,IRSNVGE,AASETSYDKVI,SGHNS,FNNNVP,ASSFTGGDLYGYT,RAKFKQLL
8560,DSVNN,IPSGT,AVDDQTGANNLF,LNHDA,SQIVND,ASSPTGVNTEAF,GILGFVFTL
8561,ATGYPS,ATKADDK,ALSGNTDKLI,MDHEN,SYDVKM,ASSLAGGIVDEQF,TTDPSFLGRY
8562,KALYS,LLKGGEQ,GTELSGGYNKLI,MGHRA,YSYEKL,ASSPGQGEGYEQY,RAKFKQLL
8563,SSVSVY,YLSGSTLV,IQGAQKLV,SGHTA,FQGTGA,ASSFAVLAGPDTEAF,RAKFKQLL
8564,NSASQS,VYSSG,VVNRDDKII,SGHVS,FQNEAQ,ASSDSYGYT,YLQPRTFLL
8565,NSAFQY,TYSSGN,AMSAMGAQKLV,SEHNR,FQNEAQ,ASSLYGSRPQH,ALSKGVHFV
8566,NSASDY,IRSNMDK,AENVMNSGYSTLT,LNHDA,SQIVND,ASSIFQSGANVLT,GILGFVFTL
8567,TSINN,IRSNERE,ATDVGNARLM,SEHNR,FQNEAQ,ASSFSPTGAFYEQY,TTDPSFLGRY
8568,TISGNEY,GLKNN,IVREVGDKLI,SQVTM,ANQGSEA,SVEGPLPAGTLGTQY,RAKFKQLL
8569,NSAFQY,TYSSGN,AMSASNFGNEKLT,SGHDT,YYEEEE,ASSFGREYQETQY,LLAGIGTVPI
8570,TSGFNG,NVLDGL,AVGSDGQKLL,SNHLY,FYNNEI,ASSEKGGRETQY,FLASKIGRLV
8571,NSAFQY,TYSSGN,AMSLSNFGNEKLT,SGHDT,YYEEEE,ASSFGGPNQPQH,LLAGIGTVPI
8572,TTLSN,LVKSGEV,AGWPLYGQNFV,MNHEY,SMNVEV,ASSSGTGGFNQPQH,GPRLGVRAT
8573,NSAFQY,TYSSGN,AMISNTGGFKTI,SGHNT,YYREEE,ASSFSVGENEKLF,RAKFKQLL
8574,SSYSPS,YTSAATLV,VTSLSGGSYIPT,SGHDT,YYEEEE,ASSLRDGSEAF,RAKFKQLL
8575,DSAIYN,IQSSQRE,ALQTNAGGTSYGKLT,DFQATT,SNEGSKA,SARVQGYYEQY,QYIKWPWYI
8576,SIFNT,LYKAGEL,AGVTGGGNKLT,MNHNS,SASEGT,ASSAGTGFYGYT,YLQPRTFLL
8577,NSAFQY,TYSSGN,AMSEGNFGNEKLT,SGHDT,YYEEEE,ASSLFASQETQY,LLAGIGTVPI
8578,DRGSQS,IYSNGD,ASNPTVGYGNKLV,MNHEY,SMNVEV,ASSPGQVNQPQH,LLLDRLNQL
8579,VSGLRG,LYSAGEE,VPVTLGVNRDDKII,LNHDA,SQIVND,ASSQFFGNTIY,GILGFVFTL
8580,DRGSQS,IYSNGD,AVSDDKII,WNHNN,SYGVQD,ASSDKFAGNPQPQH,LLWNGPMAV
8581,NSMFDY,ISSIKDK,AASAVSGTYKYI,LNHNV,YYDKDF,ATSVDRAPMTEAF,VSDGGPNLY
8582,NSASQS,VYSSG,VVSPSNFGNEKLT,DFQATT,SNEGSKA,SARASLSMSTEAF,LLAGIGTVPI
8583,DRGSQS,IYSNGD,AVDSGNTPLV,SGHDY,FNNNVP,ASSPRQGNDEQY,LLWNGPMAV
8584,YGATPY,YFSGDTLV,AVGLYYGNNRLA,LGHDT,YNNKEL,ASSPVTGSSYEQY,GLCTLVAML
8585,DRGSQS,IYSNGD,AARYSGAGSYQLT,SNHLY,FYNNEI,ASSEGQGANNEQF,LLLDRLNQL
8586,TISGTDY,GLTSN,ILGMDSSYKLI,SQVTM,ANQGSEA,SVPGLAVPGELF,GLCTLVAML
8587,NSAFQY,TYSSGN,AMTLSNFGNEKLT,SGHAT,FQDESV,ASSFSTSGRNEQF,LLAGIGTVPI
8588,DRGSQS,IYSNGD,AVKYGQKLL,WNHNN,SYGVQD,ASSEITTARNQYEQY,DATYQRTRALVR
8589,NSMFDY,ISSIKDK,AARGGSGGGADGLT,MNHNS,SASEGT,ASSEWYLMNTEAF,GILGFVFTL
8590,SVFSS,VVTGGEV,AGGGSQGNLI,DFQATT,SNEGSKA,SARDRLAGEYSEQY,GILGFVFTL
8591,DSASNY,IRSNVGE,AAQETSYDKVI,MNHEY,SMNVEV,SYNEQF,RAKFKQLL
8592,TSESDYY,QEAYKQQN,AYRSADRMDSNYQLI,LNHDA,SQIVND,ASSLLAGPYNEQF,GILGFVFTL
8593,YSGSPE,HISR,LPSCSGNTPL,MDHEN,SYDVKM,SSVFGTSYEQ,GILGFVFTL
8594,TRDTTYY,RNSFDEQN,ALSVFSGGGADGLT,DFQATT,SNEGSKA,SARWGGGTDTQY,RAKFKQLL
8595,YGATPY,YFSGDTLV,AVTRDDKII,SGHNS,FNNNVP,ASSFSGNTGELF,RAKFKQLL
8596,DRGSQS,IYSNGD,AVGGGADGLT,KGHDR,SFDVKD,ATSEGLAGDTQY,ELAGIGILTV
8597,DRGSQS,IYSNGD,AVDSGNTPLV,SNHLY,FYNNEI,ASSAGSYEQY,LLLDRLNQL
8598,TRDTTYY,RNSFDEQN,ALISVSNFGNEKLT,LNHDA,SQIVND,ASSFLAGPYNEQF,GILGFVFTL
8599,NIATNDY,GYKTK,LVGDQGGKLI,MGHRA,YSYEKL,ASSQVRGPQF,SPRWYFYYL
8600,YGATPY,YFSGDTLV,AVGLIQGAQKLV,MGHRA,YSYEKL,ASSYTYGYT,GILGFVFTL
8601,NSMFDY,ISSIKDK,AAGGGTSYGKLT,DFQATT,SNEGSKA,SARDLGAVYQETQY,YLQPRTFLL
8602,NSASDY,IRSNMDK,AERGHSGYALN,SNHLY,FYNNEI,ASSEALRGSVGQPQH,RTATKQYNV
8603,NIATNDY,GYKTK,LVGPNTGGFKTI,LNHDA,SQIVND,ASSYLAGGLINEQF,GILGFVFTL
8604,NSASDY,IRSNMDK,AEKRTPAGTALI,LNHDA,SQIVND,ASNGGSSYNEQF,YVLDHLIVV
8605,NSMFDY,ISSIKDK,AAASGTYKYI,SNHLY,FYNNEI,ASSKRQGYPGELF,TDLGQNLLY
8606,DSAIYN,IQSSQRE,AVDSNSGYALN,MNHEY,SMNVEV,ASEAGGGTDTQY,YLQPRTFLL
8607,VSGLRG,LYSAGEE,AVGGSQGNLI,LNHDA,SQIVND,ASGGPGSYEQY,GILGFVFTL
8608,TRDTTYY,RNSFDEQN,ALSEGTYNQGGKLI,MGHRA,YSYEKL,ASSQDFAGGPYEQY,RTATKQYNV
8609,DRGSQS,IYSNGD,APSGGKLI,DFQATT,SNEGSKA,SASGDRGADTQY,LLWNGPMAV
8610,TSGFNG,NVLDGL,AVSNFNKFY,PRHDT,FYEKMQ,ASSSRLAGQETQY,RTATKAYNV
8611,TSDPSYG,QGSYDQQN,KTSYDKVI,ENHRY,SYGVKD,AISEGTLSSYNEQF,YVLDHLIVV
8612,DRGSQS,IYSNGD,AVKRGSQGNLI,MDHEN,SYDVKM,ASSLAWGQPQH,ELAGIGILTV
8613,DRGSQS,IYSNGD,AVKEYGNKLV,MGHRA,YSYEKL,ASSPSELADTQY,ELAGIGILTV
8614,NSASQS,VYSSG,VVNNNNDMR,LNHNV,YYDKDF,ATTDLDSGELF,YLQPRTFLL
8615,DRGSQS,IYSNGD,AVSPGNTPLV,DFQATT,SNEGSKA,SASEGGYEQF,GIIYIIYKL
8616,DRGSQS,IYSNGD,AVAARLM,SGHAT,FQNNGV,ASSLGVAGTNTGELF,RAKFKQLL
8617,DSASNY,IRSNVGE,AASEDIGNDKVI,LGHDT,YNNKEL,ASSYPLGARWRGYT,RAKFKQLL
8618,TSGFYG,NALDGL,AVRDQEGNTPLV,MDHEN,SYDVKM,ASMGGSNEQF,NLVPMVATV
8619,TSDPSYG,QGSYDQQN,AMRIFSDGQKLL,MDHEN,SYDVKM,ASTLSSSYNEQF,GILGFVFTL
8620,VSNAYN,GSKP,AVEVLSGSARQLT,SNHLY,FYNNEI,ASSDGQVAPGELF,GLCTLVAML
8621,DSASNY,IRSNVGE,AAGDGGATNKLI,SGHNS,FNNNVP,ASSFSGNTGELF,RAKFKQLL
8622,DRGSQS,IYSNGD,AVRRDNDMR,SGHRS,YFSETQ,ASSLLLSREQF,SPRWYFYYL
8623,NSAFQY,TYSSGN,AMSGSNFGNEKLT,KGHSH,LQKENI,ASSPPQTSQETQY,LLAGIGTVPI
8624,ATGYPS,ATKADDK,ALSNGNQFY,SNHLY,FYNNEI,ASPSENTGELF,YLQPRTFLL
8625,TSESDYY,QEAYKQQN,AYIQGAQKLV,MRHNA,SNTAGT,ASSASGGAYNEQF,RPPIFIRRL
8626,KALYS,LLKGGEQ,GTEYPNDYKLS,SGHVS,FQNEAQ,ASSLGGNNEQF,GLCTLVAML
8627,NIATNDY,GYKTK,LVVSDYKLS,SNHLY,FYNNEI,ASSEGLAGPRELF,QYIKWPWYI
8628,DRGSQS,IYSNGD,AVSGGNQFY,SGHNT,YYREEE,ASSLTGETEKL,RLPGVLPRA
8629,NIATNDY,GYKTK,LVGANTGNQFY,SGHAT,FQNNGV,ASSLAGVPNEQF,GPRLGVRAT
8630,TRDTTYY,RNSFDEQN,ALSEAPNNNARLM,MNHEY,SVGAGI,ASSYSGGGWNTEAF,NLVPMVATV
8631,NIATNDY,GYKTK,LVGEMGGGYNKLI,MNHEY,SMNVEV,ASSYFQSSGGGYT,SPRWYFYYL
8632,TISGTDY,GLTSN,ILRDVRGQNFV,DFQATT,SNEGSKA,SAFTGEGNTIY,RAKFKQLL
8633,DRGSQS,IYSNGD,AVKTSYIPT,LGHNA,YSLEER,ASSQGLNTEAF,HSNLNDATY
8634,YGGTVN,YFSGDPLV,AVNEGDNMLT,MGHRA,YSYEKL,ASSPTMHYEQY,LLWNGPMAV
8635,DSASNY,IRSNVGE,AASETSYDKVI,DFQATT,SNEGSKA,SARGEQGSVTEAF,RAKFKQLL
8636,TTQYPS,AMKANDK,ASRYAAGVSPLH,MNHEY,SVGEGT,ASSYAAGVSPLH,LLAGIGTVPI
8637,TISGTDY,GLTSN,ILPLAGGARYGQLT,SGHVS,FQNEAQ,ASSSGQAYEQY,FLRGRAYGL
8638,VSGNPY,YITGDNLV,AVSEQWKLI,SGHDN,FVKESK,ASSQDFPAHQETQY,KSKRTPMGF
8639,TSGFNG,NVLDGL,AVRDNQGGKLI,LNHDA,SQIVND,ASRGNEQF,GILGFVFTL
8640,TSGFNG,NVLDGL,AVLDSNYQLI,MNHNS,SASEGT,ASSEDSGGYNEQF,NLVPMVATV
8641,TSENNYY,QEAYKQQN,AYTSGTYKYI,LNHNV,YYDKDF,ATSPGQGFYNEQF,CINGVCWTV
8642,TSESDYY,QEAYKQQN,AYGGGAQKLV,LNHDA,SQIVND,ASISTDSLNTEAF,RPPIFIRRL
8643,NSASQS,VYSSG,VVNRGDDMR,SEHNR,FQNEAQ,ASSPEDTQY,YLQPRTFLL
8644,TISGTDY,GLTSN,ILRETSYDKVI,SGHDY,FNNNVP,ASGRLSYNEQF,RAKFKQLL
8645,NSASQS,VYSSG,VVNSGDMR,LNHDA,SQIVND,ASSMMSGTEAF,GILGFVFTL
8646,DRGSQS,IYSNGD,AAPGGATNKLI,MNHEY,SVGAGI,ASSYSTPSWTDTQY,ELAGIGILTV
8647,VGISA,LSSGK,AVSTSGTYKYI,LNHDA,SQIVND,ASSIYSYNEQF,GILGFVFTL
8648,DRGSQS,IYSNGD,AVDQAGTALI,MGHDK,SYGVNS,ASSPGQMGGELF,ELAGIGILTV
8649,YSGSPE,HISR,AERNFNKFY,KGHDR,SFDVKD,ATSDLNGGGYT,SPRWYFYYL
8650,DRGSQS,IYSNGD,AVTGARLM,LNHDA,SQIVND,ASSSSGTGAYEQY,LLWNGPMAV
8651,DSAIYN,IQSSQRE,AVRGGSGTYKYI,LNHDA,SQIVND,ASINRAANTGELF,LTDEMIAQY
8652,TRDTTYY,RNSFDEQN,ALSEASTGANNLF,SGDLS,YYNGEE,ASSVALAGGSTDTQY,GILGFVFTL
8653,DRGSQS,IYSNGD,AVAGGGADGLT,SGHNS,FNNNVP,ASSFWGLGYT,ALAGIGILTV
8654,DRGSQS,IYSNGD,AVMDGQKLL,LGHNA,YSLEER,ASSRQGVGQPQH,GILGFVFTL
8655,TSESDYY,QEAYKQQN,AYSYGGSQGNLI,SNHLY,FYNNEI,ASSDYNAEKLF,RTATKAYNV
8656,NSASDY,IRSNMDK,AESSLDNMLT,MGHRA,YSYEKL,ASSHGTVETEAF,GILGFVFTL
8657,SVFSS,VVTGGEV,AGGGSQGNLI,SQVTM,ANQGSEA,SAGQGPYEQY,RAKFKQLL
8658,TSINN,IRSNERE,ATEGGEGYSTLT,MNHEY,SVGAGI,ASSSQGGGDGYT,FLYALALLL
8659,DSSSTY,IFSNMDM,AEDSNARLM,SEHNR,FQNEAQ,ASSLDTQY,GLCTLVAML
8660,DRGSQS,IYSNGD,AVNMYGDSSYKLI,SGHNS,FNNNVP,ASSFLDRGPNTEAF,RAKFKQLL
8661,SVFSS,VVTGGEV,AGADGGSQGNLI,LNHDA,SQIVND,ASSTRSAAPLH,GILGFVFTL
8662,DSAIYN,IQSSQRE,AVGGHSTLT,DFQATT,SNEGSKA,SARRRRQLRPLH,QAKWRLQTL
8663,TSENNYY,QEAYKQQN,ALHRGTSYGKLT,SQVTM,ANQGSEA,SAGGNTEAF,RAKFKQLL
8664,VSGLRG,LYSAGEE,AVRTDSNYQLI,LGHDT,YNNKEL,ASSQDPGLGNTDTQY,TDLGQNLLY
8665,TSESDYY,QEAYKQQN,AYRSVNNNDMR,MNHNS,SASEGT,ASSDFGLLGTEAF,GILGFVFTL
8666,DSASNY,IRSNVGE,AASNPGGGNKLT,DFQATT,SNEGSKA,SASPESLSYEQY,GILGFVFTL
8667,TSDPSYG,QGSYDQQN,AMRESQGAQKLV,LNHDA,SQIVND,ASSITSVNEQF,GILGFVFTL
8668,DRGSQS,IYSNGD,AVNDNDMR,MNHEY,SVGAGI,ASSSALAYEQY,LLWNGPMAV
8669,TRDTTYY,RNSFDEQN,ALSEANTGGFKTI,SQVTM,ANQGSEA,SVGTGDWGEQY,RAKFKQLL
8670,DSSSTY,IFSNMDM,AEMGSSYKLI,GTSNPN,SVGIG,AYLDRAKSTGELF,RFPLTFGWCF
8671,VSGNPY,YITGDNLV,AVTPMGGSQGNLI,LNHDA,SQIVND,ASSTRSAYEQY,GILGFVFTL
8672,YGATPY,YFSGDTLV,AVDGGGFKTI,SGHDY,FNNNVP,ASSGGGGPDTQY,PTDNYITTY
8673,SVFSS,VVTGGEV,AGVGPSDSNYQLI,SGHRS,YFSETQ,ASSWDRFNEQF,YLQPRTFLL
8674,TSGFNG,NVLDGL,AVVANDYKLS,MRHNA,SNTAGT,ASSDSIQSTDTQY,GILGFVFTL
8675,NYSPAY,IRENEKE,GRPGSQGNLI,MNHNY,SVGAGI,ASTPGQNEQY,RFPLTFGWCF
8676,TRDTTYY,RNSFDEQN,APVNAGNMLT,LNHDA,SQIVND,ASSMRSSYEQY,GILGFVFTL
8677,YSGSPE,HISR,ALNPLIQGAQKLV,LNHDA,SQIVND,ASSLRASGAQY,GILGFVFTL
8678,TISGTDY,GLTSN,ILMETSYDKVI,SGHNS,FNNNVP,ASSFSGGTGELF,RAKFKQLL
8679,DSAIYN,IQSSQRE,AVRLEGPGGTSYGKLT,LNHDA,SQIVND,ASDTGGGYGYT,GILGFVFTL
8680,NIATNDY,GYKTK,LVRQATPVTSS,SNHLY,FYNNEI,ASIRDRIAEAF,EPLPQGQLTAY
8681,NYSPAY,IRENEKE,ALELLTGNTGGFKTI,MNHEY,SMNVEV,ASSLWQGGQPQH,RPIIRPATL
8682,TSENNYY,QEAYKQQN,AFMINAGGTSYGKLT,LNHDA,SQIVND,ASSIRSSYEQY,GILGFVFTL
8683,NIATNDY,GYKTK,LVVSARQLT,MNHNS,SASEGT,ASASGGFGDEQY,DATYQRTRALVR
8684,DSAIYN,IQSSQRE,AVRAVFSGGYNKLI,SGHNS,FNNNVP,ASTPSRAGRYT,HSNLNDATY
8685,SSVSVY,YLSGSTLV,AVSETDAGGTSYGKLT,LNHDA,SQIVND,ASSIFAGAPYEQY,GILGFVFTL
8686,NSASQS,VYSSG,VVNKNNDMR,LNHNV,YYDKDF,ATQDGNTGELF,YLQPRTFLL
8687,TSGFNG,NVLDGL,AVNSGNTPLV,SGHDN,FVKESK,AGSRVDNPVDRYT,QAKWRLQTL
8688,NSAFQY,TYSSGN,AMSLSNFGNEKLT,DFQATT,SNEGSKA,SAKGGAGETQY,LLAGIGTVPI
8689,DSAIYN,IQSSQRE,AVRGGSGTYKYI,LNHDA,SQIVND,ASMVRHANTGELF,LTDEMIAQY
8690,DRGSQS,IYSNGD,AGPSGGGKLI,LNHDA,SQIVND,ASSISALGQPQH,LLAGIGTVPI
8691,TSGFYG,NALDGL,AVRKEGTGGFKTI,SEHNR,FQNEAQ,ASSLVELQVEAF,GILGFVFTL
8692,VGISA,LSSGK,AVRWNGNEKLT,GTSNPN,SVGIG,AWAWSTDTQY,TTDPSFLGRY
8693,TSDPSYG,QGSYDQQN,AMREFSYGSSNTGKLI,LGHDT,YNNKEL,ASSQGARDLVNEKLF,ATDALMTGF
8694,SSNFYA,MTLNGDE,AFGSSNTGKLI,MGHRA,YSYEKL,ASSQDLFTGGYT,RPPIFIRRL
8695,NSMFDY,ISSIKDK,AVLRGGADGLT,MNHEY,SMNVEV,ASSSGAGLDEQF,GLCTLVAML
8696,TISGTDY,GLTSN,IPDYGGSQGNLI,SNHLY,FYNNEI,ASYSGTVNSPLH,TTDPSFLGRY
8697,DSASNY,IRSNVGE,AAKEGYSTLT,LNHDA,SQIVND,ASSIGYYGYT,GILGFVFTL
8698,VSGNPY,YITGDNLV,AVRDGTGANNLF,LNHDA,SQIVND,ASSLLVLDTQY,GILGFVFTL
8699,DSAIYN,IQSSQRE,AVMTTDSWGKLQ,SGHRS,YFSETQ,ASLEEGSSTGELF,TDLGQNLLY
8700,VSGNPY,YITGDNLV,AWGGSQGNLI,LNHDA,SQIVND,ASSMVVHEQF,ALWEIQQVV
8701,DRGSQS,IYSNGD,AVNLGGNTPLV,LGHNT,FRNRAP,ASVSDRLYNEQF,RAKFKQLL
8702,NSMFDY,ISSIKDK,NNNAGNMLT,SQVTM,ANQGSEA,SVGSRGTNEKLF,GLCTLVAML
8703,DRGSQS,IYSNGD,AATGNQFY,KGHSH,LQKENI,ASSPPGHGNTGELF,YLQPRTFLL
8704,SVFSS,VVTGGEV,AVNPGANSKLT,MNHEY,SVGAGI,ASSYGGISSYEQY,GLCTLVAML
8705,TSGFNG,NVLDGL,AVSDSNYQLI,GTSNPN,SVGIG,AWRTGFGDTGELF,RTLNAWVKV
8706,TSESDYY,QEAYKQQN,AYRSASNAGNMLT,MNHEY,SMNVEV,ASSLYRGSNQPQH,HPNGYKSLSTL
8707,SVFSS,VVTGGEV,AACAEYGNKLV,SGDLS,YYNGEE,ASSVGGVTYNEQF,LLWNGPMAV
8708,NSASQS,VYSSG,VVNVGYGGSQGNLI,MNHNS,SASEGT,ASSGNGQDLQPQH,DATYQRTRALVR
8709,YGGTVN,YFSGDPLV,AVISGYNKLI,SGHNT,YENEEA,ASSLEAGSYNEQF,GILGFVFTL
8710,YGGTVN,YFSGDPLV,AALATNKLI,SGHDT,YYEEEE,ASSLFSGNEQF,YVLDHLIVV
8711,NSASQS,VYSSG,VVNPSRGKAAGNKLT,SGHRS,YFSETQ,ASSLEGQASSYEQY,RAKFKQLL
8712,TSENNYY,QEAYKQQN,AYSQTAGGTSYGKLT,LNHDA,SQIVND,ASSIGLAGYT,GILGFVFTL
8713,VSGLRG,LYSAGEE,AVQVGYNTNAGKST,MGHRA,YSYEKL,ASSQDWGLNELF,GILGFVFTL
8714,TRDTTYY,RNSFDEQN,ALSNSNSGYALN,SQVTM,ANQGSEA,SVGPRQLMNTEAF,LTDEMIAQY
8715,DSASNY,IRSNVGE,AASGSGGSYIPT,SGHAT,FQNNGV,ASSLGTGGGYT,GILGFVFTL
8716,SVFSS,VVTGGEV,AGAEGGSQGNLI,LNHDA,SQIVND,ASSGRSTGELF,GILGFVFTL
8717,YGATPY,YFSGDTLV,AGHGSSNTGKLI,MNHEY,SVGEGT,ASSSLPGAAEAF,NLVPMVATV
8718,SSNFYA,MTLNGDE,ASRNSGNTPLV,LGHNA,YNFKEQ,ASSQDFLDGHSEAF,LLAGIGTVPI
8719,TSINN,IRSNERE,NSGYSTLT,MNHNS,SASEGT,ASSQQGGNYGYT,FLYALALLL
8720,DSASNY,IRSNVGE,AAVPSNTGKLI,LNHDA,SQIVND,ASSIRSSWEQY,GILGFVFTL
8721,SVFSS,VVTGGEV,ALEGGGADGLTFG,MNHNS,SASEGT,ASSEAELLSSYNEQFFG,ELAGIGILTV
8722,TRDTTYY,RNSFDEQN,ALGLFSGGYNKLI,MGHRA,YSYEKL,ASSHRTGGETQY,HPNGYKSLSTL
8723,DRGSQS,IYSNGD,AVPTGNQFY,MNHEY,SMNVEV,ASSFAGGGYEQY,ELAGIGILTV
8724,TSDPSYG,QGSYDQQN,AMREGQDSSYKLI,SEHNR,FQNEAQ,ASSIHHRGSSSPLH,TPRVTGGGAM
8725,TSINN,IRSNERE,ATDIPRGIIQGAQKLV,LNHDA,SQIVND,ASSLPGVGYNEQF,GILGFVFTL
8726,NIATNDY,GYKTK,LVGAYGQRLL,SNHLY,FYNNEI,SPAVHRVANNEQL,SPRWYFYYL
8727,SSYSPS,YTSAATLV,VVSDRESNSGYALN,LNHDA,SQIVND,ASSIYSLNTEAF,GILGFVFTL
8728,DSASNY,IRSNVGE,APWGFNKFY,SGHTA,FQGTGA,ASSLMATDTQY,RAKFKQLL
8729,DSAIYN,IQSSQRE,AVRNLHSGYSTLT,SGHVS,FNYEAQ,ASSLGGGDYEQY,FLRGRAYGL
8730,NSAFQY,TYSSGN,AMSRSNFGNEKLT,SGHDT,YYEEEE,ASSFSGTGAHNEQF,LLAGIGTVPI
8731,DRGSQS,IYSNGD,AVNSNFGNEKLT,MNHEY,SVGAGI,ASSSGVEAF,ELAGIGILTV
8732,VSGNPY,YITGDNLV,AVRVYSGAGSYQLT,LNHDA,SQIVND,ASNSGLLEAF,GILGFVFTL
8733,DRGSQS,IYSNGD,AVNPANARLM,DFQATT,SNEGSKA,SARWGGGTDTQY,ELAGIGILTV
8734,TSENNYY,QEAYKQQN,AFMKGAGGTSYGKLT,KGHTF,FQNEQV,ASSQLGRSWETQY,GILGFVFTL
8735,SVFSS,VVTGGEV,AGDRTNAGKST,MNHEY,SMNVEV,ASSPTHSNQPQH,TTDPSFLGRY
8736,DSSSTY,IFSNMDM,AESGGNTGKLI,SGHRS,YFSETQ,ASSLVQNTEAF,CINGVCWTV
8737,TTLSN,LVKSGEV,AGSNNAGNMLT,LNHDA,SQIVND,ASSIRHSGSYNEQF,GILGFVFTL
8738,DRGSQS,IYSNGD,AVNYVLSDGQKLL,WNHNN,SYGVQD,ASSRDTSTDTQY,RAKFKQLL
8739,TSESDYY,QEAYKQQN,AYIQGAQKLV,SGDLS,YYNGEE,ASSVYAGIAPHDDLDGYT,RPPIFIRRL
8740,TSDPSYG,QGSYDQQN,AMRGSDGQKLL,SGHNT,YYREEE,ASSSSVSGLATNEKLF,TPRVTGGGAM
8741,VGISA,LSSGK,AVLGTQGGSEKLV,SGHNS,FNNNVP,ASSFSGGTGELF,RAKFKQLL
8742,VGISA,LSSGK,AVRSSGSQGNLI,MNHEY,SVGAGI,ASSYLYRIGQLEAF,GILGFVFTL
8743,TSINN,IRSNERE,ATGEGFI,SEHNR,FQNEAQ,ASAIYGELF,GIIYIIYKL
8744,NSAFQY,TYSSGN,AMEGGANNLF,LNHDA,SQIVND,ASTSVMTDSIYGYT,CTELKLSDY
8745,DSASNY,IRSNVGE,AASETSYDKVI,MGHRA,YSYEKL,ASSLLAGEYNEQF,RAKFKQLL
8746,VSGLRG,LYSAGEE,AVQEHGSSNTGKLI,SGHDY,FNNNVP,ASSFSGNTGELF,RAKFKQLL
8747,DSSSTY,IFSNMDM,ASETGNQFY,LNHDA,SQIVND,ASSGRSAGELF,GILGFVFTL
8748,NSASQS,VYSSG,VVSPTDKLI,MDHEN,SYDVKM,ASSLGIYGYT,LLWNGPMAV
8749,TTSDR,LLSNGAV,AENTNAGKST,SNHLY,FYNNEI,ASSGTTEWNNSPLH,ATDALMTGF
8750,TSGFNG,NVLDGL,AVMDSNYQLI,DFQATT,SNEGSKA,SAREHREPYEQY,CTELKLSDY
8751,NSASDY,IRSNMDK,AEKVSNSGYALN,DFQATT,SNEGSKA,SATTIRGPGNEQF,RTATKQYNV
8752,DSASNY,IRSNVGE,AARETSYDKVI,SGHNS,FNNNVP,ASSASDRGEAF,RAKFKQLL
8753,ATGYPS,ATKADDK,ALNTGNQFY,MNHEY,SMNVEV,ASSPSTPAWDEQF,TTDPSFLGRY
8754,TSINN,IRSNERE,APGSSGAGSYQLT,GTSNPN,SVGIG,AWEWVLGNEQF,LLAGIGTVPI
8755,SVFSS,VVTGGEV,GGVDGSSNPGKLI,DFQATT,SNEGSKA,SAGGGLPYEQY,GILGFVFTL
8756,VSGNPY,YITGDNLV,AVVGNTPLV,LGHDT,YNNKEL,ASSQDLEDNQPQH,RAKFKQLL
8757,NSAFQY,TYSSGN,AMSISNFGNEKLT,MDHEN,SYDVKM,ASSFSLAGAGNEQF,LLAGIGTVPI
8758,NSASQS,VYSSG,VVNPSNFGNEKLT,SNHLY,FYNNEI,ASIGTGATDTQY,LLAGIGTVPI
8759,SSVPPY,YTSAATLV,AVSEGGQKLL,DFQATT,SNEGSKA,SVPGQGSSEQY,TDLGQNLLY
8760,DSSSTY,IFSNMDM,AEIGNNNARLM,SGHNT,YYREEE,ASSLSLGQGAPNYGYT,NQKLIANQF
8761,DSASNY,IRSNVGE,AAKDSTNAGKST,MNHEY,SMNVEV,ASSFMQGGEKLF,VLEETSVML
8762,TSINN,IRSNERE,LPGMR,SGHDY,FNNNVP,ASSTGWGAGQPQH,GILGFVFTL
8763,DSASNY,IRSNVGE,KTSYDKVI,SEHNR,FQNEAQ,ASSLSGRSNTEAF,RAKFKQLL
8764,DSASNY,IRSNVGE,AASGNNNARLM,LNHDA,SQIVND,ASSIRSNYNEQF,GILGFVFTL
8765,VSGLRG,LYSAGEE,AVQASGGGADGLT,SNHLY,FYNNEI,ASSEFRSPYEQY,NYNYLYRLF
8766,SVFSS,VVTGGEV,AGACGNQFY,PRHDT,FYEKMQ,ASSPTPSGQGTADTQY,YLQPRTFLL
8767,KTLYG,LQKGGEE,GAHGSGNTGKLI,LNHDA,SQIVND,ASSISGTSPEQY,GILGFVFTL
8768,DRGSQS,IYSNGD,AVNESGGGADGLTFG,MNHEY,SMNVEV,ASSQQGLGQPQHFG,EAAGIGILTV
8769,DRGSQS,IYSNGD,AVREGATNKLI,SQVTM,ANQGSEA,SVESEETRYEQY,GIIYIIYKL
8770,DRGSQS,IYSNGD,AVNINTDKLI,SGHRS,YFSETQ,ASSGAGGYEQY,LLWNGPMAV
8771,YGATPY,YFSGDTLV,AVDPMDTGRRALT,SGHNS,FNNNVP,ASSFSGNTGELF,RAKFKQLL
8772,DRGSQS,IYSNGD,AVDNQGGKLI,MNHEY,SVGAGI,ASSYSGGYEQY,ALAGIGILTV
8773,DSASNY,IRSNVGE,AASETSYDKVI,SGDLS,YYNGEE,ASSVAVGTGSGANVLT,RAKFKQLL
8774,DSAIYN,IQSSQRE,AVRGDNYGQNFV,MNHEY,SMNVEV,ASRRPGGDTEAF,NLVPMVATV
8775,TRDTTYY,RNSFDEQN,ALSEANTGNQFY,LNHDA,SQIVND,ASSVFSGAYNEQF,GILGFVFTL
8776,TSGFNG,NVLDGL,AVSQLSAGNNRKLI,SGHKS,YYEKEE,ASSPEGLWPQH,RPHERNGFTVL
8777,NSAFQY,TYSSGN,AALMGNQFY,SSHAT,FNYEAQ,ASSLMLGEETQY,TTDPSFLGRY
8778,VSGNPY,YITGDNLV,TSRVTDYKLS,SEHNR,FQNEAQ,ASSPDRESNTGELF,KSKRTPMGF
8779,DRGSQS,IYSNGD,AVNANTDKLI,SGHRS,YFSETQ,ASSPGTGAGYGYT,LLWNGPMAV
8780,YGGTVN,YFSGDPLV,AVNAQGGGSTLGRLY,LNHDA,SQIVND,ASSIHGLETQY,GILGFVFTL
8781,YGGTVN,YFSGDPLV,AVMAPHTGGFKTI,SGHNS,FNNNVP,ASSWETETEAF,VLFGLGFAI
8782,DRGSQS,IYSNGD,AVNLGNEKLT,SGHDY,FNNNVP,ASSLLGSYNEQF,ATDALMTGF
8783,DSASNY,IRSNVGE,AAMETSYDKVI,SGHNT,YYREEE,ASSHRQGVVLDEQF,RAKFKQLL
8784,VGISA,LSSGK,AVSGTGNQFY,MNHEY,SVGAGI,ASSYGQNTGELF,GILGFVFTL
8785,VSGNPY,YITGDNLV,AVAKDLQNSGGGADGLT,SEHNR,FQNEAQ,ASIDRPATNEKLF,GILGFVFTL
8786,KALYS,LLKGGEQ,GTERSGGYQKVT,LNHDA,SQIVND,ASSMSAMGTEA,FEDLRVLSF
8787,NSAFQY,TYSSGN,AMGGDARLM,SEHNR,FQNEAQ,ASSLGSEQY,LLAGIGTVPI
8788,NSMFDY,ISSIKDK,SARIGDNNAGNMLT,LGHNA,YSLEER,ASSPDRGDTDTQY,KSKRTPMGF
8789,DRGSQS,IYSNGD,AVSDDKII,LNHNV,YYDKDF,ATSRQANTDTQY,LLWNGPMAV
8790,TTSDR,LLSNGAV,AVDLSNFGNEKLT,LNHNV,YYDKDF,ATSTHRDRVGSGNTIY,GILGFVFTL
8791,DSASNY,IRSNVGE,AASKGTGFQKLV,LGHNA,YNFKEQ,ASSHPSEGSRKKYEQY,YLQPRTFLL
8792,SVFSS,VVTGGEV,AGPYSNDYKLS,MNHEY,SMNVEV,ASSIYRRRQGALAGPDTQY,FEDLRVSSF
8793,DSAIYN,IQSSQRE,AVLPSPVSPLR,LNHDA,SQIVND,ASIGKTTSTDTQY,CTELKLSDY
8794,DRGSQS,IYSNGD,AVTRSNFGNEKLT,SGHDT,YYEEEE,ASRLVVAGPSSFNEQF,LLAGIGTVPI
8795,DRGSQS,IYSNGD,AVTGSYIPT,SGDLS,YYNGEE,ASSPSGVIYEQY,LLAGIGTVPI
8796,TSESDYY,QEAYKQQN,APSGTYKYI,SGHTA,FQGNSA,ASSLVGGEQY,RPIIRPATL
8797,NSAFQY,TYSSGN,AMVISNFGNEKLT,LGHDT,YNNKEL,NTGELF,LLAGIGTVPI
8798,NSASDY,IRSNMDK,AENKGQGFSFI,LGHNA,YSLEER,ASSQGGRTGELF,DATYQRTRALVR
8799,TRDTTYY,RNSFDEQN,ALSEAEYSGGGADGLT,MDHEN,SYDVKM,ASSLWLGGDTHYGYT,GILGFVFTL
8800,DRGSQS,IYSNGD,AVGGDKLI,SNHLY,FYNNEI,ASGQGSYEQY,LLLDRLNQL
8801,VSGNPY,YITGDNLV,AVRDMNTGFQKLV,DFQATT,SNEGSKA,SARPWSTDTQY,GILGFVFTL
8802,DRGSQS,IYSNGD,AVKTGFQKLV,LNHDA,SQIVND,ASSIREERTEAF,CTELKLSDY
8803,YGATPY,YFSGDTLV,AVGTPTSGTYKYI,SGHTA,FQGTGA,ASSRGEVPGTDTQY,SLFNTVATLY
8804,SSVSVY,YLSGSTLV,AVRAGDGAPPLV,SGHTA,FQGTGA,ASSLTVLAGPNTEAF,RAKFKQLL
8805,DSAIYN,IQSSQRE,AVKKIGAGNMLT,SEHNR,FQNEAQ,ASSLGDSYNEQF,LTDEMIAQY
8806,TISGTDY,GLTSN,IQLDYGQNFV,SEHNR,FQNEAQ,ASGQGMTDTQY,CLGGLLTMV
8807,DSASNY,IRSNVGE,AARETSYDKVI,SGHNS,FNNNVP,ASSFSLDKPTNTGELF,RAKFKQLL
8808,DSSSTY,IFSNMDM,AEMEGGSYIPT,SGDLS,YYNGEE,ASSVRSSMNTEAF,RAKFKQLL
8809,VGISA,LSSGK,AVLKTSYDKVI,LNHDA,SQIVND,ASSFFLAAGYP,GILGFVFTL
8810,NSMFDY,ISSIKDK,AARPGADKLI,SEHNR,FQNEAQ,ASTTEENRPYEQY,LTDEMIAQY
8811,TRDTTYY,RNSFDEQN,ALKEMTTDSWGKFQ,LNHDA,SQIVND,ASSIFGQPNQPQH,GILGFVFTL
8812,DSVNN,IPSGT,AVERDGGYNKLI,SGHRS,YFSETQ,ASSSWTGVGNEQY,FTSDYYQLY
8813,DRGSQS,IYSNGD,AVNKGSARQLT,LNHDA,SQIVND,ASNPGGGTETQY,PTDNYITTY
8814,VGISA,LSSGK,AVKENEKLT,LNHDA,SQIVND,ASSIRSAYEQY,GILGFVFTL
8815,DSAIYN,IQSSQRE,AVPAMNRDDKII,MNHEY,SMNVEV,ASRPLTGGNQPQH,SPRWYFYYL
8816,NSASQS,VYSSG,VVTGGNLI,SGHVS,FNYEAQ,ASTLGTSHDYEQY,CTELKLSDY
8817,NYSPAY,IRENEKE,ALDILTGGGNKLT,SGHNT,YYREEE,ASSYLQGANGYT,GILGFVFTL
8818,DRGSQS,IYSNGD,AVKNARLM,LNHNV,YYDKDF,ATSREGLAVDYNEQF,ELAGIGILTV
8819,TSGFNG,NVLDGL,AGWNFNKFY,SGHKS,YYEKEE,ASSREVGTYEQY,MEVTPSGTWL
8820,DRGSQS,IYSNGD,AVNAGFQKLV,SGHVS,FNYEAQ,ASSLGVEAF,ELAGIGILTV
8821,TISGTDY,GLTSN,ILDLMEYGNKLV,LNHDA,SQIVND,ASSIRSSYEQY,GILGFVFTL
8822,ATGYPS,ATKADDK,ALRYGKLT,MNHEY,SMNVEV,ASSLSGSPLH,SPRWYFYYL
8823,DSSSTY,IFSNMDM,AETSTSGTYKYI,DFQATT,SNEGSKA,SALGTSGFSYNEQF,TPRVTGGGAM
8824,DRGSQS,IYSNGD,AVNGDGQKLL,GTSNPN,SVGIG,AWGYQITGSAYGYT,LLWNGPMAV
8825,NSASQS,VYSSG,VVNSFRDQAGTALI,SGHAT,FQDESV,ASLRLGASGDSDTQY,RAKFKQLL
8826,NTAFDY,IRPDVSE,AVTSNTGKLI,LNHDA,SQIVND,ASSMTGGNEQF,GILGFVFTL
8827,TRDTTYY,RNSFDEQN,ALMEANQGGKLI,SGDLS,YYNGEE,ASSVGGSWTDTQY,FTSDYYQLY
8828,TRDTTYY,RNSFDEQN,ALLYARLM,LNHDA,SHIVND,ASSIRSSYEQY,GILGFVFTL
8829,VSGNPY,YITGDNLV,AVRDITGQAGTALI,SNHLY,FYNNEI,ASSELGSNYGYT,YVLDHLIVV
8830,YGATPY,YFSGDTLV,AVGAPSTSGTYKYI,SEHNR,FQNEAQ,ASRPGQGRNGTSGVTYEQY,RFPLTFGWCF
8831,DRGSQS,IYSNGD,AEGGNGQNFV,SGHNT,YYREEE,ASSFSGEQF,ALAGIGILTV
8832,TSGFYG,NALDGL,AVRQAGTALI,SEHNR,FQNEAQ,ASSLSLAGAYTGELF,RAKFKQLL
8833,NSAFQY,TYSSGN,AMSGGFQKLV,SGHNS,FNNNVP,ASSLGLAVTDTQY,LLAGIGTVPI
8834,DRGSQS,IYSNGD,AVNGGGGSQGNLI,SGHNS,FNNNVP,ASSSADSLYEQY,GILGFVFTL
8835,NYSPAY,IRENEKE,ALNSGGGADGLT,LNHDA,SQIVND,ASSMFAGGPREQY,GILGFVFTL
8836,TSDPSYG,QGSYDQQN,AMREDMFSGGYNKLI,MNHEY,SVGEGT,ASSSRLARNTGELF,TPRVTGGGAM
8837,DSASNY,IRSNVGE,AAAFSTGRRALT,SGDLS,YYNGEE,ASSPTPRDTRSSYNEQF,SLFNTVATLY
8838,TSINN,IRSNERE,ATDGGGAQKLV,SEHNR,FQNEAQ,ASSSSLAGDQPQH,RAKFKQLL
8839,ATGYPS,ATKADDK,ARYNFNKFY,MNHEY,SMNVEV,ASSFIASTDTQY,SPRWYFYYL
8840,NSAFQY,TYSSGN,AMSGDGGSQGNLI,SNHLY,FYNNEI,ASSLLLAGENTGELF,GILGFVFTL
8841,NSASQS,VYSSG,VVNIDNARLM,SQVTM,ANQGSEA,SVGSGEDSPQY,RAKFKQLL
8842,TISGNEY,GLKNN,IVRAYNNNDMR,LNHDA,SQIVND,ASSIRSSYEQY,GILGFVFTL
8843,YGATPY,YFSGDTLV,AVGLNTGTASKLT,MNHEY,SVGAGI,ASSRGTRGRSETQY,GILGFVFTL
8844,DRGSQS,IYSNGD,AVNMNSGNTPLV,MDHEN,SYDVKM,ASSPPGVGNQPQH,ALAGIGILTV
8845,TISGNEY,GLKNN,IVRVANTDKLI,LNHDA,SQIVND,ASSSFSANEKLF,GILGFVFTL
8846,DSAIYN,IQSSQRE,AVRGDSGYALN,MNHNY,SVGAGI,ASSALAGGPVGTQY,RPPIFIRRL
8847,DRGSQS,IYSNGD,AVNPPTDSWGKLQ,MNHNS,SASEGT,ASRGQGNTEAF,LLWNGPMAV
8848,VSGNPY,YITGDNLV,AVLDPGAGSYQLT,MNHNY,SVGAGI,ASSTQGSGSWVEQY,RTATKQYNV
8849,TSESDYY,QEAYKQQN,AYRSAPDSSYKLI,SNHLY,FYNNEI,ASRGLSNTGELF,RPIIRPATL
8850,ATGYPS,ATKADDK,APAANSGYSTLT,SGHVS,FQNEAQ,ASSSGQAYEQY,FLRGRAYGL
8851,TTLSN,LVKSGEV,AVLTSGTYKYI,SGHVS,FQNEAQ,ASSQGGSPLH,SPRWYFYYL
8852,DRGSQS,IYSNGD,AVLTMDSNYQLI,MNHEY,SMNVEV,ASSLSLGDPYTQY,LLLDRLNQL
8853,SVFSS,VVTGGEV,AGASSSSNTGKLI,LNHDA,SQIVND,ASSIRSAYEQY,GILGFVFTL
8854,YGGTVN,YFSGDPLV,AAWASSEGNKLV,KGHSH,LQKENI,ASSSVGSPYEQY,GILGFVFTL
8855,NTAFDY,IRPDVSE,AASKAAGNKLT,MNHEY,SVGEGT,ANQDLNTGELF,YLQPRTFLL
8856,VSGLRG,LYSAGEE,AVQAKQGAQKLV,LNHDA,SQIVND,ASSIVTATEAF,GILGFVFTL
8857,ATGYPS,ATKADDK,ALSYNAGKST,MDHEN,SYDVKM,ASSLSSEPYNEQF,TTDPSFLGRY
8858,NSAFQY,TYSSGN,AMSDYQLI,SGHTA,FQGNSA,ASSRWTTGGNEQF,LLAGIGTVPI
8859,TSGFNG,NVLDGL,AVRDRQAGTALI,DFQATT,SNEGSKA,SARDLDRPNTEAF,YLQPRTFLL
8860,DRGSQS,IYSNGD,AVNDAGKST,MNHEY,SMNVEV,ASSPKGTGLVGNQPQH,ELAGIGILTV
8861,TSGFNG,NVLDGL,AVMGSQGNLI,SNHLY,FYNNEI,ASSEDRRLF,RPHERNGFTVL
8862,DRGSQS,IYSNGD,AALNYGGSQGNLI,SNHLY,FYNNEI,ALGDNSYEQY,LLLDRLNQL
8863,NIATNDY,GYKTK,LVATILTGGGNKLT,SGHTA,FQGTGA,ASSLGTGAQETQY,SPRWYFYYL
8864,TSESDYY,QEAYKQQN,AFCSAIGFGNVLHCFGNVLH,LNHDA,SQIVND,ASSLTSGAYNEQF,NQKLIANQF
8865,DRGSQS,IYSNGD,AVSKAAGNKLT,SGHDT,YYEEEE,ASVPRGGQLHSPLH,ELAGIGILTV
8866,DRGSQS,IYSNGD,ALSPGGGSQGNLI,SGDLS,YYNGEE,ASSSGLVSNTGELF,GILGFVFTL
8867,TRDTTYY,RNSFDEQN,ALSPVAGTASKLT,LNHDA,SQIVND,ASSI,GILGFVFTL
8868,DRGSQS,IYSNGD,AVNGLSGGGADGLT,SEHNR,FQNEAQ,ASSPDIEAF,YLQPRTFLL
8869,TISGNEY,GLKNN,IVRGFSNSGYALN,LNHDA,SQIVND,ASSIYSRGDEQF,GILGFVFTL
8870,DSAIYN,IQSSQRE,AVSLSGGYNKLI,MNHNY,SVGAGI,ASSPAGGTDTQY,GILGFVFTL
8871,ATGYPS,ATKADDK,ALSEGDMR,SGHTA,FQGTGA,ASSLVQGAEQY,RAKFKQLL
8872,VGISA,LSSGK,AAATITQGGSEKLV,DFQATT,SNEGSKA,SASGTLPYEQY,GILGFVFTL
8873,ATGYPS,ATKADDK,ALSSSNTGGFKTI,KGHSH,LQKENI,ASSPRLAGSHNEQF,YLQPRTFLL
8874,YGATPY,YFSGDTLV,AVFLYGNNRLA,LGHNA,YNFKEQ,ASSQRPSEVGELF,RAKFKQLL
8875,DRGSQS,IYSNGD,AVQNSGGSNYKLT,LNHDA,SQIVND,ASSISSGGLQF,LLLDRLNQL
8876,TRDTTYY,RNSFDEQN,ALSEGQTGANNLF,LNHDA,SQIVND,ASSWGGLSNQPQH,ELAGIGILTV
8877,YSGSPE,HISR,ALSGLIQGGSEKLV,SGHAT,FQNNGV,ASSLGIAKNIQY,YLQPRTFLL
8878,VSGNPY,YITGDNLV,AVRDGTGANNL,LNHDA,SQIVND,ASSVSATGEL,GILGFVFTL
8879,TSGFNG,NVLDGL,AVRGADNARLM,MNHEY,SVGAGI,ASSSVSLGNEQF,YLQPRTFLL
8880,TSENNYY,QEAYKQQN,AFMSGAGGTSYGKLT,LNHDA,SQIVND,ASSIGVWGYT,GILGFVFTL
8881,NSASQS,VYSSG,VVNRGDDMR,MDHEN,SYDVKM,AEGERNTGELF,YLQPRTFLL
8882,VSGNPY,YITGDNLV,AVRERNAGNNRKLI,DFQATT,SNEGSKA,SARGADTQY,NLVPMVATV
8883,TISGTDY,GLTSN,ILPLAGGTSYGKLT,SGHVS,FQNEAQ,ASSLGQAYEQY,RPPIFIRRL
8884,TRDTTYY,RNSFDEQN,ALSEASLVDSNYQLI,LNHDA,SQIVND,ASSPTSGGYNEQF,GILGFVFTL
8885,DSAIYN,IQSSQRE,AFYYGGSQGNLI,MNHEY,SMNVEV,ASSFVDPSTDTQY,TTDPSFLGRY
8886,TSESDYY,QEAYKQQN,AYRSTGPDKLV,SGHTA,FQGTGA,ASSLGYGDTEAF,RAKFKQLL
8887,YGGTVN,YFSGDPLV,AVFDTDKLI,MRHNA,SNTAGT,ASSGGWMASGSSYNEQF,YVLDHLIVV
8888,SVFSS,VVTGGEV,AGGGSQGNLI,SEHNR,FQNEAQ,ASSSRDGGTDTQY,GILGFVFTL
8889,TSGFYG,NALDGL,AVKAAGNKLT,LGHDT,YNNKEL,ASSQDLQGVKNAEAF,RAKFKQLL
8890,YGGTVN,YFSGDPLV,AVNEDDKII,LNHDA,SQIVND,ASSTRSAIEQF,GILGFVFTL
8891,TSGFYG,NALDGL,AVRAITGGGNKLT,SGHRS,YFSETQ,ASSLESSGPQETQY,RPHERNGFTVL
8892,SVFSS,VVTGGEV,DGSLDQTGANNLF,LNHDA,SQIVND,ASSTRAFYEQY,GILGFVFTL
8893,NYSPAY,IRENEKE,ALVAPGGSYIPT,KGHDR,SFDVKD,ATAPGTGRTLKLI,RPPIFIRRL
8894,KALYS,LLKGGEQ,GTPPWGKST,SGHNS,FNNNVP,ASSLPGTGDYEQY,TTDPSFLGRY
8895,NSASQS,VYSSG,VVNPPHDYKLS,SGDLS,YYNGEE,ASSVGVLSAGELF,GLCTLVAML
8896,DSSSTY,IFSNMDM,AEIPPNSGNTPLV,DFQATT,SNEGSKA,SADPGQGLGYGYT,NLVPMVATV
8897,YGGTVN,YFSGDPLV,AVKDTDKLI,MNHEY,SVGEGT,ASSYSEGLLTGELF,YVLDHLIVV
8898,TSDPSYG,QGSYDQQN,GYSSASKII,SQVTM,ANQGSEA,SVGTSGGYT,RAKFKQLL
8899,SVFSS,VVTGGEV,AGGGSQGNLI,MNHEY,SMNVEV,ASSLGRVSEQY,GILGFVFTL
8900,NSASDY,IRSNMDK,AETETSYDKVI,SEHNR,FQNEAQ,ASSFTSGTDPELF,RAKFKQLL
8901,DSSSTY,IFSNMDM,AESKSGYNKLI,MNHEY,SMNVEV,ASSLVPGHNEQF,TTDPSFLGRY
8902,VSGLRG,LYSAGEE,AVSRGSTLGRLY,SGHVS,FNYEAQ,ASSLSSPGNWEETQY,FTSDYYQLY
8903,DRGSQS,IYSNGD,AVNIGKLT,DFQATT,SNEGSKA,SARDTGGGSGELF,ELAGIGILTV
8904,DSASNY,IRSNVGE,AAARMDSSYKLI,SQVTM,ANQGSEA,SAGGNTEAF,RAKFKQLL
8905,DSASNY,IRSNVGE,AASIKAGSARQLT,SEHNR,FQNEAQ,ASSLDIEQY,YLQPRTFLL
8906,VTNFRS,LTSSGIE,NSGYSTLT,SEHNR,FQNEAQ,ASSLGTGGNSPLH,HSNLNDATY
8907,TSGFNG,NVLDGL,AASGGYQKVT,SGHNS,FNNNVP,ASSRGTPNEQF,TPRVTGGGAM
8908,TSDPSYG,QGSYDQQN,AMREVFGLIKAAGNKLT,SGHNS,FNNNVP,ASSQTEISYEQY,ALGIGILTV
8909,TSINN,IRSNERE,ASPHQKVT,LNHDA,SQIVND,ASSQRSTDTQY,GILGFVFTL
8910,DSSSTY,IFSNMDM,AEMEGGSYIPT,LNHDA,SQIVND,ASSARSSYEQY,GILGFVFTL
8911,SIFNT,LYKAGEL,AGPLDRAQKLV,DFQATT,SNEGSKA,SAETGVGQPQH,GILGFVFTL
8912,DRGSQS,IYSNGD,AVTTDSWGKLQ,MNHEY,SVGAGI,ASRPGLAGGRPEQY,LLFGYPVYV
8913,VSGLRG,LYSAGEE,AVQRKFNFGNEKLT,SGHDY,FNNNVP,ASSLTGGGYT,NQKLIANQF
8914,YGGTVN,YFSGDPLV,AVKDTDKLI,GTSNPN,SVGIG,AWSGLAGITHLPDTQY,YVLDHLIVV
8915,TRDTTYY,RNSFDEQN,ALSEAPGGSYIPT,KGHDR,SFDVKD,ATSDLLAGGKTGELF,NLVPMVATV
8916,NSASQS,VYSSG,VVTPSNFGNEKLT,SGHDT,YYEEEE,ASSLAGLAGETQY,ELAGIGILTV
8917,NYSPAY,IRENEKE,APGRCRQIT,MNHEY,SVGEGT,ASGVGGKPNTGELF,CINGVCWTV
8918,TSGFNG,NVLDGL,AVMDSSYKLI,MRHNA,SNTAGT,ASSGTSGSTDTQY,NQKLIANQF
8919,VSGLRG,LYSAGEE,AVQADYGGATNKLI,MNHEY,SMNVEV,ASSLASGGALYNEQF,LLWNGPMAV
8920,YSGSPE,HISR,ALSYSSASKII,MDHEN,SYDVKM,ASSTMVGGKGEKLF,YLQPRTFLL
8921,DRGSQS,IYSNGD,AVILFVLMDSSYKLI,SGHVS,FQNEAQ,ASSLAASAGGPVSGEQY,FLRGRAYGL
8922,YGATPY,YFSGDTLV,AVGAAGGTSYGKLT,SGHNS,FNNNVP,ANGDLNSGELF,YLQPRTFLL
8923,VSGLRG,LYSAGEE,AVQAYTRDSNYQLI,SQVTM,ANQGSEA,SVEDRDTYEQY,TTDPSFLGRY
8924,VGISA,LSSGK,AVRFSPVGRNTDKLI,MNHEY,SMNVEV,ASSPGTGGPFSEQY,GPRLGVRAT
8925,SSVSVY,YLSGSTLV,AAISGAGSYQLT,SGHDT,YYEEEE,ASSPSYEQY,RAKFKQLL
8926,DRGSQS,IYSNGD,AVKGDTNAGKST,SNHLY,FYNNEI,ASQGDYEQY,FLRGRAYGL
8927,TRDTTYY,RNSFDEQN,ALSYMEYGNKLV,LNHDA,SQIVND,ASSTRSTDTQY,GILGFVFTL
8928,SVFSS,VVTGGEV,AGGGSQGNLI,SEHNR,FQNEAQ,ASSSPRLSGEADGYT,FLRGRAYGL
8929,TSGFNG,NVLDGL,ALYNTDKLI,ENHRY,SYGVKD,AISGRQGDTGELF,YLQPRTFLL
8930,DSSSTY,IFSNMDM,AESEGPTYTDKLI,MNHEY,SMNVEV,ASSQTTGADEQF,RAKFKQLL
8931,SVFSS,VVTGGEV,AGVVSMNRDDKII,LNHDA,SQIVND,ASSIRSYYEQF,GILGFVFTL
8932,DRGSQS,IYSNGD,AVPFGNYGQNFV,MDHEN,SYDVKM,ASSPTGVGQPQH,ELAGIGILTV
8933,NSASQS,VYSSG,TTDSWGKFE,MDHEN,SYDVKM,ASSRKTDSYEQY,PTDNYITTY
8934,TSENNYY,QEAYKQQN,AFMLDAGGTSYGKLT,LNHDA,SQIVND,ASSIGYYGYT,GILGFVFTL
8935,DSSSTY,IFSNMDM,AETRSRDYKLS,MGHRA,YSYEKL,ASSQEEGPGNQPQH,NLVPMVATV
8936,TISGTDY,GLTSN,ILRETSYDKVI,KGHSH,LQKENI,ASSPPGGGNTGELF,RAKFKQLL
8937,VSGNPY,YITGDNLV,AVRALNDYKLS,LNHDA,SQIVND,ASSARSSYEQY,GILGFVFTL
8938,DRGSQS,IYSNGD,AVDRSNMLT,LGHDT,YNNKEL,ASSPITLTGLNEQF,LLAGIGTVPI
8939,SSYSPS,YTSAATLV,VVSGYGFNKFY,SGHTA,FQGNSA,ASSSGDSGDQETQY,RAKFKQLL
8940,DSASNY,IRSNVGE,AATETSYDKVI,SGHNS,FNNNVP,ASSYTGSSNSPLH,RAKFKQLL
8941,NSASDY,IRSNMDK,ADSGGGADGLT,MNHNS,SASEGT,ASSPSRLGTGFYEQY,RAKFKQLL
8942,TSENNYY,QEAYKQQN,AFIVPQGGSEKLV,KGHDR,SFDVKD,ATSDFTSPLSYNEQF,RTATKAYNV
8943,TSINN,IRSNERE,ATDARVSFNKFY,LGHNA,YSLEER,ASSHVGDRTSPLH,RAKFKQLL
8944,TSINN,IRSNERE,ATDAIPSDMR,LNHDA,SHIVND,ASSFRSTDTQY,GILGFVFTL
8945,NSASQS,VYSSG,VARTDSWGKLQ,MDHEN,SYDVKM,ASSKRTDSYEQY,PTDNYITTY
8946,NSASQS,VYSSG,VVTNEKLT,SGHVS,FNYEAQ,ASSSGTDFTGELF,CTELKLSDY
8947,TSGFNG,NVLDGL,AANSGYSTLT,SGHVS,FNYEAQ,ASSLLLDSSYEQY,RTATKQYNV
8948,DRGSQS,IYSNGD,AVGGGADGLT,MNHEY,SVGEGT,ASSLAGPLGAF,TPRVTGGGAM
8949,NIATNDY,GYKTK,LVGLISSGSARQLT,LGHDT,YNNKEL,ASSLSGKYDEQY,CINGVCWTV
8950,ATGYPS,ATKADDK,AASGGSYIPT,SGDLS,YYNGEE,ASSVEETSAGGHEQF,TTDPSFLGRY
8951,NIATNDY,GYKTK,LVGDRAGNMLT,SGDLS,YYNGEE,ASQGFGNTEAF,RPIIRPATL
8952,NSASDY,IRSNMDK,AVFNTGFQKLV,KGHDR,SFDVKD,ATTYGRMNTEAF,NLVPMVATV
8953,TSDPSYG,QGSYDQQN,AMRGPMDSNYQLI,LNHDA,SQIVND,ASSPGHYSNQPQH,SPRWYFYYL
8954,SIFNT,LYKAGEL,AGQSEEANYGGSQGNLI,LNHDA,SQIVND,ASSSRSQYEQY,GILGFVFTL
8955,VSGNPY,YITGDNLV,ALNDYKLS,MNHNS,SASEGT,ASSEAISGAWDEQF,GILGFVFTL
8956,NSMFDY,ISSIKDK,AASGSSNAGNMLT,LNHDA,SQIVND,ASRSGREAF,GILGFVFTL
8957,ATGYPS,ATKADDK,ALRLEGGSGTYKYI,SGHVS,FQNEAQ,ASSLEVGLGGYT,GILGFVFTL
8958,NSASQS,VYSSG,VVNIGTGRRALT,SGHAT,FQNNGV,ASSLEGRPRPEKL,GLCTLVAML
8959,TRDTTYY,RNSFDEQN,ALSLYNQGGKLI,LNHDA,SQIVND,ASSIVTATEAF,GILGFVFTL
8960,TSGFNG,NVLDGL,AAGGSQGNLI,MNHEY,SMNVEV,ASSSRAGATDTQY,TTDPSFLGRY
8962,DSASNY,IRSNVGE,AASFIHNQGGKLI,SSHAT,FNYEAQ,ASSRDRTGRANYGYT,NLVPMVATV
8963,SSVPPY,YTSAATLV,AVSLGGQKLL,DFQATT,SNEGSKA,SAPGQGTGEQY,TDLGQNLLY
8964,TTLSN,LVKSGEV,AVWGSQGNLI,LNHDA,SQIVND,ASSSRSGNEQF,GILGFVFTL
8965,DSASNY,IRSNVGE,AAVETSYDKVI,SEHNR,FQNEAQ,ASSYLGTGGSYEQY,RAKFKQLL
8966,TISGTDY,GLTSN,ILLGNNDMR,SQVTM,ANQGSEA,SAHSFGDRGGYT,NLVPMVATV
8967,VGISA,LSSGK,AAPITQGGSEKLV,LNHDA,SQIVND,ASSVYSNQPQH,GILGFVFTL
8968,DRGSQS,IYSNGD,AVSGSSYKLI,MNHEY,SVGAGI,ASNPQGGNYGYT,FLYALALLL
8969,TRDTTYY,RNSFDEQN,ALTELGGGADGLT,GTSNPN,SVGIG,AWSALAGGPSNEQF,CTELKLSDY
8970,DSAIYN,IQSSQRE,AVIWSGTYKYI,SGHTA,FQGNSA,ASSLEDTNYGYT,NQKLIANQF
8971,NSASQS,VYSSG,VVSPDDKII,MNHNS,SASEGT,ASSEGIYGYT,LLWNGPMAV
8972,YGATPY,YFSGDTLV,ALTDSWGKFQ,SGHAT,FQNNGV,ASTGTSGRAETQY,FEDLRVLSF
8973,DSAIYN,IQSSQRE,APNSGGGADGLT,LGHDT,YNNKEL,ASSQAGAKTQY,RVAGDSGFAAY
8974,DRGSQS,IYSNGD,AVNNARLM,MDHEN,SYDVKM,ASSLTSVSTDTQY,ALAGIGILTV
8975,DSASNY,IRSNVGE,AASETSYDKVI,SQVTM,ANQGSEA,SVEDRRPDEQF,RAKFKQLL
8976,SSYSPS,YTSAATLV,VPPYEKLT,MGHDK,SYGVNS,ASSLLVEQ,NLVPMVATV
8977,ATGYPS,ATKADDK,ALSEAGPDKLI,SGHKS,YYEKEE,ASRPGVGNQPQH,RAKFKQLL
8978,TSINN,IRSNERE,ATDRAGSARQLT,DFQATT,SNEGSKA,SARDRTGNGYT,GLCTLVAML
8979,YGGTVN,YFSGDPLV,AVNGYDGLT,MDHEN,SYDVKM,ASRQLAGGGETQY,YVLDHLIVV
8980,TSGFNG,NVLDGL,AVPINAGTHRKLI,DFQATT,SNEGSKA,SARDRGSENTGELF,RAKFKQLL
8981,YGATPY,YFSGDTLV,AVGAPDTSGTYKYI,MGHRA,YSYEKL,ASSQTSGGTYEQY,RFPLTFGWCF
8982,NSASQS,VYSSG,VVNREGYSTLT,SGHNS,FNNNVP,ASSLWGDYEQY,RAKFKQLL
8983,TSENNYY,QEAYKQQN,AFLQGGSEKLV,MDHEN,SYDVKM,ASSLFGLAGVEETQY,RLPGVLPRA
8984,DSSSTY,IFSNMDM,AEMEGGSYIPT,MNHNS,SASEGT,ASSITEGEDSVSTDTQY,RAKFKQLL
8985,NSASQS,VYSSG,VVNGKTGNQFY,SGHNT,YYREEE,ASGDLNTGELF,YLQPRTFLL
8986,YSGSPE,HISR,APEVHKLV,LNHDA,SQIVND,ASSTRSANEQF,GILGFVFTL
8987,TISGTDY,GLTSN,ILREFYNDMR,SGHDT,YYEEEE,ASSLRDGSEAF,RAKFKQLL
8988,NSASQS,VYSSG,VGGDDKII,MGHRA,YSYEKL,ASSQTLSYEQY,LLWNGPMAV
8989,TTLSN,LVKSGEV,AANYGGSQGNLI,LNHDA,SQIVND,ALVVSGPTGELF,GILGFVFTL
8990,DRGSQS,IYSNGD,AVNAFYNQGGKLI,MNHNS,SASEGT,ASSETGTQPQH,YVLDHLIVV
8991,YGATPY,YFSGDTLV,AVAWLYSGAGSYQLT,MNHEY,SMNVEV,ASSFKDPYEQY,QAKWRLQTL
8992,DRGSQS,IYSNGD,AETGGWGKLQ,SNHLY,FYNNEI,ASSELQQY,ELAGIGILTV
8993,DRGSQS,IYSNGD,AVKSRETSGSRLT,DFQATT,SNEGSKA,SARDWAVPYNEQF,GILGFVFTL
8994,DSSSTY,IFSNMDM,AESEGPTYTDKLI,LNHDA,SQIVND,ASSIRSSYEQY,RAKFKQLL
8995,NSMFDY,ISSIKDK,AASDGFGNEKLT,SGDLS,YYNGEE,ASSAGDSDGYT,TTDPSFLGRY
8996,KALYS,LLKGGEQ,GTEYPNDYKLS,MNHNY,SVGAGI,ASSYLDEQF,GLCTLVAML
8997,DRGSQS,IYSNGD,AVTLTSGTYKYI,MNHEY,SMNVEV,ASSPLVGERFRKETQY,SPRWYFYYL
8998,YSGSPE,HISR,APTGNQFY,LNHDA,SQIVND,ASSLGIYGYT,GILGFVFTL
8999,DSASNY,IRSNVGE,NSNSGYALN,MNHEY,SMNVEV,ASSGRVEEYGGELF,HSNLNDATY
9000,TSDPSYG,QGSYDQQN,AMKDDYKLS,LGHNA,YSLEER,ASSQFPPCSRARIFEAEAF,LLAGIGTVPI
9001,DSAIYN,IQSSQRE,AVNPGNTGKLI,LNHDA,SQIVND,ASSIAVTNYGYT,GILGFVFTL
9002,DSAIYN,IQSSQRE,AVHRDDKII,PRHDT,FYEKMQ,ASSLGETQY,GILGFVFTL
9003,TISGNEY,GLKNN,IVSDFYNQGGKLI,MNHEY,SMNVEV,ASSLIAGVYYNEQF,QAKWRLQTL
9004,DSSSTY,IFSNMDM,AEMEGGSYIPT,MDHEN,SYDVKM,ASSLTTPVYAGELF,RAKFKQLL
9005,SSYSPS,YTSAATLV,VVLSSASKII,SNHLY,FYNNEI,ASSEKPLSSYNEQF,SPRWYFYYL
9006,VSGNPY,YITGDNLV,AVRDTRDSSYKLI,ENHRY,SYGVKD,AISEDITVAPEQY,GLCTLVAML
9007,DRGSQS,IYSNGD,AVGTDKLI,MNHEY,SVGEGT,ASSYGTAYGYT,LLWNGPMAV
9008,DRGSQS,IYSNGD,AVPLGGGSQGNLI,LNHDA,SQIVND,ASSIRAATEAF,GILGFVFTL
9009,DSASNY,IRSNVGE,AASGYDYKLS,SQVTM,ANQGSEA,SVGTGDWGEQY,RAKFKQLL
9010,ATGYPS,ATKADDK,ALGGSQGNLI,MNHEY,SMNVEV,ASSSSSGWDEQF,TTDPSFLGRY
9011,NIATNDY,GYKTK,LVGLFSDGQKLL,MNHNS,SASEGT,ASSETTGPAYEQY,DATYQRTRALVR
9012,DSAIYN,IQSSQRE,AVRHTNAGKST,SNHLY,FYNNEI,AGKSTGELF,QYIKWPWYI
9013,NSASQS,VYSSG,VGGLGGGSQGNLI,LNHDA,SQIVND,ASSLRAGDNEQF,GILGFVFTL
9014,DRGSQS,IYSNGD,AVGGSYIPT,SEHNR,FQNEAQ,ASRPLGGTLETQY,LLAGIGTVPI
9015,VSGNPY,YITGDNLV,AVRELGDDYKLS,LNHDA,SQIVND,ASSIVSTDTQY,GILGFVFTL
9016,NSMFDY,ISSIKDK,AASEASGTYKYI,LGHNA,YSLEER,ASSQDGSAPLYGYT,VSDGGPNLY
9017,NIATNDY,GYKTK,LVGEGDTGGFKTI,MGHRA,YSYEKL,ASSQVQTEPSGYT,CINGVCWTV
9018,TISGTDY,GLTSN,ILTHSNSGYALN,SGDLS,YYNGEE,ASSEVADYNEQF,DATYQRTRALVR
9019,DRGSQS,IYSNGD,AVNGNQFY,MNHNS,SASEGT,ASSLQGLGIGYT,ELAGIGILTV
9020,NSASQS,VYSSG,VVNFRDDKII,DFQATT,SNEGSKA,SAARLLSLTQY,TPRVTGGGAM
9021,NSAFQY,TYSSGN,AMSRANFGNEKLT,SGHNT,YYREEE,ASSSTSGGAPGELF,LLAGIGTVPI
9022,DSSSTY,IFSNMDM,AESIGRGSQGNLI,LNHDA,SHIVND,ASSIRSGVEQY,GILGFVFTL
9023,TSGFYG,NALDGL,AVPPMDSSYKLI,MDHEN,SYDVKM,ASRRLAEGGQEQF,YVLDHLIVV
9024,TTLSN,LVKSGEV,AGHGTASKLT,LNHDA,SQIVND,ASSGRSTDTQY,GILGFVFTL
9025,NSASQS,VYSSG,VVFSSNTGKLI,SNHLY,FYNNEI,ASSEDGSGIYNSPLH,ELAGIGILTV
9026,SSVSVY,YLSGSTLV,AVSDYIIQGAQKLV,MNHEY,SMNVEV,ASRPGGHEGEKLF,RAKFKQLL
9027,NSASQS,VYSSG,VVKNRDDKII,LGHDT,YNNKEL,ASSQKAAQGVSSYEQY,YLQPRTFLL
9028,NSASDY,IRSNMDK,ADSGGGADGLT,MNHEY,SMNVEV,ASSLPGTGGSPLH,RAKFKQLL
9029,TTSDR,LLSNGAV,AVDIRNSGYALN,MDHEN,SYDVKM,ASSWTQGAGYT,TTDPSFLGRY
9030,DSAIYN,IQSSQRE,ALPRENRDDKII,SGHRS,YFSETQ,ASSGRDSPSDEQF,SPRWYFYYL
9031,NSMFDY,ISSIKDK,APPNSGNTPL,KGHDR,SFDVKD,TSIAPI,GILGFVFTL
9032,YGATPY,YFSGDTLV,AVKGMDSSYKLI,LGHDT,YNNKEL,ASSQDGGSADTQY,VSDGGPNLY
9033,TSDPSYG,QGSYDQQN,AMRTSGTYKYI,SEHNR,FQNEAQ,ASSLRGGQDSGNTIY,NQKLIANQF
9034,NSAFQY,TYSSGN,AMSISNFGNEKLT,SGHVS,FQNEAQ,ASSLAGGPGNTIY,LLAGIGTVPI
9035,TSGFNG,NVLDGL,AVSRIKAGGFKTI,DFQATT,SNEGSKA,SARDRDRAYEQY,QYIKWPWYI
9036,SSVSVY,YLSGSTLV,AVTDAEGAQKLV,SGHNT,YENEEA,ASSLFLIAARGHNEQF,RAKFKQLL
9037,TSGFNG,NVLDGL,AVIQAGNMLT,LNHNV,YYDKDF,ATSSLNPGTEAF,CINGVCWTV
9038,NSASDY,IRSNMDK,AESHPRSNDYKLS,SEHNR,FQNEAQ,ASSSHDRTGVRTEAF,TPRVTGGGAM
9039,NYSPAY,IRENEKE,APSNTGNQFY,DFQATT,SNEGSKA,SARETINYNEQF,SPRWYFYYL
9040,YSGSPE,HISR,ALSGGSNYKLT,SQVTM,ANQGSEA,SDRGGTGELF,GILGFVFTL
9041,SSYSPS,YTSAATLV,VVSDRPWDMR,LNHDA,SQIVND,ASDSLIQPQH,SPRWYFYYL
9042,DRGSQS,IYSNGD,AVHILTGGGNKLT,MNHEY,SVGEGT,ASSSGSGTEAF,GILGFVFTL
9043,YGATPY,YFSGDTLV,AVVTDTGRRALT,SNHLY,FYNNEI,ASSVLPGPPRGEQF,SPRWYFYYL
9044,TSENNYY,QEAYKQQN,AFMKHVDGNQFY,LNHDA,SQIVND,ASSVRHGTEAF,GILGFVFTL
9045,NSASQS,VYSSG,AAGGSYIPT,MNHEY,SVGAGI,ASSYEQGGQETQY,ALAGIGILTV
9046,TTLSN,LVKSGEV,AGEAGSYQLT,SGHAT,FQNNGV,ASSLDQGHEQF,TTDPSFLGRY
9047,NSMFDY,ISSIKDK,AASIWESGTYKYI,SNHLY,FYNNEI,ASSPHLGGAYYGYT,TPRVTGGGAM
9048,DSSSTY,IFSNMDM,AESEGPTYTDKLI,MNHEY,SMNVEV,ASSLFGGTYEQY,RAKFKQLL
9049,NSASDY,IRSNMDK,ADTGGRSSNFGNEKLT,SNHLY,FYNNEI,ASSEDPASYEQY,ALWEIQQVV
9050,NIATNDY,GYKTK,LVVRDDKII,SGHTA,FQGNSA,ASSFPGDRMNTGELF,CINGVCWTV
9051,TSDPSYG,QGSYDQQN,AMREVPRGASKLT,MDHEN,SYDVKM,ASSSPKGAKYEQY,GILGFVFTL
9052,DRGSQS,IYSNGD,AVNLNNAGNMLT,MNHEY,SMNVEV,ASTSPGTSRNNEQF,LLLDRLNQL
9053,NSASDY,IRSNMDK,AELSQGNLI,LNHDA,SQIVND,ASSILAGGYNEQF,GILGFVFTL
9054,YGGTVN,YFSGDPLV,AVNALDKLI,MRHNA,SNTAGT,ASSEAFLADNEQF,YVLDHLIVV
9055,DSASNY,IRSNVGE,AAMETSYDKVI,MNHEY,SVGEGT,ASGMTGLTSEQY,RAKFKQLL
9056,TSDPSYG,QGSYDQQN,AMREGGSQGNLI,LNHDA,SQIVND,ASRFDGSNQPQH,RLPGVLPRA
9057,DSASNY,IRSNVGE,AASRGVGGYNKLI,MDHEN,SYDVKM,ASSFLTGPKGDYT,SPRWYFYYL
9058,TISGTDY,GLTSN,ILPLAARTSSVQLTSYGKLT,SGHVS,FQNEAQ,ASSLGQAYEQY,FLRGRAYGL
9059,SIFNT,LYKAGEL,AGHSSPGDSNYQLI,LNHDA,SQIVND,ASSILSNQPQH,GILGFVFTL
9060,DRGSQS,IYSNGD,AVREAAGNKLT,MDHEN,SYDVKM,ASRVQGLLMHYEQY,ELAGIGILTV
9061,YGGTVN,YFSGDPLV,AVSDTDKLI,LNHDA,SQIVND,ASRRLVGSAGELF,YVLDHLIVV
9062,VSPFSN,MTFSENT,VGYTNAGKST,SGHAT,FQNNGV,ASSWGGGSHYGYT,RAKFKQLL
9063,TSDPSYG,QGSYDQQN,AMREGSGGFGNVLHCFGNVLH,SQVTM,ANQGSEA,SVLTTGPGQPQH,TTDPSFLGRY
9064,NIATNDY,GYKTK,LVGPGM,LGHNA,YNFKEQ,ASSQEIAQGTNTGELF,CINGVCWTV
9065,TSESDYY,QEAYKQQN,ASLQNYGGSQGNLI,WSHSY,SAAADI,ASSERVAGGSTGEL,KLSALGINAV
9066,DRGSQS,IYSNGD,AVTFEGGSEKLV,LNHDA,SQIVND,ASSLLQGDSPLH,YLQPRTFLL
9067,KTLYG,LQKGGEE,GADSASGTYKYI,SGHTA,FQGNSA,ASSPEYNEQF,RAKFKQLL
9068,DSASNY,IRSNVGE,AAMETSYDKVI,LNHDA,SQIVND,ASSIRSSYEQY,RAKFKQLL
9069,DRGSQS,IYSNGD,AVIWGAQKLV,SGDLS,YYNGEE,ASSVAGTSGGNEQF,LLLDRLNQL
9070,DRGSQS,IYSNGD,AGGGSQGNLI,SGHRS,YFSETQ,ASSLDGNEQY,ELAGIGILTV
9071,DRGSQS,IYSNGD,AVAVGVSGGGADGLT,SGHKS,YYEKEE,ASSGIWDFTDTQY,GILGFVFTL
9072,NSMFDY,ISSIKDK,ALNTGNQFY,LGHNA,YSLEER,ASSQGVGVAGGFTKNIQY,TTDPSFLGRY
9073,YGGTVN,YFSGDPLV,AGRDNAADMFT,LGHNA,YNFKEQ,ASSQEVGPLPLH,CINGVCWTV
9074,VSPFSN,MTFSENT,VVSCSSASKII,SGDLS,YYNGEE,ASSVGPLEAFSYEQY,ELAGIGILTV
9075,VSGNPY,YITGDNLV,RDGTGANNL,LNHDA,SQIVND,GTGSIDTQ,GILGFVFTL
9076,NTAFDY,IRPDVSE,AATFLRDMR,MNHEY,SMNVEV,ASSYYRLAGELF,RPIIRPATL
9077,NIATNDY,GYKTK,LVVGDNYGQNFV,LNHNV,YYDKDF,ATSTTFQTDYAEPYGYT,CINGVCWTV
9078,TRDTTYY,RNSFDEQN,ALSESAGGTSYGKLT,LGHDT,YNNKEL,ASSQATSGGYTDTQY,CINGVCWTV
9079,SSVPPY,YTSAATLV,AVTRGGNDMR,DFQATT,SNEGSKA,SAPGQGAAEQF,TDLGQNLLY
9080,DSASNY,IRSNVGE,AATATSYDKVI,SGHNS,FNNNVP,ASSPPGRNEKLF,RAKFKQLL
9081,TISGNEY,GLKNN,IVRSGNQFY,SGHRS,YFSETQ,ASSLAGGPATEQY,SPRWYFYYL
9082,YSGSPE,HISR,ALKNNDMR,LNHDA,SQIVND,ASSARSSYEQY,GILGFVFTL
9083,YGGTVN,YFSGDPLV,AVNALDDYKLS,ENHRY,SYGVKD,AISESQEFYGYT,YLQPRTFLL
9084,NSAFQY,TYSSGN,ATTLLTQGGSEKLV,MNHNS,SASEGT,ASSTDFDRRGTQY,QYIKWPWYI
9085,VSNAYN,GSKP,AVPYNQGGKLI,SGHKS,YYEKEE,ASSGPGGVDEQY,RAKFKQLL
9086,DSSSTY,IFSNMDM,AEDNNARLM,DFQATT,SNEGSKA,SARLRELSGNTIY,GLCTLVAML
9087,TTLSN,LVKSGEV,RNAGGTSYGKLT,MNHEY,SMNVEV,ASSSHQRTGVDEQF,GILGFVFTL
9088,YGGTVN,YFSGDPLV,AVDADYGGSQGNLI,LNHDA,SQIVND,ASSIRASVEQY,GILGFVFTL
9089,TRDTTYY,RNSFDEQN,ALSEDYGGATNKLI,DFQATT,SNEGSKA,SAPHLGTSGDSYEQY,SPRWYFYYL
9090,YSGSPE,HISR,ALNARLM,SGHNS,FNNNVP,ASSPLLAGGKNIQY,NQKLIANQF
9091,TSENNYY,QEAYKQQN,AFIGPTNAGKST,MDHEN,SYDVKM,ASSFLTGPKGDYT,SPRWYFYYL
9092,NSASQS,VYSSG,VVNAPNTGFQKLV,MNHNS,SASEGT,ASSEWRGYEQYV,NYNYLYRLF
9093,NIATNDY,GYKTK,LVGDWGSQGNLI,MGHRA,YSYEKL,ASSHLGGVGADTQY,QYIKWPWYI
9094,DRGSQS,IYSNGD,AVNGSWGKLQ,MGHRA,YSYEKL,ASSQGDSGDNTGELF,KSKRTPMGF
9095,DRGSQS,IYSNGD,AVTSNTGKLI,MNHEY,SVGAGI,ASSYGTNTGELF,GILGFVFTL
9096,VSGNPY,YITGDNLV,AVRDLLRSGGYNKLI,MDHEN,SYDVKM,ASAQIGPYEQY,EPLPQGQLTAY
9097,DSAIYN,IQSSQRE,AVDNFNKFY,MNHNS,SASEGT,ASSERFLGQKNTEAF,YVLDHLIVV
9098,VSGLRG,LYSAGEE,AVSNQGGKLI,SEHNR,FQNEAQ,ASSLGGGELF,FLRGRAYGL
9099,NSMFDY,ISSIKDK,AASARRVRGGSEKLV,MNHEY,SMNVEV,ASSFGERVYNEQF,SPRWYFYYL
9100,TRDTTYY,RNSFDEQN,ALSEASDRGSTLGRLY,LNHDA,SQIVND,ASSPHGGSNTEAF,GILGFVFTL
9101,NIATNDY,GYKTK,LVGDHFYGQNFV,SGHNS,FNNNVP,ASSRRGEGNTGELF,SPRWYFYYL
9102,NSASDY,IRSNMDK,AETHSGGSNYKLT,MDHEN,SYDVKM,ASTGGYYQPQH,RAKFKQLL
9103,NIATNDY,GYKTK,LVGDHTGGFKTI,SGHNT,YYREEE,ASSTPGDEQY,DATYQRTRALVR
9104,TSDPSYG,QGSYDQQN,AMREGGDSGYALN,SEHNR,FQNEAQ,ASSLGGGPTTDTQY,HSNLNDATY
9105,KTLYG,LQKGGEE,TTSGTYKYI,SQVTM,ANQGSEA,SVGSGEGVEQF,RAKFKQLL
9106,TSINN,IRSNERE,ATDASGGSNYKLT,LNHDA,SQIVND,ASSARSSYEQY,RAKFKQLL
9107,NSASQS,VYSSG,VVTSGMLT,SGHVS,FNYEAQ,ASSPGTDYTGELF,CTELKLSDY
9108,DSSSTY,IFSNMDM,AESLWDDKII,SGHNS,FNNNVP,ASSFSGNTGELF,RAKFKQLL
9109,ATGYPS,ATKADDK,ALRDSWGKLQ,SQVTM,ANQGSEA,SVGNEQF,SPRWYFYYL
9110,TSINN,IRSNERE,ATEGASGGSYIPT,MNHEY,SVGAGI,ASSYQGGNYGYT,FLYALALLL
9111,DSAIYN,IQSSQRE,AVSYLRDDKII,SGHTA,FQGNSA,ASSPHRTYNEQF,MEVTPSGTWL
9112,TSINN,IRSNERE,ATDEEEYGNKLV,MGHRA,YSYEKL,ASSPDPWGVDTEAF,RTATKAYNV
9113,YGGTVN,YFSGDPLV,AVVHGSSNTGKLI,LNHDA,SQIVND,ASSIRSSYEQY,GILGFVFTL
9114,TISGNEY,GLKNN,YSGGGADGLT,SQVTM,ANQGSEA,SVGGGGTNEKLF,RAKFKQLL
9115,SSYSPS,YTSAATLV,VVSDRNAGNMLT,LNHDA,SQIVND,ASTFMGGGEQPQH,GILGFVFTL
9116,NSAFQY,TYSSGN,SNFGNEKLT,MGHRA,YSYEKL,ASSPEGPANYGYT,LLAGIGTVPI
9117,SVFSS,VVTGGEV,AGGGSQGNLI,LNHDA,SQIVND,ASSLQGANEKLF,GILGFVFTL
9118,VSGNPY,YITGDNLV,AVRPQDTGRRALT,MNHEY,SVGEGT,ASSYFEGQPQH,DATYQRTRALVR
9119,DSAIYN,IQSSQRE,GLRDNFNKFY,DFQATT,SNEGSKA,SARAGIREGFYNEQF,SPRWYFYYL
9120,ATGYPS,ATKADDK,ALGGSQGNLI,MNHEY,SMNVEV,ASSDRAPSSDTQY,TTDPSFLGRY
9121,DSASNY,IRSNVGE,AASETSYDKVI,SGHNS,FNNNVP,ASHPRTPIYGYT,RAKFKQLL
9122,DRGSQS,IYSNGD,AVTPSNTGKLI,LNHDA,SQIVND,ASSTRAGGVGQF,GILGFVFTL
9123,DSAIYN,IQSSQRE,AVGENYGQNFV,LGHDT,YNNKEL,ASSQGFRTPEGGYT,CTELKLSDY
9124,YSGSPE,HISR,ALVGTNQAGTALI,SNHLY,FYNNEI,ASSPKGAGADYGYT,YLQPRTFLL
9125,TRDTTYY,RNSFDEQN,ALSLSGYSTLT,SGHDN,FVKESK,ASSQSPGGTQY,GLCTLVAML
9126,DRGSQS,IYSNGD,AVNADGQKLL,SGHTA,FQGNSA,ASSHGQGAYEQY,LLWNGPMAV
9127,DSVNN,IPSGT,AVNTGNQFY,SGHDY,FNNNVP,ASSFATGELF,VSDGGPNLY
9129,TSDPSYG,QGSYDQQN,AITIEGSTLGRLY,SNHLY,FYNNEI,AGRGRPNEKLF,RPIIRPATL
9130,VSGNPY,YITGDNLV,AVRDKGYSTLT,LNHDA,SQIVND,ASSIDAGSNYEQY,NLVPMVATV
9131,DRGSQS,IYSNGD,AVLGGDKII,SGHTA,FQGNSA,ASSESNYGYT,LLLDRLNQL
9132,TSESDYY,QEAYKQQN,ALGGGAQKLV,MDHEN,SYDVKM,ASRLGLGDREDEKLF,RPPIFIRRL
9133,DRGSQS,IYSNGD,AVYTNAGKST,ENHRY,SYGVKD,AISESGREDEQF,CLGGLLTMV
9134,VSGNPY,YITGDNLV,AVRDGTGANNLF,LNHDA,SQIVND,ASNSRQGRQF,GILGFVFTL
9135,DRGSQS,IYSNGD,AVTQGMR,DFQATT,SNEGSKA,SAESGTGINEQF,LLAGIGTVPI
9136,DRGSQS,IYSNGD,AVNRGTGRRALT,SNHLY,FYNNEI,ASRSPEAPDTQY,LLLDRLNQL
9137,VSGLRG,LYSAGEE,AVHNFGNEKLT,SGHRS,YFSETQ,ASSSTGGTGELF,GILGFVFTL
9138,NSASDY,IRSNMDK,ADSGGGADGLT,SQVTM,ANQGSEA,SAGQGPYEQY,RAKFKQLL
9139,TRDTTYY,RNSFDEQN,ALSDANDYKLS,SNHLY,FYNNEI,ASREWTGYEQY,VLEETSVML
9140,ATGYPS,ATKADDK,ALRDSGGSNYKLT,SGHKS,YYEKEE,ASSLWLNNEQF,ALSKGVHFV
9141,SSVPPY,YTSAATLV,AVSSRDDKLI,SEHNR,FQNEAQ,ASSSPGEYEKLF,GPRLGVRAT
9142,NSAFQY,TYSSGN,AMTLPNFGNEKLT,MNHEY,SMNVEV,ASSITYPTGLQETQY,LLAGIGTVPI
9143,NSAFQY,TYSSGN,AGWEGQGGKLI,SNHLY,FYNNEI,ASSEVPGTSGRAGTDTQY,CINGVCWTV
9144,TRDTTYY,RNSFDEQN,ALSNTGGFKTI,SGDLS,YYNGEE,ASSVDLKAGEEGEQF,DATYQRTRALVR
9145,KALYS,LLKGGEQ,GTEIGPRVGNKLV,LNHDA,SQIVND,ASTNGWNNSPLH,RPPIFIRRL
9146,SVFSS,VVTGGEV,AGASHENYGGSQGNLI,LNHDA,SHIVND,ASSLYSQDEQF,GILGFVFTL
9147,NSMFDY,ISSIKDK,AASVGGGNKLT,LGHDT,YNNKEL,ASSPDRGYEQF,QMMVKAGL
9148,NSASDY,IRSNMDK,AENLAGGSQGNLI,LNHDA,SQIVND,ASSIRASYEQY,GILGFVFTL
9149,DRGSQS,IYSNGD,ASVGMDSSYKLI,LNHDA,SQIVND,ASSTRSGTEAF,GILGFVFTL
9150,NIATNDY,GYKTK,LVGVPLGGGGNKLT,SGHDN,FVKESK,ASSQGGDTEAF,CINGVCWTV
9151,DSSSTY,IFSNMDM,AESEGPTYTDKLI,SGHTA,FQGNSA,ASSSPFSASSYEQY,RAKFKQLL
9152,SIFNT,LYKAGEL,AGQTTGDSSYKLI,LNHDA,SQIVND,ASSTFLGGRSPLH,GILGFVFTL
9153,TRDTTYY,RNSFDEQN,AAGGYNKLI,LNHDA,SQIVND,ASSPDIDKQY,PTDNYITTY
9154,DRGSQS,IYSNGD,AVLNNNARLM,MDHEN,SYDVKM,ASSLWRRRNEQY,SPRWYFYYL
9155,SVFSS,VVTGGEV,AGAGSQGNLI,LNHNV,YYDKDF,ATSRDLASQAF,GILGFVFTL
9156,DSSSTY,IFSNMDM,AEDDNARLM,DFQATT,SNEGSKA,SARDEVGNTIY,GLCTLVAML
9157,YGATPY,YFSGDTLV,AGGGSSNTGKLI,SGHAT,FQNNGV,ASSLLLAGYNEQF,NLVPMVATV
9158,DSSSTY,IFSNMDM,AESGAGGSQGNLI,LNHDA,SQIVND,ASSPRSATAQH,GILGFVFTL
9159,DSASNY,IRSNVGE,AALGGGSQGNLI,LNHDA,SQIVND,ASSMFGALGTEAF,GILGFVFTL
9160,SVFSS,VVTGGEV,AGGGSQGNLI,SGHNS,FNNNVP,ASSRTDGNTIY,GILGFVFTL
9161,NSMFDY,ISSIKDK,AASESGGSNYKLT,MDHEN,SYDVKM,ASSGRWTAYNEQF,NLVPMVATV
9162,NSASDY,IRSNMDK,AALNQAGTALI,DFQATT,SNEGSKA,SASHPGDSPLH,RTATKAYNV
9163,VSGNPY,YITGDNLV,AVTRGNVLH,MNHEY,SVGAGI,ASSYLGQTFNYGYT,NLVPMVATV
9164,SSNFYA,MTLNGDE,AFDYGGSQGNLI,SGHDN,FVKESK,ASSPTGGGSPLH,GILGFVFTL
9165,DRGSQS,IYSNGD,ADESGGSQGNLI,WSHSY,SAAADI,ASGGLVSPQSSYEQY,RAKFKQLL
9166,DRGSQS,IYSNGD,AVNGKYDMR,MDHEN,SYDVKM,ASSTGRSYEQY,LLLDRLNQL
9167,TSINN,IRSNERE,AGQVAGNNRKLI,SGHTA,FQGTGA,ASSPRGGQETQY,RAKFKQLL
9168,DRGSQS,IYSNGD,ALGGNNRLAFG,SGHAT,FQNNGV,ASSLQSLLDEKLFFG,ELAGIGILTV
9169,SSYSPS,YTSAATLV,VVGAMGTQGGSEKLV,MNHNY,SVGAGI,ASSYRQPGTDTQY,TTDPSFLGRY
9170,TRDTTYY,RNSFDEQN,ALSGDPSRYSGAGSYQLT,LNHDA,SQIVND,ASSTTGYEQY,GILGFVFTL
9171,VSGNPY,YITGDNLV,AVRVLSGANNLF,SQVTM,ANQGSEA,SVEGEQF,GILGFVFTL
9172,NIATNDY,GYKTK,PFQTGANNLF,SGHTA,FQGNSA,ASSLGTGAPYEQY,CINGVCWTV
9173,DRGSQS,IYSNGD,AVGAPTNDYKLS,MNHEY,SMNVEV,ASSPGTGAYEQY,LLWNGPMAV
9174,DRGSQS,IYSNGD,AVSNARLM,MNHNS,SASEGT,ASSEAAGRANYGYT,LLWNGPMAV
9175,TISGNEY,GLKNN,TTDSWGKFE,MNHEY,SMNVEV,ASSSLGEDNQPQH,RAKFKQLL
9176,VTNFRS,LTSSGIE,FASSFLGQRRSPLH,SEHNR,FQNEAQ,ASSFLGQGRSPLH,RAKFKQLL
9177,DRGSQS,IYSNGD,AVKLRGADGLT,SGHKS,YYEKEE,ASSLLDDGYT,LLAGIGTVPI
9178,DRGSQS,IYSNGD,AVNGRGDMR,KGHDR,SFDVKD,ATSDLAGGLNEQF,LLAGIGTVPI
9179,DRGSQS,IYSNGD,AVSTGANSKLT,LNHDA,SQIVND,ASSIGLGTFEAF,LLLDRLNQL
9180,SSVSVY,YLSGSTLV,AVSDQSGGYQKVT,SGHVS,FNYEAQ,ASSLAGEGYEQY,RAKFKQLL
9181,DRGSQS,IYSNGD,AVNNARLM,ENHRY,SYGVKD,AISEPGLLSGANVLT,ELAGIGILTV
9182,VTNFRS,LTSSGIE,ASSPLGSHEKLF,SEHNR,FQNEAQ,ASSPLGSNEKLF,RAKFKQLL
9183,TRDTTYY,RNSFDEQN,AHYYGNNRLA,DFQATT,SNEGSKA,SAPPDSLNTEAF,NLVPMVATV
9184,NSASQS,VYSSG,VVNGEDDMR,SGHNT,YYREEE,ASIRDHNTGELF,YLQPRTFLL
9185,NSASQS,VYSSG,GGNRDDKII,SEHNR,FQNEAQ,ASSPDIEQY,YLQPRTFLL
9186,NSAFQY,TYSSGN,AMSGDGGSQGNLI,LNHDA,SQIVND,ASSIRSSEPQH,GILGFVFTL
9187,TSESDYY,QEAYKQQN,AYKGGGATNKLI,SGHRS,YFSETQ,ASSAGQGLPYEQY,GILGFVFTL
9188,SSVSVY,YLSGSTLV,AVTAGDYKLS,GTSNPN,SVGIG,AWSVRDIGNQPQH,ATDALMTGF
9189,TRDTTYY,RNSFDEQN,ALLVAGGGADGLT,WSHSY,SAAADI,ASSERYEETQY,LLDFVRFMGV
9190,TSINN,IRSNERE,ATDGSSGGSNYKLT,LNHDA,SQIVND,ASSIGLYGYT,GILGFVFTL
9191,TSGFNG,NVLDGL,AVVDSNYQLI,GTSNPN,SVGIG,ASSQEGEAHNEQF,CTELKLSDY
9192,NSAFQY,TYSSGN,AMSLSNFGNEKLT,MDHEN,SYDVKM,ASSQEGQGDGAF,LLAGIGTVPI
9193,NSASQS,VYSSG,VVYYGGKLI,SGHNS,FNNNVP,ASSFSGNTGELF,RAKFKQLL
9194,TRDTTYY,RNSFDEQN,ALKSTTDSWGKLQ,MNHEY,SMNVEV,ASSSLTGSRTGKETQY,SPRWYFYYL
9195,TRDTTYY,RNSFDEQN,ALSDAYNFNKFY,SGHVS,FNYEAQ,ASSFSFGQGANEQF,FLYALALLL
9196,DSAIYN,IQSSQRE,AATYNTDKLI,MNHEY,SMNVEV,ASSLGGLAYEQY,ALGIGILTV
9197,DSSSTY,IFSNMDM,AEIPNYGGSQGNLI,MDHEN,SYDVKM,ASSFQGYTEAF,NLVPMVATV
9198,NYSPAY,IRENEKE,FYTGGFKTI,LNHDA,SQIVND,ASRSSGEYEQY,YLQPRTFLL
9199,DSAIYN,IQSSQRE,AVRMNYGGSQGNLI,ENHRY,SYGVKD,AMASSYEQY,HSNLNDATY
9200,NSAFQY,TYSSGN,AVIIAVFGNEKLT,SGHRS,YFSETQ,ATTMGQPTNTGELF,LLAGIGTVPI
9201,YGGTVN,YFSGDPLV,SYNTDKLI,MNHEY,SMNVEV,ASSIYNEQF,YVLDHLIVV
9202,TSESDYY,QEAYKQQN,AYRRA,LNHDA,SQIVND,ASSGRAGDEQF,GILGFVFTL
9203,TSENNYY,QEAYKQQN,AVRKDKARIM,MGHRA,YSYEKL,ASSQEWGRGTDTQY,RPPIFIRRL
9204,SSNFYA,MTLNGDE,YSGGGADGLT,SGHDT,YYEEEE,ASSLQQGITDTQY,QYIKWPWYI
9205,SSNFYA,MTLNGDE,ASSYQKVT,SGHDT,YYEEEE,ASSLQVNTEAF,QYIKWPWYI
9206,SIFNT,LYKAGEL,AGNMNRDDKII,LNHDA,SQIVND,ASATFTNEKLF,GILGFVFTL
9207,NYSPAY,IRENEKE,ALDMGGGSQGNLI,LNHDA,SQIVND,ASSIRSGQPQH,GILGFVFTL
9208,DRGSQS,IYSNGD,AVRAGGFKTI,LGHDT,YNNKEL,ASSLGGGAFAGELF,ELAGIGILTV
9209,NIATNDY,GYKTK,LVGDRGSTLGRLY,LGHNA,YNFKEQ,ASSQSGTGPYEQY,SPRWYFYYL
9210,SSNFYA,MTLNGDE,AWMNRDDKII,SGDLS,YYNGEE,ASSVVGYLGYT,NLVPMVATV
9211,DSASNY,IRSNVGE,AASDGNKLV,SGHDY,FNNNVP,ASSQGTGELF,GILGFVFTL
9212,TRDTTYY,RNSFDEQN,ALILPYSGGGADGLT,DFQATT,SNEGSKA,SARDPGTGAYYGYT,TTDPSFLGRY
9213,DSSSTY,IFSNMDM,AESGWGSYIPT,SGHDT,YYEEEE,ASSLRGNEQY,TPRVTGGGAM
9214,TSDPSYG,QGSYDQQN,AMRDWALTGGGNKLT,MNHEY,SMNVEV,ASSGDREQF,TTDPSFLGRY
9215,TSESDYY,QEAYKQQN,AYRSPNAGNMLT,MNHEY,SVGAGI,ASSYLGSGANVLT,KLSALGINAV
9216,DSASNY,IRSNVGE,AASSIIRGAQKLV,LNHDA,SQIVND,ASTATPGWTEAF,GILGFVFTL
9217,NSMFDY,ISSIKDK,AAREGTGNQFY,SEHNR,FQNEAQ,ASSLGPEAF,YLQPRTFLL
9218,NSASQS,VYSSG,VVNGGASKII,MNHNY,SVGAGI,ASSYPGNNSPLH,TDLGQNLLY
9219,DSSSTY,IFSNMDM,AETIGGRSQGNLI,LNHDA,SQIVND,ASSIRSSYEQY,GILGFVFTL
9220,DSASNY,IRSNVGE,AAIPGGGSYIPT,LNHDA,SQIVND,ASTIYQGAPTEAF,GILGFVFTL
9221,TRDTTYY,RNSFDEQN,ALGSGSARQLT,SGHDT,YYEEEE,ASSETGVGSYEQY,GILGFVFTL
9222,SSVPPY,YTSAATLV,AVSGGPDKII,SGHRS,YFSETQ,ASSSYPGLAPVQETQY,SPRWYFYYL
9223,SVFSS,VVTGGEV,AGGGSQGNLI,LGHDT,YNNKEL,ASRYRLGLCQPQH,GILGFVFTL
9224,TRDTTYY,RNSFDEQN,ALLGGFSGTYKYI,MDHEN,SYDVKM,ASSALAGGPDNEQF,LPRWYFYYL
9225,TSINN,IRSNERE,AIGDQTGANNLF,SGHAT,FQNNGV,ASLISGTDTQY,GILGFVFTL
9226,NSASQS,VYSSG,VVVISNFGNEKLT,SNHLY,FYNNEI,ASSELFGQTSNQPQH,LLAGIGTVPI
9227,NSASQS,VYSSG,VVNKEDRLM,SGHRS,YFSETQ,ASGDTNTGELF,YLQPRTFLL
9228,DRGSQS,IYSNGD,ADESGGSQGNLI,SEHNR,FQNEAQ,ASSPRTGNTGELF,RAKFKQLL
9229,DRGSQS,IYSNGD,AVNTGGFKTI,SGHNS,FNNNVP,ASSLTGGNEAF,ALAGIGILTV
9230,DRGSQS,IYSNGD,AVNAGKST,SNHLY,FYNNEI,ASETGQGANYGYT,LLLDRLNQL
9231,NSAFQY,TYSSGN,SNFGNEKLT,SGHRS,YFSETQ,ASSFEDRVTNYGYT,LLAGIGTVPI
9232,TTSDR,LLSNGAV,AVCMDSSYKLI,SGHNT,YYREEE,ASSLAGDYEQY,NLVPMVATV
9233,YGATPY,YFSGDTLV,AVSHSGGYQKVT,LNHDA,SQIVND,ASSMRSADTQY,GILGFVFTL
9234,NSASQS,VYSSG,VVNQAGTALI,MNHEY,SVGEGT,ASSYGGNTEAF,GILGFVFTL
9235,DRGSQS,IYSNGD,AVNSGTDKLI,MDHEN,SYDVKM,ASRFISLGQPQH,ELAGIGILTV
9236,SSVPPY,YTSAATLV,AVRMGGGAGYSTLT,KGHDR,SFDVKD,ATSDSAGYNEQF,NLVPMVATV
9237,NIATNDY,GYKTK,LVGPGGFGNEKLT,SGHRS,YFSETQ,ASSLEGNGHREQY,CINGVCWTV
9238,TRDTTYY,RNSFDEQN,ALKGGSEKLV,SGDLS,YYNGEE,ASSPWDSRFYGYT,GILGFVFTL
9239,TTLSN,LVKSGEV,AGPGSSNTGKLI,MNHEY,SVGEGT,ASSYMSGAAF,YVLDHLIVV
9240,TISGTDY,GLTSN,IRGTYKYI,SGHNS,FNNNVP,ASSFSGNTGELF,RAKFKQLL
9241,YGGTVN,YFSGDPLV,AVTRRDNTDKLI,MDHEN,SYDVKM,ASRRKIYEQY,YLQPRTFLL
9242,TSESDYY,QEAYKQQN,AYSEPGNTGKLI,LNHDA,SQIVND,ASSTYSNQPQH,GILGFVFTL
9243,DSSSTY,IFSNMDM,AEIGMDSNYQLI,SGHDN,FVKESK,ASSEGQGAYNEQF,MEVTPSGTWL
9244,TSESDYY,QEAYKQQN,AYISNNDMR,ENHRY,SYGVKD,AISVSGTRVYNEQF,NLVPMVATV
9245,TTLSN,LVKSGEV,AGFNDYKLS,ENHRY,SYGVKD,AISESRSRVTDTQY,NLVPMVATV
9246,DSSSTY,IFSNMDM,SHDNNARLM,DFQATT,SNEGSKA,SARDRTGNGYT,GLCTLVAML
9247,DSASNY,IRSNVGE,AATLTGNQFY,LNHDA,SQIVND,ASSIRSTGELF,GILGFVFTL
9248,DSAIYN,IQSSQRE,ASYGQNFV,SGHRS,YFSETQ,ASSLAGLGYT,SPRWYFYYL
9249,YGATPY,YFSGDTLV,AVGTARLM,SGHNS,FNNNVP,ASSFSGNTGELF,RAKFKQLL
9250,TSINN,IRSNERE,ATAGPNSGGSNYKLT,SGHDT,YYEEEE,ASSFRAPFDSPLH,FLASKIGRLV
9251,DRGSQS,IYSNGD,AVTRNNDMR,SGHNT,YYREEE,ASSWGGAYEQY,LLWNGPMAV
9252,TRDTTYY,RNSFDEQN,ALSEALSNFGNEKLT,LNHDA,SQIVND,ASSIHSGNQPQH,GILGFVFTL
9253,TSDPSYG,QGSYDQQN,AMREGVGTGRRALT,DFQATT,SNEGSKA,RGQGSNQPQH,GILGFVFTL
9254,VSGNPY,YITGDNLV,AVRWGGKLS,SQVTM,ANQGSEA,SVDPGHTGEKLF,NLVPMVATV
9255,KALYS,LLKGGEQ,GTVLNTGTASKLT,MNHEY,SMNVEV,ASSRTGPLGDEQF,TTDPSFLGRY
9256,SSVPPY,YTSAATLV,AVSNFMNSGYSTLT,MNHNS,SASEGT,ASSAGQGGEHQPQH,CINGVCWTV
9257,VSNAYN,GSKP,AVIQTGANNLF,SGDLS,YYNGEE,ASSVSGAPYEQY,FLRGRAYGL
9258,TSDPSYG,QGSYDQQN,AIPHAGGTSYGKLT,MGHRA,YSYEKL,ASSQDLADRGYT,NYNYLYRLF
9259,DRGSQS,IYSNGD,AVGGGGADGLT,LGHNA,YNFKEQ,ASSQAQLNTEAF,ELAGIGILTV
9260,DSASNY,IRSNVGE,KTSYDKVI,SEHNR,FQNEAQ,ASSLAQYT,LLAGIGTVPI
9261,NSAFQY,TYSSGN,AMRVIGSDDKII,SGHDT,YYEEEE,ASRLTGRSYEQY,MEVTPSGTWL
9262,DRGSQS,IYSNGD,AVGGSARQLT,SNHLY,FYNNEI,ASSEGQTGNTIY,ELAGIGILTV
9263,DSAIYN,IQSSQRE,AVRGGDMR,MNHNY,SVGAGI,ASTNRGGITYEQY,LTDEMIAQY
9264,DRGSQS,IYSNGD,AVGANNLF,SGDLS,YYNGEE,ASSVSAQPDTQY,ELAGIGILTV
9265,SSVSVY,YLSGSTLV,AVSEVGNKLT,SGHDT,YYEEEE,ASSQSGGGEQF,QYIKWPWYI
9266,DSASNY,IRSNVGE,AASEYGNKLV,MGHRA,YSYEKL,ASSQTPTGSNYGYT,RAKFKQLL
9267,DRGSQS,IYSNGD,AAAGNMLT,SNHLY,FYNNEI,ASSAGWISYEQY,LLWNGPMAV
9268,DRGSQS,IYSNGD,AVKDDKII,MGHDK,SYGVNS,ASTGTGGFSYNEQF,LLWNGPMAV
9269,DRGSQS,IYSNGD,TTDSWGKFE,LNHDA,SQIVND,ASSIYAGGGNTIY,GILGFVFTL
9270,TSDPSYG,QGSYDQQN,AMREGLRGAQKLV,SGHDY,FNNNVP,ASGGRAGTDTQY,HPVTKYIM
9271,DRGSQS,IYSNGD,AGTSGTYKYI,MNHEY,SMNVEV,ASSLWTDRRDGYT,IPSINVHHY
9272,DSASNY,IRSNVGE,AASEGGFKTI,SEHNR,FQNEAQ,ASSSRDGGTDTQY,RAKFKQLL
9273,TRDTTYY,RNSFDEQN,ALSSYSGGYQKVT,DFQATT,SNEGSKA,SADSYRDIDNYGYT,CTELKLSDY
9274,DRGSQS,IYSNGD,APQGSQGNLI,MNHEY,SMNVEV,ASSLRGTYGTEAF,LLLDRLNQL
9275,TSGFNG,NVLDGL,AVRDSNYQLI,SGHRS,YFSETQ,ASSLEGQASSYEQY,CLGGLLTMV
9276,NSMFDY,ISSIKDK,AAPGIYGNKLV,SGHVS,FQNEAQ,ASSPPGTSTDTQY,GILGFVFTL
9277,NSASQS,VYSSG,VVNEEDKLI,SEHNR,FQNEAQ,AGSTSLTGELF,YLQPRTFLL
9278,TISGTDY,GLTSN,ILREFYNDMR,SNHLY,FYNNEI,ASKDDGGGDLKQETQY,RAKFKQLL
9279,SIFNT,LYKAGEL,AGHTGNQFY,SGHNS,FNNNVP,ASSSLDVAGYEQY,RAKFKQLL
9280,TSINN,IRSNERE,ATDASGGSNYKLT,SEHNR,FQNEAQ,ASSPVTGGGSGANVLT,RAKFKQLL
9281,NYSPAY,IRENEKE,ALVVGFGNVLHCFGNVLH,KGHDR,SFDVKD,ATSPLAGEYSGELF,SPRWYFYYL
9282,DRGSQS,IYSNGD,AVYTGGFKTI,GTSNPN,SVGIG,ASTGDRTYEQY,LLLDRLNQL
9283,TSGFNG,NVLDGL,ADANNDMR,DFQATT,SNEGSKA,SARDRTDSYNSPLH,SPRWYFYYL
9284,NSMFDY,ISSIKDK,AATDYGGSQGNLI,LNHDA,SQIVND,ASSLAGVSHTQY,YLQPRTFLL
9285,SVFSS,VVTGGEV,AGPATNAGKST,LNHDA,SQIVND,ASSIRSTYEQY,GILGFVFTL
9286,TSDPSYG,QGSYDQQN,AMREGEGGGFKTI,SGHAT,FQDESV,ASSSGLAGGSHTGELF,RAKFKQLL
9287,NSASQS,VYSSG,VVNNADKLI,DFQATT,SNEGSKA,SARDSMAQNTGELF,YLQPRTFLL
9288,TISGNEY,GLKNN,IAGGSQGNLI,ENHRY,SYGVKD,AISEYPPTGRKADTQY,NLVPMVATV
9289,TSINN,IRSNERE,ATDAVTGGFKTI,MGHRA,YSYEKL,ASSQELTGSKETQY,SPRWYFYYL
9290,TRDTTYY,RNSFDEQN,ALSEASGTYKYI,MGHRA,YSYEKL,ASSQTRGAGNTIY,RAKFKQLL
9291,TSINN,IRSNERE,ATDGYGGSQGNLI,LNHDA,SQIVND,ASQGLAGLEEQF,GILGFVFTL
9292,TSDPSYG,QGSYDQQN,AIKTGGFKTI,SGHTA,FQGTGA,ASSWGGSSTDTQY,FTSDYYQLY
9293,TRDTTYY,RNSFDEQN,ALDSSDGQKLL,MNHEY,SMNVEV,ASSPLIGEQY,GILGFVFTL
9294,TRDTTYY,RNSFDEQN,ALTDYSGAGSYQLT,LNHDA,SQIVND,ASSIRSGTEAF,GILGFVFTL
9295,VSPFSN,MTFSENT,VVSPVAGGFKTI,LNHDA,SQIVND,ASSISGASNYGYT,GILGFVFTL
9296,TRDTTYY,RNSFDEQN,ALSGGSSNTGKLI,LGHNA,YSLEER,ASSQDHYYNEQF,YLQPRTFLL
9297,TSINN,IRSNERE,ATDSHPKGGSQGNLI,LNHDA,SQIVND,ASSSTGIGSQPQH,GILGFVFTL
9298,YGGTVN,YFSGDPLV,AVKDTDKLI,LGHDT,YNNKEL,ASSPTFDPPQH,YVLDHLIVV
9299,VSGNPY,YITGDNLV,AVRDNYGQNFV,SGHVS,FNYEAQ,ASSLAGEVNEQF,GILGFVFTL
9300,VSGLRG,LYSAGEE,AVQAGGANNLF,DFQATT,SNEGSKA,SADDYSGSSDEQF,NQKLIANQF
9301,DRGSQS,IYSNGD,AVKRRAAGNKLT,MDHEN,SYDVKM,ASTDTPRLINTGALF,YVLDHLIVV
9302,VSGNPY,YITGDNLV,AVRAFYAGNMLT,MDHEN,SYDVKM,ASIRGLAGVRTDTQY,GILGFVFTL
9303,NSASQS,VYSSG,VVNLTGQEMR,SGHAT,FQDESV,ASSLSLQGAGETQY,YVLDHLIVV
9304,DSASNY,IRSNVGE,AAGSSGGYNKLI,SQVTM,ANQGSEA,SVEGFVTGGYEQY,YAKWKLCSA
9305,TSINN,IRSNERE,ATANTGFQKLV,LNHDA,SQIVND,ASSIRSSYEQY,GILGFVFTL
9306,SIFNT,LYKAGEL,AGQLNAGNMLT,MNHEY,SMNVEV,ASAPLVGAPEAKNIQY,SPRWYFYYL
9307,VSGLRG,LYSAGEE,AVQAGNNNDMR,SGDLS,YYNGEE,ASSATGSNTGELF,NLVPMVATV
9308,DRGSQS,IYSNGD,AAPSNNNDMR,MNHEY,SVGAGI,ASSYGFNQPQH,ELAGIGILTV
9309,DRGSQS,IYSNGD,AVRVSGTYKYI,GTSNPN,SVGIG,AWAREDQPQH,YAKWKLCSA
9310,KALYS,LLKGGEQ,GTGLAYNNDMR,WSHSY,SAAADI,ASSRPEGEQY,TTDPSFLGRY
9311,SSVSVY,YLSGSTLV,AVSDQEGAQKLV,SGHTA,FQGTGA,ASSLIALGNTEAF,RAKFKQLL
9312,NSASQS,VYSSG,VVNRLDDMR,SGHKS,YYEKEE,ATLGSNTGELF,YLQPRTFLL
9313,TSDPSYG,QGSYDQQN,AMFPGARLM,LGHDT,YNNKEL,ASSLTGFGEQF,PTDNYITTY
9314,TRDTTYY,RNSFDEQN,ALSGADSGAGSYQLT,SGHNS,FNNNVP,ASSFSGNTGELF,RAKFKQLL
9315,TSESDYY,QEAYKQQN,AYNTGGFKTI,MDHEN,SYDVKM,ATGPRGSSYNEQ,RLPGVLPRA
9316,YGGTVN,YFSGDPLV,VVSVPTGNQFY,SGDLS,YYNGEE,ASSRFPTGSNNEQF,SPRWYFYYL
9317,DSASNY,IRSNVGE,AASETSYDKVI,MDHEN,SYDVKM,ASSLTDTQY,RAKFKQLL
9318,DSASNY,IRSNVGE,KTSYDKVI,SGHAT,FQDESV,ASSLLGVRDRENEQY,RAKFKQLL
9319,NYSPAY,IRENEKE,ALDVITGGGNKLT,MNHEY,SMNVEV,ASSLRVAGEQF,TTDPSFLGRY
9320,TTSDR,LLSNGAV,AVDFRDNYGQNFV,SGHDT,YYEEEE,ASSLRDGSEAF,RAKFKQLL
9321,SIFNT,LYKAGEL,AGQNINMNRDDKII,LNHDA,SQIVND,ASSPFGANVLT,GILGFVFTL
9322,DSAIYN,IQSSQRE,AVLMDSNYQLI,WSHSY,SAAADI,NTEAF,CLGGLLTMV
9323,DRGSQS,IYSNGD,AVSKSNFGNEKLT,DFQATT,SNEGSKA,SAADEVGPQH,ELAGIGILTV
9324,TSGFNG,NVLDGL,AVRALNRDDKII,DFQATT,SNEGSKA,SARGRRDKAF,GILGFVFTL
9325,TSENNYY,QEAYKQQN,AFMKQEGGSEKLV,SGHAT,FQNNGV,ASSFRRGKGETQY,GILGFVFTL
9326,DSASNY,IRSNVGE,AATETSYDKVI,SEHNR,FQNEAQ,ASSFLGTGGASNLISGNTIY,RAKFKQLL
9327,TISGNEY,GLKNN,IGQGNTPLV,LNHDA,SQIVND,ASSIFQGGGNTEAF,GILGFVFTL
9328,DRGSQS,IYSNGD,AVKNNDMR,MNHEY,SMNVEV,ASSLGQGFAGELF,ELAGIGILTV
9329,NSASQS,VYSSG,VVNYPAGDYKLS,LNHDA,SQIVND,ASSILAGGNTGELF,YLQPRTFLL
9330,NSASQS,VYSSG,KTSYDKVI,SEHNR,FQNEAQ,ASSALGGRGDTQY,RAKFKQLL
9331,DSSSTY,IFSNMDM,PQSTGTLI,SQVTM,ANQGSEA,SAGRDGTNEKLF,GLCTLVAML
9332,DSSSTY,IFSNMDM,AEDNNARLM,DFQATT,SNEGSKA,SARVEPGNGYT,GLCTLVAML
9333,SSYSTF,SSENQE,ARNTGNQFY,PRHDT,FYEKMQ,ASSYVTGTGSYGYTG,NLVPMVATV
9334,TISGNEY,GLKNN,IVRVGPGGYNKLI,MDHEN,SYDVKM,ASSFLTSANTGELF,SPRWYFYYL
9335,TRDTTYY,RNSFDEQN,ALSEASTGNQFY,DFQATT,SNEGSKA,SASRGGALYNEQF,YLQPRTFLL
9336,YGATPY,YFSGDTLV,AVGAPSTSGTYKYI,MRHNA,SNTAGT,ANRGPQGANYGYT,RFPLTFGWCF
9337,KTLYG,LQKGGEE,GADENRGSTLGRLY,SGHTA,FQGTGA,ASSLMGLAGGGTDTQY,SPRWYFYYL
9338,TISGNEY,GLKNN,IVRVAPYGGSQGNLI,GTSNPN,SVGIG,ASFIAGGPGEQF,LLAGIGTVPI
9339,TSGFNG,NVLDGL,AVNSGNTPLV,SGHDN,FVKESK,ASSLVYSPGDGYT,QAKWRLQTL
9340,VSGLRG,LYSAGEE,AYGSGNTGKLI,MDHEN,SYDVKM,ASSLSSDSYEQY,PTDNYITTY
9341,TSENNYY,QEAYKQQN,AFMKQGNGNKLV,SGDLS,YYNGEE,ASSVGAGELF,ALSKGVHFV
9342,VSGNPY,YITGDNLV,AVRPLGGSQGNLI,LNHDA,SQIVND,ASSIRSSYEQY,GILGFVFTL
9343,DRGSQS,IYSNGD,AVNYGGSQGNLI,LGHNA,YNFKEQ,ASSQDLLSGAQY,ELAGIGILTV
9344,NIATNDY,GYKTK,LVGDPLITDKLI,SNHLY,FYNNEI,ASSTDRQFGYGYT,GILGFVFTL
9345,TSGFNG,NVLDGL,CYSSASKII,SNHLY,FYNNEI,ASSEGLAGTNTGELF,SPRWYFYYL
9346,SVFSS,VVTGGEV,AGDLTLEAYGGSQGNLI,LNHDA,SQIVND,ASSIRSSYEQY,GILGFVFTL
9347,DSASNY,IRSNVGE,AYGGSQGNLI,SNHLY,FYNNEI,ASSEGQVSPGELF,GILGFVFTL
9348,DRGSQS,IYSNGD,AVNAGNMLT,MNHNS,SASEGT,ASSDPIGGYGYT,ELAGIGILTV
9349,TSINN,IRSNERE,ATAGYNTDKLI,SGDLS,YYNGEE,ASSVDRAGPDTDTQY,GPRLGVRAT
9350,NSAFQY,TYSSGN,ASTLSNFGNEKLT,SGHRS,YFSETQ,ASSSYHPGASGDSTDTQY,LLAGIGTVPI
9351,NSMFDY,ISSIKDK,AATPGSNYKLT,SGHDT,YYEEEE,ASSFTPGGQETQY,TTDPSFLGRY
9352,YGGTVN,YFSGDPLV,AVKDTDKLI,GTSNPN,SVGIG,AWSGSGTSGIMYNEQF,YVLDHLIVV
9353,DSSSTY,IFSNMDM,AEDLQKLV,SGHVS,FNYEAQ,ASSPLAGVSDTQY,GLCTLVAML
9354,DSASNY,IRSNVGE,AARIGGYSTLT,SGHDN,FVKESK,ASSQVNNPGDGYT,QAKWRLQTL
9355,DRGSQS,IYSNGD,AVIQGAQKLV,SGDLS,YYNGEE,ASSVDPGVHNEQF,LLLDRLNQL
9356,DSSSTY,IFSNMDM,AESIGLTGGGNKLT,SGHNT,YYREEE,ASSRTGVGGRSYEQYV,VTEHDTLLY
9357,KTLYG,LQKGGEE,GADMEGAGGTSYGKLT,LNHDA,SQIVND,ASSIGHYGYT,GILGFVFTL
9358,TSDPSYG,QGSYDQQN,AMREEGHKLI,MNHEY,SMNVEV,ASSLLGGGYSYEQY,RAKFKQLL
9359,DSASNY,IRSNVGE,AAFNSGGSNYKLT,SQVTM,ANQGSEA,SVGQGMNTEAF,RAKFKQLL
9360,DSASNY,IRSNVGE,AASMGSGYSTLT,SEHNR,FQNEAQ,ASSLSGGNEKLF,RVAGDSGFAAY
9361,TSINN,IRSNERE,APSLMDTGRRALT,SGHNS,FNNNVP,ASSFGGDGYNEQF,RLPGVLPRA
9362,VSGLRG,LYSAGEE,AVDRGMDSNYQLI,MDHEN,SYDVKM,ASSFLFRDGTYEQY,QMMVKAGL
9363,TSGFYG,NALDGL,AVSMADRGSTLGRLY,SGHVS,FQNEAQ,ASSLALLAGAGGELF,SPRWYFYYL
9364,NTAFDY,IRPDVSE,AARTGEGVVYSGAGSYQLT,LNHDA,SQIVND,ASSSTSRDYGYT,NQKLIANQF
9365,DRGSQS,IYSNGD,AVTAGANNLF,MNHNY,SVGAGI,ASSAGGAYEQY,LLWNGPMAV
9366,TSINN,IRSNERE,ATEYRMDSSYKLI,SEHNR,FQNEAQ,ASSFRDRGNYEQY,TPRVTGGGAM
9367,SVFSS,VVTGGEV,AGGGSQGNLI,SQVTM,ANQGSEA,SVVVGDLYNEQF,GILGFVFTL
9368,VSGNPY,YITGDNLV,AVRDTPGGYQKVT,MNHEY,SVGEGT,ASSYTVQPYNEQF,NLVPMVATV
9369,SVFSS,VVTGGEV,AGGGSQGNLI,LGHDT,YNNKEL,ASSPLWVAGGRETQY,GILGFVFTL
9370,DRGSQS,IYSNGD,AVAPSLGFGNVLHCFGNVLH,MNHEY,SVGEGT,ASTKGGTDTQY,TTDPSFLGRY
9371,DSASNY,IRSNVGE,AASEGPPDKLI,SGHTA,FQGNSA,ASSLGWGANGYT,RAKFKQLL
9372,TSDPSYG,QGSYDQQN,AMRATGGFKTI,MDHEN,SYDVKM,ASSLTQGLNTEAF,TTDPSFLGRY
9373,TTLSN,LVKSGEV,AGRGSSNTGKLI,LGHDT,YNNKEL,ASSQEITSGETQY,YVLDHLIVV
9374,DSVNN,IPSGT,AGSPSNTGKLI,SGHTA,FQGNSA,ASSPRDRERGEQY,GILGFVFTL
9375,SVFSS,VVTGGEV,AGASGSSNTGKLI,SGHDT,YYEEEE,ASSLRDGSEAF,RAKFKQLL
9376,NSASDY,IRSNMDK,ADSGGGADGLT,SGHNS,FNNNVP,ASSFLDRGPNTEAF,RAKFKQLL
9377,DRGSQS,IYSNGD,AVRGGKLI,SQVTM,ANQGSEA,SVEDGGRGGSTDTQY,ELAGIGILTV
9378,SVFSS,VVTGGEV,AGVLSRDDKII,SGHVS,FNYEAQ,ASSLSLGGQYNGYT,LLWNGPMAV
9379,NSASQS,VYSSG,VVLMDSSYKLI,PRHDT,FYEKMQ,ASSKGVKENTEAF,RTATKAYNV
9380,DRGSQS,IYSNGD,AVNEDDKII,SEHNR,FQNEAQ,ASSSDISAF,YLQPRTFLL
9381,ATGYPS,ATKADDK,ALSDPRGGSEKLV,MGHRA,YSYEKL,ASSQDVGQGVLYGYT,LTDEMIAQY
9382,NIATNDY,GYKTK,LAEAPGRRALT,MNHEY,SMNVEV,ASSLRLAGGIQETQY,SPRWYFYYL
9383,TRDTTYY,RNSFDEQN,ALKSTGNQFY,SGHTA,FQGNSA,ASSSFDLDITGELF,GILGFVFTL
9384,NIATNDY,GYKTK,LVGDPYNTDKLI,MGHRA,YSYEKL,ASSQGWSDSFYGYT,GILGFVFTL
9385,SSNFYA,MTLNGDE,AFGPSFNNDMR,MNHEY,SMNVEV,ASSLRLTDRATYEQY,YLQPRTFLL
9386,DRGSQS,IYSNGD,AVNGTAGRDDKII,GTSNPN,SVGIG,AWRKGREQF,LLLDRLNQL
9387,DRGSQS,IYSNGD,AVSPSGNTPLV,SGHAT,FQDESV,ASRGTHYGYT,HPVTKYIM
9388,DRGSQS,IYSNGD,AVTVSNDYKLS,SGDLS,YYNGEE,ASSDASGSIGEQF,CINGVCWTV
9389,DSSSTY,IFSNMDM,AEDNNARLM,LGHNA,YNFKEQ,ASSQRPSEVGELF,RAKFKQLL
9390,TSDPSYG,QGSYDQQN,AMREVFNDYKLS,SGHNS,FNNNVP,ASSVVERAF,NLVPMVATV
9391,TSGFNG,NVLDGL,AVRSAGGYKAAGNKLT,DFQATT,SNEGSKA,SASRQGQEFYYGYT,TPRVTGGGAM
9392,DRGSQS,IYSNGD,AVRGSYNARLM,MNHEY,SMNVEV,ASSLGFNEQF,GILGFVFTL
9393,DSASNY,IRSNVGE,AAQKTSYDKVI,SEHNR,FQNEAQ,ASSLTGAGNQPQH,RAKFKQLL
9394,YGGTVN,YFSGDPLV,AVKDTDKLI,MDHEN,SYDVKM,ASSPYSDTQY,YVLDHLIVV
9395,DSVNN,IPSGT,AVTPPVQGAQKLV,LGHNA,YNFKEQ,ASSQGPGSGETQY,CINGVCWTV
9396,TISGNEY,GLKNN,IVYTGAGSYQLT,SGDLS,YYNGEE,ASSVDGGEFYEQY,VYFLQSINF
9397,DRGSQS,IYSNGD,AVPSGNTPLV,SGHDY,FNNNVP,ASSLAAGGVDEQF,ELAGIGILTV
9398,DRGSQS,IYSNGD,AVRERDDKII,MDHEN,SYDVKM,ASGQGFSGNTIY,TPRVTGGGAM
9399,DRGSQS,IYSNGD,AALDSWGKFQ,LNHDA,SQIVND,ASSARSGEPQH,GILGFVFTL
9400,DSASNY,IRSNVGE,AASETSYDKVI,SEHNR,FQNEAQ,ASTSLGDGSGNEQF,RAKFKQLL
9401,DSASNY,IRSNVGE,AASETSYDKVI,SEHNR,FQNEAQ,ASSALGHPNQPQH,RAKFKQLL
9402,DSSSTY,IFSNMDM,AEQTDKLI,SGDLS,YYNGEE,ASSVVGNEQF,CINGVCWTV
9403,NTAFDY,IRPDVSE,AALPAGRGSTLGRLY,LNHDA,SQIVND,ASSMYAGNVLT,GILGFVFTL
9404,SSNFYA,MTLNGDE,AFNDYKLS,GTSNPN,SVGIG,AWVPGTGGRAAF,NLVPMVATV
9405,SVFSS,VVTGGEV,AGDRLGGQNFV,SGHKS,YYEKEE,ASSGPGGVDEQY,RAKFKQLL
9406,SVFSS,VVTGGEV,ASHTL,SEHNR,FQNEAQ,ASSLLGEKLF,RPPIFIRRL
9407,TTLSN,LVKSGEV,AGLGDSGGSNYKLT,LGHDT,YNNKEL,ASSQDRWDVMSKNIQY,VLFGLGFAI
9408,SVFSS,VVTGGEV,AGGLIYNQEGKLI,MNHNS,SASEGT,ARRSRGENNGGV,VLFGLGFAI
9409,YGATPY,YFSGDTLV,AYGQNFV,SGDLS,YYNGEE,ASSADSDYGYT,YLLEMLWRL
9410,VTNFRS,LTSSGIE,ARGGATNKLI,KGHSH,LQKENI,ASSDTGVDEQF,GILGFVFTL
9412,KALYS,LLKGGEQ,GTEREAQGGSEKLV,SNHLY,FYNNEI,ASRGRQGRWSSGANVLT,YLQPRTFLL
9413,DRGSQS,IYSNGD,AVNIAHSGGGADGLT,SGHVS,FQNEAQ,ASSLGQAYEQY,FLRGRAYGL
9414,VSGNPY,YITGDNLV,ATDAPGGYQKVT,MNHEY,SVGEGT,ASSPWTGTLNTEA,NLVPMVATV
9415,TRDTTYY,RNSFDEQN,ALNQAGTALI,SGDLS,YYNGEE,ASSATGEWQPQH,RAKFKQLL
9416,ATGYPS,ATKADDK,ALSTTSGTYKYI,MNHEY,SMNVEV,ASSPLAGGEEKKETQY,SPRWYFYYL
9417,DSASNY,IRSNVGE,AFQNQGGKLI,LNHDA,SQIVND,ASSTRSSETQY,GILGFVFTL
9418,TISGTDY,GLTSN,ILSIQGGSEKLV,LNHDA,SQIVND,ASSVRSSYEQY,GILGFVFTL
9419,TSINN,IRSNERE,ATDGDDYKLS,DFQATT,SNEGSKA,ASSPGLAGGWEQY,NLVPMVATV
9420,DRGSQS,IYSNGD,AQDGQNFV,SGDLS,YYNGEE,ASSPSPKRGAYEQY,YLQPRTFLL
9421,DRGSQS,IYSNGD,AGGAGTALI,SGHDN,FVKESK,ASSQGPAAYEQY,LLWNGPMAV
9422,DRGSQS,IYSNGD,AVNNNNDMR,DFQATT,SNEGSKA,SGSQDPYEQY,DATYQRTRALVR
9423,SSYSPS,YTSAATLV,VVSVGGQKLL,DFQATT,SNEGSKA,SGPGQGTDTQY,TDLGQNLLY
9424,TSDPSYG,QGSYDQQN,AMRESASGGSYIPT,LNHDA,SQIVND,ASSIIPDMNTEAF,RPIIRPATL
9425,VGISA,LSSGK,AVRSIGNNAGNMLT,LNHDA,SQIVND,ASSTWTRDEQF,GILGFVFTL
9426,TSINN,IRSNERE,ATDGASGYSTLT,SGHNS,FNNNVP,ASSVQGNSYEQY,FLYALALLL
9427,VGISA,LSSGK,AVDNYGQNFV,MNHEY,SMNVEV,ASSLYGADTQY,HPNGYKSLSTL
9428,NSMFDY,ISSIKDK,AASGGFGNEKLT,SGDLS,YYNGEE,ASSAGDYGYT,TTDPSFLGRY
9429,NSASQS,VYSSG,TTDSWGKFE,MDHEN,SYDVKM,ASSLYSNSYEQY,PTDNYITTY
9430,TSENNYY,QEAYKQQN,AFMKTGANSKLT,ENHRY,SYGVKD,AISGPETNQPQH,LTDEMIAQY
9431,NSASQS,VYSSG,VVNRDNDMR,SNHLY,FYNNEI,ASSDVTTGELF,YLQPRTFLL
9432,SSVSVY,YLSGSTLV,AVSDGEGAQKLV,SGHTA,FQGTGA,ASSLPVLAGPNTAAF,RAKFKQLL
9433,TSGFNG,NVLDGL,AVIRGMDSSYKLI,LNHDA,SQIVND,ASSIVGTGTYEQY,GILGFVFTL
9434,NIATNDY,GYKTK,LVGDVDTDKLI,MNHEY,SVGAGI,ASSFLIAGRETQY,RTATKAYNV
9435,TSESDYY,QEAYKQQN,AVYNTNAGKST,SEHNR,FQNEAQ,ASSYAGEPHEQY,IPSINVHHY
9436,NSASQS,VYSSG,VARMDSSYKLI,WNHNN,SYGVQD,ASSDSGFGYGYT,LTDEMIAQY
9437,TSINN,IRSNERE,ATDSGGSNYKLT,SQVTM,ANQGSEA,SVGAGEDDEQY,RAKFKQLL
9438,SVFSS,VVTGGEV,AGAGSQGNLI,SGHTA,FQGNSA,ASAHPRASGSTDTQY,GILGFVFTL
9439,SIFNT,LYKAGEL,AAGADGGSQGNLI,LNHDA,SQIVND,ASSIRAGETQY,GILGFVFTL
9440,TSGFNG,NVLDGL,AVMGSNYQLI,MRHNA,SNTAGT,ASTDGVENSPLH,RAKFKQLL
9441,NIATNDY,GYKTK,LVGDGAGYSTLT,LNHDA,SQIVND,ASSVALGNQETQY,DATYQRTRALVR
9442,VSGNPY,YITGDNLV,AAPPSNTGKLI,LNHDA,SQIVND,ASSTRAADTQY,GILGFVFTL
9443,DRGSQS,IYSNGD,AVNPGWGGSNYKLT,SGDLS,YYNGEE,ASSVTGQLQETQY,ELAGIGILTV
9444,DSAIYN,IQSSQRE,AVRSSNDYKLS,SGHNS,FNNNVP,ASSPSGWEQY,EAAGIGILTV
9445,SSYSTF,SSENQE,ARNTGNQFY,PRHDT,FYEKMQ,ASSFQTGASYGYTFG,NLVPMVATV
9446,SVFSS,VVTGGEV,YNFNKFY,SGHRS,YFSETQ,ASSFAPRDQLTTEAF,GLCTLVAML
9447,DSASNY,IRSNVGE,AARETSYDKVI,SEHNR,FQNEAQ,ASSLVGTKRETQY,RAKFKQLL
9448,DSSSTY,IFSNMDM,AESMGGGSQGNLI,LNHDA,SQIVND,ASSNRAGVEQY,GILGFVFTL
9449,TRDTTYY,RNSFDEQN,ALSEGSGGYQKVT,LGHNA,YSLEER,ASSQDPSPSTDTQY,GILGFVFTL
9450,DRGSQS,IYSNGD,AVAVGVSGGGADGLT,LNHDA,SQIVND,ASSQGAYGYT,GILGFVFTL
9451,TSGFNG,NVLDGL,AVRDHSGNTPLV,LNHDA,SQIVND,ASSFRSSETQY,GILGFVFTL
9452,SVFSS,VVTGGEV,AGNSGNTGKLI,LNHDA,SQIVND,ASSTRGGYEQY,GILGFVFTL
9453,NSMFDY,ISSIKDK,AASGNTGNQFY,SGHDY,FNNNVP,ASSYNEQF,NLVPMVATV
9454,DRGSQS,IYSNGD,AVNIGGGSQGNLI,LNHDA,SQIVND,ASSIRSGHEQY,GILGFVFTL
9455,SVFSS,VVTGGEV,TTDSWGKFE,SEHNR,FQNEAQ,ASSALGHRNTEAF,RAKFKQLL
9456,NSAFQY,TYSSGN,AATISNFGNEKLT,SGHDT,YYEEEE,ASSLKIGRGYTQY,LLAGIGTVPI
9457,DSSSTY,IFSNMDM,AESETGANNLF,ENHRY,SYGVKD,AAAGTASTDTQY,RAKFKQLL
9458,SSNFYA,MTLNGDE,AFEADTGNQFY,SNHLY,FYNNEI,ASYSTSGGQETQY,CTELKLSDY
9459,DRGSQS,IYSNGD,AVANARLM,MDHEN,SYDVKM,ASRGARGMAGELF,LLAGIGTVPI
9460,DSSSTY,IFSNMDM,AVYGNNRLA,DFQATT,SNEGSKA,SARDHGGDYGYT,NLVPMVATV
9461,TSDPSYG,QGSYDQQN,AIWTFGGEKLT,LNHDA,SQIVND,ASSRSLTDTQY,RPIIRPATL
9462,TSESDYY,QEAYKQQN,AYRSFPTLGDFDKLI,SGDLS,YYNGEE,ASSVGADIIMNTEAF,GILGFVFTL
9463,SSVPPY,YTSAATLV,AVSDRDGGFKTI,SQVTM,ANQGSEA,SVGTGGTNEKLF,GLCTLVAML
9464,TSINN,IRSNERE,ATDASGGSNYKLT,MNHNY,SVGAGI,ASSYGFPTSGGNTGELF,RAKFKQLL
9465,DRGSQS,IYSNGD,AVTPTDSWGKLQ,MNHEY,SVGEGT,ASSYGMGQPQH,ELAGIGILTV
9466,DSSSTY,IFSNMDM,AETQDSNYQLI,MGHRA,YSYEKL,ASSQDGWAGDQPQH,RAKFKQLL
9467,NSAFQY,TYSSGN,AMSLSNFGNEKLT,MGHRA,YSYEKL,ASNAGTSGANVLT,LLAGIGTVPI
9468,DRGSQS,IYSNGD,AVPGGGGSQGNLI,LNHDA,SQIVND,ASSMRSTNEQF,GILGFVFTL
9469,DSVNN,IPSGT,AVDVDSGAGSYQLT,SGHDN,FVKESK,ASSDNRVWTEAF,RPIIRPATL
9470,NSAFQY,TYSSGN,AMSHMNRDDKII,SGHAT,FQDESV,ASSSTGGDYGYT,LLAGIGTVPI
9471,DRGSQS,IYSNGD,AVNIRDSNYQLI,LGHDT,YNNKEL,ASSYSGGAGELF,RAKFKQLL
9472,YGGTVN,YFSGDPLV,AVKDTDKLI,LGHDT,YNNKEL,ASGSIVNTEAF,YVLDHLIVV
9473,NSASQS,VYSSG,VVNLPNDYKLS,SGHNS,FNNNVP,ASSLAQVAGGNEQF,GLCTLVAML
9474,NSASQS,VYSSG,VVNGEDSSYKLI,LNHDA,SQIVND,ASSPHLGAAAAQY,YVLDHLIVV
9475,KTLYG,LQKGGEE,GADGGGTYKYI,SQVTM,ANQGSEA,SYSAGEDQPQH,RAKFKQLL
9476,YGATPY,YFSGDTLV,AVGLNFGNEKLT,MNHEY,SVGEGT,ASSSPGGQHQPQH,RAKFKQLL
9477,VGISA,LSSGK,AAKNYGGSQGNLI,LNHDA,SQIVND,ASSIGQGLDTQY,GILGFVFTL
9478,TSGFNG,NVLDGL,AVMDSNYQLI,LGHNA,YSLEER,ASSQHSGTGGYGYT,TDLGQNLLY
9480,NSASDY,IRSNMDK,ADSGGGADGLT,PRHDT,FYEKMQ,ASSFKGRGSGNTIY,RAKFKQLL
9481,DRGSQS,IYSNGD,AAGGGFGNVLHCFGNVLH,MDHEN,SYDVKM,ASSPAGTDQETQY,ELAGIGILTV
9482,NSASDY,IRSNMDK,AEGGDGGSQGNLI,LNHDA,SQIVND,ASSTRSTYEQY,GILGFVFTL
9483,TTLSN,LVKSGEV,AVSYGGSQGNLI,LNHDA,SQIVND,ASSGRPTETQY,GILGFVFTL
9484,YSGSPE,HISR,AVRCFGNEKLT,SQVTM,ANQGSEA,SVPSTVQETQY,GLCTLVAML
9485,SIFNT,LYKAGEL,AGQTTYDKII,SGHDY,FNNNVP,ASSPWSGRADTQY,RTATKQYNV
9486,DRGSQS,IYSNGD,AVKGGQAGTALI,SGDLS,YYNGEE,ASSARGDTEAF,LLLDRLNQL
9487,TSDPSYG,QGSYDQQN,AMREGGNFNKFY,SQVTM,ANQGSEA,SVVVPPNQPQH,YVLDHLIVV
9488,DRGSQS,IYSNGD,AVNRYDKII,SEHNR,FQNEAQ,ASSPDIGAF,YLQPRTFLL
9489,TRDTTYY,RNSFDEQN,ALSEETSGSRLT,DFQATT,SNEGSKA,SATGDPSYEQY,GILGFVFTL
9490,DSVNN,IPSGT,AVEAAAGNKLT,MDHEN,SYDVKM,ASSSGQGNIQY,CINGVCWTV
9491,DSASNY,IRSNVGE,NTNAGKST,MNHEY,SVGEGT,ASSYTAKTDTSNQPQH,GILGFVFTL
9492,NSASQS,VYSSG,VVSDSALI,MNHEY,SMNVEV,ASSAAGTPAYEQY,LLWNGPMAV
9493,DSASNY,IRSNVGE,AAEETSYDKVI,SEHNR,FQNEAQ,ASSLLGETENTIY,RAKFKQLL
9494,TSINN,IRSNERE,ATTGGSGYSTLT,SGHDT,YYEEEE,ASSYRLGGNTQY,LLAGIGTVPI
9495,DSASNY,IRSNVGE,AALETSYDKVI,SGHVS,FQNEAQ,ASSLPTSGGYLSYEQY,CLGGLLTMV
9496,TSINN,IRSNERE,ATDEEEYGNKLV,LGHDT,YNNKEL,ASRGERGYEQY,RTATKAYNV
9497,YGATPY,YFSGDTLV,AALDRGSTLGRLY,LNHDA,SQIVND,ATAPLSINEQF,GILGFVFTL
9498,SVFSS,VVTGGEV,AGALGGSQGNLI,LNHDA,SQIVND,ASSSRSSYEQY,GILGFVFTL
9499,DRGSQS,IYSNGD,AMDSSASKIIFG,DFQATT,SNEGSKA,SALQGLTPEAFFG,ELAGIGILTV
9500,TTSDR,LLSNGAV,AAPGPAGGTSYGKLT,MGHRA,YSYEKL,ASSQDRLGDTQY,VYFLQSINF
9501,NSASDY,IRSNMDK,AENLGGGSQGNLI,LNHDA,SQIVND,ASSIRAASYNEQF,GILGFVFTL
9502,NSASDY,IRSNMDK,AEKPPLKDSSYKLI,LNHDA,SQIVND,ASSIFGAGNQPQH,GILGFVFTL
9503,ATGYPS,ATKADDK,ALSDREDHNDMR,SGDLS,YYNGEE,ASSPQGGGSYEQY,HPVTKYIM
9504,NIATNDY,GYKTK,LVGDHSGTYKYI,MNHEY,SMNVEV,ASNPVIGDEQY,DATYQRTRALVR
9505,NSAFQY,TYSSGN,AMSISNFGNEKLT,MDHEN,SYDVKM,ASSSGRPSSYNSPLH,LLAGIGTVPI
9506,DRGSQS,IYSNGD,AGGAGRRALT,SGHNS,FNNNVP,AWARGTGELF,ALAGIGILTV
9507,VSGNPY,YITGDNLV,AVRDIIRAGSYQLT,MNHEY,SMNVEV,ASSLPHGVGELF,GPRLGVRAT
9508,TSENNYY,QEAYKQQN,AFMKGAGGTSYGKLT,SGHNS,FNNNVP,ASSFSGNTGELF,GILGFVFTL
9509,NSASQS,VYSSG,VVTDDKII,SGHKS,YYEKEE,ASSLEVLAGVYEQY,LLWNGPMAV
9510,TISGTDY,GLTSN,ILTSGTYKYI,SNHLY,FYNNEI,ASSEGTGELYGYT,KSKRTPMGF
9511,TISGTDY,GLTSN,ILRDAGSGNNDMR,SGDLS,YYNGEE,ASSAYDWDEQF,GILGFVFTL
9512,TSINN,IRSNERE,ATENYGNNRLA,SEHNR,FQNEAQ,ASSSDPQETQY,GLCTLVAML
9513,DSASNY,IRSNVGE,AARETSYDKVI,SEHNR,FQNEAQ,ASSLLGTEDEKLF,RAKFKQLL
9514,DRGSQS,IYSNGD,AVNTGGGNKLT,SGHNT,YYREEE,ASSLGLQGSYGYT,ELAGIGILTV
9515,TSGFYG,NALDGL,ADHGSSNTGKLI,LNHNV,YYDKDF,ATSRAQDNEQF,LPRWYFYYL
9516,DRGSQS,IYSNGD,ATNAGGTSYGKLT,MNHEY,SVGAGI,ASSYSAAGTEAF,LLAGIGTVPI
9518,TSINN,IRSNERE,ATAPNQAGTALI,MNHNY,SVGAGI,ASSYLGQGENYGYT,ALWEIQQVV
9519,TISGNEY,GLKNN,IVRVVNTGFQKLV,LNHDA,SQIVND,ASSILSGRAQY,GILGFVFTL
9520,SSYSPS,YTSAATLV,VVSDLGYKLS,LNHDA,SQIVND,ASSIRSSYEQY,GILGFVFTL
9521,NSMFDY,ISSIKDK,APHSGGYQKVT,LGHNA,YNFKEQ,ASSPTDSSGTYEQY,VTEHDTLLY
9522,TTSDR,LLSNGAV,AGEGNNNDMR,SEHNR,FQNEAQ,ASSLLGGGPNSPLH,RAKFKQLL
9523,TSDPSYG,QGSYDQQN,AMRGRTGNQFY,SGHDY,FNNNVP,ASSQKLAGDNEQF,ALSKGVHFV
9524,NSASQS,VYSSG,VVNIPNDYKLS,MNHNS,SASEGT,ASSEAGQTYYNEQF,GLCTLVAML
9525,SSYSPS,YTSAATLV,AVNTGNQFY,LGHNA,YNFKEQ,ASSQDGGSGSYNEQF,CINGVCWTV
9526,DSASNY,IRSNVGE,AARGSSYGKVI,KGHDR,SFDVKD,ATSPPGRANEQF,RAKFKQLL
9527,NSAFQY,TYSSGN,AMARSNFGNEKLT,LNHDA,SQIVND,ASSIFYSSTDTQY,GILGFVFTL
9528,DSSSTY,IFSNMDM,AESRGNTGFQKLV,MDHEN,SYDVKM,ASGTGGTETQY,TTDPSFLGRY
9529,DSSSTY,IFSNMDM,AEIPMDSSYKLI,MNHEY,SVGAGI,ASSDPTRATDTQY,CLGGLLTMV
9530,TSENNYY,QEAYKQQN,AFSRGHYGGSQGNLI,LNHDA,SQIVND,ASSIRSSYEQY,GILGFVFTL
9531,TISGTDY,GLTSN,ILSNNNDMR,DFQATT,SNEGSKA,SARDPSGLAGGLAETQY,NLVPMVATV
9532,TSINN,IRSNERE,ATAGASRYSTLT,SGDLS,YYNGEE,ASSVSGAPYEQY,FLRGRAYGL
9533,NSASQS,VYSSG,VVNLWAGNNRKLI,MNHEY,SVGAGI,ASSYVTGWDSPLH,GILGFVFTL
9534,DRGSQS,IYSNGD,AVNRDGNQFY,MNHNS,SASEGT,ASSGQGAYEQY,LLWNGPMAV
9535,DRGSQS,IYSNGD,AVNQGGKLI,SGHDY,FNNNVP,ASGDSGNTIY,ELAGIGILTV
9536,DSASNY,IRSNVGE,AASETSYDKVI,SGHNS,FNNNVP,ATSWTGGPGEQY,RAKFKQLL
9537,NYSPAY,IRENEKE,ALMTGNQFY,MNHEY,SVGEGT,ASSPGFPEQF,TTDPSFLGRY
9538,SSVSVY,YLSGSTLV,AVRDASGGSYIPT,MGHRA,YSYEKL,ASSLIEGLSEQY,FEDLRLLSF
9539,DSAIYN,IQSSQRE,AVRERDNQGGKLI,SEHNR,FQNEAQ,ASSFMGQLDEQF,ATDALMTGF
9540,VSGNPY,YITGDNLV,AVRPRDHTDKLI,SQVTM,ANQGSEA,SGEEGPLGETQY,QYIKWPWYI
9541,NSAFQY,TYSSGN,NSNSGYALN,LGHNA,YNFKEQ,ASSPGPNTEAF,RAKFKQLL
9542,DRGSQS,IYSNGD,AVSGTYKYI,SGHDN,FVKESK,ASTGGGALGTEAF,NLVPMVATV
9543,TSDPSYG,QGSYDQQN,AMRVPNTDKLI,SNHLY,FYNNEI,ASSEGGGGQETQY,CLGGLLTMV
9544,DSVNN,IPSGT,AVMKTSYDKVI,SNHLY,FYNNEI,ASSEDRGPYNEQF,RAKFKQLL
9545,TSINN,IRSNERE,ATDEVTNTGNQFY,SGDLS,YYNGEE,ASSVGGAFYNEQF,LLWNGPMAV
9546,DSASNY,IRSNVGE,AANYNQGGKLI,SEHNR,FQNEAQ,ASSLIGQGKKDEQF,TPRVTGGGAM
9547,SVFSS,VVTGGEV,AGAHDAGKST,LNHDA,SQIVND,ASSIVAGVYNEQF,GILGFVFTL
9548,YGATPY,YFSGDTLV,AVLGGANSKLT,LNHDA,SQIVND,ASSFLATDEQF,GILGFVFTL
9549,TSINN,IRSNERE,ALRRGYGNNRLA,MDHEN,SYDVKM,ASSSWDIQTNTGELF,ELAGIGILTV
9550,TRDTTYY,RNSFDEQN,ALTRSGYSTLT,MGHDK,SYGVNS,ASSGLTDANTEAF,SPRWYFYYL
9551,NSASQS,VYSSG,ALNQGGKLI,MDHEN,SYDVKM,ASTGFGTGELF,LLAGIGTVPI
9552,YGATPY,YFSGDTLV,APGETGANNLF,SGHNS,FNNNVP,ASSFSGNTGELF,RAKFKQLL
9553,DSASNY,IRSNVGE,AASETSYDKVI,SEHNR,FQNEAQ,ASSLLGTDTNEQF,RAKFKQLL
9554,TSGFNG,NVLDGL,AVRPLRNTPLV,DFQATT,SNEGSKA,SARDRAGQGADGYT,HPVTKYIM
9555,DRGSQS,IYSNGD,AVGMYSGGGADGLT,MNHEY,SVGEGT,ASSYGVGQPQH,ELAGIGILTV
9556,TTLSN,LVKSGEV,AGRDSSYKLI,LNHDA,SQIVND,ASSGQGNQPQH,GILGFVFTL
9557,NIATNDY,GYKTK,LVGVPAGNMLT,SGHAT,FQDESV,ASSLEGTSGSPDLNEQF,CINGVCWTV
9558,VSGNPY,YITGDNLV,AVRDMNTGFQKLV,DFQATT,SNEGSKA,SARASDSYEQY,GILGFVFTL
9559,TSDQSYG,QGSYDEQN,ALHSGGYQKVT,MNHEY,SMNVEV,ASSPTRPVEQY,GILGFVFTL
9560,SSVPPY,YTSAATLV,AVSERMNYGGSQGNLI,SNHLY,FYNNEI,ASTPGQGFRNEQF,GILGFVFTL
9561,YGGTVN,YFSGDPLV,AVNSGANNLF,MDHEN,SYDVKM,ASRNFQGGAQPQH,YVLDHLIVV
9562,NSAFQY,TYSSGN,AMAQSNFGNEKLT,SGHNT,YENEEA,ASSLALPLARNEQF,LLAGIGTVPI
9563,TSESDYY,QEAYKQQN,AYRADSNYQLI,MNHEY,SVGAGI,ASSYNVRDGDYGYT,GILGFVFTL
9564,TSINN,IRSNERE,AMWTSYGKLT,SGHTA,FQGTGA,ASSLEVTGELF,NLVPMVATV
9565,DSSSTY,IFSNMDM,AEDAGNMLT,LNHDA,SQIVND,ASSIRSTDTQY,GILGFVFTL
9566,NSASQS,VYSSG,VVNARDDKII,SEHNR,FQNEAQ,ASSLVGSYDEQY,TPRVTGGGAM
9567,DRGSQS,IYSNGD,AVSPHKVI,KGHSH,LQKENI,ASSSGTVSYEQY,LLWNGPMAV
9568,TRDTTYY,RNSFDEQN,ALSEGNTGNQFY,SNHLY,FYNNEI,ASSERADRAAYEQY,GILGFVFTL
9569,KALYS,LLKGGEQ,GTEYPNDYKLS,SEHNR,FQNEAQ,ASSFVDRAETQY,RAKFKQLL
9570,DRGSQS,IYSNGD,AVNADYGGATNKLI,MNHEY,SMNVEV,ASSPPQFTEAF,GPRLGVRAT
9571,SSNFYA,MTLNGDE,APNTGNQFY,KGHDR,SFDVKD,ATSETTGGIQPQH,EPLPQGQLTAY
9572,NIATNDY,GYKTK,LVGDNGSGNTGKLI,LGHNA,YNFKEQ,ASSQEVSGVWGELF,CINGVCWTV
9573,TSGFNG,NVLDGL,AVRGYNAGNMLT,SGHDY,FNNNVP,ASGRLSYNEQF,RAKFKQLL
9574,SVFSS,VVTGGEV,AGAQGGGSQGNLI,LNHDA,SQIVND,ASSYYSNQPQH,GILGFVFTL
9575,TISGNEY,GLKNN,IVRVPRPTGPASKLT,SGHVS,FQNEAQ,ASSQGQAYEQY,FLRGRAYGL
9576,NSAFQY,TYSSGN,AMSGDNKII,SGHVS,FQNEAQ,ASSLGQAYEQY,LLAGIGTVPI
9577,TSINN,IRSNERE,ADNYGQNFV,MDHEN,SYDVKM,AIASPQREGTDTQY,LLAGIGTVPI
9578,VSGNPY,YITGDNLV,NNNAGNMLT,MDHEN,SYDVKM,ASNLQGASNQPQH,ALGIGILTV
9579,TISGTDY,GLTSN,ILRETSYDKVI,SGHNS,FNNNVP,ASNPLGFQDTGELF,RAKFKQLL
9580,NSASDY,IRSNMDK,AENMGGGSQGNLI,LNHDA,SQIVND,ASSGRAAYEQY,GILGFVFTL
9581,TSINN,IRSNERE,ATEGDSGYSTLT,MDHEN,SYDVKM,ASSTDRAAQPQH,FLYALALLL
9582,TSDPSYG,QGSYDQQN,AMRGGFKTI,SGHAT,FQNNGV,ASNSGLAIEEQF,GILGFVFTL
9583,DSASNY,IRSNVGE,AAGETSYDKVI,SGHNS,FNNNVP,ASIYSGNGELF,RAKFKQLL
9584,TSINN,IRSNERE,ATDARNNARLM,SGHTA,FQGTGA,ASSLGGAAYNEQF,LLWNGPMAV
9585,TISGNEY,GLKNN,TSYSGYALN,DFQATT,SNEGSKA,SARDFRDPKTTEAF,RPHERNGFTVL
9586,TSDPSYG,QGSYDQQN,AMSRQGMDSSYKLI,SQVTM,ANQGSEA,SVVQGAECT,RPIIRPATL
9587,KALYS,LLKGGEQ,GTVSMEYGNKLV,SEHNR,FQNEAQ,ASSLVGVGNTEAF,GILGFVFTL
9588,TISGTDY,GLTSN,ILNRDDKII,DFQATT,SNEGSKA,SALYPLAGPGNEQF,DATYQRTRALVR
9589,NSASQS,VYSSG,VVNMLYSGGSNYKLT,MNHNS,SASEGT,ASSETGGYEQY,NYNYLYRLF
9590,TSESDYY,QEAYKQQN,ARLHQTGANNLF,SNHLY,FYNNEI,ASSEGYIYEQY,NLVPMVATV
9591,DSAIYN,IQSSQRE,AVRGGVVGAGGTSYGKLT,LNHDA,SQIVND,ASSSFAGTGELF,FTSDYYQLY
9592,VSNAYN,GSKP,AVEGHYGGSQGNLI,SGHNT,YYREEE,ASSPSMSETQY,CTELKLSDY
9593,NSASQS,VYSSG,VVGRTDKLI,LNHNV,YYDKDF,ATSLGQAYGYT,LLWNGPMAV
9594,SSNFYA,MTLNGDE,ARNTGNQFY,GTSNPN,SVGIG,AWSISDLAKNIQY,NLVPMVATV
9595,DSASNY,IRSNVGE,AASEGSSNTGKLI,LNHDA,SQIVND,ASSIRSGETQY,GILGFVFTL
9596,YGGTVN,YFSGDPLV,ALGDTDKLI,MNHNS,SASEGT,ASRPLLGRNQPQH,YVLDHLIVV
9597,TTLSN,LVKSGEV,ASNSGYALN,MNHEY,SMNVEV,ASSLWTGNTEAF,GILGFVFTL
9598,DRGSQS,IYSNGD,AGGDSTLT,LGHDT,YNNKEL,ASSQEGTSRPQH,LLWNGPMAV
9599,SVFSS,VVTGGEV,AGTNTGGFKTI,SGHVS,FQNEAQ,ASRIELPGAGELF,NLVPMVATV
9600,TSENNYY,QEAYKQQN,AYMESAGGTSYGKLT,LNHDA,SQIVND,ATSTGNYGYT,GILGFVFTL
9601,DRGSQS,IYSNGD,AVNIDFGNEKLT,SEHNR,FQNEAQ,ASSSYSGTASYEQY,KSKRTPMGF
9602,TISGNEY,GLKNN,IGCWEGRRALT,SGDLS,YYNGEE,ASSSPGTRVNEQF,RAKFKQLL
9603,SVFSS,VVTGGEV,AGRPSNTGTASKLT,MNHEY,SVGAGI,ASRSSPTQGTLTEAF,RVAGDSGFAAY
9604,DRGSQS,IYSNGD,AVKGDDKII,LGHNA,YNFKEQ,ASSQGILSGELF,ELAGIGILTV
9605,SSYSPS,YTSAATLV,VVSEVKTSYDKVI,SGHVS,FNYEAQ,ASSPAGITTGGY,TPRVTGGGAM
9606,SSYSPS,YTSAATLV,VVSGDDTGNQFY,SEHNR,FQNEAQ,ASSLTLVFEAF,GILGFVFTL
9607,SVFSS,VVTGGEV,AGADGGSQGNLI,LNHDA,SQIVND,ASSPRSAEPQH,GILGFVFTL
9608,ATGYPS,ATKADDK,ALSGLYNNNDMR,MNHEY,SVGAGI,ASSYSSSQPQH,CLGGLLTMV
9609,NSAFQY,TYSSGN,AIMRGADGLT,LGHNA,YNFKEQ,ASSAGLIGANVLT,ELAGIGILTV
9610,DSASNY,IRSNVGE,AASETSYDKVI,SEHNR,FQNEAQ,ASSLLGGPDTQY,RAKFKQLL
9611,DSASNY,IRSNVGE,AANGSEKLV,LNHDA,SQIVND,ASSFTVFTGYT,GILGFVFTL
9612,TSGFYG,NALDGL,AVRDLYNFNKFY,MNHNY,SVGAGI,ATGPGQIIHQPQH,SPRWYFYYL
9613,NTAFDY,IRPDVSE,AASPDSGTYKF,MNHEY,SVGAGI,ASSYVTGTGSYGYT,NLVPMVATV
9614,TSESDYY,QEAYKQQN,AYRSRGETSGSRLT,MNHNY,SVGAGI,ASSYSLGFYEQF,ATDALMTGF
9615,YGGTVN,YFSGDPLV,AMKDTDKLI,LGHDT,YNNKEL,ASSHLLGTGFGYT,YVLDHLIVV
9616,VGISA,LSSGK,AVREGADGLT,SQVTM,ANQGSEA,SVDRGSPSYEQY,YLQPRTFLL
9617,SSYSTF,SSENQE,ARNTGNQFY,PRHDT,FYEKMQ,ASSETGATNYGYTG,NLVPMVATV
9618,NSMFDY,ISSIKDK,AATFPPIGFGNVLHCFGNVLH,SGHVS,FQNEAQ,ASSLAPHTSPMAYEQY,NQKLIANQF
9619,VSGNPY,YITGDNLV,AVMRSQGNLI,LNHDA,SQIVND,ASMADTQY,ALWEIQQVV
9620,NSASDY,IRSNMDK,ADSGGGADGLT,SGHRS,YFSETQ,ASSLGQGAVNEKLF,RAKFKQLL
9621,DRGSQS,IYSNGD,AAYSGGGADGLT,MNHEY,SVGAGI,ACTGRGGNGYT,YLQPRTFLL
9622,DRGSQS,IYSNGD,AVNNARLM,SNHLY,FYNNEI,ASSTGTEISNQPQH,ELAGIGILTV
9623,YGGTVN,YFSGDPLV,AVRGDSSYKLI,LNHDA,SQIVND,ASSISSTGEQY,GILGFVFTL
9624,SSNFYA,MTLNGDE,TTSGTYKYI,MDHEN,SYDVKM,ASRGLTGGGSEAF,YVLDHLIVV
9625,DRGSQS,IYSNGD,AVNPPGAGGTSYGKLT,MRHNA,SNTAGT,ASSDSTSDWETQY,HPVTKYIM
9626,SSVSVY,YLSGSTLV,AVISYSSASKII,SGHNS,FNNNVP,ASPNRQGHTDTQY,RAKFKQLL
9627,NSAFQY,TYSSGN,AMGAGGFKTI,LGHNA,YSLEER,ASSQGGLAGEQF,ELAGIGILTV
9628,DSVNN,IPSGT,AVATDSWGKLQ,SGHDY,FNNNVP,ASSPSSSYEQY,RAKFKQLL
9629,TSENNYY,QEAYKQQN,AFLNAGGTSYGKLT,MNHEY,SVGEGT,ASSWNGLAGDEQF,QYIKWPWYI
9630,DSASNY,IRSNVGE,AASMGYGNKLV,LGHDT,YNNKEL,ASSQGFRTPEGGYT,CTELKLSDY
9631,TRDTTYY,RNSFDEQN,ALSKGAAGNKLT,SGDLS,YYNGEE,ASSADPSQGDGNYGYT,RAKFKQLL
9632,DRGSQS,IYSNGD,AVNQGGGSQGNLI,MGHRA,YSYEKL,ASSLGGTNEQF,RAKFKQLL
9633,VSPFSN,MTFSENT,VGYTNAGKST,KGHSH,LQKENI,ASSPPGGGNTGELF,RAKFKQLL
9634,SSVPPY,YTSAATLV,AVSGDYGQNFV,SQVTM,ANQGSEA,SVESGRTDEQY,IPSINVHHY
9635,DRGSQS,IYSNGD,AVNSGFSGGYNKLI,SGHAT,FQNNGV,ASSFRQGEAF,QMMVKAGL
9636,NSASDY,IRSNMDK,AERIRKGQVLTGGGNKLT,SGDLS,YYNGEE,ASSVGDLLTGELF,DATYQRTRALVR
9637,DSASNY,IRSNVGE,TTDSWGKFE,LGHNA,YSLEER,ASSQAWLAKDTQY,GILGFVFTL
9638,TSDPSYG,QGSYDQQN,AMREGGNFNKFY,SQVTM,ANQGSEA,SVTGTRGNRVLNEQF,YVLDHLIVV
9639,DRGSQS,IYSNGD,AVNSRGNQFY,SGHNT,YENEEA,ASSLVTSVDTQY,LLAGIGTVPI
9640,NSASQS,VYSSG,VVSRGYQKVT,SGHDN,FVKESK,ASSQVSGGVETQY,LLAGIGTVPI
9641,DSAIYN,IQSSQRE,AVGGGADGLT,MNHNY,SVGAGI,ASVNPTGAKNIQY,LTDEMIAQY
9642,ATGYPS,ATKADDK,GYSSASKII,SGDLS,YYNGEE,ASRAPPAPYGYT,CTELKLSDY
9643,TTLSN,LVKSGEV,AGPMRTSYDKVI,LNHDA,SQIVND,ASSIFNNQPQH,GILGFVFTL
9644,TRDTTYY,RNSFDEQN,ALMPGGTSYGKLT,LNHDA,SQIVND,ASSIFLGSNYGYT,GILGFVFTL
9645,DRGSQS,IYSNGD,AVEDDKII,SGDLS,YYNGEE,ASSESGTGYEQF,LLWNGPMAV
9646,YGATPY,YFSGDTLV,AVNDYKLS,MNHEY,SMNVEV,ASRPKQGGGGNEQF,GILGFVFTL
9647,VSGNPY,YITGDNLV,AVRELDGQKLL,LNHDA,SQIVND,ASSITIGSTEAF,GILGFVFTL
9648,SIFNT,LYKAGEL,VSVHLYGCRLPVHL,MNHEY,SMNVEV,ASSFPGQGNTQY,RAQAPPPSW
9649,KALYS,LLKGGEQ,GTVLDNTGKLI,LNHDA,SQIVND,ASSTRSSTEQY,GILGFVFTL
9650,DRGSQS,IYSNGD,AVYTGGFKTI,SNHLY,FYNNEI,ASGDNSYEQY,LLLDRLNQL
9651,TSINN,IRSNERE,ATEGDSGYSTLT,MNHEY,SVGAGI,ASSGQGGGYGYT,FLYALALLL
9652,DSSSTY,IFSNMDM,AENPPDTGGFKTI,SGHKS,YYEKEE,ASSLSTGGGLGETQY,GILGFVFTL
9653,DRGSQS,IYSNGD,AGADDKII,SGHAT,FQNNGV,ASAPGGGYEQY,LLWNGPMAV
9654,NSMFDY,ISSIKDK,NNNDMR,SGHDN,FVKESK,ASSQVSLVEQF,YLQPRTFLL
9655,DSAIYN,IQSSQRE,AGGGNDMR,DFQATT,SNEGSKA,SARRQRSTDTQY,GILGFVFTL
9656,NSASQS,VYSSG,VVNDGNKLV,SNHLY,FYNNEI,ASQELDTGELF,YLQPRTFLL
9657,SSYSPS,YTSAATLV,VVSDLYGGSQGNLI,SGDLS,YYNGEE,ASSMWTSGGPTDTQY,ATDALMTGF
9658,NSASDY,IRSNMDK,ADMNRDDKII,SGHRS,YFSETQ,ASSLEWGGETQY,GILGFVFTL
9659,TSDQSYG,QGSYDEQN,AMREHFTGNQFY,MDHEN,SYDVKM,ASSLLIGGALKETQY,CINGVCWTV
9660,DSASNY,IRSNVGE,AASIGQAGTALI,SGDLS,YYNGEE,ASSVVGAGGYNEQF,GILGFVFTL
9661,DRGSQS,IYSNGD,AVKPMFSGGYNKLI,LGHNA,YNFKEQ,ASSQRPSEVGELF,RAKFKQLL
9662,DSSSTY,IFSNMDM,IYNQGGKLI,SQVTM,ANQGSEA,SVGTGGTNEKLF,GLCTLVAML
9663,DSASNY,IRSNVGE,AAGETSYDKVI,MNHGY,SAAAG,AKPDGGEDTEAF,RAKFKQLL
9664,SSVSVY,YLSGSTLV,AVRSSGGSYIPT,MNHEY,SVGEGT,ASSLKVDGYNEQF,TTDPSFLGRY
9665,TISGTDY,GLTSN,TDSGAGSYQLT,SGHDT,YYEEEE,ASSLRDGSEAF,RAKFKQLL
9666,DSASNY,IRSNVGE,AATETSYDKVI,SGHAT,FQDESV,ASSLLGVRDKENEQY,RAKFKQLL
9667,NSAFQY,TYSSGN,AMAISNFGNEKLT,MDHEN,SYDVKM,ASSLTGRDDEKLF,LLAGIGTVPI
9668,TSINN,IRSNERE,ATEATMDSSYKLI,SEHNR,FQNEAQ,ASSQRDWGGKTQY,TPRVTGGGAM
9669,YGATPY,YFSGDTLV,AVVLSGAGSYQLT,SGHDY,FNNNVP,ASSLAGQGVGGSYEQY,CINGVCWTV
9670,NSMFDY,ISSIKDK,AASGGGGGADGLT,SEHNR,FQNEAQ,ASSYGNQPQH,YLQPRTFLL
9671,TRDTTYY,RNSFDEQN,ALTGDLGGTSYGKLT,MDHEN,SYDVKM,ASSLRDRGRGGTEAF,GILGFVFTL
9672,DSAIYN,IQSSQRE,SPCKPEANNLF,LNHDA,SQIVND,ASSTHSGNQPQH,GILGFVFTL
9673,SVFSS,VVTGGEV,AGQADRGSTLGRLY,LNHDA,SQIVND,ASSMYSINIQY,GILGFVFTL
9674,DRGSQS,IYSNGD,AVINSGNTPLV,SGHAT,FQDESV,ATRANTGELF,HPVTKYIM
9675,DRGSQS,IYSNGD,AVKDNNDMR,DFQATT,SNEGSKA,SASRGQYSNQPQH,GILGFVFTL
9676,KALYS,LLKGGEQ,GTPGEYGNKLV,LGHDT,YNNKEL,ASSYSGGAGELF,RAKFKQLL
9677,NIATNDY,GYKTK,LVGDWGNYGQNFV,DFQATT,SNEGSKA,SGKPRGGAIYEQY,TTDPSFLGRY
9678,NSASQS,VYSSG,VVNGMNDMR,SGHRS,YFSETQ,AAGDANTGELF,YLQPRTFLL
9679,DSAIYN,IQSSQRE,AVATTGTASKLT,SGHRS,YFSETQ,ASSRAAGPQETQY,SPRWYFYYL
9680,NSASQS,VYSSG,ATMDSNYQLI,LGHNA,YSLEER,ASSQDRYNEQF,HSNLNDATY
9681,NSMFDY,ISSIKDK,AARPGAQKLV,SEHNR,FQNEAQ,ASSLESTSRPYEQY,VTEHDTLLY
9682,SVFSS,VVTGGEV,AGSSGNTGKLI,LNHDA,SQIVND,ASSKLSRDEQF,GILGFVFTL
9683,DSASNY,IRSNVGE,AAISNTGKLI,LNHDA,SQIVND,ASSIRSGETQY,GILGFVFTL
9684,TTLSN,LVKSGEV,AGLANQAGTALI,LNHDA,SQIVND,ASSIGWGGLNTEAF,RAKFKQLL
9685,NSASDY,IRSNMDK,AERGSYIPT,DFQATT,SNEGSKA,SATRDLNTGELF,YLQPRTFLL
9686,DRGSQS,IYSNGD,AVLRGNMLT,MNHNS,SASEGT,ASSRPEQF,RAKFKQLL
9687,DSASNY,IRSNVGE,AAKEGYSTLT,WNHNN,SYGVQD,ASSRPVAVIYGYT,RAKFKQLL
9688,SVFSS,VVTGGEV,AGAGVRNNDMR,SGDLS,YYNGEE,ASSVGGTNYNEQF,LLWNGPMAV
9689,VSGLRG,LYSAGEE,AVQGRGQKLL,DFQATT,SNEGSKA,SARDGTPAHSSYNSPLH,SPRWYFYYL
9690,TSINN,IRSNERE,ATDRAGSARQLT,SGHDT,YYEEEE,ASSLRDGSEAF,RAKFKQLL
9691,TRDTTYY,RNSFDEQN,ALSPRTQGGSEKLV,SGHVS,FNYEAQ,ASSLASPGHFTGELF,NLVPMVATV
9692,DRGSQS,IYSNGD,AVNVGGGSNYKLT,SQVTM,ANQGSEA,SVGTGWPYEQY,LTDEMIAQY
9693,TRDTTYY,RNSFDEQN,ALSEYSGGYQKVT,SGDLS,YYNGEE,ASSVATSGGSQQF,HPNGYKSLSTL
9694,DSSSTY,IFSNMDM,AESLWDDKII,MGHRA,YSYEKL,ASSQGAGIGRTDTQY,RAKFKQLL
9695,VSGLRG,LYSAGEE,AALLDFGNEKLT,MGHRA,YSYEKL,ASSLLWAEYNEQF,RAKFKQLL
9696,TTLSN,LVKSGEV,AGPGTGANNLF,SGHDT,YYEEEE,ASSLRDGSEAF,RAKFKQLL
9697,NIATNDY,GYKTK,LVGDIAAGGYQKVT,DFQATT,SNEGSKA,SARDRREEKLF,DATYQRTRALVR
9698,NSMFDY,ISSIKDK,AASGGSNYKLT,SEHNR,FQNEAQ,ASRQEGRPMNTEAF,RPIIRPATL
9699,DRGSQS,IYSNGD,AVALSNFGNEKLT,SGHDN,FVKESK,ASSPTIPGPSTILEETQY,LLAGIGTVPI
9700,DRGSQS,IYSNGD,AVPQAGTALI,LNHDA,SQIVND,ASSPGALNTEAF,ELAGIGILTV
9701,TSDPSYG,QGSYDQQN,AMRENRMDSSYKLI,KGHSH,LQKENI,ASSPDRGLLNQPQH,GILGFVFTL
9702,VSGNPY,YITGDNLV,AVGEGYSSASKII,LNHDA,SQIVND,ASSARAGITQY,GILGFVFTL
9703,DRGSQS,IYSNGD,AVNIDNNDMR,SGDLS,YYNGEE,ASSPEGVGGGEQY,KLSALGINAV
9704,YGGTVN,YFSGDPLV,AVSGYSSASKII,SGHRS,YFSETQ,ASSSAEEAGYLYGYT,RPHERNGFTVL
9705,DRGSQS,IYSNGD,AVGAGGYNKLI,SGHNT,YENEEA,ASSLGASAGELF,ELAGIGILTV
9706,NSAFQY,TYSSGN,AMRDTNAGGTSYGKLT,LNHDA,SQIVND,ASSILSNQPQH,GILGFVFTL
9707,TTLSN,LVKSGEV,AGTYGGSQGNLI,LNHDA,SQIVND,ASSIRSLDIQY,GILGFVFTL
9708,DRGSQS,IYSNGD,AVMRPGGGADGLT,MNHEY,SVGEGT,ASSSGYGTEAF,ELAGIGILTV
9709,NSAFQY,TYSSGN,AMSAGNFGNEKLT,SGHNT,YENEEA,ASSLLSEDPGRDYGYT,LLAGIGTVPI
9710,NSASQS,VYSSG,VVSDYKLS,MNHNY,SVGAGI,ASTPGTGAYEQY,LLWNGPMAV
9711,KALYS,LLKGGEQ,NNNAGNMLT,LNHDA,SQIVND,ASSIYSINEQF,GILGFVFTL
9712,TSINN,IRSNERE,ATDAGSSYKLI,GTSNPN,SVGIG,AWSQGREQY,RAKFKQLL
9713,DRGSQS,IYSNGD,APYSGNTPLV,KGHDR,SFDVKD,ATSEQGQSLTTYNEQF,ELAGIGILTV
9714,SIFNT,LYKAGEL,AGLQESGGSNYKLT,LNHDA,SQIVND,ASSIMVTDTQY,GILGFVFTL
9715,NSASQS,VYSSG,VVNGPAGNQLT,SGHDT,YYEEEE,ASSL,LLAGIGTVPI
9716,TISGTDY,GLTSN,ILRGNYGGATNKLI,MNHNS,SASEGT,ASRITGESDQPQH,RAKFKQLL
9717,TSINN,IRSNERE,ATDAMSAGYSTLT,LNHDA,SQIVND,ASSIRSSYEQY,GILGFVFTL
9718,DSSSTY,IFSNMDM,AEDSGNLI,SGDLS,YYNGEE,ASSVAVGTGSGANVLT,GLCTLVAML
9719,YGGTVN,YFSGDPLV,AVNTNGGSQGNLI,LNHDA,SQIVND,ASSIRSSYEQY,GILGFVFTL
9720,TSGFNG,NVLDGL,AGPPNKLI,DFQATT,SNEGSKA,SARDPRAQNTGELF,YLQPRTFLL
9721,TSDPSYG,QGSYDQQN,AMREGRDDKII,SGHTA,FQGTGA,ASSLTVLAGPNTEAF,RAKFKQLL
9722,TRDTTYY,RNSFDEQN,ALVNYGGSQGNLI,MDHEN,SYDVKM,AVSRAGAYEQY,YLLEMLWRL
9723,DRGSQS,IYSNGD,YSGGGADGLT,MDHEN,SYDVKM,ASTQTGAGSPLH,ALAGIGILTV
9724,DSSSTY,IFSNMDM,AESEGPTYTDKLI,SGHTA,FQGNSA,ASSQTSGGAREQF,RAKFKQLL
9725,TRDTTYY,RNSFDEQN,ALSEMDSSYKLI,SQVTM,ANQGSEA,SVGTGGTNEKLF,GLCTLVAML
9726,DRGSQS,IYSNGD,AVTGGFQKLV,SGHDN,FVKESK,ASSHTGLGQPQH,ELAGIGILTV
9727,TSENNYY,QEAYKQQN,AFGHNNNDMR,MGHRA,YSYEKL,ASSLETGSYEQY,RPPIFIRRL
9728,TSGFNG,NVLDGL,AVRHPLGGATNKLI,SGHDT,YYEEEE,ASSPQVSGANVLT,MEVTPSGTWL
9729,NSASQS,VYSSG,VVNGKGDDMR,SGHVS,FQNEAQ,AIASQNTGELF,YLQPRTFLL
9730,YSGSPE,HISR,APPPSIGFGNVLHFGNVLH,SGHNS,FNNNVP,ASSWGDTIY,GILGFVFTL
9731,DSSSTY,IFSNMDM,AEDNNPRLM,DFQATT,SNEGSKA,SARDSTGNGYT,GLCTLVAML
9732,TSGFYG,NALDGL,AVVASNTGKLI,MGHRA,YSYEKL,ASSPRDGQETQY,GILGFVFTL
9733,NSASQS,VYSSG,VVNRMKVDSNYQLI,MNHNS,SASEGT,ASSEAGGYEQF,NYNYLYRLF
9734,SSVPPY,YTSAATLV,AAPPEESQGNLI,LNHDA,SQIVND,ASSIRSSYEQY,GILGFVFTL
9735,ATGYPS,ATKADDK,TTDSWGKFE,LNHDA,SQIVND,ASSIFGGPNTEAF,GILGFVFTL
9736,DRGSQS,IYSNGD,AVHQTGANNLF,MGHRA,YSYEKL,ASSPGGGGQPQH,ALAGIGILTV
9737,YGGTVN,YFSGDPLV,AVNAGGGSQGNLI,LNHDA,SQIVND,ASSPRSTDTQY,GILGFVFTL
9738,SSVSVY,YLSGSTLV,AVSSGPGKST,MNHEY,SVGEGT,ASSYNPRTEVSNQPQH,GILGFVFTL
9739,DSAIYN,IQSSQRE,AVEKKNTDKLI,PRHDT,FYEKMQ,ASSLSHPPGNTIY,RAKFKQLL
9740,NTAFDY,IRPDVSE,AARQGGKLI,LNHDA,SQIVND,ASSIRSEYEQY,GILGFVFTL
9741,VSGNPY,YITGDNLV,AVMLSQGNLI,LNHDA,SQIVND,ASAGPGNTIY,ALWEIQQVV
9742,NSASQS,VYSSG,VVNRDSSYKLI,SNHLY,FYNNEI,ASSGVQLLPGELF,GLCTLVAML
9743,SVFSS,VVTGGEV,AGARSPAYLF,LNHDA,SQIVND,SYEQY,GILGFVFTL
9744,DSAIYN,IQSSQRE,AASYNQGGKLI,SGHVS,FQNEAQ,ASSLDRTGDEKLF,GLCTLVAML
9745,ATGYPS,ATKADDK,AVGGSQGNLI,MNHEY,SMNVEV,ASSSRSGVDEQF,TTDPSFLGRY
9746,DSASNY,IRSNVGE,AALETSYDKVI,SNHLY,FYNNEI,ASSEPFEQY,RAKFKQLL
9747,NSAFQY,TYSSGN,AMTLSNFGNEKLT,MNHEY,SVGEGT,ASSYSSGVMDTEAF,LLAGIGTVPI
9748,TSDPSYG,QGSYDQQN,TRGSQGNLI,MNHEY,SVGAGI,ASSFQTGTGTYGYT,NLVPMVATV
9749,DRGSQS,IYSNGD,AVTGSNYKLT,LNHDA,SQIVND,ASSITSGGYNEQF,GILGFVFTL
9750,TSINN,IRSNERE,ATGAVNTNAGKST,MNHNY,SVGAGI,ASRLTPSGGGQETQY,RTATKQYNV
9751,DRGSQS,IYSNGD,AVSGGAGKST,SGHTA,FQGNSA,ASSRPGQGVEKLF,LLAGIGTVPI
9752,TSGFNG,NVLDGL,AVGMIKAAGNKLT,DFQATT,SNEGSKA,SALGGTQY,GILGFVFTL
9753,VTNFRS,LTSSGIE,AVRPNAGGTSYGKLT,DFQATT,SNEGSKA,SARDLRLLANTGELF,NLVPMVATV
9754,DRGSQS,IYSNGD,AVGEGFKTI,MDHEN,SYDVKM,ASSLSGQGFEQY,ELAGIGILTV
9755,VSGNPY,YITGDNLV,AVRDIHTGGFKTI,SGDLS,YYNGEE,ASSARDDYDEQY,GILGFVFTL
9756,TRDTTYY,RNSFDEQN,ALSEPYSGNTPLV,LNHDA,SQIVND,ASSIRSSYEQY,GILGFVFTL
9757,DRGSQS,IYSNGD,ALGNTDKLI,SGHVS,FQNEAQ,ASSAKGLGNTIY,ELAGIGILTV
9758,TRDTTYY,RNSFDEQN,ALSEARGPALI,DFQATT,SNEGSKA,TPWGEYTGELF,SPRWYFYYL
9759,DRGSQS,IYSNGD,AVKDTDKLI,GTSNPN,SVGIG,AWSGTSGSYNEQF,YVLDHLIVV
9760,NSASDY,IRSNMDK,AENIGGGSQGNLI,LNHDA,SQIVND,ASSYRAAGEL,GILGFVFTL
9761,YSGSPE,HISR,ALKDYGQNFV,MNHEY,SMNVEV,ASSLYPGTAEGGYT,LLWNGPMAV
9762,VTNFRS,LTSSGIE,AVVFWLDTGTASKLT,ENHRY,SYGVKD,AISVGESSYNEQF,TTDPSFLGRY
9763,TRDTTYY,RNSFDEQN,ALSEAQGAGNMLT,SGDLS,YYNGEE,ASSATGGTDTQY,ALWEIQQVV
9764,DRGSQS,IYSNGD,AVDNYGQNFV,GTSNPN,SVGIG,AWSVRTSNEQF,GILGFVFTL
9765,TSESDYY,QEAYKQQN,ADFGNEKLT,DFQATT,SNEGSKA,SAREWAWEETQY,GPRLGVRAT
9766,KALYS,LLKGGEQ,GTERPNDYKLS,SGDLS,YYNGEE,ASSTGQLSNTGELF,GLCTLVAML
9767,DRGSQS,IYSNGD,AVSGGKLI,SGHDY,FNNNVP,ASSPQGFSYEQY,LLWNGPMAV
9768,TRDTTYY,RNSFDEQN,ALSEAPTGRRALT,KGHDR,SFDVKD,ATSDLGTAEAF,SPRWYFYYL
9769,DRGSQS,IYSNGD,AVNDAGGTSYGKLT,MNHEY,SMNVEV,ASSLGGPGTGYEQY,LTDEMIAQY
9770,DSAIYN,IQSSQRE,AVYQTGANNLF,SSHAT,FNYEAQ,ASSLYAGGVNEQF,RPPIFIRRL
9771,TRDTTYY,RNSFDEQN,ALSEAEGSGTYKYI,MNHEY,SMNVEV,ASSSPFGQGGTEAF,RAKFKQLL
9772,TSDPSYG,QGSYDQQN,AMREGTGNFNKFY,PRHDT,FYEKMQ,ASKGIDGYT,YVLDHLIVV
9773,DSAIYN,IQSSQRE,AAPVENRDDKII,MNHEY,SMNVEV,ASRRLTGGQQPQH,SPRWYFYYL
9774,TISGTDY,GLTSN,ILRDLNAGGTSYGKLT,LNHDA,SQIVND,ASSARSSYEQY,GILGFVFTL
9775,NSASQS,VYSSG,VVNIRTSGTYKYI,SNHLY,FYNNEI,ASSEFPGNSPLH,VLEETSVML
9776,YGATPY,YFSGDTLV,AVGSMGGGYQKVT,MGHRA,YSYEKL,ASSQYRETSDTQY,TTDPSFLGRY
9777,NIATNDY,GYKTK,LVGDIGPDGGYNKLI,SGHAT,FQNNGV,ASSLGDRGLLETQY,VYFLQSINF
9778,DRGSQS,IYSNGD,ARRGGADGLT,SGHDT,YYEEEE,ASSLALAGPYEQY,ELAGIGILTV
9779,TISGNEY,GLKNN,TTDSWGKFE,MNHEY,SMNVEV,ASSDFLNTEAF,RAKFKQLL
9780,SVFSS,VVTGGEV,AGAFGSRNTGKLI,LNHDA,SQIVND,ASSIRSSYEQY,GILGFVFTL
9781,VSGNPY,YITGDNLV,AVRDRMNRDDKII,MNHEY,SMNVEV,ASSLTDSTDTQY,TTDPSFLGRY
9782,YGATPY,YFSGDTLV,AVGPGSNNDMR,DFQATT,SNEGSKA,SATRLAGGPTDTQY,DATYQRTRALVR
9783,NSASQS,VYSSG,VVNKYDKII,SEHNR,FQNEAQ,ASSLDIEQY,YLQPRTFLL
9784,DRGSQS,IYSNGD,AVSNYQLI,LNHNV,YYDKDF,ATSRDLLGQVKETQY,LLLDRLNQL
9785,NIATNDY,GYKTK,LVGETNAGKST,DFQATT,SNEGSKA,SAGESTPEAF,CINGVCWTV
9786,DRGSQS,IYSNGD,AVKTDSWGKLQ,MGHRA,YSYEKL,ASSPGELVPNTEAF,ELAGIGILTV
9787,NSASQS,VYSSG,VVNDRDRLM,SNHLY,FYNNEI,ASQDRNTGELF,YLQPRTFLL
9788,DSASNY,IRSNVGE,AASETSYDKVI,LGHNA,YNFKEQ,ASSPDGTGPGDTQY,RAKFKQLL
9789,NSASQS,VYSSG,VVNILRSNDYKLS,MNHNS,SASEGT,ASSERTGYEQY,NYNYLYRLF
9790,TTSDR,LLSNGAV,AVDPWSNQFY,MDHEN,SYDVKM,ATPPGRDSQPQH,GLCTLVAML
9791,SSYSPS,YTSAATLV,VVISTGTASKLT,LNHDA,SQIVND,ASKGGGGYT,GILGFVFTL
9792,DSASNY,IRSNVGE,AAMETSYDKVI,PRHDT,FYEKMQ,ASSLMRGGTYNSPLH,RAKFKQLL
9793,TSESDYY,QEAYKQQN,ASTYSGAGSYQLT,SNHLY,FYNNEI,ASSGDRNQPQH,KLSALGINAV
9794,TSGFYG,NALDGL,AVLWRGGKLI,DFQATT,SNEGSKA,SAPSEWDSYEQY,TTDPSFLGRY
9795,SVFSS,VVTGGEV,AGLTDKLI,DFQATT,SNEGSKA,SANPSNRPFRTQY,GILGFVFTL
9796,DRGSQS,IYSNGD,AVNGNARLM,DFQATT,SNEGSKA,SLIQGLGTEAF,ELAGIGILTV
9797,VSPFSN,MTFSENT,VVGDYKLS,DFQATT,SNEGSKA,SARENPPSGPYNEQF,SPRWYFYYL
9798,TRDTTYY,RNSFDEQN,ALSGVNNNAGNMLT,LNHDA,SQIVND,ASSLSRSRGSYEQY,RAKFKQLL
9799,NSAFQY,TYSSGN,AMSAGSYQLT,LNHDA,SQIVND,ASSTQVIGNQPQH,ATDALMTGF
9800,ATGYPS,ATKADDK,ALTYSGGYNKLI,SGDLS,YYNGEE,ASSVGGSEKNTEAF,YLQPRTFLL
9801,DRGSQS,IYSNGD,AVDHFGNEKLT,MNHEY,SMNVEV,ASSFLSGANLYNEQF,ALSKGVHFV
9802,NSAFQY,TYSSGN,AMSGHGGSQGNLI,LNHDA,SQIVND,ASSIRSTETQY,GILGFVFTL
9803,YGATPY,YFSGDTLV,AVGDRARGSQGNLI,SGHVS,FNYEAQ,ASSCGGINEQF,YLLEMLWRL
9804,TRDTTYY,RNSFDEQN,ALSAPNNARLM,MNHEY,SVGAGI,ASTDGGRGLNTEAF,ALWEIQQVV
9805,NSASQS,VYSSG,VVNIGGGSQGNLI,LNHDA,SQIVND,ASSMRSAEAQY,GILGFVFTL
9806,TRDTTYY,RNSFDEQN,ALTEVDSSYKLI,MNHEY,SMNVEV,ASSLAGGSYEQY,RLPGVLPRA
9807,DRGSQS,IYSNGD,AVTGDHKLS,DFQATT,SNEGSKA,SARVETGYNEQF,LLAGIGTVPI
9808,TSESDYY,QEAYKQQN,NNNAGNMLT,MNHEY,SMNVEV,ASSFPGQGNTQY,RAQAPPPSW
9809,DRGSQS,IYSNGD,AVSIFGNVLH,MNHEY,SMNVEV,ASSGRAGTGVQF,ELAGIGILTV
9810,TSDPSYG,QGSYDQQN,AMREGSDSSYKLI,SEHNR,FQNEAQ,ASSSHDRHGIGSPLH,TPRVTGGGAM
9811,SSNFYA,MTLNGDE,AFISTSGTYKYI,KGHDR,SFDVKD,ATSDPTDRVDGYT,SPRWYFYYL
9812,NSASQS,VYSSG,VVIAGDYKLS,DFQATT,SNEGSKA,SARYRLAGPYEQY,QAKWRLQTL
9813,VSGNPY,YITGDNLV,AVRDIIARLM,SGHNS,FNNNVP,ASSSVNEQ,NLVPMVATV
9814,ATGYPS,ATKADDK,ALGHNNAGNMLT,MNHEY,SMNVEV,ASSWEKTPYNEQF,TTDPSFLGRY
9815,YGGTVN,YFSGDPLV,AVKDTDKLI,MNHEY,SVGEGT,ASSSPLGLATGYEQY,YVLDHLIVV
9816,DRGSQS,IYSNGD,AVILMNTGFQKLV,SQVTM,ANQGSEA,SVEAGTGWTETQY,TPRVTGGGAM
9817,NSASQS,VYSSG,VVTHITRGNTGKLI,SEHNR,FQNEAQ,ASSPGAYEQY,RTLNAWVKV
9818,DSASNY,IRSNVGE,AASETSYDKVI,SEHNR,FQNEAQ,ASSPLGERHTEAF,RAKFKQLL
9819,SIFNT,LYKAGEL,AGHTGNQFY,LNHDA,SQIVND,ASSIRSGYEQF,GILGFVFTL
9820,TSESDYY,QEAYKQQN,AYTENNARLM,MNHEY,SMNVEV,ASSLQGTGYGYT,KLWAQCVQL
9821,SSNFYA,MTLNGDE,ARNTGNQFY,MNHEY,SVGAGI,ASSPKTGASYGYT,NLVPMVATV
9822,YGATPY,YFSGDTLV,LISDGQKLL,SGHAT,FQNNGV,ASSLGGVGYTEAF,GILGFVFTL
9823,DRGSQS,IYSNGD,AVGSSGSARQLT,KGHDR,SFDVKD,ATSAGQGAFSGELF,ELAGIGILTV
9824,KTLYG,LQKGGEE,GAVTAMR,SNHLY,FYNNEI,ASSSGLVAPGELF,GILGFVFTL
9825,SSVPPY,YTSAATLV,VVRSDSNYQLI,MNHEY,SVGEGT,ASITNPHFGGYGYT,SPRWYFYYL
9826,DRGSQS,IYSNGD,AVSEGQKLL,MDHEN,SYDVKM,ASSIQGLGPEAF,ELAGIGILTV
9827,TRDTTYY,RNSFDEQN,ALSEATDRGSTLGRLY,LNHDA,SQIVND,ASSIFHTDTQY,GILGFVFTL
9828,TISGNEY,GLKNN,IVSLSWGELTGGGNKLT,LNHDA,SQIVND,ASSIRSEETQY,GILGFVFTL
9829,VSGNPY,YITGDNLV,AVFFGNVLHCFGNVLH,MNHEY,SMNVEV,ASSRTGGAPEKL,NLVPMVATV
9830,SSVPPY,YTSAATLV,AVTRGDYKLS,KGHDR,SFDVKD,ATSDSTAGNQPQH,ATDALMTGF
9831,SVFSS,VVTGGEV,PGADGGIQRNLI,LNHDA,SHIVND,ASSIMGSGNTIY,GILGFVFTL
9832,SVFSS,VVTGGEV,AGAKGAQKLV,SQVTM,ANQGSEA,SVGSGDYEQY,RAKFKQLL
9833,VSGNPY,YITGDNLV,AVSDRSNDYKLS,SGDLS,YYNGEE,ASSVVEGFTDTQY,GILGFVFTL
9834,SVFSS,VVTGGEV,AGPGDGGSQGNLI,LNHDA,SQIVND,ASSFRSSETQY,GILGFVFTL
9835,YGATPY,YFSGDTLV,AVAPPSGGSYIPT,LNHDA,SQIVND,ASSMYGGSNQPQH,GILGFVFTL
9836,VGISA,LSSGK,AALNTDKLI,MNHEY,SMNVEV,ASSLWGGTEAF,GILGFVFTL
9837,NTAFDY,IRPDVSE,AVNTDTLI,SNHLY,FYNNEI,ASSEALLGLDEQF,LLAGIGTVPI
9838,TTLSN,LVKSGEV,AGLAGGYQKVT,MNHNS,SASEGT,ASSMNAGVTEAF,QYIKWPWYI
9839,TSINN,IRSNERE,ATVPAAGGTSYGKLT,SGHRS,YFSETQ,ASSLLADAYEQY,ALGIGILTV
9840,VSGNPY,YITGDNLV,AVRDESNQGGKLI,MNHEY,SMNVEV,ASSPLTGSPVAKNIQY,SPRWYFYYL
9841,DSASNY,IRSNVGE,AYGGSQGNLI,LNHDA,SQIVND,ASSFRSSETQY,GILGFVFTL
9842,DSASNY,IRSNVGE,AASGGDDKII,LNHDA,SQIVND,ASSRTGNSNQPQH,GILGFVFTL
9843,TTLSN,LVKSGEV,AGLGDSGGSNYKLT,LGHDT,YNNKEL,ASGDGLAGKITGELF,VLFGLGFAI
9844,SSYSPS,YTSAATLV,VVSENTGFQKLV,SGHDT,YYEEEE,ASSLRDGSEAF,RAKFKQLL
9845,TSDPSYG,QGSYDQQN,AMRESMEYGNKLV,MNHEY,SMNVEV,ASSLLRGTDTQY,RPIIRPATL
9846,TSGFNG,NVLDGL,AAINDYKLS,MNHNS,SASEGT,ASSGSPGTGDYGYT,YLQPRTFLL
9847,VSNAYN,GSKP,AVEPGRNAGNMLT,LGHDT,YNNKEL,ASSQAGRGLGEKLF,RPHERNGFTVL
9848,TRDTTYY,RNSFDEQN,ALGGGGADGLT,SNHLY,FYNNEI,ASSDDRGNTIY,YLLEMLWRL
9849,ATGYPS,ATKADDK,AMPSGGYNKLI,MNHEY,SMNVEV,ASSFGQGSDTQY,GILGFVFTL
9850,DRGSQS,IYSNGD,AAGGSGYALN,MRHNA,SNTAGT,ASSDAVGQGTDTQY,ELAGIGILTV
9851,TTLSN,LVKSGEV,AGSPIYNQGGKLI,LGHNA,YSLEER,ASSQEWGINEKLF,GILGFVFTL
9852,YGGTVN,YFSGDPLV,AVNPSILWGWELPTH,MNHEY,SVGAGI,ASSYSIGYEQF,GILGFVFTL
9853,TSENNYY,QEAYKQQN,AFMNPSNDYKLS,SEHNR,FQNEAQ,ASSSWTSGPTDEQF,MEVTPSGTWL
9854,ATGYPS,ATKADDK,APTSTWGWELPTH,LNHDA,SQIVND,ASSISLAAEQF,LLDFVRFMGV
9855,SSYSTF,SSENQE,ARNTGNQFY,PRHDT,FYEKMQ,ASSYQTGAGGYGYTG,NLVPMVATV
9856,TRDTTYY,RNSFDEQN,ALMGNAGGTSYGKLT,LNHDA,SQIVND,ASSQGNYGYT,GILGFVFTL
9857,NIATNDY,GYKTK,LVGDNTGFQKLV,MDHEN,SYDVKM,ASSSKRTVQFYGYT,SPRWYFYYL
9858,VSGNPY,YITGDNLV,AVRDTNAGKST,LNHDA,SQIVND,ASSIISGGDYT,GILGFVFTL
9859,NSAFQY,TYSSGN,AMSLSNFGNEKLT,SGHTA,FQGNSA,ASSLGDRDYGYT,LLAGIGTVPI
9860,TSENNYY,QEAYKQQN,AFDQRSGGSNYKLT,SNHLY,FYNNEI,ASETPGSAEVYEQY,GILGFVFTL
9861,YGATPY,YFSGDTLV,AVPGGRPGPLI,MNHEY,SVGEGT,ASSYSSTGEY,YLLEMLWRL
9862,TTLSN,LVKSGEV,ASAGGGGSQGNLI,LNHDA,SQIVND,ASSIVSNQPQH,GILGFVFTL
9863,SSVPPY,YTSAATLV,AVSDYNFNKFY,SGHNS,FNNNVP,ASSFSGNTGELF,RAKFKQLL
9864,DSASNY,IRSNVGE,AARYTDKLI,MDHEN,SYDVKM,ASSLSLGVETQY,TPRVTGGGAM
9865,VSGNPY,YITGDNLV,AMRDDRDDKII,SGHAT,FQNNGV,ASSLNAGEWYGYT,GLCTLVAML
9866,VSGNPY,YITGDNLV,AVGMNRDDKII,KGHDR,SFDVKD,ATSPLAGGGNEQF,SPRWYFYYL
9867,DSASNY,IRSNVGE,AASETSYDKVI,SEHNR,FQNEAQ,ASSLTDGGEQY,RAKFKQLL
9868,DSAIYN,IQSSQRE,AVPEMRRDDKII,MNHEY,SMNVEV,ASRPLTGGDQPQH,SPRWYFYYL
9869,NIATNDY,GYKTK,LVGGGFKTI,MNHNS,SASEGT,ASSEKLPEFNQPQH,TTDPSFLGRY
9870,ATGYPS,ATKADDK,ALMGSQGNLI,MNHEY,SMNVEV,ASSLDSPYEQY,TTDPSFLGRY
9871,DRGSQS,IYSNGD,AVSPDNAGNNRKLI,LNHDA,SQIVND,ASITGTATANYGYT,GILGFVFTL
9872,NSASQS,VYSSG,VVNAFNSGAGSYQLT,SGHTA,FQGNSA,ASSEAQGYEQY,NYNYLYRLF
9873,SSVSVY,YLSGSTLV,AVSDRAGGTSYGKLT,LGHNA,YNFKEQ,ASSQRPSEVGELF,RAKFKQLL
9874,TSGFNG,NVLDGL,AVIKAAGNKLT,SNHLY,FYNNEI,ASSDYPSGGYGSYPETQY,TPRVTGGGAM
9875,TSGFNG,NVLDGL,AVLDSNYQLI,MNHEY,SVGAGI,ASSRTGDYNEQF,FLASKIGRLV
9876,TISGNEY,GLKNN,IVFQDDYKLS,SQVTM,ANQGSEA,SVLNYEQY,RGPGRAFVTI
9877,TRDTTYY,RNSFDEQN,ALSGYYGGSQGNLI,MNHNS,SASEGT,ASSGVGRQTYEQY,GILGFVFTL
9878,TSGFNG,NVLDGL,AVREAPFRGDDKII,LNHDA,SQIVND,ASSSRTSGRFYEQY,VTEHDTLLY
9879,DRGSQS,IYSNGD,AMRNQAGTALI,SGDLS,YYNGEE,ASSELTSSEAF,LLLDRLNQL
9880,NSASQS,VYSSG,VVNTDKLI,MNHEY,SVGAGI,ASSGSSGYEQY,LLWNGPMAV
9881,NSMFDY,ISSIKDK,AALTGGGADGLT,MDHEN,SYDVKM,ASSLYLTSEQY,YLQPRTFLL
9882,YGGTVN,YFSGDPLV,AVPNTNAGKST,SGHNT,YYREEE,ASTLRGTGVETQY,ELAGIGILTV
9883,NSASQS,VYSSG,VVNRRDDMR,DFQATT,SNEGSKA,SAHRDQNTGELF,YLQPRTFLL
9884,TSINN,IRSNERE,ATDRDQGAQKLV,LGHNA,YNFKEQ,ASSQEVGIWQTQY,RLPGVLPRA
9885,DRGSQS,IYSNGD,AVRDDMR,SEHNR,FQNEAQ,ASSPRLLSGTGELF,LLAGIGTVPI
9886,SSVPPY,YTSAATLV,AVSGYSTLT,SGHDT,YYEEEE,ASSLRDGSEAF,RAKFKQLL
9887,NSASDY,IRSNMDK,APRTNAGKST,DFQATT,SNEGSKA,SASPGTSGTYEQY,LLAGIGTVPI
9888,DRGSQS,IYSNGD,AVNGGSQGNLI,MNHEY,SVGEGT,ASSYLWSEQY,ALAGIGILTV
9889,DRGSQS,IYSNGD,AVNDGFYNQGGKLI,LGHDT,YNNKEL,ASSQGETGETQY,ELAGIGILTV
9890,DSASNY,IRSNVGE,AARSKEDQNFV,LNHDA,SQIVND,ASSFLSTDTQY,GILGFVFTL
9891,TSESDYY,QEAYKQQN,AYSSLYGGSQGNLI,DFQATT,SNEGSKA,SAREKTINTGELF,ATDALMTGF
9892,NSASDY,IRSNMDK,ADSGGGADGLT,SEHNR,FQNEAQ,ASSSRDGGTDTQY,RAKFKQLL
9893,NSMFDY,ISSIKDK,AASATSGTYKYI,SGHAT,FQNNGV,ASSLDGQGPLYGYT,VSDGGPNLY
9894,SSYSPS,YTSAATLV,VVSDPDTGTYKYI,SNHLY,FYNNEI,ASRDRGNYYGYT,YLQPRTFLL
9895,SSNFYA,MTLNGDE,AFLNAGKST,MGHDK,SYGVNS,ASSDAGGGMAEAF,GILGFVFTL
9896,SVFSS,VVTGGEV,AGASNAGGTSYGKLT,MNHEY,SMNVEV,ASSPFTGELF,RPHERNGFTVL
9897,KTLYG,LQKGGEE,GADTAIQGAQKLV,MNHEY,SVGAGI,ASSYLQGTQETQY,LTDEMIAQY
9898,TSESDYY,QEAYKQQN,ASNTDKLI,LNHNV,YYDKDF,ATSRAYQDTQY,GPRLGVRAT
9899,NSAFQY,TYSSGN,AMSGSNFGNEKLT,SGHVS,FQNEAQ,ASSLGGPYQETQY,LLAGIGTVPI
9900,NSASDY,IRSNMDK,AEDMGGGSQGNLI,SGHAT,FQNNGV,ASSRDRGRHYNEQF,GILGFVFTL
9901,TSDPSYG,QGSYDQQN,AMREAPGAGSYQLT,SGHVS,FNYEAQ,ASSSGDTQY,RPHERNGFTVL
9902,DSAIYN,IQSSQRE,AALDSGAGNMLT,MNHEY,SVGAGI,ASIAGLRAF,CINGVCWTV
9903,SVFSS,VVTGGEV,AGAGTRDDKII,LNHDA,SQIVND,ASSIRSFYEQY,GILGFVFTL
9904,TISGTDY,GLTSN,ILMETSYDKVI,SGHNS,FNNNVP,ASSFTGNGEQF,RAKFKQLL
9905,NSAFQY,TYSSGN,AMTLSNFGNEKLT,SGHNS,FNNNVP,ASSFSGTGAGYT,LLAGIGTVPI
9906,DRGSQS,IYSNGD,AVTGDKII,MNHEY,SVGEGT,ASSDGPSYEQYV,LLWNGPMAV
9907,YGGTVN,YFSGDPLV,AVGSARQLT,LNHDA,SQIVND,ASRALLGGGQPQH,YVLDHLIVV
9908,NIATNDY,GYKTK,LVGDLVEGDSSYKLI,SGHNT,YENEEA,ASSKRQGTGELF,SPRWYFYYL
9909,DSASNY,IRSNVGE,AALETSYDKVI,SGHNS,FNNNVP,ASSARDSSGNTIY,RAKFKQLL
9910,NSASQS,VYSSG,VVNAPRFWTGGYQKVT,SGHDT,YYEEEE,ASSLSAPKPFYNSPLH,TTDPSFLGRY
9911,DRGSQS,IYSNGD,AVNKGNNARLM,SGHRS,YFSETQ,ASSLAGGPLHEQF,SPRWYFYYL
9912,DSAIYN,IQSSQRE,AVGGYGGSQGNLI,SGHRS,YFSETQ,ASSLAGISLDNSPLH,SPRWYFYYL
9913,TSESDYY,QEAYKQQN,AYGQGAGGTSYGKLT,LNHDA,SQIVND,ASSIGWAGYT,GILGFVFTL
9914,TRDTTYY,RNSFDEQN,ALSDLRGNYQLI,LGHDT,YNNKEL,ASSQRSAGAYEQY,NQKLIANQF
9915,DSSSTY,IFSNMDM,AEIRAGNMLT,SQVTM,ANQGSEA,SVSTGIYEQY,GLCTLVAML
9916,YGATPY,YFSGDTLV,NTGNQFY,MNHEY,SMNVEV,ASSMTSGALYNEQF,NLVPMVATV
9917,VSGNPY,YITGDNLV,AVAKDLQNSGGGADGLT,LGHNA,YSLEER,ASSQEWLAVSTDTQY,GILGFVFTL
9918,DSASNY,IRSNVGE,AARETSYDKVI,SEHNR,FQNEAQ,ASTNLGGFTDTQY,RAKFKQLL
9919,TSDPSYG,QGSYDQQN,AMREAPFAYSGAGSYQLT,MNHEY,SMNVEV,ASSDRGRSYEQY,YLQPRTFLL
9920,DRGSQS,IYSNGD,AVGLDGQKLL,SNHLY,FYNNEI,ASETGQGANYGYT,LLLDRLNQL
9921,TRDTTYY,RNSFDEQN,ALTPGAAGNKLT,SGDLS,YYNGEE,ASSVAVGTGSGANVLT,GILGFVFTL
9922,NIATNDY,GYKTK,LVGDMAGGFKTI,SGHNT,YYREEE,ASSWTQGDEQY,DATYQRTRALVR
9923,NSASQS,VYSSG,VVIEGYSGGGADGLT,MNHEY,SMNVEV,ASSPTKVNNEQF,YSEHPTFTSQY
9924,TISGTDY,GLTSN,ILRPREDRGSTLGRLY,SQVTM,ANQGSEA,SVRQGARDNEQF,HPVTKYIM
9925,DRGSQS,IYSNGD,AVNNTGNMLT,MNHEY,SVGAGI,ASKNSQGTGNEQF,ELAGIGILTV
9926,TTLSN,LVKSGEV,VGNLHNNNDMR,MGHRA,YSYEKL,ASNNDRYTGELF,SPRWYFYYL
9927,DRGSQS,IYSNGD,AVNNARLM,MNHEY,SMNVEV,ASSLSGGLAFEPDTQY,ELAGIGILTV
9928,DRGSQS,IYSNGD,AVPLTGGGNKLT,LNHDA,SQIVND,ASSTRSSYEQY,GLCTLVAML
9929,SVFSS,VVTGGEV,AGAGASNTGKLI,LNHDA,SQIVND,ASSIRSSYEQY,GILGFVFTL
9930,DRGSQS,IYSNGD,AVNAGNQFY,SGHAT,FQNNGV,ASSLGFLTGELF,ELAGIGILTV
9931,ATGYPS,ATKADDK,ALSTSQGNLI,MNHEY,SMNVEV,ASAARQGSDEQY,TTDPSFLGRY
9932,NSASQS,VYSSG,VAHYNTDKLI,SNHLY,FYNNEI,ASIQGWGEKLF,CTELKLSDY
9933,DSASNY,IRSNVGE,AASETSYDKVI,SGHTA,FQGNSA,ASSLPTFYEQY,RAKFKQLL
9934,VTNFRS,LTSSGIE,AVLHAGKST,MNHEY,SMNVEV,ASSSLTGPSLAKNIQY,SPRWYFYYL
9935,DRGSQS,IYSNGD,AVSSRGGNKLT,SNHLY,FYNNEI,ASTRIRQGLDEQY,LLAGIGTVPI
9936,DRGSQS,IYSNGD,AVSTDKLI,MNHNY,SVGAGI,ASSPGGVSYGYT,LLWNGPMAV
9937,TSESDYY,QEAYKQQN,AYRSNYGGSQGNLI,MGHRA,YSYEKL,ASRDNMNSNQPQH,ATDALMTGF
9938,SIFNT,LYKAGEL,AGQTTSNTGKLI,DFQATT,SNEGSKA,SASQDPYEQY,DATYQRTRALVR
9939,TSENNYY,QEAYKQQN,AFMKGGGYNKLI,MGHDK,SYGVNS,ASSDLRTANTEAF,SPRWYFYYL
9940,VSPFSN,MTFSENT,VVSRRTTGANNLF,MNHNY,SVGAGI,ASSYTLASYEQY,NLVPMVATV
9941,TSDPSYG,QGSYDQQN,AMQKGNAGNMLT,SGHAT,FQDESV,ASSLSLAEIYEQY,GILGFVFTL
9942,NSMFDY,ISSIKDK,AASGDSSYKLI,SGDLS,YYNGEE,ASSAGQLTSGNTIY,GLCTLVAML
9943,DRGSQS,IYSNGD,AVNQGGKLI,MDHEN,SYDVKM,ASTTSGLSTDTQY,ELAGIGILTV
9945,DSVNN,IPSGT,AVAYWGYQKVT,SGHDT,YYEEEE,ASSLGQNTEAF,FLRGRAYGL
9946,VSGNPY,YITGDNLV,AVSVGGRRALT,DFQATT,SNEGSKA,SARGFRTGETGELF,NQKLIANQF
9947,YGGTVN,YFSGDPLV,ALGGLT,WSHSY,SAAADI,ASRAGAGDTQY,GLCTLVAML
9948,DRGSQS,IYSNGD,AVTLTGGGNKLT,LGHDT,YNNKEL,ASSQGSGGSQPQH,LLAGIGTVPI
9949,NSASQS,VYSSG,VVPESGNTGKLI,DFQATT,SNEGSKA,SAAGLAGGSYEQY,GILGFVFTL
9950,TSGFNG,NVLDGL,AVREDNAGNMLT,SGHDY,FNNNVP,ASGPLLLMTNEQF,NLVPMVATV
9951,DRGSQS,IYSNGD,AVEKKNTDTLI,SGHVS,FNYEAQ,ASSLNVGEGAGNTIY,RAKFKQLL
9952,DRGSQS,IYSNGD,AVNLGGGSQGNLI,SNHLY,FYNNEI,ASSQQWEETQY,GILGFVFTL
9953,TSINN,IRSNERE,ATAKYNAGGTSYGKLT,LNHDA,SQIVND,ASSIGSHGYT,GILGFVFTL
9954,NSASDY,IRSNMDK,ADSGGGADGLT,DFQATT,SNEGSKA,SALWTDSYEQY,RAKFKQLL
9955,TTSDR,LLSNGAV,AVDIHPNDYKLS,LNHDA,SQIVND,ASSELAGGGDTQY,NLVPMVATV
9956,DRGSQS,IYSNGD,AVLGVYNQGGKLI,MDHEN,SYDVKM,ASSFPLGGYGYT,TTDPSFLGRY
9957,VGISA,LSSGK,AVTPPTGNQFY,MNHNS,SASEGT,ASSVGPGTTYGYT,NLVPMVATV
9958,VGISA,LSSGK,AASQETSGSRLT,SGHVS,FNYEAQ,ASSFGIPYEQY,LLWNGPMAV
9959,ATGYPS,ATKADDK,ALSAGRRALT,SGHKS,YYEKEE,ASSLYESHNEQF,TTDPSFLGRY
9960,TRDTTYY,RNSFDEQN,ALTGYSTLT,MNHEY,SVGAGI,ASSSQGGFDGYT,FLYALALLL
9961,TTLSN,LVKSGEV,AGTHGGSQGNLI,LNHDA,SQIVND,ASSPRSDSPLH,GILGFVFTL
9962,DRGSQS,IYSNGD,AVLSGDMR,SGDLS,YYNGEE,ASSDGLLSSYNEQF,LLAGIGTVPI
9963,TRDTTYY,RNSFDEQN,ALSLLYNTDKLI,SQVTM,ANQGSEA,SVGSETGAFFNYEQY,GILGFVFTL
9964,DRGSQS,IYSNGD,ASLGQNFV,MNHEY,SVGEGT,ASSAGGSYEQY,ELAGIGILTV
9965,SVFSS,VVTGGEV,AGGGSQGNLI,LNHDA,SQIVND,APLKGSSYEQY,GILGFVFTL
9966,VGISA,LSSGK,AVRLGYGNKLV,LNHNV,YYDKDF,ATSRDKLGLSYTDTQY,CINGVCWTV
9967,TSDPSYG,QGSYDQQN,AMREDPGGTSYGKLT,LNHDA,SQIVND,ASSLYSNQPQH,GILGFVFTL
9968,NYSPAY,IRENEKE,ALLEMVIKAAGNKLT,MDHEN,SYDVKM,ASSTDRAAQPQH,RTLNAWVKV
9969,DRGSQS,IYSNGD,AVNKDFNKFY,MNHEY,SVGEGT,ASSAGGSNEQF,ELAGIGILTV
9970,NSASQS,VYSSG,VVNTANDYKLS,SGHVS,FNYEAQ,ASSHSGQSFYNEQF,GLCTLVAML
9971,TISGNEY,GLKNN,IVMDDFQKLV,SGHDN,FVKESK,ASSQATNTGELF,RAKFKQLL
9972,NSAFQY,TYSSGN,ARGGGFKTI,SEHNR,FQNEAQ,ASSPVTGGGSGANVLT,GILGFVFTL
9973,TSINN,IRSNERE,ATEGNSGYSTLT,MNHEY,SVGAGI,ASSQQGGRYGYT,FLYALALLL
9974,TSDPSYG,QGSYDQQN,AMRDPPDTGFQKLV,SQVTM,ANQGSEA,SVVSARLNTEAF,CLGGLLTMV
9975,NSASDY,IRSNMDK,ADSGGGADGLT,MGHRA,YSYEKL,ASSQDRGPGELF,RAKFKQLL
9976,TSDPSYG,QGSYDQQN,AMRELLNSGGSNYKLT,LGHNA,YNFKEQ,ASRKLAGPTDTQY,NLVPMVATV
9977,YGGTVN,YFSGDPLV,YSGGGADGLT,ENHRY,SYGVKD,AISESGGGGFREQF,QAKWRLQTL
9978,YGGTVN,YFSGDPLV,AVNSNYQLI,SGHNS,FNNNVP,ASSLYYNEQF,YVLDHLIVV
9979,VSGNPY,YITGDNLV,AVRLTRDNYGQNFV,SGHDN,FVKESK,ASSQVDYNEQF,FEDLRLLSF
9980,NSAFQY,TYSSGN,AMSASNFGNEKLT,SGHTA,FQGNSA,ASSSIRGPLSGNTIY,GILGFVFTL
9981,ATGYPS,ATKADDK,ALSATSGTYKYI,MNHEY,SMNVEV,ASSPLSGTSATKETQY,SPRWYFYYL
9982,DSAIYN,IQSSQRE,AVRGNNDMR,MNHEY,SVGEGT,ASSAGTLQETQY,CLGGLLTMV
9983,DSSSTY,IFSNMDM,AEILMDSNYQLI,SGHVS,FQNEAQ,ASSLAGGLAGPSYEQY,DATYQRTRALVR
9984,NSASDY,IRSNMDK,AEFLYNQGGKLI,DFQATT,SNEGSKA,SAPSPTSGSRETQY,QYIKWPWYI
9985,TSDPSYG,QGSYDQQN,AMRGAGNEKLT,SGDLS,YYNGEE,ASSVEPGWDEQY,YLQPRTFLL
9986,DSASNY,IRSNVGE,AASGYDYKLS,LNHDA,SQIVND,ASSARSSYEQY,GILGFVFTL
9987,DSASNY,IRSNVGE,AASLGGYSTLT,SQVTM,ANQGSEA,SVEDWLAGSYEQY,YAKWKLCSA
9988,DSASNY,IRSNVGE,APRGARMIYNQGGKLI,SGHRS,YFSETQ,ASSPRGQGNTGELF,SPRWYFYYL
9989,TSINN,IRSNERE,ATVPALTQGGSEKLV,MNHEY,SMNVEV,ASSMLGVLRGANVLT,FEDLRLLSF
9990,NSASQS,VYSSG,VVNMPLKYNFNKFY,LNHDA,SQIVND,ASGTGAGELF,GILGFVFTL
9991,DRGSQS,IYSNGD,AVNIANFGNEKLT,SNHLY,FYNNEI,ASSDMNTEAF,LLAGIGTVPI
9992,VGISA,LSSGK,AVISYNTDKLI,SGDLS,YYNGEE,ASSVSVRGGTEAF,QYIKWPWYI
9993,DSASNY,IRSNVGE,AAQETSYDKVI,SEHNR,FQNEAQ,ASSPLGISYNEQF,RAKFKQLL
9994,NYSPAY,IRENEKE,ALDKSDRGSTLGRLY,LNHDA,SQIVND,ASTTLPGPLNEQF,GILGFVFTL
9995,NSASQS,VYSSG,VVNMEDKLV,WSHSY,SAAADI,ASLRQNSGEQF,YLQPRTFLL
9996,TRDTTYY,RNSFDEQN,ALSEANDYKLS,SGDLS,YYNGEE,ASSPSGAGGGDEQF,NQKLIANQF
9997,TSDPSYG,QGSYDQQN,AMREGEAGGFKTI,SGHDN,FVKESK,ASSHFSYEQY,RAKFKQLL
9998,VSGNPY,YITGDNLV,AVRDWDQFY,MDHEN,SYDVKM,ASRGGVGANNEQF,LTDEMIAQY
9999,STGYPT,ETMEN,LLGYSQGGSEKLV,ENHRY,SYGVKD,AISEDRETQY,GILGFVFTL
10000,KALYS,LLKGGEQ,GTATEDDYKLS,SEHNR,FQNEAQ,ASSHPSGLTDTQY,RGPGRAFVTI
10001,DRGSQS,IYSNGD,AVAGQLT,WSHSY,SAAADI,ASSPGPLTNEKLF,LLAGIGTVPI
10002,YSGSPE,HISR,APVSDNDMR,SGHTA,FQGNSA,ASSLVVSHGELF,RAKFKQLL
10003,TSGFNG,NVLDGL,AVLDSNYQLI,SGHDY,FNNNVP,ASGRLSYNEQF,RAKFKQLL
10004,NIATNDY,GYKTK,LVGDGRGGSQGNLI,LGHNA,YSLEER,ASSQEVAAGGGDTQY,CINGVCWTV
10005,TSDPSYG,QGSYDQQN,AMREGEDSNYQLI,LGHNA,YNFKEQ,ASSQEGHLTNYGYT,GLCTLVAML
10006,TTLSN,LVKSGEV,NAGNNRKLI,LNHDA,SQIVND,ASSLDFAYEQY,GILGFVFTL
10007,DRGSQS,IYSNGD,AVNVDTGFQKLV,MNHEY,SMNVEV,ASSLSYRGNTEAF,SPRWYFYYL
10008,VSGNPY,YITGDNLV,ALWGFQKLV,PRHDT,FYEKMQ,ASSPAGQGAGTGELF,LLWNGPMAV
10009,KALYS,LLKGGEQ,GTEYPNDYKLS,KGHSH,LQKENI,ASSRQGAGDTEAF,GLCTLVAML
10010,TTLSN,LVKSGEV,AGQHGGSQGNLI,LNHDA,SQIVND,ASSPRSTDTQY,GILGFVFTL
10011,DSASNY,IRSNVGE,AASEGLNDYKLS,LGHDT,YNNKEL,ASSQAMGTEAF,RAKFKQLL
10012,NSASQS,VYSSG,VVNMDTGRRALT,SEHNR,FQNEAQ,ASSLTVSDEQY,FLRGRAYGL
10013,VSPFSN,MTFSENT,VVPGANNLF,LNHDA,SQIVND,ASSPFHTGELF,GILGFVFTL
10014,NIATNDY,GYKTK,PRGNAGNMLT,SEHNR,FQNEAQ,ASSLALGDSPLH,RAKFKQLL
10015,DRGSQS,IYSNGD,AVNEDGQKLL,MNHEY,SVGAGI,ASSYSGTSGGAYEQY,LLWNGPMAV
10016,TSDPSYG,QGSYDQQN,REYMGSSYKL,SGDLS,YYNGEE,SVEGNQPQ,GILGFVFTL
10017,TSDPSYG,QGSYDQQN,AMREVMDSNYQLI,SGDLS,YYNGEE,ASSVGGLAGGVETQY,GLCTLVAML
10018,NSASQS,VYSSG,VVNGNTDKLI,SEHNR,FQNEAQ,ASNEQNSNEQF,YLQPRTFLL
10019,TSGFNG,NVLDGL,AVRRAGNDMR,SGDLS,YYNGEE,ASSGTNSPLH,NLVPMVATV
10020,TSESDYY,QEAYKQQN,AYRTPLRDDKII,MDHEN,SYDVKM,ASSDTAGSSYNEQ,RLPGVLPRA
10021,VSGNPY,YITGDNLV,AVRALYNFNKFY,SGHTA,FQGNSA,ASSLVGEGRGREQY,QYIKWPWYI
10022,NSASQS,VYSSG,VVNGLNSGAGSYQLT,LGHNA,YSLEER,ASSQLGGYEQY,NYNYLYRLF
10023,DRGSQS,IYSNGD,AVGPGYSSASKII,MRHNA,SNTAGT,ASSDGIGQGASGYT,NLVPMVATV
10024,TRDTTYY,RNSFDEQN,ALSEVPHGNNRLA,LNHDA,SQIVND,ASSSLITDTQY,GILGFVFTL
10025,YGGTVN,YFSGDPLV,AVILTGANNLF,SGHAT,FQDESV,ASSQQRGRTDTQY,VLEETSVML
10026,VSGNPY,YITGDNLV,AVRDLASNYQLI,MNHEY,SMNVEV,ASSPPQFTEAF,GPRLGVRAT
10027,DSASNY,IRSNVGE,AASIRGSQGNLI,SGHDY,FNNNVP,ASSFLGPEGEKLF,DATYQRTRALVR
10028,NSAFQY,TYSSGN,AMSISNFGNEKLT,SGHRS,YFSETQ,ASRGSGTDMNTEAF,LLAGIGTVPI
10029,NSAFQY,TYSSGN,AMTLSNFGNEKLT,SGHVS,FNYEAQ,ASSLAGGGVNEQF,LLAGIGTVPI
10030,TSENNYY,QEAYKQQN,AFMITLNDYKLS,LNHDA,SQIVND,ASSINGGAYNEQF,GILGFVFTL
10031,TISGTDY,GLTSN,ILPLAGRPRYGQLT,LGHDT,YNNKEL,ASSQVRGGYEQY,FLRGRAYGL
10032,TSDPSYG,QGSYDQQN,AMREGRDSSYKLI,SEHNR,FQNEAQ,ASSTHDYEGTGSPLH,TPRVTGGGAM
10033,NSMFDY,ISSIKDK,AASADPKAGNTPLV,MNHEY,SMNVEV,ASGPLRGGNQPQH,HPVTKYIM
10034,DSAIYN,IQSSQRE,AVGLDRGSTLGRLY,MNHEY,SMNVEV,ASSLSGVPHNNEQF,NLVPMVATV
10035,DRGSQS,IYSNGD,AVNGDSSYKLI,LGHDT,YNNKEL,ASSQGNIQY,ALAGIGILTV
10036,DRGSQS,IYSNGD,AVRNDMR,MDHEN,SYDVKM,ASSPQGQGNGYT,ELAGIGILTV
10037,DSAIYN,IQSSQRE,AVNPGNTGKLI,LNHDA,SQIVND,ASSSYGSYEQY,GILGFVFTL
10038,SSVPPY,YTSAATLV,AVSEGGSNYKLT,SEHNR,FQNEAQ,ASSLISPGTSAYEQY,SPRWYFYYL
10039,SSNFYA,MTLNGDE,AFWRVGSGGGADGLT,SGHDT,YYEEEE,ASSLQQGITDTQY,QYIKWPWYI
10040,TRDTTYY,RNSFDEQN,ALTQGNSGYSTLT,LNHNV,YYDKDF,ATSRRQGDIQY,GILGFVFTL
10041,ATGYPS,ATKADDK,AVNSYYNQGGKLI,SQVTM,ANQGSEA,SVLQGSPYEQY,GILGFVFTL
10042,KALYS,LLKGGEQ,GTEEPSDYRLS,SGDLS,YYNGEE,ASRTGQLSNTGELF,GLCTLVAML
10043,NSASDY,IRSNMDK,AEAGTALI,MGHRA,YSYEKL,ASSQDGTGINTEAF,CTELKLSDY
10044,TTSDR,LLSNGAV,AVLNFGNEKLT,SNHLY,FYNNEI,ASRTPAGANTEAF,NQKLIANQF
10045,ATGYPS,ATKADDK,DTGRRALT,SGHNS,FNNNVP,ASSPPGRNEKLF,RAKFKQLL
10046,TSGFNG,NVLDGL,AVRDSNYQLI,SQVTM,ANQGSEA,SVGSGDHGEQF,RAKFKQLL
10047,TSENNYY,QEAYKQQN,AYRSATRSSLISEKLV,MNHEY,SMNVEV,ASRTSSYNSPLH,FEDLRVSSF
10048,TRDTTYY,RNSFDEQN,ALSEDSGRAGGTSYGKLT,DFQATT,SNEGSKA,SAIGGLYEQY,GILGFVFTL
10049,YGGTVN,YFSGDPLV,AVKDTDKLI,KGHDR,SFDVKD,ATSDLFSNEQF,YVLDHLIVV
10050,DSASNY,IRSNVGE,AYGGSQGNLI,MNHEY,SVGEGT,ASSYSINAAVNYGYT,GILGFVFTL
10051,DSASNY,IRSNVGE,AAVETSYDKVI,SEHNR,FQNEAQ,ASSLEGTNEKLF,RAKFKQLL
10052,TSINN,IRSNERE,ATRPLGSSNTGKLI,GTSNPN,SVGIG,AWSVTPGYNEQF,RVAGDSGFAAY
10053,NSASQS,VYSSG,VVFPGSARQLT,DFQATT,SNEGSKA,SARDPRTGSSYEQY,TTDPSFLGRY
10054,DRGSQS,IYSNGD,AVNNNAGNMLTFG,SEHNR,FQNEAQ,ASSLAQGWGAFFG,ELAGIGILTV
10055,YGATPY,YFSGDTLV,AVGASAGGTSYGKLT,LNHDA,SQIVND,ASSTGQPQH,GILGFVFTL
10056,TSDPSYG,QGSYDQQN,AMREGRDNDMR,LNHDA,SQIVND,ASSTVDRSEHMNTEAF,GILGFVFTL
10057,TRDTTYY,RNSFDEQN,ALSEVYNQGGKLI,SNHLY,FYNNEI,AKRGLAEPDTQY,TTDPSFLGRY
10058,DRGSQS,IYSNGD,AVRKDYKLS,MDHEN,SYDVKM,ASSPQDRARGNEQF,GILGFVFTL
10059,SVFSS,VVTGGEV,AGAWGGSQGNLI,LNHDA,SQIVND,ASSGRSTDTQY,GILGFVFTL
10060,TISGTDY,GLTSN,IAHGGGGADGLT,KGHDR,SFDVKD,ATSDGLAGGWANVLT,GILGFVFTL
10061,TISGNEY,GLKNN,IVRV,LNHDA,SQIVND,ASSTGGTEAF,GILGFVFTL
10062,YSGSPE,HISR,ALLWGDAGFQKLV,SGDLS,YYNGEE,ASSVDPGNTEAF,HSNLNDATY
10063,NSAFQY,TYSSGN,ASSISNFGNEKLT,SGHVS,FNYEAQ,ASSLGEMQF,LLAGIGTVPI
10064,DSASNY,IRSNVGE,AASKGHLAYGNKLV,DFQATT,SNEGSKA,SASTGRNTEAF,RAKFKQLL
10065,NSASQS,VYSSG,VVNRGDGLT,DFQATT,SNEGSKA,SARDQQGQNTGELF,YLQPRTFLL
10066,SSVSVY,YLSGSTLV,AVGDYKLS,SEHNR,FQNEAQ,ASSPDVGYT,GLCTLVAML
10067,YGATPY,YFSGDTLV,AVGAASGAGSYQLT,MNHEY,SVAAAL,ASSYSLAGGEETQY,RFPLTFGWCF
10069,TISGTDY,GLTSN,ILPLAGGTSYGKLT,MNHEY,SVGEGT,ASSYFVGQVVNTEAF,FLRGRAYGL
10070,VSGNPY,YITGDNLV,AVRSRMDSSYKLI,SEHNR,FQNEAQ,ASSSHDRDGGHSPLH,TPRVTGGGAM
10071,NSMFDY,ISSIKDK,VQQARNDYKLS,LNHDA,SQIVND,ASGMIAGGLNERF,GILGFVFTL
10072,NSASDY,IRSNMDK,AENPSSASKII,LGHNA,YNFKEQ,ASSQRPSEVGELF,RAKFKQLL
10073,DRGSQS,IYSNGD,ACPSGNTPLV,MNHEY,SVGAGI,ASSYSGTEAF,ALAGIGILTV
10074,DRGSQS,IYSNGD,AALGGADGLT,SGDLS,YYNGEE,ASSDSSYEQY,LLLDRLNQL
10075,NSMFDY,ISSIKDK,AASGNAGNMLT,LNHDA,SQIVND,ASSIGYYGYT,GILGFVFTL
10076,DSSSTY,IFSNMDM,AEDSRGGGSQGNLI,LNHDA,SQIVND,ASSTRAGTEQ,GILGFVFTL
10077,DRGSQS,IYSNGD,APAVYNFNKFY,MDHEN,SYDVKM,ASSLDNSPLH,TTDPSFLGRY
10078,TSGFYG,NALDGL,AVRGITGGGNKLT,SGHRS,YFSETQ,ASSLTSEGAQETQY,RPHERNGFTVL
10079,NSMFDY,ISSIKDK,AASSSSGTYKYI,LGHNA,YSLEER,ASSQDPNSPALNYGYT,VSDGGPNLY
10080,TSGFNG,NVLDGL,AVSGVTGGGNKLT,SGHAT,FQNNGV,ASSFWSSAGYEQY,SPRWYFYYL
10081,NSAFQY,TYSSGN,AIGGDGGSQGNLI,LNHDA,SQIVND,ASSPRSGNTIY,GILGFVFTL
10082,TRDTTYY,RNSFDEQN,ALSGYNTGGFKTI,MNHEY,SMNVEV,ASSLSGRPYEQY,RAKFKQLL
10083,TISGNEY,GLKNN,IVRAGGGGWSGGGADGLT,KGHSH,LQKENI,ASSDTGVDEQF,GILGFVFTL
10084,VGISA,LSSGK,AVDTGTASKLT,MDHEN,SYDVKM,SVDPGQFYNEQF,QYIKWPWYI
10085,DSAIYN,IQSSQRE,AGNLGGKLI,SGHNS,FNNNVP,ASSLALDEQF,IPSINVHHY
10086,SSVPPY,YTSAATLV,AVSLKAAGNKLT,PRHDT,FYEKMQ,ASSLSARAAGYT,RAKFKQLL
10087,DSAIYN,IQSSQRE,AAALYNNAGNMLT,LNHDA,SQIVND,ASSIYSNQPQH,GILGFVFTL
10088,VSGLRG,LYSAGEE,ATADSGTYKYI,SEHNR,FQNEAQ,ASSGASGANVLT,TTDPSFLGRY
10089,DRGSQS,IYSNGD,AVPSGNTPLV,PRHDT,FYEKMQ,ASSSQGGGTGELF,LLAGIGTVPI
10090,DSAIYN,IQSSQRE,SHPPRIAQANI,SGHVS,FQNEAQ,ASSLGTGLEDQPQH,KSKRTPMGF
10091,VSNAYN,GSKP,TTDSWGKFE,SNHLY,FYNNEI,AKRDTDTQY,ALAGIGILTV
10092,TISGTDY,GLTSN,ILANRDDKII,SGHRS,YFSETQ,ASSFRAGGTEAF,HPVTKYIM
10093,TTLSN,LVKSGEV,AGQKDNFNKFY,SGHDN,FVKESK,ASSQVPGINYGYT,RPHERNGFTVL
10094,YGATPY,YFSGDTLV,AVGDRGNARLM,SQVTM,ANQGSEA,SVTGTRGNRVLNEQF,YVLDHLIVV
10095,YGGTVN,YFSGDPLV,AAGAAGNKLT,SGHNT,YENEEA,ASSLFKDASGELF,YVLDHLIVV
10096,TRDTTYY,RNSFDEQN,ALSESDGQKLL,LGHNA,YNFKEQ,ASSQRPSEVGELF,RAKFKQLL
10097,SSVSVY,YLSGSTLV,AVTEGGFKTI,LNHDA,SQIVND,ASSMGSIGNQPQH,ATDALMTGF
10098,TISGTDY,GLTSN,ILRDTSGNTPLV,SNHLY,FYNNEI,ASSEMTGELYEQY,KSKRTPMGF
10099,DSSSTY,IFSNMDM,AESGPDSWGKFQ,LNHDA,SQIVND,ASSIGIYGYT,GILGFVFTL
10100,NSMFDY,ISSIKDK,AASGGSNYKLT,LNHDA,SQIVND,AKKTSLLGPGANYGYT,VLFGLGFAI
10101,TISGTDY,GLTSN,TTDSWGKFE,LNHNV,YYDKDF,ATSRAWDYGNPLSGNSGANVLT,GILGFVFTL
10102,NSASQS,VYSSG,VVGDYKLS,LNHNV,YYDKDF,ATSRDQEGANQPQH,LLWNGPMAV
10103,SVFSS,VVTGGEV,AGGGSQGNLI,LNHDA,SQIVND,ASSTISVDTQY,GILGFVFTL
10104,NYSPAY,IRENEKE,ALVTGYSTLT,SGHNT,YYREEE,ASSSGTSGSGSYNEQF,NLVPMVATV
10105,DRGSQS,IYSNGD,AVGDDKII,DFQATT,SNEGSKA,SAPASGGGNEQF,LLWNGPMAV
10106,TSGFNG,NVLDGL,APKDGQKLL,DFQATT,SNEGSKA,SAETGNTEAF,DATYQRTRALVR
10107,DRGSQS,IYSNGD,AVNKENTDKLI,LNHDA,SQIVND,ASSIGAGVKF,GILGFVFTL
10108,YGGTVN,YFSGDPLV,AVHLYGNKLV,SGHDT,YYEEEE,ASSYAGAGEQF,QYIKWPWYI
10109,DSASNY,IRSNVGE,AASETSYDKVI,MDHEN,SYDVKM,ASIANRRDSSYEQY,RAKFKQLL
10110,SSYSPS,YTSAATLV,VVSSNTNAGKST,MGHRA,YSYEKL,ASSQLVGEAYNEQF,MEVTPSGTWL
10111,DRGSQS,IYSNGD,AVTGSNFGNEKLT,DFQATT,SNEGSKA,SARPGEQGGDGYT,ELAGIGILTV
10112,TTSDR,LLSNGAV,AVVTPPARLM,MDHEN,SYDVKM,ASSPLTGQGLGGAYEQY,SPRWYFYYL
10113,TRDTTYY,RNSFDEQN,GGPSSNTGKLI,LNHDA,SQIVND,ASSARSAETQY,GILGFVFTL
10114,NSAFQY,TYSSGN,ATAISNFGNEKLT,SGHTA,FQGNSA,ASSPHNRSTNEKLF,LLAGIGTVPI
10115,DRGSQS,IYSNGD,AVNGGARLM,MNHNS,SASEGT,AARGGWADTGELF,LLAGIGTVPI
10116,DSASNY,IRSNVGE,AATETSYDKVI,DFQATT,SNEGSKA,SAIEFRDPNQPQH,YLLEMLWRL
10117,TSDPSYG,QGSYDQQN,AMREGLGFGNEKLT,SNHLY,FYNNEI,ASSYTEYNEQF,TTDPSFLGRY
10118,NSASDY,IRSNMDK,PGKTPFSGGYNKLI,LNHDA,SQIVND,ASSSIDRINYGYT,EPLPQGQLTAY
10119,SIFNT,LYKAGEL,AGRNAGKST,SGHTA,FQGTGA,ASSLVVTGELF,LTDEMIAQY
10120,DSVNN,IPSGT,AVADTGNQFY,SGHDY,FNNNVP,ATAITSTQY,NLVPMVATV
10121,YGGTVN,YFSGDPLV,AVKNQAGTALI,SGHTA,FQGTGA,ASSLSPTGGNGYT,YVLDHLIVV
10122,TSDQSYG,QGSYDEQN,AMREGRNSSYKLI,SGHTA,FQGNSA,ASSLVGAGNDEQY,ATDALMTGF
10123,DRGSQS,IYSNGD,AVPRGKFY,SGHDN,FVKESK,ASSRQGLGTEAF,ELAGIGILTV
10124,YGGTVN,YFSGDPLV,SYNTDKLI,LGHDT,YNNKEL,ASGELINEQF,YVLDHLIVV
10125,TRDTTYY,RNSFDEQN,ALVNYGGSQGNLI,MDHEN,SYDVKM,AVWRDGAYEQY,YLLEMLWRL
10126,DRGSQS,IYSNGD,AVLDGQKLL,SGDLS,YYNGEE,ASSVDGGRVYEQY,LLLDRLNQL
10127,TSINN,IRSNERE,ATVGNSGYSTLT,MNHEY,SVGAGI,ASSLQGGIDGYT,FLYALALLL
10128,DRGSQS,IYSNGD,AVPLGGYQKVT,MDHEN,SYDVKM,ASSHGASYEQYV,LLWNGPMAV
10129,NIATNDY,GYKTK,LVGFNDMR,SNHLY,FYNNEI,ASSEGGGYEQY,CINGVCWTV
10130,TSGFNG,NVLDGL,APGSGYALN,MNHEY,SMNVEV,ASSFGLANEQF,MEVTPSGTWL
10131,NSASDY,IRSNMDK,ADSGGGADGLT,SNHLY,FYNNEI,ASQGAHYGQY,RAKFKQLL
10132,SSVPPY,YTSAATLV,AVSADSGGSNYKLT,KGHDR,SFDVKD,ATSDLPYIGTRLNEQF,VLFGLGFAI
10133,DSASNY,IRSNVGE,AASETSYDKVI,SEHNR,FQNEAQ,ASSPLGSENSPLH,RAKFKQLL
10134,TSGFYG,NALDGL,AVRDQEGNTPLV,DFQATT,SNEGSKA,SAREEGTQAWETQY,NLVPMVATV
10135,VGISA,LSSGK,AVPHPSNFGNEKLT,MNHEY,SMNVEV,ASSILAGTYNEQF,YLQPRTFLL
10136,NSASQS,VYSSG,AGDGGGGSQGNLI,LNHDA,SQIVND,ASSFGSTDTQY,GILGFVFTL
10137,SSNFYA,MTLNGDE,AFMYSGGGADGLT,LNHDA,SQIVND,ASSNNYEQY,NYNYLYRLF
10138,YGATPY,YFSGDTLV,AVGTARLM,LNHDA,SQIVND,ASSIRSSYEQY,GILGFVFTL
10139,TRDTTYY,RNSFDEQN,ALSEADNARLM,SGHVS,FQNEAQ,ASSSGTTTTDTQY,VLFGLGFAI
10140,NSASQS,VYSSG,VGGLNTPLV,MNHNS,SASEGT,ASSDSGQIYEQY,ATDALMTGF
10141,SIFNT,LYKAGEL,AGLLIKAAGNKLT,MNHEY,SMNVEV,ASSLGSGARELF,TPRVTGGGAM
10142,VSNAYN,GSKP,AVSNRDDKII,SGHDN,FVKESK,ASSQDFPAHQETQY,KSKRTPMGF
10143,DSASNY,IRSNVGE,AATETSYDKVI,MDHEN,SYDVKM,ASRPRVNEQF,LLAGIGTVPI
10144,TSDPSYG,QGSYDQQN,AMREGQGNAGNMLT,MGHRA,YSYEKL,ASSQDYWGGGADTQY,QYIKWPWYI
10145,DSSSTY,IFSNMDM,AERIPNFGNEKLT,LNHDA,SQIVND,ASSIRSSYEQY,GILGFVFTL
10146,SSVSVY,YLSGSTLV,AVTLADSGGYQKVT,SGHDT,YYEEEE,ASSYGILVGGELF,RAKFKQLL
10147,SSNFYA,MTLNGDE,AFTNYNQGGKLI,SGHDT,YYEEEE,ASSPAGGAVLQAF,QYIKWPWYI
10148,DSASNY,IRSNVGE,AAKSYNQGGKLI,SGHAT,FQNNGV,ASSSIRSEAF,GILGFVFTL
10149,DRGSQS,IYSNGD,AVNTDSWGKLQ,SGHDT,YYEEEE,ASSLRDGSEAF,RAKFKQLL
10150,DSASNY,IRSNVGE,AASETSYDKVI,SGHTA,FQGTGA,ASSLQGGTGELF,RAKFKQLL
10151,NSAFQY,TYSSGN,AMSAEYKLS,LNHDA,SQIVND,ASSMDPGTGEYQPQH,LLAGIGTVPI
10152,SVFSS,VVTGGEV,AGGRQTGANNLF,MNHEY,SVGEGT,ASSYLEGSETQETQY,GILGFVFTL
10153,SSVPPY,YTSAATLV,AVPLYSSASKII,LNHNV,YYDKDF,ATSRSGTSGVNEQF,SPRWYFYYL
10154,DSASNY,IRSNVGE,AASETSYDKVI,SGHNS,FNNNVP,ASSSDPRYGYT,RAKFKQLL
10155,YGGTVN,YFSGDPLV,AVKDTDKLI,SGHDN,FVKESK,ASSQDYTWGNTEAF,YVLDHLIVV
10156,VSGNPY,YITGDNLV,AVSPSEGTYKYI,SGHVS,FNYEAQ,ASSLDDGDRWGYT,LTDEMIAQY
10157,NSASQS,VYSSG,VVNNLDTGRRALT,SNHLY,FYNNEI,ASSDPRGSTDTQY,VLFGLGFAI
10158,ATGYPS,ATKADDK,TTDSWGKFE,SGHVS,FQNEAQ,ASSDQNTGELF,YLQPRTFLL
10159,TSDPSYG,QGSYDQQN,AISNFNAGNMLT,SGHRS,YFSETQ,ASSLSGSYEQY,SPRWYFYYL
10160,DRGSQS,IYSNGD,AVNRDDKII,SGHVS,FQNEAQ,ASSTQDSLVLH,YLQPRTFLL
10161,DSASNY,IRSNVGE,AALETSYDKVI,SNHLY,FYNNEI,ASSGGDTSNYGYT,RAKFKQLL
10162,VGISA,LSSGK,AVRGTGTASKLT,MNHEY,SVGAGI,ASRQLRGLMAYEQY,ELAGIGILTV
10163,DRGSQS,IYSNGD,AGHSSYKLI,MNHEY,SVGAGI,ASSYSGDGDDTEAF,TTDPSFLGRY
10164,VSGNPY,YITGDNLV,AVSAASGGSYIPT,LGHNT,FRNRAP,ASGLVESAGTEAF,RAKFKQLL
10165,VSGLRG,LYSAGEE,AVPAFGNEKLT,MNHEY,SMNVEV,ASSPTSGSTDTQY,TTDPSFLGRY
10166,DRGSQS,IYSNGD,AADTGGFKTI,MDHEN,SYDVKM,ASREVGPEAF,LLLDRLNQL
10167,KALYS,LLKGGEQ,GPAEPNDYKLS,SGDLS,YYNGEE,NTGELF,GLCTLVAML
10168,VSPFSN,MTFSENT,VVTPNDYKLS,LNHDA,SQIVND,ASSMGSYGYT,GILGFVFTL
10169,NSASQS,VYSSG,VVSDSNSGYALN,SGHRS,YFSETQ,ASSPGTGPNQPQH,GILGFVFTL
10170,TRDTTYY,RNSFDEQN,ALIINQAGSALI,MGHRA,YSYEKL,ASSSSLVVEQY,RAQAPPPSW
10171,TSENNYY,QEAYKQQN,AFMKFVGDNDMR,SEHNR,FQNEAQ,ASSLVDNYGYT,KSKRTPMGF
10172,TSESDYY,QEAYKQQN,ALYTGNQFY,MGHDK,SYGVNS,ASSDPSSVGRSTDTQY,CINGVCWTV
10173,TSGFYG,NALDGL,AVRDNQGGKLI,LNHDA,SQIVND,ASSSGTRRDNEQF,GILGFVFTL
10174,VSPFSN,MTFSENT,VGYTNAGKST,SGHTA,FQGNSA,ASSLVVVNTEAF,RAKFKQLL
10175,TRDTTYY,RNSFDEQN,ALSVGNTDKLI,SGHNT,YYREEE,ASSLGAVAF,CTELKLSDY
10176,ATGYPS,ATKADDK,ALRGNTGKLI,SGHDT,YYEEEE,ASSFWGGGTEAF,NQKLIANQF
10177,TSGFNG,NVLDGL,AVKSDYKLS,KGHDR,SFDVKD,ATSDLSGTYTGELF,SPRWYFYYL
10178,TRDTTYY,RNSFDEQN,ALSEAKDEGSEKLV,LNHDA,SQIVND,ASSARSSYEQY,GILGFVFTL
10179,TRDTTYY,RNSFDEQN,ALSAVGTNAGKST,MNHEY,SMNVEV,ASRIGGAGNSPLH,TPRVTGGGAM
10180,TRDTTYY,RNSFDEQN,ALSEASGNAGNMLT,MNHEY,SMNVEV,ASSSPTSGDYEQY,GILGFVFTL
10181,NSASDY,IRSNMDK,ADSGGGADGLT,SGHDT,YYEEEE,ASSSEGQVAKNIQY,RAKFKQLL
10182,DSSSTY,IFSNMDM,AEIPLNTGFQKLV,MNHEY,SMNVEV,ASSPHFQVDTGELF,RAKFKQLL
10183,DRGSQS,IYSNGD,AVNTYSGAGSYQLT,MDHEN,SYDVKM,ASSSQGVGNTIY,ELAGIGILTV
10184,YGGTVN,YFSGDPLV,AVHDTDKLI,SQVTM,ANQGSEA,SVGTGGTNEKLF,YVLDHLIVV
10185,DSASNY,IRSNVGE,AATTSAGGFKTI,SNHLY,FYNNEI,ASRSLAGVWDTQY,GILGFVFTL
10186,TISGTDY,GLTSN,ILRDLNAGGTSYGKLT,LNHDA,SQIVND,ASSTGQPQH,GILGFVFTL
10187,DRGSQS,IYSNGD,AVNEEDKII,SEHNR,FQNEAQ,ALGSANTGELF,YLQPRTFLL
10188,DSASNY,IRSNVGE,AASETSYDKVI,SEHNR,FQNEAQ,ASSPVTGGGSGANVLT,RAKFKQLL
10189,DRGSQS,IYSNGD,AVNNNAGNMLT,SEHNR,FQNEAQ,ASGSTSFNEQF,ALWEIQQVV
10190,DSASNY,IRSNVGE,AASETSYDKVI,SGHNS,FNNNVP,ASLLVGAGGAEQF,RAKFKQLL
10191,VSGLRG,LYSAGEE,AVQAMGDKII,SGHAT,FQNNGV,ASSLLAGYNEQF,FEDLRLLSF
10192,VSGNPY,YITGDNLV,AVRDYGQNFV,SGHDY,FNNNVP,ASSRDSNSNQPQH,NLVPMVATV
10193,DRGSQS,IYSNGD,AVSGGADGLT,SGHDY,FNNNVP,ASSLGGNEQF,ELAGIGILTV
10194,TSDPSYG,QGSYDQQN,AMSFSGGYNKLI,DFQATT,SNEGSKA,SARDRGAENTGELF,RAKFKQLL
10195,TSINN,IRSNERE,ATASGGGADGLT,SGHRS,YFSETQ,ASSLVSPGFGTEAF,YLQPRTFLL
10196,TSGFNG,NVLDGL,AVSDYGGSQGNLI,SGHRS,YFSETQ,ASSLEIQGSGAF,NLVPMVATV
10197,YSGSPE,HISR,AFYGQKLL,LNHDA,SQIVND,ASSVAQYGYT,GILGFVFTL
10198,DSASNY,IRSNVGE,AATETSYDKVI,SEHNR,FQNEAQ,ASSSASNTEAF,RAKFKQLL
10199,NSASQS,VYSSG,VVNEGPGAGSYQLT,SEHNR,FQNEAQ,ASSPDYDQETQY,NLVPMVATV
10200,TRDTTYY,RNSFDEQN,ALKDSWGKFQ,SGHTA,FQGNSA,ASSLNPNTEAF,SPRWYFYYL
10201,NSASDY,IRSNMDK,ADSGGGADGLT,LGHDT,YNNKEL,ASKSEKGAGGSPLH,RAKFKQLL
10202,NSASQS,VYSSG,IKAAGNKLT,MGHRA,YSYEKL,ASSPGTSGGGPGELF,RAKFKQLL
10203,TSDPSYG,QGSYDQQN,AMREGGGGSNYKLT,LNHDA,SQIVND,ASSIIPDMNTEAF,RPIIRPATL
10204,SIFNT,LYKAGEL,AGRTNAGKST,GTSNPN,SVGIG,AWSTGGTWTGELF,LTDEMIAQY
10205,DRGSQS,IYSNGD,AVPYSGGGADGLT,KGHDR,SFDVKD,ATSDFPPGVRGAPQETQY,GILGFVFTL
10206,KALYS,LLKGGEQ,GTAGGGSQGNLI,LNHDA,SQIVND,ASSMRSDGELF,GILGFVFTL
10207,DSASNY,IRSNVGE,AASETSYDKVI,SQVTM,ANQGSEA,SVGTGGTNEKLF,GLCTLVAML
10208,VSGNPY,YITGDNLV,AGMEYGNKLV,LNHDA,SQIVND,ASSIRSTDTQY,GILGFVFTL
10209,DRGSQS,IYSNGD,AVFGDSSYKLI,MNHEY,SVGAGI,ASSYGTRGEQY,GILGFVFTL
10210,DSASNY,IRSNVGE,AARVRGFGNVLHCFGNVLH,SGHDT,YYEEEE,ASSLRDGSEAF,RAKFKQLL
10211,VSGNPY,YITGDNLV,AVRDGNDYKLS,SQVTM,ANQGSEA,SGLAELGSENTEAF,GILGFVFTL
10212,TTLSN,LVKSGEV,ADFARLM,KGHSY,FQNENV,ASSQSTGDHGYT,FTSDYYQLY
10213,TSENNYY,QEAYKQQN,AYLTGTASKLT,SNHLY,FYNNEI,ASSADRGLDPHQAQH,GILGFVFTL
10214,DSSSTY,IFSNMDM,AESSRGKLI,SQVTM,ANQGSEA,SVGTGGTNEKLF,GLCTLVAML
10215,NIATNDY,GYKTK,LVGDIPGGNQGGKLI,LGHNA,YNFKEQ,ASSQESGPWGEQF,CINGVCWTV
10216,DSASNY,IRSNVGE,ASNGGGGSQGNLI,LNHDA,SQIVND,ASSIRAAEGYT,GILGFVFTL
10217,NIATNDY,GYKTK,LGSADRGSTLGRLY,SGHDN,FVKESK,ASSLVQGSYEQY,SPRWYFYYL
10218,TSENNYY,QEAYKQQN,AYRVLDSNYQLI,SNHLY,FYNNEI,ASAGQGPSGDTQY,RAKFKQLL
10219,YSGSPE,HISR,ALSSIMDSNYQLI,LNHDA,SQIVND,ASSIRSSYEQY,GILGFVFTL
10220,VSPFSN,MTFSENT,VVSENDMR,LNHDA,SQIVND,ASSMIPDMNTEAF,RPIIRPATL
10221,TSESDYY,QEAYKQQN,AYMDNNDMR,SGDLS,YYNGEE,ASSDGQGGYGYT,KLWAQCVQL
10222,VSGNPY,YITGDNLV,AVRDMNSGNTPLV,MNHEY,SVGAGI,ASSYVSQNNEQ,CLGGLLTMV
10223,TSGFNG,NVLDGL,AVRHHMTTDSWGKLQ,MNHNS,SASEGT,ASSEGPGRNTEAF,TPRVTGGGAM
10224,TSDPSYG,QGSYDQQN,AMSPDSSYKLI,LGHDT,YNNKEL,ASSQFMGDTNYGYT,GILGFVFTL
10225,VSGNPY,YITGDNLV,AVCVSPWVVMII,SGHVS,FNYEAQ,ASSLGGGEGASEQF,FLRGRAYGL
10226,SVFSS,VVTGGEV,AGGSQGNLI,MNHNY,SVGAGI,ASSYPWDSQSSYNEQF,YLQPRTFLL
10227,DRGSQS,IYSNGD,AFKGAQKLV,SGDLS,YYNGEE,ASSGRDRVMDTGELF,LLLDRLNQL
10228,YGATPY,YFSGDTLV,AVFLYGNNRLA,SGHDY,FNNNVP,ASSPSSSYEQY,RAKFKQLL
10229,TSESDYY,QEAYKQQN,AYHERALT,SGHRS,YFSETQ,ASSHGTTTYNEQF,KLWAQCVQL
10230,DRGSQS,IYSNGD,AVSNRDDKII,SGHRS,YFSETQ,ASSLGGNEQY,RGPGRAFVTI
10231,TISGTDY,GLTSN,IFVRNRDDKII,LNHDA,SQIVND,ASSIRSSYEQY,GILGFVFTL
10232,YGGTVN,YFSGDPLV,AVNRTNAGKST,LNHDA,SQIVND,ASSGRSTGELF,GILGFVFTL
10233,TSESDYY,QEAYKQQN,AYASNAVGIRYGKLT,LNHDA,SQIVND,ASSIGLYGYT,GILGFVFTL
10234,DSVNN,IPSGT,AGLNMYSGGGADGLT,DFQATT,SNEGSKA,SARPTSGGRHYEQY,QYIKWPWYI
10235,DSAIYN,IQSSQRE,AAPYNNNDMR,SGDLS,YYNGEE,ASSVYPAPSDNSPLH,SPRWYFYYL
10236,SSNFYA,MTLNGDE,AFNAGCTSYGKLT,SGDLS,YYNGEE,ASSVEGLAGSPSGGELF,EPLPQGQLTAY
10237,YGGTVN,YFSGDPLV,AVNDLSGGSYIPT,MNHNS,SASEGT,ASSDPGNTQY,GILGFVFTL
10238,NSAFQY,TYSSGN,AMSEDG,SGHNS,FNNNVP,ASSPDGSTGELF,RAKFKQLL
10239,DRGSQS,IYSNGD,AASRGQKLL,SQVTM,ANQGSEA,SVEDASGGTTDTQY,ELAGIGILTV
10240,NSASQS,VYSSG,NNNARLM,LGHNA,YSLEER,ASSQEWAGQGYEQY,ALGIGILTV
10241,TSENNYY,QEAYKQQN,AYRSLDTGTASKLT,SGHTA,FQGNSA,ASSLWVQHNEQF,CINGVCWTV
10242,NSASDY,IRSNMDK,ADSGGGADGLT,SQVTM,ANQGSEA,SVGSGDHGEQF,RAKFKQLL
10243,SIFNT,LYKAGEL,AGSDPSNTGKLI,SGHKS,YYEKEE,ASSFGAGTAENTGELF,YLQPRTFLL
10245,TSINN,IRSNERE,ATDAWDSNYQLI,SGHAT,FQDESV,ASSFLTPGQVHSGNTIY,LLWNGPMAV
10246,YGGTVN,YFSGDPLV,AGGAAGNKLT,SGHAT,FQNNGV,ASSSPLGGFAGANVLT,YVLDHLIVV
10247,ATGYPS,ATKADDK,AREHMDSNYQLI,LNHDA,SQIVND,ASSIRSSYEQY,GILGFVFTL
10248,DSAIYN,IQSSQRE,AVPAYNNNDMR,WSHSY,SAAADI,ASSATAGNVLT,TTDPSFLGRY
10249,TISGNEY,GLKNN,IVKASGGSSGLT,SEHNR,FQNEAQ,ASSLAVGEGPQH,RAKFKQLL
10250,VTNFRS,LTSSGIE,AVMEYGNKLV,MNHEY,SMNVEV,ASSWTGGYEQY,GILGFVFTL
10251,DRGSQS,IYSNGD,AGPSGAGGYNKLI,SGHNS,FNNNVP,ASSGLTAGELF,LLLDRLNQL
10252,DSVNN,IPSGT,AVDLSGGSNYKLT,LNHDA,SQIVND,AASGRASETQY,GILGFVFTL
10253,SSYSPS,YTSAATLV,VKGGYNKLI,MNHEY,SVGEGT,ASSLKNLDTEAF,TPRVTGGGAM
10254,SVFSS,VVTGGEV,AGSGSQGNLI,LNHDA,SQIVND,ASSQGAYGYT,GILGFVFTL
10255,DRGSQS,IYSNGD,AVTNTGNQFY,SNHLY,FYNNEI,ASTEGQGPAQH,LLAGIGTVPI
10256,SSYSPS,YTSAATLV,AVTQETNSGYSTLT,MNHEY,SMNVEV,ASSLIGETQY,QYIKWPWYI
10257,KALYS,LLKGGEQ,GTAIYNQGGKLI,DFQATT,SNEGSKA,SAPRQGWADTQY,QYIKWPWYI
10258,NSASQS,VYSSG,VVNAPSGNTPLV,DFQATT,SNEGSKA,SARDLGAQNTGELF,YLQPRTFLL
10259,NSMFDY,ISSIKDK,AATLYDKII,MGHRA,YSYEKL,ASSWGQGPTYEQY,RAKFKQLL
10260,YGATPY,YFSGDTLV,AVPGGSQGNLI,MGHDK,SYGVNS,ASSEWELNYGYT,YVLDHLIVV
10261,VSGNPY,YITGDNLV,AVRDMPDSNYQLI,LGHDT,YNNKEL,ASSPGHLAGIYEQY,LLAGIGTVPI
10262,TRDTTYY,RNSFDEQN,ALSESAGGTSYGKLT,MNHNS,SASEGT,ASSDFKGEGFTDTQY,CINGVCWTV
10263,VSGNPY,YITGDNLV,AVRDRDDKII,LNHDA,SQIVND,ASSIYHLNPEAF,GILGFVFTL
10264,YGGTVN,YFSGDPLV,AVNAYPHNYGQNFV,MNHEY,SMNVEV,ASSPHFQVDTGELF,RAKFKQLL
10265,SSNFYA,MTLNGDE,AFARNTGGFKTI,LNHDA,SQIVND,ASSMGAISEAF,YLQPRTFLL
10266,SSVSVY,YLSGSTLV,AVSYTGNQFY,LGHNA,YNFKEQ,ASSQELLNTEAF,ALAGIGILTV
10267,NSAFQY,TYSSGN,AMTLSNFGNEKLT,SGHNT,YENEEA,ASSPGRLTGGFEETQY,LLAGIGTVPI
10268,DRGSQS,IYSNGD,AVNIRGGSYIPT,MNHEY,SVGAGI,ASSYQDTRGLSPGELF,FTSDYYQLY
10269,DSASNY,IRSNVGE,AAKEGGSEKLV,MGHRA,YSYEKL,ASSQDRNTDTQY,RAKFKQLL
10270,NSAFQY,TYSSGN,AMSISNFGNEKLT,LGHNT,FRNRAP,ASGHLGQKTYEQY,RAKFKQLL
10271,VSGLRG,LYSAGEE,AVKSGNTPLV,KGHSH,LQKENI,ASSRPLDTQY,RTATKQYNV
10272,YGGTVN,YFSGDPLV,AVNGFSGGYQKVT,SGHDN,FVKESK,ASSLEGSYEQY,YLLEMLWRL
10273,TSDPSYG,QGSYDQQN,AMREADSSGSARQLT,SGDLS,YYNGEE,ASSPQVGVANEKLF,LTDEMIAQY
10274,TSENNYY,QEAYKQQN,AFEGGAYGNKLV,SEHNR,FQNEAQ,ASSSSLAGGGSSYNEQF,RTATKQYNV
10275,YGGTVN,YFSGDPLV,AVNANSGGGADGLT,LNHDA,SQIVND,ASSTYSGSYNEQF,GILGFVFTL
10276,ATGYPS,ATKADDK,ALFAGSYIPT,SGHNT,YYREEE,ASSSRTGDQETQY,NLVPMVATV
10277,NSAFQY,TYSSGN,AMSAMGGGADGLT,SGHVS,FQNEAQ,ASSLASPSLLLAGDGSEQF,LLAGIGTVPI
10278,NSAFQY,TYSSGN,AMSGPGGSYIPT,MGHDK,SYGVNS,ASSDNRDQEYEQY,TTDPSFLGRY
10279,NSMFDY,ISSIKDK,AASPTSGTYKYI,SGHAT,FQNNGV,ASSLDSGAGIQGYT,VSDGGPNLY
10280,TRDTTYY,RNSFDEQN,ALSGYSGGGADGLT,LGHNA,YSLEER,ASSPTRQFYEQY,FLASKIGRLV
10281,YSGSPE,HISR,SLYPGFGACQGTLI,SGHNS,FNNNVP,ASSHTQDIPNYGYT,RAKFKQLL
10282,DSSSTY,IFSNMDM,AVLPRLSGGYNKLI,MNHEY,SVGEGT,ASSYLGQGSFNEQF,GPRLGVRAT
10283,SSVSVY,YLSGSTLV,AVSPLTLNNDMR,SEHNR,FQNEAQ,ASSLGGREAF,FLRGRAYGL
10284,NSAFQY,TYSSGN,AMSASNFGNEKLT,SEHNR,FQNEAQ,ASSSDTLIVDEQF,LLAGIGTVPI
10285,DRGSQS,IYSNGD,AVTPNDYKLS,MDHEN,SYDVKM,ASRVRDRGRLDYGYT,GILGFVFTL
10286,YGGTVN,YFSGDPLV,ATYNFNKFY,SGHDT,YYEEEE,ASSFFSGNEQF,YVLDHLIVV
10287,DRGSQS,IYSNGD,AVNRGKLI,PRHDT,FYEKMQ,ASSHGQGVIS,ELAGIGILTV
10288,SSNFYA,MTLNGDE,ACSSSNTGKLI,SGHNS,FNNNVP,ASTPSGSTYEQY,RPPIFIRRL
10289,ATGYPS,ATKADDK,ALSESGGDDMR,LGHDT,YNNKEL,ASSPLTSGSYEQY,RAKFKQLL
10290,NSAFQY,TYSSGN,AMSGSNFGNEKLT,SGHNS,FNNNVP,ASSPGTASSENTIY,LLAGIGTVPI
10291,TSDPSYG,QGSYDQQN,AMPLPPSYDKVI,SGHDY,FNNNVP,ASSPGAVNYGYT,NLVPMVATV
10292,DSAIYN,IQSSQRE,AAPWGNFNKFY,SGDLS,YYNGEE,ASSFPQGGSSGNTIY,RPPIFIRRL
10293,DRGSQS,IYSNGD,AVNIGSNYQLI,MNHEY,SVGAGI,ASQTGAGYT,ALAGIGILTV
10294,DSSSTY,IFSNMDM,AGGHTPLV,LGHDT,YNNKEL,ASSLTDLYGYT,LTDEMIAQY
10295,NSASDY,IRSNMDK,AERQSGGGADGLT,LNHDA,SQIVND,ASSIFSGANVLT,GILGFVFTL
10296,VSNAYN,GSKP,AVWDNQGGKLI,SQVTM,ANQGSEA,SVESSGSYEQY,TTDPSFLGRY
10297,DSASNY,IRSNVGE,AALETSYDKVI,SGHTA,FQGNSA,ASSSLTGRDSPLH,RAKFKQLL
10298,TSESDYY,QEAYKQQN,AWGGSEKLV,SEHNR,FQNEAQ,ASSPPMGADTQY,RPHERNGFTVL
10299,NSMFDY,ISSIKDK,AASVGSNFNKFY,MDHEN,SYDVKM,ASSSFVIAGGDYEQN,VLFGLGFAI
10300,TRDTTYY,RNSFDEQN,ALRDSSYKLI,SGHRS,YFSETQ,ASSLVGNEQF,SPRWYFYYL
10301,DRGSQS,IYSNGD,AVRTSGFQKLV,MNHNS,SASEGT,ASSLREFHETQY,FLRGRAYGL
10302,NSMFDY,ISSIKDK,AAKGSQGNLI,GTSNPN,SVGIG,AWINPGQGPYEQY,ALWEIQQVV
10303,DRGSQS,IYSNGD,AVKGQTGANNLF,MNHNS,SASEGT,ASSAGYGQPQH,ELAGIGILTV
10304,NSASQS,VYSSG,VVNTGDRLM,SGHNS,FNNNVP,ASSPPGQPQH,RPHERNGFTVL
10305,SVFSS,VVTGGEV,AGSDGGSQGNLI,LNHDA,SQIVND,ASSTRSTDTQY,GILGFVFTL
10306,DSASNY,IRSNVGE,AASETSYDKVI,SEHNR,FQNEAQ,ASSSLQPYEQY,RAKFKQLL
10307,TTLSN,LVKSGEV,AGRSNTGKLI,MNHEY,SMNVEV,ASSPLTGSAERKETQY,SPRWYFYYL
10308,DSSSTY,IFSNMDM,AEYRRDSTLT,LNHDA,SQIVND,ASSIGVEGTQY,GILGFVFTL
10309,SIFNT,LYKAGEL,AGQDYGGSQGNLI,LNHDA,SQIVND,ASSIQGNQPQH,GILGFVFTL
10310,DSVNN,IPSGT,AVAPPWGAGNMLT,MNHEY,SMNVEV,ASSLSPSAGGSPLH,CINGVCWTV
10311,SIFNT,LYKAGEL,AGHDYKLS,SGHNS,FNNNVP,ASTTGGSLPPEAF,LLWNGPMAV
10312,NIATNDY,GYKTK,LVGAGPSGGYQKVT,DFQATT,SNEGSKA,SATSLGRDNEQF,CINGVCWTV
10313,SIFNT,LYKAGEL,AGQLETSGSRLT,LNHDA,SQIVND,ASSIFQFNEQF,GILGFVFTL
10314,NTAFDY,IRPDVSE,AVPDNYGQNFV,MNHEY,SVGEGT,ASRLRGDSYEQY,FTSDYYQLY
10315,TSESDYY,QEAYKQQN,AYRSAEWENNARLM,SGHTA,FQGTGA,ASSFVLAGGQGADTQY,RAKFKQLL
10316,TSDPSYG,QGSYDQQN,AMRVFHQGAQKLV,SGHNS,FNNNVP,ASSFVQQGYQPQH,GIIYIIYKL
10317,DSAIYN,IQSSQRE,AAGGPMNRDDKII,MNHNY,SVGAGI,ASSYESQGAMGQPQH,CINGVCWTV
10318,NSAFQY,TYSSGN,AMSALRGGYNKLI,KGHDR,SFDVKD,ATSDLTQDEQY,SPRWYFYYL
10319,YGGTVN,YFSGDPLV,AVNMALGGGYQKVT,SGHDT,YYEEEE,ASSPPARDRDHEQY,QMMVKAGL
10320,ATGYPS,ATKADDK,ALSEIDMR,SQVTM,ANQGSEA,SAGTGSANTEAF,RPIIRPATL
10321,YGATPY,YFSGDTLV,AVGERDSNYQLI,MNHNS,SASEGT,ASSELEAYGYT,DATYQRTRALVR
10322,YGATPY,YFSGDTLV,AVGAPDTSGTYKYI,PRHDT,FYEKMQ,ASSPGTAAGLTYEQY,RFPLTFGWCF
10324,DRGSQS,IYSNGD,AARGSSASKII,MNHEY,SMNVEV,ASSFGQLSYEQY,LLLDRLNQL
10325,DSASNY,IRSNVGE,AASETSYDKVI,SEHNR,FQNEAQ,ASSLAGSYEQY,RAKFKQLL
10326,DSASNY,IRSNVGE,AASETSYDKVI,SEHNR,FQNEAQ,ASSPLGQNTEAF,RAKFKQLL
10327,DRGSQS,IYSNGD,AVRDDKII,MDHEN,SYDVKM,ASSSLAGSSTDTQY,LLLDRLNQL
10328,NSASQS,VYSSG,VVNNGDKLI,SGHVS,FNYEAQ,ASSPGTTLAKNIQY,YLQPRTFLL
10329,SIFNT,LYKAGEL,AGLNYGGSQGNLI,SGHNS,FNNNVP,ASSSRGGSIYGYT,SPRWYFYYL
10330,TSENNYY,QEAYKQQN,AFIGARSFYSGAGSYQLT,MGHDK,SYGVNS,ASSPGWEQY,GILGFVFTL
10331,TRDTTYY,RNSFDEQN,ALSEDTNAGKST,SGHNS,FNNNVP,ASSFSGNTGELF,RAKFKQLL
10332,TSGFNG,NVLDGL,APYTSGSSNTGKLI,LNHDA,SQIVND,ASSMGQGTYEQY,GILGFVFTL
10333,DSVNN,IPSGT,AVHKTSMDSNYQLI,LNHDA,SQIVND,ASSPDGSNTEAF,GILGFVFTL
10334,DRGSQS,IYSNGD,AVNPGGYSTLT,MNHEY,SMNVEV,ASSLSNYVNEKLF,LLLDRLNQL
10335,TRDTTYY,RNSFDEQN,ALSEASSGGYQKVT,SQVTM,ANQGSEA,SVGSGEDNEQY,RAKFKQLL
10336,TSGFNG,NVLDGL,AVRGYNAGNMLT,SGHNS,FNNNVP,ASSFSGNTGELF,RAKFKQLL
10337,TTLSN,LVKSGEV,AGPYVGSGGSNYKLT,DFQATT,SNEGSKA,SARDRSACCTDTQY,TTDPSFLGRY
10338,SSVPPY,YTSAATLV,AVSPNDYKLS,LNHDA,SQIVND,ASSIRSTTEAF,GILGFVFTL
10339,NYSPAY,IRENEKE,ALDSTYSSASKII,DFQATT,SNEGSKA,SARDRTGNGYT,GLCTLVAML
10340,DSSSTY,IFSNMDM,AESETGANNLF,SGHNT,YENEEA,ASSTPGYTYEQY,RAKFKQLL
10341,DRGSQS,IYSNGD,AVDTGFQKLV,KGHDR,SFDVKD,ATSEGMGQPQH,ELAGIGILTV
10342,NSAFQY,TYSSGN,AMSLSNFGNEKLT,SGHDN,FVKESK,ASSRNKGRETQY,LLAGIGTVPI
10343,YGATPY,YFSGDTLV,AVALMIKAAGNKLT,DFQATT,SNEGSKA,SARDQTGNGYT,GLCTLVAML
10344,DSASNY,IRSNVGE,AASPLGGSARQLT,LNHDA,SQIVND,ASSIFGGSGNTIY,GILGFVFTL
10345,DSAIYN,IQSSQRE,AVFSGNTGKLI,SQVTM,ANQGSEA,SVESRANYGYT,TTDPSFLGRY
10346,ATGYPS,ATKADDK,ALSGDQAGTALI,SGHDT,YYEEEE,ASSFGGTGPLGDTQY,VYFLQSINF
10347,TSINN,IRSNERE,ATDSLSYNTDKLI,SGDLS,YYNGEE,ASSAYNEQF,LLWNGPMAV
10348,DSSSTY,IFSNMDM,AEKYKTGANNLF,LNHDA,SQIVND,ASSARSSYEQY,GILGFVFTL
10349,DSASNY,IRSNVGE,AAPPSTGTASKLT,DFQATT,SNEGSKA,SARDETGNTIY,GLCTLVAML
10350,NSASQS,VYSSG,MDSSYKLI,SNHLY,FYNNEI,ASSSGLVAPGELF,GLCTLVAML
10351,NSAFQY,TYSSGN,AMSLSNFGNEKLT,SGDLS,YYNGEE,ASSVEVGMDGYT,LLAGIGTVPI
10352,DSASNY,IRSNVGE,AASETSYDKVI,SEHNR,FQNEAQ,ASSLLDSPGGYGYT,RAKFKQLL
10353,VSGLRG,LYSAGEE,AVRLQAGTALI,DFQATT,SNEGSKA,SATTTRTYEQY,CTELKLSDY
10354,TISGNEY,GLKNN,IVRVDLNAGNNRKLI,SEHNR,FQNEAQ,ASSHSEGAENIQY,RAKFKQLL
10355,NIATNDY,GYKTK,LVGGGSQGNLI,SNHLY,FYNNEI,ASNDPPGATNNEQF,DATYQRTRALVR
10356,NSAFQY,TYSSGN,AMTLSNFGNEKLT,ENHRY,SYGVKD,AISESTGVRYNEQF,LLAGIGTVPI
10357,NSASDY,IRSNMDK,AEISGGYQKVT,SGHTA,FQGNSA,ASSLVGATAF,RPIIRPATL
10358,TSESDYY,QEAYKQQN,AYRSAIQDKII,MNHEY,SMNVEV,ASSPHPGTSGGASYNEQF,HPNGYKSLSTL
10359,SIFNT,LYKAGEL,AGLDDYKLS,SQVTM,ANQGSEA,SVWGLAGGPTGYEQY,RPPIFIRRL
10360,VSNAYN,GSKP,AVEEYDSGYALN,SGHKS,YYEKEE,ASSGPSISQETQY,CLGGLLTMV
10361,VSGNPY,YITGDNLV,AVSATTWAAKII,SGHVS,FNYEAQ,ASSLGGGEGASEQF,FLRGRAYGL
10362,NSASQS,VYSSG,VVTGGHGGSQGNLI,MNHNS,SASEGT,ASSEVGAYSNQPQH,GILGFVFTL
10363,YGATPY,YFSGDTLV,AVGAPGTGGFKTI,DFQATT,SNEGSKA,SARDGGRAYEQY,QYIKWPWYI
10364,YGGTVN,YFSGDPLV,AVKDTDKLI,GTSNPN,SVGIG,AWSVPLAGADIQY,YVLDHLIVV
10365,DSASNY,IRSNVGE,AARETSYDKVI,SGHAT,FQDESV,ASSPLGTADSGNTIY,RAKFKQLL
10366,NSASQS,VYSSG,TTDSWGKFE,SGHTA,FQGTGA,ASSLTTDTQY,PTDNYITTY
10367,DSSSTY,IFSNMDM,AEMEGGSYIPT,SGHDT,YYEEEE,ASSLVGAPRREQY,RAKFKQLL
10368,TSGFNG,NVLDGL,AVAASGGSYIPT,ENHRY,SYGVKD,AISTGDSNQPQH,EPLPQGQLTAY
10369,TRDTTYY,RNSFDEQN,GVWPARGRGVKII,DFQATT,SNEGSKA,SARDQGGTGVLDTQY,QYIKWPWYI
10370,TSDPSYG,QGSYDQQN,TTDSWGKFE,LNHDA,SQIVND,ASSIIATSTEQF,GILGFVFTL
10371,TSDPSYG,QGSYDQQN,AMRGRKYNFNKFY,DFQATT,SNEGSKA,SGGTGGFYNEQF,TTDPSFLGRY
10372,TSINN,IRSNERE,ATEGASGGSYIPT,MNHEY,SMNVEV,ASSLSGRPYEQY,RAKFKQLL
10373,DRGSQS,IYSNGD,AALTGNQFY,SNHLY,FYNNEI,AHGATNYEQY,LLLDRLNQL
10374,VSPFSN,MTFSENT,VVHAGNMLT,MNHNS,SASEGT,ASSEGLGGALYGYT,NLVPMVATV
10375,VGISA,LSSGK,AVSSTGNQFY,SEHNR,FQNEAQ,ASSLEAGGFFEQY,KSKRTPMGF
10376,NSAFQY,TYSSGN,AISISNFGNEKLT,DFQATT,SNEGSKA,SAIGGQIEDTQY,LLAGIGTVPI
10377,DRGSQS,IYSNGD,ATRISREYGNKLV,LNHDA,SQIVND,ASSVTSGTYNEQF,LLLDRLNQL
10378,TSESDYY,QEAYKQQN,AWNNNARLM,SEHNR,FQNEAQ,ASSLHDRGARTEAF,TPRVTGGGAM
10379,YSGSPE,HISR,ALGAQTSYDKVI,SNHLY,FYNNEI,ASRMNTGEAF,CTELKLSDY
10380,DRGSQS,IYSNGD,AVTGYALN,LNHDA,SQIVND,ASRPGQGYEQY,LLWNGPMAV
10381,DSSSTY,IFSNMDM,AEDNNARLM,DFQATT,SNEGSKA,SARDTVGNGYT,GLCTLVAML
10382,DRGSQS,IYSNGD,AVGADGLT,MNHNY,SVGAGI,ASSNGQNAYEQY,LLWNGPMAV
10383,YGGTVN,YFSGDPLV,AVNSNDYKLS,SQVTM,ANQGSEA,SVEGANTGELF,GILGFVFTL
10384,TRDTTYY,RNSFDEQN,ALGSFSGGYNKLI,MGHRA,YSYEKL,ASSQLEQGGETQY,HPNGYKSLSTL
10385,TSGFNG,NVLDGL,APRMDSSYKLI,LNHDA,SQIVND,ASSIRSSYEQY,GILGFVFTL
10386,DRGSQS,IYSNGD,AVGAQKLV,SNHLY,FYNNEI,ASTSTGTGAYGYT,LLWNGPMAV
10387,TSDPSYG,QGSYDQQN,GNTGGFKTI,MNHEY,SVGAGI,ASSYSSGNTEAF,CLGGLLTMV
10388,NIATNDY,GYKTK,LVVSDYKLS,SNHLY,FYNNEI,ASSE,QYIKWPWYI
10389,NSASQS,VYSSG,VVIEGNKLV,DFQATT,SNEGSKA,SARTISQGAHYEQY,QYIKWPWYI
10390,TSENNYY,QEAYKQQN,AFMRGRGKLT,SEHNR,FQNEAQ,ASSFRDSYEQY,RAKFKQLL
10391,NSAFQY,TYSSGN,AMKSTNAGKST,SGHAT,FQNNGV,ASSLGVAGTNTGELF,RAKFKQLL
10392,TSGFNG,NVLDGL,AVLDSNYQLI,LNHDA,SQIVND,ASSARSSTEQY,GILGFVFTL
10393,TSGFYG,NALDGL,AVRDQEGNTPLV,SGHNS,FNNNVP,ASSSVNEQY,NLVPMVATV
10394,DSSSTY,IFSNMDM,AEAFNTGGFKTI,SGHAT,FQDESV,ASSLIPGQGVNGELF,CINGVCWTV
10395,SSVPPY,YTSAATLV,AVTSDPNQGGKLI,LNHDA,SQIVND,ASSIRSSYEQY,GILGFVFTL
10396,DRGSQS,IYSNGD,AVNTPNDYKLS,MNHEY,SMNVEV,ASGGGGGGYYNEQF,GLCTLVAML
10397,DRGSQS,IYSNGD,AVLDGQKLL,MDHEN,SYDVKM,ASSPTGVGTEAF,LLLDRLNQL
10398,DSASNY,IRSNVGE,AANNQGGKLI,LNHDA,SQIVND,ASSIFAGGDTQY,GILGFVFTL
10399,TSESDYY,QEAYKQQN,AYRSPKETSGSRLT,LNHDA,SQIVND,ASSQGAYGYT,GILGFVFTL
10400,DRGSQS,IYSNGD,AVTKGGGNKLT,SQVTM,ANQGSEA,SVGGGLAGTFYNEQF,LLAGIGTVPI
10401,YGGTVN,YFSGDPLV,AVNAVSNQAGTALI,SGHDT,YYEEEE,ASSLRDGSEAF,RAKFKQLL
10402,NSMFDY,ISSIKDK,AANTGNQFY,SGHAT,FQNNGV,ASSWRTGNSGELF,QMMVKAGL
10403,DSSSTY,IFSNMDM,AETPQGGKLI,SGDLS,YYNGEE,ASSVGRGSGEQY,CTELKLSDY
10404,DSAIYN,IQSSQRE,AVSCDGLSNNNDMR,LNHDA,SQIVND,ASSIGAYRYT,GILGFVFTL
10405,SVFSS,VVTGGEV,AGASGGGSQGNLI,SGHVS,FQNEAQ,ASSPRTGNSGANVLT,GILGFVFTL
10406,NSAFQY,TYSSGN,AMSSGGGGYQKVT,SGHAT,FQNNGV,ASSLDRWGTGELF,LLAGIGTVPI
10407,TRDTTYY,RNSFDEQN,ALSLDGNQFY,MNHEY,SMNVEV,ASRLGESSYNEQF,CTELKLSDY
10408,TISGTDY,GLTSN,VLPLAGGPRSGQLT,SGHVS,FQNEAQ,ASSLGQAYEQY,FLRGRAYGL
10409,NSAFQY,TYSSGN,AMSLSNFGNEKLT,MDHEN,SYDVKM,ASSLDSEEAF,LLAGIGTVPI
10410,SVFSS,VVTGGEV,AGASGSSNTGKLI,SGHVS,FQNEAQ,ASSFLRGGRGDTQY,GILGFVFTL
10411,TSINN,IRSNERE,ATAVQGGSEKLV,ENHRY,SYGVKD,AISVSVVRDSEAF,RAQAPPPSW
10412,SSVPPY,YTSAATLV,AVTLNTGGFKTI,ENHRY,SYGVKD,AISARDGATDTEAF,VSDGGPNLY
10413,NSASQS,VYSSG,VVNGRDSSYKLI,SNHLY,FYNNEI,ASSPPEQLPTEAF,GLCTLVAML
10414,DSAIYN,IQSSQRE,AVLEGAGSYQLT,MNHEY,SMNVEV,ASSLTQNEQF,FEDLRVLSF
10415,DRGSQS,IYSNGD,AFSGGYQKVT,SGHDT,YYEEEE,ASSFRLAGTGELF,ELAGIGILTV
10416,NSAFQY,TYSSGN,AMSISNFGNEKLT,MDHEN,SYDVKM,ASSLQTGRGEKLF,LLAGIGTVPI
10417,KALYS,LLKGGEQ,GTELRGKLI,MNHEY,SMNVEV,ASSLGFPNQPQH,LTDEMIAQY
10418,DRGSQS,IYSNGD,AVSNTGNQFY,MDHEN,SYDVKM,ASSLLGTGGRGYT,LLAGIGTVPI
10419,NSASQS,VYSSG,VGGDDKII,SGHRS,YFSETQ,ASSHGTAYGYT,LLWNGPMAV
10420,TISGTDY,GLTSN,KGTKIWVRTSKST,SNHLY,FYNNEI,ASSEATGELYEQY,KSKRTPMGF
10421,DRGSQS,IYSNGD,AVNRGYSTLT,SQVTM,ANQGSEA,SPSGGPPKANEQF,LLAGIGTVPI
10422,NSASQS,VYSSG,VVNARGYDKVI,SGHDY,FNNNVP,ASSPSTGKVSTEAF,LTDEMIAQY
10423,NSMFDY,ISSIKDK,NYGGSQGNLI,SNHLY,FYNNEI,ASSGGPEQY,RGPGRAFVTI
10424,VGISA,LSSGK,AVSASGTYKYI,SGHDT,YYEEEE,ASSLRDGSEAF,RAKFKQLL
10425,SVFSS,VVTGGEV,AGAAGGGSQGNLI,LNHDA,SQIVND,ASSIRSTHEQF,GILGFVFTL
10426,VSGNPY,YITGDNLV,AVRDLRGSYIPT,MNHEY,SMNVEV,ASSLRTGPRADTQY,RFPLTFGWCF
10427,DRGSQS,IYSNGD,AVDARLM,MNHNY,SVGAGI,ASSPLSRQGGTGELF,ELAGIGILTV
10428,DSASNY,IRSNVGE,AASGMDTGRRALT,MGHRA,YSYEKL,ASSTRTEGTEAF,YLQPRTFLL
10429,NSMFDY,ISSIKDK,AASLGSPRDGQKLL,SNHLY,FYNNEI,ASTNPLGYTDTQY,YVLDHLIVV
10430,YGATPY,YFSGDTLV,AVGAGSSNTGKLI,LNHDA,SQIVND,ASSTQGLYYGYT,GILGFVFTL
10431,TSINN,IRSNERE,ATVSFEGGNKLT,SGHNS,FNNNVP,ASSFSLGGAIDTQY,GILGFVFTL
10432,NSASQS,VYSSG,VARGVNSGGGADGLT,LGHDT,YNNKEL,ASSQGGSFPAF,RAKFKQLL
10433,ATGYPS,ATKADDK,ALRAGDMR,SEHNR,FQNEAQ,ASTPLGQASGNTIY,RAKFKQLL
10434,DSASNY,IRSNVGE,AAMETSYDKVI,KGHDR,SFDVKD,ATSGPGEGELF,RAKFKQLL
10435,SSVPPY,YTSAATLV,AVSGGYSTLT,LNHDA,SQIVND,ASSMIPDMNTEAF,QMMVKAGL
10436,SSVSVY,YLSGSTLV,AVLNGNTAMR,LNHDA,SQIVND,AGAAGVGYEQY,ALGIGILTV
10437,TTLSN,LVKSGEV,AGNYGGSQGNLI,LNHDA,SQIVND,ASSMRSTDTQY,GILGFVFTL
10438,YSGSPE,HISR,ALRARGSTLGRLY,MNHEY,SMNVEV,ASSSYTQRGLDYTGELF,QYIKWPWYI
10439,TSINN,IRSNERE,ATVATDSWGKFQ,SNHLY,FYNNEI,ASRIAGGAYNEQF,RAKFKQLL
10440,TISGNEY,GLKNN,IVRVPYILTGGGNKLT,DFQATT,SNEGSKA,SARGGDAEQY,GILGFVFTL
10441,NSASDY,IRSNMDK,AETNFGNEKLT,KGHSH,LQKENI,ASSPVGGDYGYT,NLVPMVATV
10442,YGGTVN,YFSGDPLV,AVTGNNDYKLS,SGHAT,FQNNGV,ASSFTSGTTDTQY,GLCTLVAML
10443,NSASQS,VYSSG,VVNRVDGYALN,GTSNPN,SVGIG,AWEDRNTGELF,YLQPRTFLL
10445,DRGSQS,IYSNGD,AVSQR,SGHTA,FQGTGA,ASSLGTSGGTGELF,RAKFKQLL
10446,NSASQS,VYSSG,VAGGSNTGKLI,LGHDT,YNNKEL,ASSQDAGLAKNIQY,GILGFVFTL
10447,TSINN,IRSNERE,ATVRPYSGYSTLT,MNHEY,SMNVEV,ASSLDRTSSPLH,RTLNAWVKV
10448,TSGFNG,NVLDGL,AEWTGGYQKVT,MDHEN,SYDVKM,ASGFDAGQGSYEQY,TTDPSFLGRY
10449,ATGYPS,ATKADDK,ALSSTTSGTYKYI,MNHEY,SMNVEV,ASSFLVGRAPEKETQY,SPRWYFYYL
10450,SVFSS,VVTGGEV,NYGGSQGNL,LNHDA,SQIVND,SIRSSYEA,GILGFVFTL
10451,VSGNPY,YITGDNLV,AVRFILTGGGNKLT,LNHDA,SQIVND,ASSMGVTEAF,GILGFVFTL
10452,TSGFYG,NALDGL,AVNNYGQNFV,SGHNS,FNNNVP,ASSTTSGGVETQY,GILGFVFTL
10453,DRGSQS,IYSNGD,AVRHAGGTSYGKLT,MNHEY,SMNVEV,ASSLSNEGNEQY,EAAGIGILTV
10454,DSASNY,IRSNVGE,AASIIGYSTLT,SNHLY,FYNNEI,ASRDGRETQY,CINGVCWTV
10455,VTNFRS,LTSSGIE,AGSSGTYKYI,SGHDT,YYEEEE,ASGLGIGQNIQY,NQKLIANQF
10456,SVFSS,VVTGGEV,AGVQEYGNKLV,SGDLS,YYNGEE,ASSPGGVSYNEQF,LLWNGPMAV
10457,TISGNEY,GLKNN,IVRREYGNKLV,KGHSH,LQKENI,ASRRQGLGMGTEAF,RAKFKQLL
10458,DSAIYN,IQSSQRE,AVCFAGGTSYGKLT,MNHEY,SMNVEV,ASSNRGSNQPQH,FLYALALLL
10459,DRGSQS,IYSNGD,AVNRDGGSQGNLI,SGDLS,YYNGEE,ASSVSALGSDTQY,KLSALGINAV
10460,DSASNY,IRSNVGE,AAKEGYSTLT,SEHNR,FQNEAQ,ASSPVTGGGSGANVLT,GILGFVFTL
10461,TRDTTYY,RNSFDEQN,ALSRVGANSKLT,SGDLS,YYNGEE,ASGSGGEH,SPRWYFYYL
10462,DSSSTY,IFSNMDM,AEDNYGQNFV,SQVTM,ANQGSEA,SGREDSTNEKLF,GLCTLVAML
10463,YGATPY,YFSGDTLV,AVTRDDKII,LNHDA,SQIVND,ASSIYSNQPQH,GILGFVFTL
10464,SIFNT,LYKAGEL,AGEETSGSRLT,SGDLS,YYNGEE,ASSSDPTAGYT,TTDPSFLGRY
10465,NSMFDY,ISSIKDK,AARSRRDDKII,SGHRS,YFSETQ,ASFEGGNSPLH,VYFLQSINF
10466,NSASDY,IRSNMDK,ADSGGGADGLT,MNHEY,SVGAGI,ASSSQGGFDGYT,FLYALALLL
10467,NIATNDY,GYKTK,LVGGGSQGNLI,SGDLS,YYNGEE,ASSVELSTDTQY,DATYQRTRALVR
10468,NSAFQY,TYSSGN,AMSISNFGNEKLT,KGHSH,LQKENI,ASSQGLAGGRSYNEQF,LLAGIGTVPI
10469,DRGSQS,IYSNGD,AVCGNQFY,GTSNPN,SVGIG,AWSAGLAYEQY,LLWNGPMAV
10470,DRGSQS,IYSNGD,AVLNNDMR,LNHDA,SQIVND,ASKNSGGRF,LLLDRLNQL
10471,DRGSQS,IYSNGD,AVSNTGTQFY,SEHNR,FQNEAQ,ASSLGEIGYT,LLAGIGTVPI
10472,SSVSVY,YLSGSTLV,AVLPHGNNRLA,DFQATT,SNEGSKA,SARDRVGQNTGELF,YLQPRTFLL
10473,SSYSPS,YTSAATLV,VVANGFKTI,SGHDN,FVKESK,ASSRLAGGNTGELF,SPRWYFYYL
10474,SSNFYA,MTLNGDE,AFDQTGANNLF,LNHNV,YYDKDF,ATSILDRDQPQH,QYIKWPWYI
10475,TTLSN,LVKSGEV,AGPRKTSYDKVI,LNHDA,SQIVND,ASSMSSSGYNEQF,GILGFVFTL
10476,DSASNY,IRSNVGE,AGGETSYDKVI,SEHNR,FQNEAQ,ASSSLGTGDTEAF,RAKFKQLL
10477,SVFSS,VVTGGEV,AGGGSQGNLI,LNHDA,SQIVND,ASKSGLGGTTEAF,GILGFVFTL
10478,KALYS,LLKGGEQ,GTVLEGGSQGNLI,SGHTA,FQGTGA,ASSLGTSGGTGELF,GILGFVFTL
10479,DSASNY,IRSNVGE,AARDNFNKFY,MGHRA,YSYEKL,ASSQDTTNYGYT,IPSINVHHY
10480,NSASDY,IRSNMDK,AEPSSASKII,SGDLS,YYNGEE,ASSEENTGELF,YLQPRTFLL
10481,SVFSS,VVTGGEV,AGASNTGKLI,SEHNR,FQNEAQ,ASSLGDNTEAF,GILGFVFTL
10482,NIATNDY,GYKTK,LVGDTSSGSARQLT,LGHNA,YNFKEQ,ASSQEPGAPNTGELF,CINGVCWTV
10483,NSASQS,VYSSG,VVTETSYDKVI,SGHDT,YYEEEE,ASSLRDGSEAF,RAKFKQLL
10484,DRGSQS,IYSNGD,AVGEG,MNHEY,SVGEGT,ASRRFGAEPY,ALAGIGILTV
10485,TRDTTYY,RNSFDEQN,ALRPFGGGNTPLV,SGHDT,YYEEEE,ASSLRDGSEAF,RAKFKQLL
10486,VTNFRS,LTSSGIE,YSGGGADGLT,SGHVS,FQNEAQ,ASSLVPPTDTQY,KSKRTPMGF
10487,SSVSVY,YLSGSTLV,AVSDPRTGANNLF,SGHNT,YYREEE,ASSFRGPGTEAF,GLCTLVAML
10488,DRGSQS,IYSNGD,AAQGGKLI,MNHEY,SMNVEV,ASSSGTGVFLAEAF,ELAGIGILTV
10489,TSESDYY,QEAYKQQN,AYSYGGSQGNLI,MNHNS,SASEGT,ASSDGTGGILYEQY,GILGFVFTL
10490,DSASNY,IRSNVGE,AAMETSYDKVI,SGDLS,YYNGEE,ASSTRTGTETNTGELF,RAKFKQLL
10491,DRGSQS,IYSNGD,AVNEGGGSYIPT,SGHRS,YFSETQ,ASSLAMGTSGGPYNEQF,KLWAQCVQL
10492,DSSSTY,IFSNMDM,AESLWDDKII,MGHRA,YSYEKL,ASSQTRGAGNTIY,RAKFKQLL
10493,YGGTVN,YFSGDPLV,AVLRGYSSASKII,SGHRS,YFSETQ,ASSSGQGERETQY,GILGFVFTL
10494,TTLSN,LVKSGEV,AVYTGTASKLT,MNHEY,SMNVEV,ASSSWVGELF,MEVTPSGTWL
10495,VSGNPY,YITGDNLV,AVRDNQAGTALI,SGDLS,YYNGEE,ASSAGSGSGYNEQF,NLVPMVATV
10496,TSENNYY,QEAYKQQN,AFMTNAGGTSYGKLT,SGHAT,FQDESV,ASSLLSGSYEQY,GILGFVFTL
10497,NSASQS,VYSSG,VVNKEDDMR,MNHNS,SASEGT,ARGDRNTGELF,YLQPRTFLL
10498,TISGTDY,GLTSN,ILREFYNDMR,SGHTA,FQGTGA,ASSSRGGQETQY,RAKFKQLL
10499,TTLSN,LVKSGEV,AGIGWYVGNEKLT,SGHRS,YFSETQ,ASSLEGLSTDTQY,CLGGLLTMV
10500,SVFSS,VVTGGEV,AGDSPAGKST,LNHDA,SQIVND,ASSIRSSYEQY,GILGFVFTL
10501,DRGSQS,IYSNGD,AGGGSGYALN,SEHNR,FQNEAQ,ASSPGGTEKLF,LLAGIGTVPI
10502,NSAFQY,TYSSGN,AMSLANFGNEKLT,SGHDT,YYEEEE,ASSGRDRSGNTIY,LLAGIGTVPI
10503,TSINN,IRSNERE,ATEGGSGYSTLT,MNHEY,SVGAGI,ASSYQGGGKGGYT,FLYALALLL
10504,DSASNY,IRSNVGE,AASETSYDKVI,SEHNR,FQNEAQ,ASSLLGSSGNTIY,RAKFKQLL
10505,DRGSQS,IYSNGD,AVNGGGGSQGNLI,LNHDA,SQIVND,ASSTRSSTEAF,GILGFVFTL
10506,SSNFYA,MTLNGDE,APGSSNTGKLI,LNHDA,SQIVND,ASSIVSTDTQY,GILGFVFTL
10507,NSAFQY,TYSSGN,AMSISNFGNEKLT,MRHNA,SNTAGT,ARIRRGFSGGPQETQY,LLAGIGTVPI
10508,SVFSS,VVTGGEV,TGGGSSNTGKLI,LNHDA,SQIVND,ASSTRSAYEQY,GILGFVFTL
10509,DSAIYN,IQSSQRE,AACNNAGNMLT,LNHDA,SQIVND,ASSIAPGSEQY,LLDFVRFMGV
10510,TSDPSYG,QGSYDQQN,AMRPRMDFNKFY,MGHRA,YSYEKL,ASTRERSGNDEQF,HPVTKYIM
10511,TRDTTYY,RNSFDEQN,ALSEPNSGGGADGLT,SGHTA,FQGNSA,ASSSGVGNEQF,GLCTLVAML
10512,NSASQS,VYSSG,VVNYQGDSSYKLI,DFQATT,SNEGSKA,SPGLYLASATDTQY,GILGFVFTL
10513,DSAIYN,IQSSQRE,AFSSGNTPLV,SGHDN,FVKESK,ASSQEDRWVIGELF,TTDPSFLGRY
10514,DSVNN,IPSGT,AVRFNDYKLS,SGHTA,FQGNSA,ASSPPGLVGGELF,GLCTLVAML
10515,YGGTVN,YFSGDPLV,AVKDTDKLI,LGHDT,YNNKEL,ASSPDFNEQF,YVLDHLIVV
10516,NSMFDY,ISSIKDK,AAAKGAQKLV,SGDLS,YYNGEE,ASSVDRAQLFGYT,TTDPSFLGRY
10517,DSASNY,IRSNVGE,AASRGVGGYNKLI,MNHEY,SMNVEV,ASSSLTSGAYNEQF,SPRWYFYYL
10518,VGISA,LSSGK,AVRWHTGNQFY,DFQATT,SNEGSKA,SATDTRDSLQSNEKLF,LLAGIGTVPI
10519,DRGSQS,IYSNGD,AVKDDKII,LGHNA,YNFKEQ,ASSPESSGGDNEQF,LLWNGPMAV
10520,DSVNN,IPSGT,AVESNFGNEKLT,GTSNPN,SVGIG,AWRGTVDLYEQY,IPSINVHHY
10521,TSGFNG,NVLDGL,AVRDLYLF,SQVTM,ANQGSEA,SVEGVLADYNEQF,FTSDYYQLY
10522,KALYS,LLKGGEQ,GTEAGDSNYQLI,SGHRS,YFSETQ,ASSWDKPYGYT,RPHERNGFTVL
10523,NSASQS,VYSSG,VVGTGGGNKLT,DFQATT,SNEGSKA,SANRAGKNIQY,YLQPRTFLL
10524,ATGYPS,ATKADDK,ALQGSQGNLI,LNHDA,SHIVND,ASSSRSGVEQY,GILGFVFTL
10525,DRGSQS,IYSNGD,AVKAGNKLT,SNHLY,FYNNEI,ASSEAVLAGGPGD,ELAGIGILTV
10526,TSGFNG,NVLDGL,AVMDSNYQLI,DFQATT,SNEGSKA,SARFGRGETQY,GLCTLVAML
10527,TSINN,IRSNERE,ATDGWDYGGSQGNLI,LNHDA,SQIVND,ASSTLATANTEAF,GILGFVFTL
10528,NSAFQY,TYSSGN,AMIYSNFGNEKLT,LNHDA,SQIVND,ASEQRGELF,LLAGIGTVPI
10529,ATGYPS,ATKADDK,LLGFGNVLHCFGNVLH,MNHEY,SMNVEV,ASSDRDSQQPQH,TTDPSFLGRY
10530,NSASDY,IRSNMDK,AENLGDSSYKLI,SGHNS,FNNNVP,ASSFSGNTGELF,RAKFKQLL
10531,NSASQS,VYSSG,VVNREGYSTLT,MNHNS,SASEGT,ASSEGGFTFYNEQF,GLCTLVAML
10532,NSASDY,IRSNMDK,AENDGNQFY,SGHRS,YFSETQ,ASSLERGTDTQY,GILGFVFTL
10533,SSVSVY,YLSGSTLV,AGGGHNNDMR,GTSNPN,SVGIG,AYLTGFEQY,CTELKLSDY
10534,TRDTTYY,RNSFDEQN,ALNTDKLI,SGHNS,FNNNVP,ASSLEDRVIGSPLH,GILGFVFTL
10535,TRDTTYY,RNSFDEQN,ALSEDGNDYKLS,LNHDA,SQIVND,ATGFPYEQY,GILGFVFTL
10536,NSASQS,VYSSG,VVNGEDSSYKLI,SNHLY,FYNNEI,ASSDGAVAPGEQF,GLCTLVAML
10537,NSASQS,VYSSG,VVNPHYGQNFV,SGHRS,YFSETQ,ASNDGTLNTEAF,KSKRTPMGF
10538,YSGSPE,HISR,ALVPGANNLF,GTSNPN,SVGIG,AWSVQGPGVRTEAF,GILGFVFTL
10539,NSASQS,VYSSG,VVNLPEGNTPLV,DFQATT,SNEGSKA,SARGGQGLNTGELF,YLQPRTFLL
10540,TSDPSYG,QGSYDQQN,AMREGYNTDKLI,SGDLS,YYNGEE,ASSLAGLAASTDTQY,IPSINVHHY
10541,DRGSQS,IYSNGD,AVDNYGQNFV,SGHDT,YYEEEE,ASSLGVTDTQY,GILGFVFTL
10542,DRGSQS,IYSNGD,AVSFSGGYNKLI,SNHLY,FYNNEI,ASSDGGLGQPQH,ELAGIGILTV
10543,NTAFDY,IRPDVSE,AATLEETSGSRLT,LNHDA,SQIVND,ASSIYSNSNQPQH,GILGFVFTL
10544,YGGTVN,YFSGDPLV,AVKGTDKLI,MNHEY,SVGEGT,ASSWTGSYEQY,YVLDHLIVV
10545,SSVSVY,YLSGSTLV,AASSNTGKLI,LNHDA,SHIVND,ASSSRSSYEQY,GILGFVFTL
10546,YGGTVN,YFSGDPLV,AVKDTDKLI,MNHEY,SVGEGT,ASSSPLALVAGELF,YVLDHLIVV
10547,NSMFDY,ISSIKDK,AASAASGTYKYI,LNHDA,SQIVND,ASSTDGQAPLYGYT,VSDGGPNLY
10548,NYSPAY,IRENEKE,ALDPRYSNSGYALN,LNHDA,SQIVND,ASSIRSSETQY,GILGFVFTL
10549,TISGTDY,GLTSN,ILRRYGGSQGNLI,LGHDT,YNNKEL,ASSPVSGSTYEQY,GLCTLVAML
10550,TISGTDY,GLTSN,ILLSNFNKFY,SNHLY,FYNNEI,ASISLDPLY,LLAGIGTVPI
10551,VSGNPY,YITGDNLV,AVRAHTGGFKTI,MDHEN,SYDVKM,ASSLRSNSYEQY,PTDNYITTY
10552,NSAFQY,TYSSGN,AALISNFGNEKLT,LNHDA,SQIVND,ASSTTGSGNTIY,LLAGIGTVPI
10553,NYSPAY,IRENEKE,ALDPLYSSASKII,SGHDY,FNNNVP,ASSLAGPGLGLEQY,ATDALMTGF
10554,YGATPY,YFSGDTLV,AVGAPGGSYIPT,KGHSH,LQKENI,ASSPLEPYLMNTEAF,YSEHPTFTSQY
10555,DRGSQS,IYSNGD,AVNADKII,MDHEN,SYDVKM,ASTQIFGNYGYT,ELAGIGILTV
10556,SIFNT,LYKAGEL,AGHTGNQFY,SGHDT,YYEEEE,ASSLRDGSEAF,RAKFKQLL
10557,DSASNY,IRSNVGE,AASEDARLM,SEHNR,FQNEAQ,ASSFPFQSYGYT,RAKFKQLL
10558,NSASDY,IRSNMDK,AENEGGGSQGNLI,LNHDA,SQIVND,ASSQRSGETQY,GILGFVFTL
10559,NSASQS,VYSSG,VVNMLSNSGYALN,LNHNV,YYDKDF,ATSESGGYEQY,NYNYLYRLF
10560,ATGYPS,ATKADDK,ALNGGFKTI,SQVTM,ANQGSEA,SVEDSVQGQVDTQY,GILGFVFTL
10561,TSGFNG,NVLDGL,VGGDNRLA,SGHDT,YYEEEE,ASTDSGTISYEQY,SPRWYFYYL
10562,NTAFDY,IRPDVSE,AARGAEEDKII,SGDLS,YYNGEE,ASRDTGELF,VYFLQSINF
10563,DRGSQS,IYSNGD,AVKRRAAGNKLT,MDHEN,SYDVKM,ASTDTLSLINTGELF,YVLDHLIVV
10564,SIFNT,LYKAGEL,AGAGDGGSQGNLI,LNHDA,SQIVND,ASSMRAGYEQY,GILGFVFTL
10565,TRDTTYY,RNSFDEQN,ALSDNEDSTLT,LNHDA,SQIVND,ASSPLAVTYNEQF,GILGFVFTL
10566,SVFSS,VVTGGEV,AGDNNARLM,MNHEY,SMNVEV,ASSSDPSGGGYNEQF,NLVPMVATV
10567,SIFNT,LYKAGEL,AGPYSGGGADGLT,SGHVT,SQSDAQ,ASSPGSEAGSYGYT,GILGFVFTL
10568,DRGSQS,IYSNGD,AVGNAGNMLT,SGDLS,YYNGEE,ASSVELNTYEQY,LLLDRLNQL
10569,TSINN,IRSNERE,ASNFQTGANNLF,PRHDT,FYEKMQ,ASSSERGLVREQY,NYNYLYRLF
10570,TSINN,IRSNERE,ATDGEYAGGTSYGKLT,SNHLY,FYNNEI,ASSVRTGYTEAF,GILGFVFTL
10571,TSESDYY,QEAYKQQN,AYRSAIDDKII,SNHLY,FYNNEI,ASSELGRSSSGNTIY,GILGFVFTL
10572,VTNFRS,LTSSGIE,AVGSPNFGGREGFVI,MDHEN,SYDVKM,ASSPSSLDAHFPLYNSPLH,CTELKLSDY
10573,DRGSQS,IYSNGD,AVGDDKII,DFQATT,SNEGSKA,SASQAAAYEQY,LLWNGPMAV
10574,TSINN,IRSNERE,ATDEEEYGNKLV,MDHEN,SYDVKM,ASTLRGVREQF,RTATKAYNV
10575,VGISA,LSSGK,AAETTSGTYKYI,SGHDN,FVKESK,ASSPIAGSSYEQY,GILGFVFTL
10576,DRGSQS,IYSNGD,AVSAAGNKLT,MNHEY,SMNVEV,ASRSLGQGAEKLF,ELAGIGILTV
10577,DSASNY,IRSNVGE,AAMETSYDKVI,LGHDT,YNNKEL,ASSQADSLNSPLH,RAKFKQLL
10578,DSVNN,IPSGT,AVQDNFNKFY,ENHRY,SYGVKD,AISDLTGEIYSGYT,CINGVCWTV
10579,TSENNYY,QEAYKQQN,AFMKGAGGTSYGKLT,SEHNR,FQNEAQ,ASSSLGGHGEAF,GILGFVFTL
10580,NYSPAY,IRENEKE,ALVRINDMR,SQVTM,ANQGSEA,SAGQGPYEQY,RAKFKQLL
10581,DRGSQS,IYSNGD,AVNRDAGGTSYGKLT,MNHEY,SVGEGT,ASALSWEGLAESYEQY,KLSALGINAV
10582,TSINN,IRSNERE,ATVIFQGAQKLV,LNHNV,YYDKDF,ATSRSGQGEKLF,RAKFKQLL
10583,DRGSQS,IYSNGD,AVSGVYQSVT,SGHDN,FVKESK,ASSGRDRGYNEQF,LLAGIGTVPI
10584,NSASQS,VYSSG,VVNRGHYKLS,ENHRY,SYGVKD,AISGDREGQY,GILGFVFTL
10585,NSASQS,VYSSG,VVNIGSGNQFY,MNHEY,SMNVEV,ASSPHFQVDTGELF,RAKFKQLL
10586,DRGSQS,IYSNGD,AVGDYKLS,DFQATT,SNEGSKA,SAPSGGGLNEQF,LLWNGPMAV
10587,DSASNY,IRSNVGE,AASETSYDKVI,SEHNR,FQNEAQ,ASSRLGQGAITEAF,RAKFKQLL
10588,TISGTDY,GLTSN,ILPLAGGTSYGKLT,SGHRS,YFSETQ,ASSLWQGYEQY,FLRGRAYGL
10589,NSASQS,VYSSG,AGDSNYQLI,MDHEN,SYDVKM,ASSLTRIGGNT,ALAGIGILTV
10590,DRGSQS,IYSNGD,AANNARLM,SGHVS,FQNEAQ,ASSSRIEGTEAF,LLWNGPMAV
10591,DRGSQS,IYSNGD,AVNRNEKLT,MGHRA,YSYEKL,QETQY,ELAGIGILTV
10592,SSVSVY,YLSGSTLV,AVVYAGKST,SEHNR,FQNEAQ,ASSDPRGEETQY,GILGFVFTL
10593,DSAIYN,IQSSQRE,AASSVRQAGTALI,LNHDA,SQIVND,ASSIGRSEQF,FEDLRLLSF
10594,TRDTTYY,RNSFDEQN,ALSEARGNAGNMLT,LNHDA,SQIVND,ASSIGGSSYNEQF,GILGFVFTL
10595,SSVSVY,YLSGSTLV,AVSDPAGNARLM,LNHDA,SQIVND,ASSTQGSQPQH,GILGFVFTL
10596,NSAFQY,TYSSGN,AMSGKTSGTYKYI,DFQATT,SNEGSKA,SASSLTSGGAPEQY,RAKFKQLL
10597,TISGTDY,GLTSN,ILKRSDGQKLL,LNHDA,SQIVND,ASRATIGGTGELF,VTEHDTLLY
10598,DSAIYN,IQSSQRE,AVQPTSNTGKLI,MGHRA,YSYEKL,ASSHTTGADEQY,KSKRTPMGF
10599,NIATNDY,GYKTK,LVGDPMDTGRRALT,SGHNT,YENEEA,ASSSFPGREMT,SPRWYFYYL
10600,YSGSPE,HISR,ALKDNQGGKLI,MNHEY,SVGAGI,ASNMGGAKNIQY,TTDPSFLGRY
10601,TRDTTYY,RNSFDEQN,LTRNQGGKLI,LGHDT,YNNKEL,ASSPSWGKNIQY,SPRWYFYYL
10602,TTLSN,LVKSGEV,AGQRETSYDKVI,SEHNR,FQNEAQ,ASSQLGGVYNEQF,RAKFKQLL
10603,NTAFDY,IRPDVSE,AASIGNFGNEKLT,LGHNA,YSLEER,ASSPNRNTEAF,RPHERNGFTVL
10604,DSVNN,IPSGT,AVADPREYGNKLV,KGHSH,LQKENI,ASNRENEKLF,CINGVCWTV
10605,DSASNY,IRSNVGE,AARVGSSASKII,SGHTA,FQGNSA,ASSPTGPAYEQY,LLWNGPMAV
10606,NSAFQY,TYSSGN,APGGGRRALT,MNHNS,SASEGT,ASSDGQGSNEQF,LLAGIGTVPI
10607,NSASDY,IRSNMDK,AENDHNNNDMR,LNHDA,SQIVND,ASSIRSSYEQY,GILGFVFTL
10608,NSASQS,VYSSG,VVRQTGANNLF,SGHTS,YDEGEE,ASSPIRQGSQETQY,NLVPMVATV
10609,SSNFYA,MTLNGDE,ASIAGTYKYI,SGHDY,FNNNVP,ASGRLSYNEQF,RAKFKQLL
10610,NSAFQY,TYSSGN,AMTLSYFGTARLT,SQVTM,ANQGSEA,SVDPNSQETQY,LLAGIGTVPI
10611,ATGYPS,ATKADDK,ALAGSQGNLI,MNHEY,SMNVEV,ASSTRQGSDEQY,TTDPSFLGRY
10612,VGISA,LSSGK,AVRDHRYNNNDMR,SGHDT,YYEEEE,ASSLTRRYT,RTLNAWVKV
10613,TRDTTYY,RNSFDEQN,ALSPFPRGAGSYQLT,LNHNV,YYDKDF,ATSRDMRGSVELF,YLQPRTFLL
10614,DRGSQS,IYSNGD,AAEAAGNKLT,MNHEY,SMNVEV,ASNFGLPFGNEQF,LTDEMIAQY
10615,TRDTTYY,RNSFDEQN,ALSETLTSGTYKYI,SGDLS,YYNGEE,ASSVEVGTGDNEQF,NLVPMVATV
10616,NSAFQY,TYSSGN,AMPGGATNKLI,SGHNS,FNNNVP,ASSFLDRGPNTEAF,RAKFKQLL
10618,NSASDY,IRSNMDK,ADS,SGHDT,YYEEEE,ASSLRDGSEAF,RAKFKQLL
10619,YGGTVN,YFSGDPLV,AVNEDNFNKFY,MGHRA,YSYEKL,ASSLGGTNEQF,RAKFKQLL
10620,DRGSQS,IYSNGD,AAADDKII,SGHDN,FVKESK,ASSQGTISYEQY,LLWNGPMAV
10621,TSINN,IRSNERE,ATDATRDDKII,SGHTA,FQGNSA,ASSLGGAPYNEQ,LLWNGPMAV
10622,TSDPSYG,QGSYDQQN,AMREGPAEGGANSKLT,MNHEY,SMNVEV,ASNLLTGGDADTQY,SPRWYFYYL
10623,STGYPT,ETMEN,LLGGGENDYKLS,LNHDA,SQIVND,ASTYIGLSNQPQH,GILGFVFTL
10624,DRGSQS,IYSNGD,APGAGRRALT,PRHDT,FYEKMQ,ASSLLNEQF,ELAGIGILTV
10625,TTLSN,LVKSGEV,AGADSNDYKLS,MNHEY,SVGAGI,ASSLRTGRWEKLF,GILGFVFTL
10626,YGATPY,YFSGDTLV,AVVLNDYKLS,SGHNS,FNNNVP,ASRGPGELF,ALAGIGILTV
10627,YGGTVN,YFSGDPLV,AGGTDSWGKLQ,MNHEY,SMNVEV,ASSLSGDDYNEQF,ALSKGVHFV
10628,NIATNDY,GYKTK,LVGADDYKLS,SGDLS,YYNGEE,ASSVGSGLQYYEQY,SPRWYFYYL
10629,KTLYG,LQKGGEE,GADSASGTYKYI,SQVTM,ANQGSEA,SVGSGEDNEQY,RAKFKQLL
10630,TSENNYY,QEAYKQQN,AYRSGLDYGGSQGNLI,SGHNS,FNNNVP,ASSLGLDRAYATNEKLF,GILGFVFTL
10631,NIATNDY,GYKTK,LVVPNRDDKII,LGHDT,YNNKEL,ASSQEVQGLGEQF,CINGVCWTV
10632,TSINN,IRSNERE,ATEGDSGYSTLT,SGHNT,YYREEE,ASSSTGGGEKDQPQH,FLYALALLL
10633,NSAFQY,TYSSGN,AMSWGRDDKII,SGHNS,FNNNVP,ASSFSGNTGELF,RAKFKQLL
10634,ATGYPS,ATKADDK,ALGGSQGNLI,MNHEY,SMNVEV,ASSPRSGFDEQY,TTDPSFLGRY
10635,DRGSQS,IYSNGD,AVGGGSEKLV,MNHEY,SVGAGI,ASSPGLAVYEQY,TPRVTGGGAM
10636,DSSSTY,IFSNMDM,AEDKEARLM,DFQATT,SNEGSKA,SARAGVGNTIY,GLCTLVAML
10637,NSASDY,IRSNMDK,ADSGGGADGLT,SGHAT,FQNNGV,ASSLGVAGTNTGELF,RAKFKQLL
10638,NIATNDY,GYKTK,LVGENGRLM,LNHDA,SQIVND,ASSIPGLWNEQF,CINGVCWTV
10639,DRGSQS,IYSNGD,AVMGAQKLV,SGHVS,FQNEAQ,ASSSGTSGFGRQF,LLAGIGTVPI
10640,TISGTDY,GLTSN,ILRETSYDKVI,SGHKS,YYEKEE,ASRPGVGNQPQH,RAKFKQLL
10641,TISGTDY,GLTSN,ILRDGSGNTGKLI,KGHDR,SFDVKD,ATSPGLAGARKETQY,NLVPMVATV
10642,VSNAYN,GSKP,PPSSGGYNKLI,SGHDT,YYEEEE,ASSFWGRTGELF,ELAGIGILTV
10643,TRDTTYY,RNSFDEQN,ALSEAISTGTASKLT,MNHEY,SMNVEV,ASSTWSQNTGELF,RPIIRPATL
10644,TRDTTYY,RNSFDEQN,ALSVRPGGGADGLT,SGHDT,YYEEEE,ASSLRDGSEAF,RAKFKQLL
10645,DRGSQS,IYSNGD,AVNIGGGADGLT,MNHEY,SVGAGI,ASSSGQGNEQY,ELAGIGILTV
10646,TSESDYY,QEAYKQQN,AYRSPPSSEKLV,SQVTM,ANQGSEA,SVCILAQNYNEQF,GLCTLVAML
10647,TSENNYY,QEAYKQQN,ASFGGATNKLI,LGHDT,YNNKEL,ASSQGHGLPYEQY,GILGFVFTL
10648,DRGSQS,IYSNGD,AVSDDKII,SGHAT,FQNNGV,ASSDGTNSYEQY,LLWNGPMAV
10649,NSASQS,VYSSG,VVTIGAGCLGLLF,LGHNA,YSLEER,ASSPKKEKNEQF,GILGFVFTL
10650,DSSSTY,IFSNMDM,AESYDGYALN,MNHNS,SASEGT,ASTPDINTEAF,GLCTLVAML
10651,TTLSN,LVKSGEV,AGTYGGSQGNLI,LNHDA,SQIVND,ASSGRSSQPQH,GILGFVFTL
10652,SSYSPS,YTSAATLV,VVRSNSGYALN,MDHEN,SYDVKM,ASSSTGEWNQPQH,SPRWYFYYL
10653,VSGNPY,YITGDNLV,AVSVRADKLI,SQVTM,ANQGSEA,SVEGLAGPSYNEQF,FEDLRLLSF
10654,NYSPAY,IRENEKE,ALDGDSNYQLI,GTSNPN,SVGIG,AWSRMGGNTIY,GILGFVFTL
10655,NSASQS,VYSSG,VVNMATDKLI,SNHLY,FYNNEI,ASGGTNTGELF,YLQPRTFLL
10656,YGGTVN,YFSGDPLV,AVNAGNNRKLI,MNHNY,SVGAGI,ASTGSVSTDTQY,NLVPMVATV
10657,TSGFNG,NVLDGL,AGPPSGAGSYQLT,DFQATT,SNEGSKA,SARDDSGQGFGFLETQY,GLCTLVAML
10658,VGISA,LSSGK,AVDTGTASKLT,MDHEN,SYDVKM,ASTPWGAEAF,QYIKWPWYI
10659,NSASQS,VYSSG,VVNPLGSGGYNKLI,SGHVS,FNYEAQ,ASSSSAESSYNEQF,TTDPSFLGRY
10660,NYSPAY,IRENEKE,ALDTGNQFY,MNHEY,SVGAGI,ASNPGHSNQPQH,TTDPSFLGRY
10661,NYSPAY,IRENEKE,ALGVNNDMR,LNHNV,YYDKDF,ATSRRTVLRETQY,SPRWYFYYL
10662,NSASQS,VYSSG,VVNKEARLM,SGHDN,FVKESK,ASSQEGYTEAF,RAKFKQLL
10663,DRGSQS,IYSNGD,AVNNNDMR,LNHNV,YYDKDF,ATSASTGLEQF,LLWNGPMAV
10664,DRGSQS,IYSNGD,AVRDYKLS,DFQATT,SNEGSKA,SARGVTSSRGVNEQF,LLAGIGTVPI
10665,DSASNY,IRSNVGE,AASETSYDKVI,MGHRA,YSYEKL,ASSTSTGTGYGYT,RAKFKQLL
10666,DSASNY,IRSNVGE,AASETSYDKVI,SGHDT,YYEEEE,ASSPGGGYT,RAKFKQLL
10667,TRDTTYY,RNSFDEQN,ALRAGQDSSYKLI,SEHNR,FQNEAQ,ASSLLVGPGTGKYNEQF,TPRVTGGGAM
10668,NSASQS,VYSSG,VVSLDNYGQNFV,DFQATT,SNEGSKA,SYQAGETDTQY,VSDGGPNLY
10669,SIFNT,LYKAGEL,AGLSGSARQLTFG,SGHNS,FNNNVP,ASSLFPGGNTGELFFG,ELAGIGILTV
10670,DRGSQS,IYSNGD,AVSNWDSSYKLI,SEHNR,FQNEAQ,ASSQLGGVYNEQF,RAKFKQLL
10671,YGGTVN,YFSGDPLV,AVGGYGGSQGNIL,LNHDA,SQIVND,ASSIRSAYEQY,GILGFVFTL
10672,TSDPSYG,QGSYDQQN,AMREWTDRGSTLGRLY,LNHDA,SQIVND,ASGGQYQETQY,GILGFVFTL
10673,TSGFNG,NVLDGL,AVRDSNYQLI,DFQATT,SNEGSKA,SARDGRREYEQY,RAKFKQLL
10674,NSASDY,IRSNMDK,AENQRFSDGQKLL,SGHNS,FNNNVP,ASSAGLAGANTGELF,SPRWYFYYL
10675,SSNFYA,MTLNGDE,AFIHLEYGNKLV,MNHEY,SVGAGI,ASSTLTGAETQY,GILGFVFTL
10676,NTAFDY,IRPDVSE,ADHSSYKLI,LGHDT,YNNKEL,ASSQYNEQF,LLAGIGTVPI
10677,VGISA,LSSGK,APLLQGAQKLV,LNHDA,SQIVND,ASSFGMHGYT,GILGFVFTL
10678,TSENNYY,QEAYKQQN,AFMKHEDTGGNTPLV,SGHVS,FNYEAQ,ASSLSQGIYYEQY,RLPGVLPRA
10679,SIFNT,LYKAGEL,AALHLMDSNYQLI,MNHEY,SMNVEV,ASSFPGQGNTQY,RAQAPPPSW
10680,NSAFQY,TYSSGN,AMRGQDAGGTSYGKLT,LNHDA,SQIVND,ASSVYSNQPQH,GILGFVFTL
10681,DRGSQS,IYSNGD,ARGGANNLF,SGHAT,FQNNGV,ASSLDFQGNEQY,ELAGIGILTV
10682,TISGTDY,GLTSN,VGGGSQGNLI,LNHDA,SQIVND,ASSDRSSQPQH,GILGFVFTL
10683,TTLSN,LVKSGEV,AGRDNYGQNFV,SQVTM,ANQGSEA,SVSGGYGYT,SPRWYFYYL
10684,DRGSQS,IYSNGD,NSNSGYALN,SGHNS,FNNNVP,ASSLDPGTGELF,ALAGIGILTV
10685,DSSSTY,IFSNMDM,AALSPNFGNEKLT,PRHDT,FYEKMQ,ASSRTGTSYEQY,LLDFVRFMGV
10686,TSINN,IRSNERE,ATDYGNNRLA,SEHNR,FQNEAQ,ARGDANTGELF,YLQPRTFLL
10687,TTLSN,LVKSGEV,AGTGNTGKLI,SGHDY,FNNNVP,ASSLAGNTDTQY,RAKFKQLL
10688,TISGNEY,GLKNN,IVREGDRDDKII,SGHNS,FNNNVP,ASSLWGDYEQY,RAKFKQLL
10689,TSDPSYG,QGSYDQQN,AMRDPSSSGGTSYGKLT,SGHDY,FNNNVP,ASSLLTSGGLRETQY,FTSDYYQLY
10691,DSASNY,IRSNVGE,AATETSYDKVI,SEHNR,FQNEAQ,ASSRLGMNTEAF,RAKFKQLL
10692,SVFSS,VVTGGEV,AGGGQGGSQGNLI,LNHDA,SQIVND,ASSLYSNQPQH,GILGFVFTL
10693,DRGSQS,IYSNGD,AASGGSYIPT,MNHEY,SVGAGI,ASSSGPAYEQY,LLWNGPMAV
10694,VSPFSN,MTFSENT,VVSSVRGSYIPT,SGDLS,YYNGEE,ASSVDGGGGGYNEQF,LLWNGPMAV
10695,TSINN,IRSNERE,ATDSGSTDSWGKLQ,SGHNS,FNNNVP,ASSLRWNPGNTIY,RAKFKQLL
10696,VSGNPY,YITGDNLV,AVRDHSGYSTLT,MDHEN,SYDVKM,ASSLYSGSNNEQF,TTDPSFLGRY
10697,SSVSVY,YLSGSTLV,AVSDPYNFNKFY,MNHEY,SMNVEV,ASTPTAGASNEQF,YVLDHLIVV
10698,YSGSPE,HISR,APYSGGGADGLT,MNHEY,SVGAGI,ASSLQGGNEQF,FLYALALLL
10699,TSENNYY,QEAYKQQN,AYTSGTYKYI,MNHEY,SMNVEV,ASSLSDSVVGTDTQY,GPRLGVRAT
10700,NSAFQY,TYSSGN,AMSGDGGSQGNLI,LNHDA,SQIVND,ASSTRAGDTQY,GILGFVFTL
10701,DRGSQS,IYSNGD,AVNTDMR,SGHNS,FNNNVP,ASSQGLEKLF,LLLDRLNQL
10702,STGYPT,ETMEN,VPRWLAGGGHKLT,SEHNR,FQNEAQ,ASSGQGAEAF,YAKWKLCSA
10703,YGATPY,YFSGDTLV,AVGLNNNAGNMLT,LGHNA,YSLEER,ASSQAYDARYEQF,RPPIFIRRL
10704,YSGSPE,HISR,ALQGRDDKII,LNHDA,SQIVND,ASSRLAGVETQY,GILGFVFTL
10705,TSENNYY,QEAYKQQN,AFMKPKGGSNYKLT,MNHEY,SMNVEV,ASSLAGFTGELF,NLVPMVATV
10706,DSSSTY,IFSNMDM,AERASNNDMR,SGHTA,FQGNSA,ASSPPGLVGGELF,GLCTLVAML
10707,NSAFQY,TYSSGN,AMTLSNFGNEKLT,SGHAT,FQNNGV,ASSIGGYRYLQETQY,LLAGIGTVPI
10708,NSASQS,VYSSG,VVNGYNTDKLI,MNHEY,SVGAGI,ASSSVSLGNEQF,YLQPRTFLL
10709,SSNFYA,MTLNGDE,APGRIQGAQKLV,LNHDA,SQIVND,ASSGGALSEQY,YLQPRTFLL
10710,TSDPSYG,QGSYDQQN,AMREADQTGANNLF,SNHLY,FYNNEI,ASSDLDRAKGTDTQY,GILGFVFTL
10711,SSNFYA,MTLNGDE,AFPRGGSNYKLT,DFQATT,SNEGSKA,SARDVVSGGHYEQY,QYIKWPWYI
10712,DSASNY,IRSNVGE,AASETSYDKVI,KGHSH,LQKENI,ASSPRQGDQPQH,RAKFKQLL
10713,VSPFSN,MTFSENT,VVTGGGNKLT,LGHDT,YNNKEL,ASSQDILARYNEQF,YLQPRTFLL
10714,NSASDY,IRSNMDK,ADSGGGADGLT,MNHEY,SMNVEV,ASSLSGRPYEQY,RAKFKQLL
10715,ATGYPS,ATKADDK,SNFGNEKLT,SEHNR,FQNEAQ,ARSSPGGAQPQH,HSNLNDATY
10716,SIFNT,LYKAGEL,AGSNYGGSQGNLI,LNHDA,SQIVND,ASSFYSNQPQH,GILGFVFTL
10717,VSGLRG,LYSAGEE,AVQAEGFGNVLHCFGNVLH,SNHLY,FYNNEI,ASSEPTSGELF,FTSDYYQLY
10718,TTLSN,LVKSGEV,AGLVLSGTYKYI,SGHAT,FQNNGV,ASSLVAGTGGVEYEQY,CINGVCWTV
10719,SVFSS,VVTGGEV,AGVGSWGKLQ,SGHNS,FNNNVP,ASSFSGNTGELF,RAKFKQLL
10720,TISGTDY,GLTSN,ILSDSNSGYALN,PRHDT,FYEKMQ,ASSLADRPLEKLF,NLVPMVATV
10721,NSMFDY,ISSIKDK,AASAGISSGSARQLT,KGHSH,LQKENI,ASSPRGPSTDTQY,YLQPRTFLL
10722,NIATNDY,GYKTK,LVGDIQGGGGKLI,SQVTM,ANQGSEA,SVEGDTGELF,NLVPMVATV
10723,DSAIYN,IQSSQRE,AVDNFNKFY,SGHRS,YFSETQ,ASSLEGQASSYEQY,CLGGLLTMV
10724,DRGSQS,IYSNGD,AVEFFSGGYNKLI,SNHLY,FYNNEI,ASSEATATANEQF,LLLDRLNQL
10725,DSASNY,IRSNVGE,AASHAKAAGNKLT,ENHRY,SYGVKD,AISDWRQGGATAYEQY,RPHERNGFTVL
10726,DRGSQS,IYSNGD,ALLDGQKLL,SGDLS,YYNGEE,ASSVTGANYGYT,LLLDRLNQL
10727,DRGSQS,IYSNGD,ASPSGNTPLV,WNHNN,SYGVQD,ASSEVVLAGGQSEQF,ELAGIGILTV
10728,TSDPSYG,QGSYDQQN,AMREKNQGGKLI,MNHNS,SASEGT,ASSEDRGSYGYT,TTDPSFLGRY
10729,SSYSPS,YTSAATLV,VVSDPDSSYKLI,MNHEY,SMNVEV,ASSLFGHGGTEAF,GILGFVFTL
10730,DSASNY,IRSNVGE,KTSYDKVI,SGHNS,FNNNVP,ASSLGDRGEGYT,RAKFKQLL
10731,DRGSQS,IYSNGD,AVNIFSDGQKLL,MNHEY,SMNVEV,ASSLGASPREQY,TPRVTGGGAM
10732,DSAIYN,IQSSQRE,AVFSGNTGKLI,SQVTM,ANQGSEA,SVEQGTYEQY,TTDPSFLGRY
10733,TSGFNG,NVLDGL,AVSFTGGGNKLT,LNHNV,YYDKDF,ATSIMGWGRDEQF,SPRWYFYYL
10734,DSASNY,IRSNVGE,AASDTSYDKVI,SEHNR,FQNEAQ,ASSFLGQKNSPLH,RAKFKQLL
10735,NSMFDY,ISSIKDK,AASEGGFKTI,MNHEY,SVGEGT,ASSGTGGSSNQPQH,CLGGLLTMV
10736,DSASNY,IRSNVGE,AASEGGFKTI,SGHAT,FQNNGV,ASSLGSEANEAF,RAKFKQLL
10737,TSINN,IRSNERE,ATVLGLYSGAGSYQLT,MDHEN,SYDVKM,ASSDLGAATFTDTQY,QAKWRLQTL
10738,SSVSVY,YLSGSTLV,AVSDGERAQKLV,SGHTA,FQGTGA,ASSLTVLAGPNTEAF,RAKFKQLL
10739,YSGSPE,HISR,ALKHTGNQFY,MNHEY,SMNVEV,ASRPVVCSYNEQF,YVLDHLIVV
10740,SVFSS,VVTGGEV,AGAPGGGSQGNLI,LNHDA,SQIVND,ASSLTVLYGYT,GILGFVFTL
10741,TSGFNG,NVLDGL,AVRVPSGAGSYQLT,SGHDN,FVKESK,ASRETGRAAGNTIY,TTDPSFLGRY
10742,NSASQS,VYSSG,VVNGGDSSYKLI,LNHDA,SQIVND,ASSGFNEQF,YVLDHLIVV
10743,NSAFQY,TYSSGN,KTSYDKVI,SGHTA,FQGTGA,ASSLKSSTDTQY,RAKFKQLL
10744,TSDPSYG,QGSYDQQN,AMSKGRGSQGNLI,LNHDA,SQIVND,ASSMSGVPTDTQY,GILGFVFTL
10745,YGATPY,YFSGDTLV,AGPNNDMR,MNHEY,SVGAGI,ASSPGTVSGQPQH,ELAGIGILTV
10746,TRDTTYY,RNSFDEQN,ALSEVTDSWGKLQ,SGHNS,FNNNVP,ASSHQYNEQF,KSKRTPMGF
10747,NIATNDY,GYKTK,LVGDKDFGNEKLT,SGHKS,YYEKEE,ASSFWPKRNYATNEKLF,TTDPSFLGRY
10748,SVFSS,VVTGGEV,AGGGSQGNLI,SGHKS,YYEKEE,ASSGPGGVDEQY,RAKFKQLL
10749,YGATPY,YFSGDTLV,AVGDNFNKFY,SGDLS,YYNGEE,ASSSGLVSNTGELF,GLCTLVAML
10750,TTLSN,LVKSGEV,AAYGGATNKLI,LNHDA,SQIVND,ASSSTGGGITEAF,GILGFVFTL
10751,VSGNPY,YITGDNLV,AVTNAGKST,LGHDT,YNNKEL,ASSQVLITDTQY,TPRVTGGGAM
10752,NSAFQY,TYSSGN,AMSRYGQNFV,MNHEY,SMNVEV,ASSSGVGYEQY,ALGIGILTV
10753,DSASNY,IRSNVGE,AASETSYDKVI,SEHNR,FQNEAQ,ASSQLGRGDNEQF,RAKFKQLL
10754,TTLSN,LVKSGEV,AGPLDRILTGGGNKLT,DFQATT,SNEGSKA,SAKEILGGYGYT,VTEHDTLLY
10755,NSASQS,VYSSG,VVNSPGGSYIPT,KGHSY,FQNENV,ASSHPPADTQY,YSEHPTFTSQY
10756,DRGSQS,IYSNGD,AVNADRGSTLGRLY,SGDLS,YYNGEE,ASSVGGDTGELF,LLLDRLNQL
10757,TRDTTYY,RNSFDEQN,ALSEALVTGGGNKLT,MNHEY,SMNVEV,ASSLSRRGPNYGYT,GILGFVFTL
10759,SSYSPS,YTSAATLV,AVRPNTDKLI,MNHEY,SVGEGT,ASSPLTGGPNEQF,SPRWYFYYL
10760,TSINN,IRSNERE,ATEGNSGYSTLT,MNHEY,SVGAGI,ASTEQGGFHGYT,FLYALALLL
10761,NSAFQY,TYSSGN,AMSRSNFGNEKLT,SGHDN,FVKESK,ASSHLGDRSHEMNTEAF,LLAGIGTVPI
10762,TSDPSYG,QGSYDQQN,AMRRRGNFNKFY,SQVTM,ANQGSEA,SVVVSEPISYNEQF,YVLDHLIVV
10763,NIATNDY,GYKTK,LVANGNNRLA,SGHNS,FNNNVP,ASSFEIAGGNEQF,CINGVCWTV
10764,VSGNPY,YITGDNLV,AVRGTNDYKLS,SGHVS,FQNEAQ,ASSLPPREQY,SPRWYFYYL
10765,TSESDYY,QEAYKQQN,AYRSLYVSGAGSYQLT,LGHNA,YNFKEQ,ASSENSNSNQPQH,ATDALMTGF
10766,SSVPPY,YTSAATLV,AAPVPYSGGGADGLT,LNHDA,SQIVND,ASSIRSTGELF,GILGFVFTL
10767,SVFSS,VVTGGEV,AGVYGGSQGNLI,LNHDA,SQIVND,ASSIRSAHEQY,GILGFVFTL
10768,DSAIYN,IQSSQRE,AELIYNQGGKLI,LNHDA,SQIVND,ASSIRASVEQY,GILGFVFTL
10769,YGATPY,YFSGDTLV,AVVGFSDGQKLL,LGHDT,YNNKEL,ASSQPAGYGGYT,SPRWYFYYL
10770,DRGSQS,IYSNGD,AVISGNQFY,SNHLY,FYNNEI,ASGGSSYEQY,LLLDRLNQL
10771,TSGFNG,NVLDGL,APSRDNYGQNFV,SGDLS,YYNGEE,ASSVAGGGSDEQY,GILGFVFTL
10772,TSGFNG,NVLDGL,AVRQGGGFKTI,SGHDT,YYEEEE,ASSLRGNEQF,VSDGGPNLY
10773,NSASQS,VYSSG,VVNGNRDDKII,LNHDA,SQIVND,ASRIRAQGFADTQY,ATDALMTGF
10774,NSMFDY,ISSIKDK,AASLTSGTYKYI,LNHNV,YYDKDF,ATSRDRAPLDTQY,VSDGGPNLY
10775,TSINN,IRSNERE,AKNAVDGQNFV,SGHDN,FVKESK,ASSQEPGQVY,KSKRTPMGF
10776,YGGTVN,YFSGDPLV,AVKDTDKLI,GTSNPN,SVGIG,ATAGGGGAYNEQF,YVLDHLIVV
10777,TISGTDY,GLTSN,ILPLAGGTSYGKLT,ENHRY,SYGVKD,AISESYEQY,NLVPMVATV
10778,TSINN,IRSNERE,ALIQGAQKLV,MNHEY,SMNVEV,ASSLGGEPGELF,TPRVTGGGAM
10779,SVFSS,VVTGGEV,AGGPISSNTGKLI,LNHDA,SQIVND,ASSIYSNQPQH,GILGFVFTL
10780,NSASDY,IRSNMDK,AENSKGHDNDMR,SGHTA,FQGTGA,ASRLTNGTYQNQPQH,RAKFKQLL
10781,SVFSS,VVTGGEV,AGVGGGSQGNLI,LNHDA,SQIVND,ASSFRSSIEQY,GILGFVFTL
10782,NSASQS,VYSSG,VVTETSYDKVI,SGDLS,YYNGEE,ASSVRSSMNTEAF,RAKFKQLL
10783,DRGSQS,IYSNGD,AVTLSGGSYIPT,LNHDA,SQIVND,ASKWGRGDSPLH,LLLDRLNQL
10784,DRGSQS,IYSNGD,AAFSGGYQKVT,LGHNT,FRNRAP,ASRLGSYNEQF,GILGFVFTL
10785,SSYSPS,YTSAATLV,VVSDPSNDMR,LNHDA,SQIVND,ASSKRSTDTQY,GILGFVFTL
10786,NSASQS,VYSSG,VVNGNNNDMR,SNHLY,FYNNEI,ASSDLNTGELF,YLQPRTFLL
10787,TSENNYY,QEAYKQQN,AFMESSGGTSYGKLT,LNHDA,SQIVND,ASSTGVHGYT,GILGFVFTL
10788,NIATNDY,GYKTK,LVGDVDNYGQNFV,KGHDR,SFDVKD,AAGTSGRVGEQF,CINGVCWTV
10789,NSASQS,VYSSG,VVNRNNDMR,LNHDA,SQIVND,AGQVTNTGELF,YLQPRTFLL
10790,VSGNPY,YITGDNLV,AVRALSGTYKYI,SNHLY,FYNNEI,ASSLKTGGSTEAF,LPRWYFYYL
10791,DRGSQS,IYSNGD,AVITGGRRALT,MNHNY,SVGAGI,ASRLPGQGNTEAF,SLFNTVATLY
10792,DSASNY,IRSNVGE,AASEGGFKTI,SGHAT,FQNNGV,ASSLGTGENEQY,RAKFKQLL
10794,VSGNPY,YITGDNLV,AVRDIGPGAGSYQLT,SGHAT,FQNNGV,ASSHTGSVGNTIY,SPRWYFYYL
10795,DSVNN,IPSGT,AVEDTGGFKTI,LGHDT,YNNKEL,ASSSSMESGNTIY,CINGVCWTV
10796,NYSPAY,IRENEKE,ALVGNQFY,SEHNR,FQNEAQ,ASNNANTGELF,YLQPRTFLL
10797,NSASQS,VYSSG,VAKMNRDDKII,KGHSH,LQKENI,ASSGGDGVTYEQY,HPVTKYIM
10798,DRGSQS,IYSNGD,AVSVNMEYGNKLV,MNHNS,SASEGT,ASSRDSALWISTDTQY,ELAGIGILTV
10799,NIATNDY,GYKTK,LVEPPPGNGGFKTI,DFQATT,SNEGSKA,SATGGRHTGELF,CINGVCWTV
10800,DRGSQS,IYSNGD,AVSGQKLL,DFQATT,SNEGSKA,SASDNMVGAYEQY,LLWNGPMAV
10801,TTSDR,LLSNGAV,AVAILTGGGNKLT,LGHNA,YNFKEQ,ASKPGQGGYEQY,GILGFVFTL
10802,SSVSVY,YLSGSTLV,AVSPPRGGYNKLI,DFQATT,SNEGSKA,SARDSGKAYEQY,QYIKWPWYI
10803,SIFNT,LYKAGEL,AGQFGGGGADGLT,LNHDA,SQIVND,ASSTRSSYEQY,GILGFVFTL
10804,TSDPSYG,QGSYDQQN,AMRDAGGGADGLT,SEHNR,FQNEAQ,AIGTGPMNTEAF,TTDPSFLGRY
10805,SIFNT,LYKAGEL,AGLATLDSNYQLI,MNHEY,SMNVEV,ASSFGRRVEYGELF,RAKFKQLL
10806,TSINN,IRSNERE,ATDGSSSNTGKLI,LNHDA,SQIVND,ASSIYSGGYNEQF,GILGFVFTL
10807,DSASNY,IRSNVGE,KTSYDKVI,KGHDR,SFDVKD,ASQLAGGTGELF,RAKFKQLL
10808,NIATNDY,GYKTK,LVGDGKSDGQKLL,SGHDN,FVKESK,ASSQSPGGTQF,GLCTLVAML
10809,SSNFYA,MTLNGDE,AFPVSPGANNLF,SGHDN,FVKESK,ASSQGLNRDYTGELF,SLFNTVATLY
10810,VSPFSN,MTFSENT,VVIVMYSGGGADGLT,SGHDY,FNNNVP,ASSSVTEAF,NLVPMVATV
10811,TSESDYY,QEAYKQQN,AYKVGETSGSRLT,SGHDN,FVKESK,ASSLGMGLPYEQY,GILGFVFTL
10812,DSAIYN,IQSSQRE,AANQAGTALI,LNHDA,SQIVND,ASSSIDRINYGYT,EPLPQGQLTAY
10813,YGGTVN,YFSGDPLV,AVRETSYDKVI,KGHSH,LQKENI,ASSPWADVVTDTQY,RAKFKQLL
10814,NSMFDY,ISSIKDK,AASGGSNYKLT,KGHDR,SFDVKD,ATSDPLIKGLAEYNEQF,VLFGLGFAI
10815,DRGSQS,IYSNGD,AVVEGGGADGLT,MNHEY,SMNVEV,ASSLSPFYSYGYT,ELAGIGILTV
10816,TSINN,IRSNERE,TTDSWGKFE,DFQATT,SNEGSKA,SARDPGRNFYDEQF,SPRWYFYYL
10817,SSYSPS,YTSAATLV,AVPNFGNEKLT,KGHDR,SFDVKD,ATSDPHSSESPGRNEQF,SPRWYFYYL
10818,NSASDY,IRSNMDK,ADSGGGADGLT,SGHVS,FQNEAQ,ASSSPEGQPLNTGELF,GLCTLVAML
10819,TSENNYY,QEAYKQQN,TTDSWGKFE,DFQATT,SNEGSKA,SARATGQDSNTEAF,RPHERNGFTVL
10820,SIFNT,LYKAGEL,AGLIGFGNVLHCFGNVLH,SQVTM,ANQGSEA,SVASSEAF,TTDPSFLGRY
10821,SVFSS,VVTGGEV,AGATGGSQGNLI,LNHDA,SQIVND,ASSIRADSPLH,GILGFVFTL
10822,TRDTTYY,RNSFDEQN,ALEDSNYQLI,MNHEY,SVGAGI,ASSIGQLHQETQY,NQKLIANQF
10823,DSASNY,IRSNVGE,AVQTNAGGTSYGKLT,LNHDA,SQIVND,ASSMGPTSGGPTDTQY,RAKFKQLL
10824,TSGFYG,NALDGL,AVRSITGGGNKLT,SGHRS,YFSETQ,ASSPDSTSGPQETQY,RPHERNGFTVL
10825,NSAFQY,TYSSGN,AMSLSNFGNEKLT,MNHEY,SVGEGT,ASGCVSIGQPKTCSYGYT,LLAGIGTVPI
10826,NSMFDY,ISSIKDK,AAIGGSTLGRLY,MDHEN,SYDVKM,ASSPIKDTRQEYTGELF,FTSDYYQLY
10827,DRGSQS,IYSNGD,AVNRLDSNYQLI,LGHDT,YNNKEL,ASSQGGLGDSEQF,GILGFVFTL
10828,SSVSVY,YLSGSTLV,AVSDRSNAGNMLT,SGHRS,YFSETQ,ASSLGVLQGDEQY,YVLDHLIVV
10829,YGGTVN,YFSGDPLV,AVKNTDKLI,MNHEY,SVGEGT,ASSSLGTSGGAILGELF,YVLDHLIVV
10830,DSASNY,IRSNVGE,AAPDASYDKVI,SGHNS,FNNNVP,ASSPPGANVLT,RAKFKQLL
10831,TSINN,IRSNERE,ATVDYTGGFKTI,LNHDA,SQIVND,ASSISSSSYNEQF,GILGFVFTL
10832,TSINN,IRSNERE,ATDEEEYGNKLV,DFQATT,SNEGSKA,SASHPGDSPLH,RTATKAYNV
10833,TSINN,IRSNERE,ATDASGGSNYKLT,SGHTA,FQGTGA,ASSLDGYGYT,RAKFKQLL
10834,NSAFQY,TYSSGN,AMAISNFGNEKLT,MGHRA,YSYEKL,ASSQTGSLNTEAF,LLAGIGTVPI
10835,SVFSS,VVTGGEV,RGNKLV,MNHEY,SMNVEV,ASSPTHSTDTQY,TTDPSFLGRY
10836,NSMFDY,ISSIKDK,AASAESRLM,SGHNS,FNNNVP,ASSLTGELF,RGPGRAFVTI
10837,DRGSQS,IYSNGD,AVDSGGGADGLT,MNHNS,SASEGT,ASSEGGVGAGELF,ELAGIGILTV
10838,NSAFQY,TYSSGN,AETNQAGTALI,LNHNV,YYDKDF,ATSRASGSYEQY,LLWNGPMAV
10839,NSAFQY,TYSSGN,AMTGGYQKVT,SGHDN,FVKESK,ASSSPINSGNTIY,LLAGIGTVPI
10840,NSMFDY,ISSIKDK,AASYDSGAGSYQLT,SNHLY,FYNNEI,ASSDLKGSTDTQY,YLQPRTFLL
10841,YGGTVN,YFSGDPLV,ALPDQAGTALI,MNHNS,SASEGT,ASSPSVLALNTGELF,YVLDHLIVV
10842,NSASQS,VYSSG,VVNGADKLI,SEHNR,FQNEAQ,ASSPEILA,YLQPRTFLL
10843,TSGFNG,NVLDGL,AVMDSNYQLI,DFQATT,SNEGSKA,SAPGTADYEQY,NQKLIANQF
10844,TSGFNG,NVLDGL,APSKGGYNKLI,SGHTS,YDEGEE,AIYGGPDGANTGELF,TTDPSFLGRY
10845,NSASQS,VYSSG,VVNGKDSSYKLI,SNHLY,FYNNEI,ASSGGQVVPGELF,GLCTLVAML
10846,SSVPPY,YTSAATLV,AVSERIRGAQKLV,SGHNT,YYREEE,ASSLGGGHTDTQY,GILGFVFTL
10847,TSENNYY,QEAYKQQN,AFMKIYSGAGSYQLT,SGHNS,FNNNVP,ASSFRREGTGELF,TTDPSFLGRY
10848,TRDTTYY,RNSFDEQN,ALSEAGSNYQLI,SGHDT,YYEEEE,ASSLGTPTEAF,FEDLRVLSF
10849,NSAFQY,TYSSGN,ALYSGGGADGLT,MNHEY,SVGAGI,ASSTLRTGVTEAF,LLAGIGTVPI
10850,NSASQS,VYSSG,VVPSGGSYIPT,SGHVS,FQNEAQ,ASSQGQAYEQY,FLRGRAYGL
10851,DRGSQS,IYSNGD,AVNSGNQFYFG,MNHEY,SMNVEV,ASRPTGMGQPQHFG,ELAGIGILTV
10852,VSGNPY,YITGDNLV,AVRDGVTGGGNKLT,MDHEN,SYDVKM,ASQGAYSNQPQH,GILGFVFTL
10853,NSAFQY,TYSSGN,AMSASNFGNEKLT,KGHSH,LQKENI,ASSPRTGVSNTGELF,LLAGIGTVPI
10856,DRGSQS,IYSNGD,AVNNARLM,MNHNS,SASEGT,ASSRDSALWISTDTQY,EAAGIGILTV
10857,DSVNN,IPSGT,AVIASGGSYIPT,MNHEY,SVGEGT,ASSLVAGGPPEQY,CINGVCWTV
10858,DRGSQS,IYSNGD,AVNSSPGSSNYKLT,LNHDA,SQIVND,ASSQLSNTEAF,GILGFVFTL
10859,TSDPSYG,QGSYDQQN,AMREGYSNDYKLS,DFQATT,SNEGSKA,SARRGLNEQF,SPRWYFYYL
10860,VSGNPY,YITGDNLV,ADSSSNTGKLI,LNHDA,SQIVND,ASSGRSQETQY,GILGFVFTL
10861,NSASDY,IRSNMDK,AENREPSGGSNYKLT,MGHRA,YSYEKL,ASSPFGGGSGELF,SPRWYFYYL
10862,VSGNPY,YITGDNLV,AVRGGSYIPT,MDHEN,SYDVKM,ASTFGRRGSGEKLF,ATDALMTGF
10863,NSAFQY,TYSSGN,AIRASKII,SNHLY,FYNNEI,ASTTSGGVLSTDTQY,LLAGIGTVPI
10864,NIATNDY,GYKTK,LVGDQGGKLI,WNHNN,SYGVQD,ASSERLAGIGEQF,SPRWYFYYL
10865,TSINN,IRSNERE,AFTGGFKTI,SGHDT,YYEEEE,ASSPPNGRAEQY,GILGFVFTL
10866,DSASNY,IRSNVGE,AASGGGSQGNLI,LNHDA,SQIVND,ASSFRAGETQY,GILGFVFTL
10867,NSASQS,VYSSG,VVNIWKDSNYQLI,SNHLY,FYNNEI,ASSEGQGYEQY,NYNYLYRLF
10868,DSAIYN,IQSSQRE,AVRRRGSQGNLI,SEHNR,FQNEAQ,ASSLEGQLNEQF,ATDALMTGF
10869,TTSDR,LLSNGAV,AVDMFDRGSTLGRLY,LNHDA,SQIVND,ASSIFGGAREQF,GILGFVFTL
10870,DSAIYN,IQSSQRE,AVRRDSGYALN,MNHNY,SVGAGI,ASSQQAGSLETQY,RPPIFIRRL
10871,DRGSQS,IYSNGD,IVSPEYGNKLV,SGDLS,YYNGEE,ASSPGLAYEQY,LLWNGPMAV
10872,DSSSTY,IFSNMDM,AEGETSYDKVI,SGHNS,FNNNVP,ASRILDRGEAGELF,RAKFKQLL
10873,NTAFDY,IRPDVSE,AASSENNNAGNMLT,LNHDA,SQIVND,ASSIFAGGLFYNEQF,GILGFVFTL
10874,TISGNEY,GLKNN,TTDSWGKFE,MNHEY,SMNVEV,ASSPLTDTQY,RAKFKQLL
10875,SSVPPY,YTSAATLV,AVTSYARLM,SGHRS,YFSETQ,ASSVTGTEADEQF,NLVPMVATV
10876,DRGSQS,IYSNGD,AVNPASGGSYIPT,LNHDA,SQIVND,ASTWGRGGTEAF,LLLDRLNQL
10877,DSSSTY,IFSNMDM,AENNSGTYKYI,LGHDT,YNNKEL,ASSHSRGSNTEAF,TTDPSFLGRY
10878,NSAFQY,TYSSGN,AMSASNQAGTALI,LNHDA,SQIVND,ASSIRAGGNEQF,GILGFVFTL
10879,TISGTDY,GLTSN,ILIPTGTYKYI,MNHEY,SMNVEV,ASSLEGFTEAF,NLVPMVATV
10881,KALYS,LLKGGEQ,GTEPDSGNTPLV,SEHNR,FQNEAQ,ASSWGPEQY,FLRGRAYGL
10882,DSASNY,IRSNVGE,AARETSYDKVI,SGHNS,FNNNVP,ASSLGTSDDGELF,RAKFKQLL
10883,SSVSVY,YLSGSTLV,AVSDGESARLM,LNHDA,SQIVND,ASSIRSSYEQY,GILGFVFTL
10884,TSINN,IRSNERE,APNRNNNARLM,LNHDA,SQIVND,ASSMTGVYEQY,GILGFVFTL
10885,NSASDY,IRSNMDK,ADSGGGADGLT,SEHNR,FQNEAQ,ASREIQGSGANVLT,RAKFKQLL
10886,DRGSQS,IYSNGD,AEGGSYIPT,GTSNPN,SVGIG,AWSVPGTSYEQY,LLLDRLNQL
10887,TRDTTYY,RNSFDEQN,ALCKGDDKII,LNHDA,SQIVND,ASSMRSTGELF,GILGFVFTL
10888,YGGTVN,YFSGDPLV,AVNELTGGFKTI,SGHAT,FQNNGV,ASRAGLAGATQQF,RAKFKQLL
10889,VSGLRG,LYSAGEE,AVPGFGNEKLT,MNHEY,SMNVEV,ASSPGGALENEQF,TTDPSFLGRY
10890,TSDPSYG,QGSYDQQN,AMREGEAGGFKTI,SGHDN,FVKESK,ASSPLAGTQQY,RAKFKQLL
10891,NSAFQY,TYSSGN,AMMKSNFGNEKLT,SNHLY,FYNNEI,ASSGQRLRTDTQY,LLAGIGTVPI
10892,DSAIYN,IQSSQRE,AVKLKRRGQNFV,SGHNS,FNNNVP,ASSLGGGGGTQPQH,TTDPSFLGRY
10893,NSAFQY,TYSSGN,AMGRGADGLT,LGHDT,YNNKEL,ASSQGSLSASNQPQH,LLAGIGTVPI
10894,DRGSQS,IYSNGD,AVFSGGYQKVT,MNHEY,SMNVEV,ASSLGINTEAF,ELAGIGILTV
10895,DSSSTY,IFSNMDM,AESTSWGKLQ,SQVTM,ANQGSEA,SVGAGGTNEKLF,GLCTLVAML
10896,TSINN,IRSNERE,DTAPERGGYQKVT,KGHDR,SFDVKD,ATSDLVSDTQY,SPRWYFYYL
10897,DSAIYN,IQSSQRE,AALNQGGKLI,SGHRS,YFSETQ,ASTLAGGPYNEQF,LPRWYFYYL
10898,SSNFYA,MTLNGDE,ARNTGNQFY,MNHEY,SVGAGI,ASSRQTGSIYGYT,NLVPMVATV
10899,DRGSQS,IYSNGD,APYGGNTPLV,LGHDT,YNNKEL,ASSQGTIDNSPLH,ELAGIGILTV
10900,SSNFYA,MTLNGDE,ARNTGNQFY,MNHEY,SVGAGI,ASSKQTGTGNYGYT,GILGFVFTL
10901,NTAFDY,IRPDVSE,AAIPDNTGELI,LNHDA,SQIVND,ASSTRAGYEQY,GILGFVFTL
10902,VSGLRG,LYSAGEE,AVQAGSNYQLI,LGHDT,YNNKEL,ASSQRVGLAGKETQY,CINGVCWTV
10903,TISGNEY,GLKNN,IVRVGTSGSARQLT,LNHDA,SQIVND,ASSISPSGFNGYT,FEDLRVLSF
10904,DRGSQS,IYSNGD,AVDTGGGADGLT,SNHLY,FYNNEI,ARGQDAANTGELF,ELAGIGILTV
10905,NSAFQY,TYSSGN,AMSGDGGSQGNLI,SGHDY,FNNNVP,ASGRLSYNEQF,GILGFVFTL
10906,YSGSPE,HISR,ALRVMNRDDKII,LNHDA,SQIVND,ASSTKVGGTGELF,GILGFVFTL
